{"armed": false, "event": "idle_disarmed", "preset": "car_single", "single_auto": true, "ts": 1782985580.325}
{"armed": false, "event": "idle_disarmed", "preset": "car_single", "single_auto": true, "ts": 1782985581.328}
{"armed": false, "event": "idle_disarmed", "preset": "car_single", "single_auto": true, "ts": 1782985582.331}
{"armed": false, "event": "idle_disarmed", "preset": "car_single", "single_auto": true, "ts": 1782985583.333}
{"armed": false, "event": "idle_disarmed", "preset": "car_single", "single_auto": true, "ts": 1782985584.335}
{"cmd": ["/usr/bin/python3", "/root/rknpu2/examples/rknn_yolov8_demo_opencv_2_work_2/new_yolo8/apply_ptz_object_preset.py", "--preset", "car_single", "--arm", "force", "--strategy", "preset", "--watch"], "event": "child_start", "pid": 229093, "preset": "car_single", "search_preset": "lost_step_wait", "ts": 1782985585.339}
{"event": "child_stop", "pid": 229093, "preset": "car_single::lost_step_wait", "reason": "ptzArmed_false", "ts": 1782985586.341}
{"archived": "/root/rknpu2/examples/rknn_yolov8_demo_opencv_2_work_2/new_yolo8/logs/session_20260702_094626_ptzArmed_false", "event": "logs_archived", "reason": "ptzArmed_false", "ts": 1782985586.395}
{"armed": false, "event": "idle_disarmed", "preset": "car_single", "single_auto": true, "ts": 1782985586.396}
{"armed": false, "event": "idle_disarmed", "preset": "car_single", "single_auto": true, "ts": 1782985587.398}
{"armed": false, "event": "idle_disarmed", "preset": "car_single", "single_auto": true, "ts": 1782985588.401}
{"armed": false, "event": "idle_disarmed", "preset": "car_single", "single_auto": true, "ts": 1782985589.403}
{"armed": false, "event": "idle_disarmed", "preset": "car_single", "single_auto": true, "ts": 1782985590.406}
{"armed": false, "event": "idle_disarmed", "preset": "cars", "single_auto": false, "ts": 1782985591.408}
{"armed": false, "event": "idle_disarmed", "preset": "cars", "single_auto": false, "ts": 1782985592.411}
{"armed": false, "event": "idle_disarmed", "preset": "car_single", "single_auto": true, "ts": 1782985593.413}
{"armed": false, "event": "idle_disarmed", "preset": "car_single", "single_auto": true, "ts": 1782985594.415}
{"armed": false, "event": "idle_disarmed", "preset": "cars", "single_auto": false, "ts": 1782985595.418}
{"armed": false, "event": "idle_disarmed", "preset": "cars", "single_auto": false, "ts": 1782985596.42}
{"armed": false, "event": "idle_disarmed", "preset": "car_single", "single_auto": true, "ts": 1782985597.422}
{"armed": false, "event": "idle_disarmed", "preset": "car_single", "single_auto": true, "ts": 1782985598.424}
{"armed": false, "event": "idle_disarmed", "preset": "car_single", "single_auto": true, "ts": 1782985599.427}
{"armed": false, "event": "idle_disarmed", "preset": "person_single", "single_auto": true, "ts": 1782985600.429}
{"armed": false, "event": "idle_disarmed", "preset": "person_single", "single_auto": true, "ts": 1782985601.432}
{"armed": false, "event": "idle_disarmed", "preset": "person_single", "single_auto": true, "ts": 1782985602.434}
{"armed": false, "event": "idle_disarmed", "preset": "car_single", "single_auto": true, "ts": 1782985603.436}
{"armed": false, "event": "idle_disarmed", "preset": "car_single", "single_auto": true, "ts": 1782985604.439}
{"armed": false, "event": "idle_disarmed", "preset": "car_single", "single_auto": true, "ts": 1782985605.441}
{"armed": false, "event": "idle_disarmed", "preset": "car_single", "single_auto": true, "ts": 1782985606.444}
{"armed": false, "event": "idle_disarmed", "preset": "car_single", "single_auto": true, "ts": 1782985607.446}
{"armed": false, "event": "idle_disarmed", "preset": "car_single", "single_auto": true, "ts": 1782985608.449}
{"armed": false, "event": "idle_disarmed", "preset": "car_single", "single_auto": true, "ts": 1782985609.451}
{"armed": false, "event": "idle_disarmed", "preset": "person_single", "single_auto": true, "ts": 1782985610.454}
{"armed": false, "event": "idle_disarmed", "preset": "person_single", "single_auto": true, "ts": 1782985611.456}
{"armed": false, "event": "idle_disarmed", "preset": "car_single", "single_auto": true, "ts": 1782985612.458}
{"armed": false, "event": "idle_disarmed", "preset": "car_single", "single_auto": true, "ts": 1782985613.461}
{"armed": false, "event": "idle_disarmed", "preset": "car_single", "single_auto": true, "ts": 1782985614.463}
{"armed": false, "event": "idle_disarmed", "preset": "car_single", "single_auto": true, "ts": 1782985615.466}
{"armed": false, "event": "idle_disarmed", "preset": "car_single", "single_auto": true, "ts": 1782985616.468}
{"armed": false, "event": "idle_disarmed", "preset": "car_single", "single_auto": true, "ts": 1782985617.471}
{"armed": false, "event": "idle_disarmed", "preset": "car_single", "single_auto": true, "ts": 1782985618.473}
{"armed": false, "event": "idle_disarmed", "preset": "car_single", "single_auto": true, "ts": 1782985619.476}
{"armed": false, "event": "idle_disarmed", "preset": "car_single", "single_auto": true, "ts": 1782985620.478}
{"armed": false, "event": "idle_disarmed", "preset": "car_single", "single_auto": true, "ts": 1782985621.48}
{"armed": false, "event": "idle_disarmed", "preset": "car_single", "single_auto": true, "ts": 1782985622.483}
{"armed": false, "event": "idle_disarmed", "preset": "car_single", "single_auto": true, "ts": 1782985623.486}
{"armed": false, "event": "idle_disarmed", "preset": "car_single", "single_auto": true, "ts": 1782985624.488}
{"armed": false, "event": "idle_disarmed", "preset": "car_single", "single_auto": true, "ts": 1782985625.491}
{"armed": false, "event": "idle_disarmed", "preset": "car_single", "single_auto": true, "ts": 1782985626.493}
{"armed": false, "event": "idle_disarmed", "preset": "car_single", "single_auto": true, "ts": 1782985627.496}
{"armed": false, "event": "idle_disarmed", "preset": "car_single", "single_auto": true, "ts": 1782985628.498}
{"armed": false, "event": "idle_disarmed", "preset": "car_single", "single_auto": true, "ts": 1782985629.5}
{"armed": false, "event": "idle_disarmed", "preset": "car_single", "single_auto": true, "ts": 1782985630.503}
{"armed": false, "event": "idle_disarmed", "preset": "car_single", "single_auto": true, "ts": 1782985631.505}
{"armed": false, "event": "idle_disarmed", "preset": "car_single", "single_auto": true, "ts": 1782985632.508}
{"armed": false, "event": "idle_disarmed", "preset": "car_single", "single_auto": true, "ts": 1782985633.511}
{"armed": false, "event": "idle_disarmed", "preset": "car_single", "single_auto": true, "ts": 1782985634.513}
{"armed": false, "event": "idle_disarmed", "preset": "car_single", "single_auto": true, "ts": 1782985635.516}
{"armed": false, "event": "idle_disarmed", "preset": "car_single", "single_auto": true, "ts": 1782985636.518}
{"armed": false, "event": "idle_disarmed", "preset": "car_single", "single_auto": true, "ts": 1782985637.521}
{"armed": false, "event": "idle_disarmed", "preset": "car_single", "single_auto": true, "ts": 1782985638.523}
{"armed": false, "event": "idle_disarmed", "preset": "car_single", "single_auto": true, "ts": 1782985639.526}
{"armed": false, "event": "idle_disarmed", "preset": "car_single", "single_auto": true, "ts": 1782985640.528}
{"armed": false, "event": "idle_disarmed", "preset": "car_single", "single_auto": true, "ts": 1782985641.531}
{"armed": false, "event": "idle_disarmed", "preset": "car_single", "single_auto": true, "ts": 1782985642.533}
{"armed": false, "event": "idle_disarmed", "preset": "car_single", "single_auto": true, "ts": 1782985643.535}
{"armed": false, "event": "idle_disarmed", "preset": "car_single", "single_auto": true, "ts": 1782985644.538}
{"armed": false, "event": "idle_disarmed", "preset": "car_single", "single_auto": true, "ts": 1782985645.54}
{"armed": false, "event": "idle_disarmed", "preset": "car_single", "single_auto": true, "ts": 1782985646.543}
{"armed": false, "event": "idle_disarmed", "preset": "car_single", "single_auto": true, "ts": 1782985647.545}
{"armed": false, "event": "idle_disarmed", "preset": "car_single", "single_auto": true, "ts": 1782985648.548}
{"armed": false, "event": "idle_disarmed", "preset": "car_single", "single_auto": true, "ts": 1782985649.551}
{"armed": false, "event": "idle_disarmed", "preset": "car_single", "single_auto": true, "ts": 1782985650.553}
{"armed": false, "event": "idle_disarmed", "preset": "car_single", "single_auto": true, "ts": 1782985651.555}
{"armed": false, "event": "idle_disarmed", "preset": "car_single", "single_auto": true, "ts": 1782985652.558}
{"armed": false, "event": "idle_disarmed", "preset": "car_single", "single_auto": true, "ts": 1782985653.56}
{"armed": false, "event": "idle_disarmed", "preset": "car_single", "single_auto": true, "ts": 1782985654.563}
{"armed": false, "event": "idle_disarmed", "preset": "car_single", "single_auto": true, "ts": 1782985655.566}
{"armed": false, "event": "idle_disarmed", "preset": "car_single", "single_auto": true, "ts": 1782985656.568}
{"armed": false, "event": "idle_disarmed", "preset": "car_single", "single_auto": true, "ts": 1782985657.57}
{"armed": false, "event": "idle_disarmed", "preset": "car_single", "single_auto": true, "ts": 1782985658.573}
{"armed": false, "event": "idle_disarmed", "preset": "car_single", "single_auto": true, "ts": 1782985659.575}
{"armed": false, "event": "idle_disarmed", "preset": "car_single", "single_auto": true, "ts": 1782985660.578}
{"armed": false, "event": "idle_disarmed", "preset": "car_single", "single_auto": true, "ts": 1782985661.58}
{"armed": false, "event": "idle_disarmed", "preset": "car_single", "single_auto": true, "ts": 1782985662.582}
{"armed": false, "event": "idle_disarmed", "preset": "car_single", "single_auto": true, "ts": 1782985663.585}
{"armed": false, "event": "idle_disarmed", "preset": "car_single", "single_auto": true, "ts": 1782985664.587}
{"armed": false, "event": "idle_disarmed", "preset": "car_single", "single_auto": true, "ts": 1782985665.59}
{"armed": false, "event": "idle_disarmed", "preset": "car_single", "single_auto": true, "ts": 1782985666.592}
{"armed": false, "event": "idle_disarmed", "preset": "car_single", "single_auto": true, "ts": 1782985667.595}
{"armed": false, "event": "idle_disarmed", "preset": "car_single", "single_auto": true, "ts": 1782985668.597}
{"armed": false, "event": "idle_disarmed", "preset": "car_single", "single_auto": true, "ts": 1782985669.599}
{"armed": false, "event": "idle_disarmed", "preset": "car_single", "single_auto": true, "ts": 1782985670.602}
{"armed": false, "event": "idle_disarmed", "preset": "car_single", "single_auto": true, "ts": 1782985671.604}
{"armed": false, "event": "idle_disarmed", "preset": "car_single", "single_auto": true, "ts": 1782985672.607}
{"armed": false, "event": "idle_disarmed", "preset": "car_single", "single_auto": true, "ts": 1782985673.609}
{"armed": false, "event": "idle_disarmed", "preset": "car_single", "single_auto": true, "ts": 1782985674.611}
{"armed": false, "event": "idle_disarmed", "preset": "car_single", "single_auto": true, "ts": 1782985675.614}
{"armed": false, "event": "idle_disarmed", "preset": "car_single", "single_auto": true, "ts": 1782985676.616}
{"armed": false, "event": "idle_disarmed", "preset": "car_single", "single_auto": true, "ts": 1782985677.619}
{"armed": false, "event": "idle_disarmed", "preset": "car_single", "single_auto": true, "ts": 1782985678.622}
{"armed": false, "event": "idle_disarmed", "preset": "car_single", "single_auto": true, "ts": 1782985679.624}
{"armed": false, "event": "idle_disarmed", "preset": "car_single", "single_auto": true, "ts": 1782985680.626}
{"armed": false, "event": "idle_disarmed", "preset": "car_single", "single_auto": true, "ts": 1782985681.629}
{"armed": false, "event": "idle_disarmed", "preset": "car_single", "single_auto": true, "ts": 1782985682.631}
{"armed": false, "event": "idle_disarmed", "preset": "car_single", "single_auto": true, "ts": 1782985683.633}
{"armed": false, "event": "idle_disarmed", "preset": "car_single", "single_auto": true, "ts": 1782985684.636}
{"armed": false, "event": "idle_disarmed", "preset": "car_single", "single_auto": true, "ts": 1782985685.639}
{"armed": false, "event": "idle_disarmed", "preset": "car_single", "single_auto": true, "ts": 1782985686.641}
{"armed": false, "event": "idle_disarmed", "preset": "car_single", "single_auto": true, "ts": 1782985687.644}
{"armed": false, "event": "idle_disarmed", "preset": "car_single", "single_auto": true, "ts": 1782985688.647}
{"armed": false, "event": "idle_disarmed", "preset": "car_single", "single_auto": true, "ts": 1782985689.649}
{"armed": false, "event": "idle_disarmed", "preset": "car_single", "single_auto": true, "ts": 1782985690.652}
{"armed": false, "event": "idle_disarmed", "preset": "car_single", "single_auto": true, "ts": 1782985691.654}
{"armed": false, "event": "idle_disarmed", "preset": "car_single", "single_auto": true, "ts": 1782985692.656}
{"armed": false, "event": "idle_disarmed", "preset": "car_single", "single_auto": true, "ts": 1782985693.659}
{"armed": false, "event": "idle_disarmed", "preset": "car_single", "single_auto": true, "ts": 1782985694.661}
{"armed": false, "event": "idle_disarmed", "preset": "car_single", "single_auto": true, "ts": 1782985695.663}
{"armed": false, "event": "idle_disarmed", "preset": "car_single", "single_auto": true, "ts": 1782985696.666}
{"armed": false, "event": "idle_disarmed", "preset": "car_single", "single_auto": true, "ts": 1782985697.668}
{"armed": false, "event": "idle_disarmed", "preset": "car_single", "single_auto": true, "ts": 1782985698.671}
{"armed": false, "event": "idle_disarmed", "preset": "car_single", "single_auto": true, "ts": 1782985699.674}
{"armed": false, "event": "idle_disarmed", "preset": "car_single", "single_auto": true, "ts": 1782985700.676}
{"armed": false, "event": "idle_disarmed", "preset": "car_single", "single_auto": true, "ts": 1782985701.679}
{"armed": false, "event": "idle_disarmed", "preset": "car_single", "single_auto": true, "ts": 1782985702.682}
{"armed": false, "event": "idle_disarmed", "preset": "car_single", "single_auto": true, "ts": 1782985703.684}
{"armed": false, "event": "idle_disarmed", "preset": "car_single", "single_auto": true, "ts": 1782985704.687}
{"armed": false, "event": "idle_disarmed", "preset": "car_single", "single_auto": true, "ts": 1782985705.689}
{"armed": false, "event": "idle_disarmed", "preset": "car_single", "single_auto": true, "ts": 1782985706.692}
{"armed": false, "event": "idle_disarmed", "preset": "car_single", "single_auto": true, "ts": 1782985707.694}
{"armed": false, "event": "idle_disarmed", "preset": "car_single", "single_auto": true, "ts": 1782985708.697}
{"armed": false, "event": "idle_disarmed", "preset": "car_single", "single_auto": true, "ts": 1782985709.699}
{"armed": false, "event": "idle_disarmed", "preset": "car_single", "single_auto": true, "ts": 1782985710.702}
{"armed": false, "event": "idle_disarmed", "preset": "car_single", "single_auto": true, "ts": 1782985711.704}
{"armed": false, "event": "idle_disarmed", "preset": "car_single", "single_auto": true, "ts": 1782985712.707}
{"armed": false, "event": "idle_disarmed", "preset": "car_single", "single_auto": true, "ts": 1782985713.71}
{"armed": false, "event": "idle_disarmed", "preset": "car_single", "single_auto": true, "ts": 1782985714.713}
{"armed": false, "event": "idle_disarmed", "preset": "car_single", "single_auto": true, "ts": 1782985715.716}
{"armed": false, "event": "idle_disarmed", "preset": "car_single", "single_auto": true, "ts": 1782985716.719}
{"armed": false, "event": "idle_disarmed", "preset": "car_single", "single_auto": true, "ts": 1782985717.721}
{"armed": false, "event": "idle_disarmed", "preset": "car_single", "single_auto": true, "ts": 1782985718.724}
{"armed": false, "event": "idle_disarmed", "preset": "car_single", "single_auto": true, "ts": 1782985719.726}
{"armed": false, "event": "idle_disarmed", "preset": "car_single", "single_auto": true, "ts": 1782985720.729}
{"armed": false, "event": "idle_disarmed", "preset": "car_single", "single_auto": true, "ts": 1782985721.731}
{"armed": false, "event": "idle_disarmed", "preset": "car_single", "single_auto": true, "ts": 1782985722.734}
{"armed": false, "event": "idle_disarmed", "preset": "car_single", "single_auto": true, "ts": 1782985723.736}
{"armed": false, "event": "idle_disarmed", "preset": "car_single", "single_auto": true, "ts": 1782985724.74}
{"armed": false, "event": "idle_disarmed", "preset": "car_single", "single_auto": true, "ts": 1782985725.742}
{"armed": false, "event": "idle_disarmed", "preset": "car_single", "single_auto": true, "ts": 1782985726.745}
{"armed": false, "event": "idle_disarmed", "preset": "car_single", "single_auto": true, "ts": 1782985727.747}
{"armed": false, "event": "idle_disarmed", "preset": "car_single", "single_auto": true, "ts": 1782985728.75}
{"armed": false, "event": "idle_disarmed", "preset": "car_single", "single_auto": true, "ts": 1782985729.752}
{"armed": false, "event": "idle_disarmed", "preset": "car_single", "single_auto": true, "ts": 1782985730.754}
{"armed": false, "event": "idle_disarmed", "preset": "car_single", "single_auto": true, "ts": 1782985731.756}
{"armed": false, "event": "idle_disarmed", "preset": "car_single", "single_auto": true, "ts": 1782985732.759}
{"armed": false, "event": "idle_disarmed", "preset": "car_single", "single_auto": true, "ts": 1782985733.761}
{"armed": false, "event": "idle_disarmed", "preset": "car_single", "single_auto": true, "ts": 1782985734.764}
{"armed": false, "event": "idle_disarmed", "preset": "car_single", "single_auto": true, "ts": 1782985735.766}
{"armed": false, "event": "idle_disarmed", "preset": "car_single", "single_auto": true, "ts": 1782985736.769}
{"armed": false, "event": "idle_disarmed", "preset": "car_single", "single_auto": true, "ts": 1782985737.771}
{"armed": false, "event": "idle_disarmed", "preset": "car_single", "single_auto": true, "ts": 1782985738.774}
{"armed": false, "event": "idle_disarmed", "preset": "car_single", "single_auto": true, "ts": 1782985739.776}
{"armed": false, "event": "idle_disarmed", "preset": "car_single", "single_auto": true, "ts": 1782985740.778}
{"armed": false, "event": "idle_disarmed", "preset": "car_single", "single_auto": true, "ts": 1782985741.781}
{"armed": false, "event": "idle_disarmed", "preset": "car_single", "single_auto": true, "ts": 1782985742.783}
{"armed": false, "event": "idle_disarmed", "preset": "car_single", "single_auto": true, "ts": 1782985743.786}
{"armed": false, "event": "idle_disarmed", "preset": "car_single", "single_auto": true, "ts": 1782985744.788}
{"armed": false, "event": "idle_disarmed", "preset": "car_single", "single_auto": true, "ts": 1782985745.791}
{"armed": false, "event": "idle_disarmed", "preset": "car_single", "single_auto": true, "ts": 1782985746.793}
{"armed": false, "event": "idle_disarmed", "preset": "car_single", "single_auto": true, "ts": 1782985747.796}
{"armed": false, "event": "idle_disarmed", "preset": "car_single", "single_auto": true, "ts": 1782985748.799}
{"armed": false, "event": "idle_disarmed", "preset": "car_single", "single_auto": true, "ts": 1782985749.801}
{"armed": false, "event": "idle_disarmed", "preset": "car_single", "single_auto": true, "ts": 1782985750.804}
{"armed": false, "event": "idle_disarmed", "preset": "car_single", "single_auto": true, "ts": 1782985751.806}
{"armed": false, "event": "idle_disarmed", "preset": "car_single", "single_auto": true, "ts": 1782985752.809}
{"armed": false, "event": "idle_disarmed", "preset": "car_single", "single_auto": true, "ts": 1782985753.811}
{"armed": false, "event": "idle_disarmed", "preset": "car_single", "single_auto": true, "ts": 1782985754.814}
{"armed": false, "event": "idle_disarmed", "preset": "car_single", "single_auto": true, "ts": 1782985755.816}
{"archived": "/root/rknpu2/examples/rknn_yolov8_demo_opencv_2_work_2/new_yolo8/logs/session_20260702_094916_daemon_signal_15", "event": "logs_archived", "reason": "daemon_signal_15", "ts": 1782985756.476}
{"event": "daemon_stop", "signal": 15, "ts": 1782985756.477}
{"event": "daemon_start", "pid": 237606, "ts": 1782985774.447}
{"event": "daemon_start", "pid": 237606, "ts": 1782985774.447}
{"armed": false, "event": "idle_disarmed", "preset": "car_single", "single_auto": true, "ts": 1782985774.448}
{"armed": false, "event": "idle_disarmed", "preset": "car_single", "single_auto": true, "ts": 1782985774.448}
{"armed": false, "event": "idle_disarmed", "preset": "car_single", "single_auto": true, "ts": 1782985775.448}
{"armed": false, "event": "idle_disarmed", "preset": "car_single", "single_auto": true, "ts": 1782985775.448}
{"armed": false, "event": "idle_disarmed", "preset": "car_single", "single_auto": true, "ts": 1782985776.449}
{"armed": false, "event": "idle_disarmed", "preset": "car_single", "single_auto": true, "ts": 1782985776.449}
{"armed": false, "event": "idle_disarmed", "preset": "car_single", "single_auto": true, "ts": 1782985777.451}
{"armed": false, "event": "idle_disarmed", "preset": "car_single", "single_auto": true, "ts": 1782985777.451}
{"armed": false, "event": "idle_disarmed", "preset": "car_single", "single_auto": true, "ts": 1782985778.452}
{"armed": false, "event": "idle_disarmed", "preset": "car_single", "single_auto": true, "ts": 1782985778.452}
{"armed": false, "event": "idle_disarmed", "preset": "car_single", "single_auto": true, "ts": 1782985779.453}
{"armed": false, "event": "idle_disarmed", "preset": "car_single", "single_auto": true, "ts": 1782985779.453}
{"armed": false, "event": "idle_disarmed", "preset": "car_single", "single_auto": true, "ts": 1782985780.454}
{"armed": false, "event": "idle_disarmed", "preset": "car_single", "single_auto": true, "ts": 1782985780.454}
{"armed": false, "event": "idle_disarmed", "preset": "car_single", "single_auto": true, "ts": 1782985781.455}
{"armed": false, "event": "idle_disarmed", "preset": "car_single", "single_auto": true, "ts": 1782985781.455}
{"armed": false, "event": "idle_disarmed", "preset": "car_single", "single_auto": true, "ts": 1782985782.456}
{"armed": false, "event": "idle_disarmed", "preset": "car_single", "single_auto": true, "ts": 1782985782.456}
{"armed": false, "event": "idle_disarmed", "preset": "car_single", "single_auto": true, "ts": 1782985783.457}
{"armed": false, "event": "idle_disarmed", "preset": "car_single", "single_auto": true, "ts": 1782985783.457}
{"armed": false, "event": "idle_disarmed", "preset": "car_single", "single_auto": true, "ts": 1782985784.458}
{"armed": false, "event": "idle_disarmed", "preset": "car_single", "single_auto": true, "ts": 1782985784.458}
{"armed": false, "event": "idle_disarmed", "preset": "car_single", "single_auto": true, "ts": 1782985785.459}
{"armed": false, "event": "idle_disarmed", "preset": "car_single", "single_auto": true, "ts": 1782985785.459}
{"armed": false, "event": "idle_disarmed", "preset": "car_single", "single_auto": true, "ts": 1782985786.459}
{"armed": false, "event": "idle_disarmed", "preset": "car_single", "single_auto": true, "ts": 1782985786.459}
{"armed": false, "event": "idle_disarmed", "preset": "car_single", "single_auto": true, "ts": 1782985787.46}
{"armed": false, "event": "idle_disarmed", "preset": "car_single", "single_auto": true, "ts": 1782985787.46}
{"armed": false, "event": "idle_disarmed", "preset": "car_single", "single_auto": true, "ts": 1782985788.463}
{"armed": false, "event": "idle_disarmed", "preset": "car_single", "single_auto": true, "ts": 1782985788.463}
{"armed": false, "event": "idle_disarmed", "preset": "car_single", "single_auto": true, "ts": 1782985789.465}
{"armed": false, "event": "idle_disarmed", "preset": "car_single", "single_auto": true, "ts": 1782985789.465}
{"armed": false, "event": "idle_disarmed", "preset": "car_single", "single_auto": true, "ts": 1782985790.468}
{"armed": false, "event": "idle_disarmed", "preset": "car_single", "single_auto": true, "ts": 1782985790.468}
{"armed": false, "event": "idle_disarmed", "preset": "car_single", "single_auto": true, "ts": 1782985791.469}
{"armed": false, "event": "idle_disarmed", "preset": "car_single", "single_auto": true, "ts": 1782985791.469}
{"armed": false, "event": "idle_disarmed", "preset": "car_single", "single_auto": true, "ts": 1782985792.47}
{"armed": false, "event": "idle_disarmed", "preset": "car_single", "single_auto": true, "ts": 1782985792.47}
{"armed": false, "event": "idle_disarmed", "preset": "car_single", "single_auto": true, "ts": 1782985793.472}
{"armed": false, "event": "idle_disarmed", "preset": "car_single", "single_auto": true, "ts": 1782985793.472}
{"armed": false, "event": "idle_disarmed", "preset": "car_single", "single_auto": true, "ts": 1782985794.473}
{"armed": false, "event": "idle_disarmed", "preset": "car_single", "single_auto": true, "ts": 1782985794.473}
{"armed": false, "event": "idle_disarmed", "preset": "car_single", "single_auto": true, "ts": 1782985795.474}
{"armed": false, "event": "idle_disarmed", "preset": "car_single", "single_auto": true, "ts": 1782985795.474}
{"armed": false, "event": "idle_disarmed", "preset": "car_single", "single_auto": true, "ts": 1782985796.475}
{"armed": false, "event": "idle_disarmed", "preset": "car_single", "single_auto": true, "ts": 1782985796.475}
{"armed": false, "event": "idle_disarmed", "preset": "car_single", "single_auto": true, "ts": 1782985797.477}
{"armed": false, "event": "idle_disarmed", "preset": "car_single", "single_auto": true, "ts": 1782985797.477}
{"armed": false, "event": "idle_disarmed", "preset": "car_single", "single_auto": true, "ts": 1782985798.478}
{"armed": false, "event": "idle_disarmed", "preset": "car_single", "single_auto": true, "ts": 1782985798.478}
{"armed": false, "event": "idle_disarmed", "preset": "car_single", "single_auto": true, "ts": 1782985799.48}
{"armed": false, "event": "idle_disarmed", "preset": "car_single", "single_auto": true, "ts": 1782985799.48}
{"armed": false, "event": "idle_disarmed", "preset": "car_single", "single_auto": true, "ts": 1782985800.483}
{"armed": false, "event": "idle_disarmed", "preset": "car_single", "single_auto": true, "ts": 1782985800.483}
{"armed": false, "event": "idle_disarmed", "preset": "car_single", "single_auto": true, "ts": 1782985801.484}
{"armed": false, "event": "idle_disarmed", "preset": "car_single", "single_auto": true, "ts": 1782985801.484}
{"armed": false, "event": "idle_disarmed", "preset": "car_single", "single_auto": true, "ts": 1782985802.486}
{"armed": false, "event": "idle_disarmed", "preset": "car_single", "single_auto": true, "ts": 1782985802.486}
{"armed": false, "event": "idle_disarmed", "preset": "car_single", "single_auto": true, "ts": 1782985803.489}
{"armed": false, "event": "idle_disarmed", "preset": "car_single", "single_auto": true, "ts": 1782985803.489}
{"armed": false, "event": "idle_disarmed", "preset": "car_single", "single_auto": true, "ts": 1782985804.492}
{"armed": false, "event": "idle_disarmed", "preset": "car_single", "single_auto": true, "ts": 1782985804.492}
{"armed": false, "event": "idle_disarmed", "preset": "car_single", "single_auto": true, "ts": 1782985805.493}
{"armed": false, "event": "idle_disarmed", "preset": "car_single", "single_auto": true, "ts": 1782985805.493}
{"armed": false, "event": "idle_disarmed", "preset": "car_single", "single_auto": true, "ts": 1782985806.496}
{"armed": false, "event": "idle_disarmed", "preset": "car_single", "single_auto": true, "ts": 1782985806.496}
{"armed": false, "event": "idle_disarmed", "preset": "car_single", "single_auto": true, "ts": 1782985807.497}
{"armed": false, "event": "idle_disarmed", "preset": "car_single", "single_auto": true, "ts": 1782985807.497}
{"armed": false, "event": "idle_disarmed", "preset": "car_single", "single_auto": true, "ts": 1782985808.498}
{"armed": false, "event": "idle_disarmed", "preset": "car_single", "single_auto": true, "ts": 1782985808.498}
{"armed": false, "event": "idle_disarmed", "preset": "car_single", "single_auto": true, "ts": 1782985809.499}
{"armed": false, "event": "idle_disarmed", "preset": "car_single", "single_auto": true, "ts": 1782985809.499}
{"armed": false, "event": "idle_disarmed", "preset": "car_single", "single_auto": true, "ts": 1782985810.5}
{"armed": false, "event": "idle_disarmed", "preset": "car_single", "single_auto": true, "ts": 1782985810.5}
{"armed": false, "event": "idle_disarmed", "preset": "car_single", "single_auto": true, "ts": 1782985811.501}
{"armed": false, "event": "idle_disarmed", "preset": "car_single", "single_auto": true, "ts": 1782985811.501}
{"armed": false, "event": "idle_disarmed", "preset": "car_single", "single_auto": true, "ts": 1782985812.502}
{"armed": false, "event": "idle_disarmed", "preset": "car_single", "single_auto": true, "ts": 1782985812.502}
{"armed": false, "event": "idle_disarmed", "preset": "car_single", "single_auto": true, "ts": 1782985813.503}
{"armed": false, "event": "idle_disarmed", "preset": "car_single", "single_auto": true, "ts": 1782985813.503}
{"armed": false, "event": "idle_disarmed", "preset": "car_single", "single_auto": true, "ts": 1782985814.505}
{"armed": false, "event": "idle_disarmed", "preset": "car_single", "single_auto": true, "ts": 1782985814.505}
{"armed": false, "event": "idle_disarmed", "preset": "car_single", "single_auto": true, "ts": 1782985815.507}
{"armed": false, "event": "idle_disarmed", "preset": "car_single", "single_auto": true, "ts": 1782985815.507}
{"armed": false, "event": "idle_disarmed", "preset": "car_single", "single_auto": true, "ts": 1782985816.509}
{"armed": false, "event": "idle_disarmed", "preset": "car_single", "single_auto": true, "ts": 1782985816.509}
{"armed": false, "event": "idle_disarmed", "preset": "car_single", "single_auto": true, "ts": 1782985817.511}
{"armed": false, "event": "idle_disarmed", "preset": "car_single", "single_auto": true, "ts": 1782985817.511}
{"armed": false, "event": "idle_disarmed", "preset": "car_single", "single_auto": true, "ts": 1782985818.513}
{"armed": false, "event": "idle_disarmed", "preset": "car_single", "single_auto": true, "ts": 1782985818.513}
{"armed": false, "event": "idle_disarmed", "preset": "car_single", "single_auto": true, "ts": 1782985819.515}
{"armed": false, "event": "idle_disarmed", "preset": "car_single", "single_auto": true, "ts": 1782985819.515}
{"armed": false, "event": "idle_disarmed", "preset": "car_single", "single_auto": true, "ts": 1782985820.518}
{"armed": false, "event": "idle_disarmed", "preset": "car_single", "single_auto": true, "ts": 1782985820.518}
{"armed": false, "event": "idle_disarmed", "preset": "car_single", "single_auto": true, "ts": 1782985821.52}
{"armed": false, "event": "idle_disarmed", "preset": "car_single", "single_auto": true, "ts": 1782985821.52}
{"armed": false, "event": "idle_disarmed", "preset": "car_single", "single_auto": true, "ts": 1782985822.522}
{"armed": false, "event": "idle_disarmed", "preset": "car_single", "single_auto": true, "ts": 1782985822.522}
{"armed": false, "event": "idle_disarmed", "preset": "car_single", "single_auto": true, "ts": 1782985823.524}
{"armed": false, "event": "idle_disarmed", "preset": "car_single", "single_auto": true, "ts": 1782985823.524}
{"armed": false, "event": "idle_disarmed", "preset": "car_single", "single_auto": true, "ts": 1782985824.526}
{"armed": false, "event": "idle_disarmed", "preset": "car_single", "single_auto": true, "ts": 1782985824.526}
{"armed": false, "event": "idle_disarmed", "preset": "car_single", "single_auto": true, "ts": 1782985825.528}
{"armed": false, "event": "idle_disarmed", "preset": "car_single", "single_auto": true, "ts": 1782985825.528}
{"armed": false, "event": "idle_disarmed", "preset": "car_single", "single_auto": true, "ts": 1782985826.531}
{"armed": false, "event": "idle_disarmed", "preset": "car_single", "single_auto": true, "ts": 1782985826.531}
{"armed": false, "event": "idle_disarmed", "preset": "car_single", "single_auto": true, "ts": 1782985827.533}
{"armed": false, "event": "idle_disarmed", "preset": "car_single", "single_auto": true, "ts": 1782985827.533}
{"armed": false, "event": "idle_disarmed", "preset": "car_single", "single_auto": true, "ts": 1782985828.535}
{"armed": false, "event": "idle_disarmed", "preset": "car_single", "single_auto": true, "ts": 1782985828.535}
{"armed": false, "event": "idle_disarmed", "preset": "car_single", "single_auto": true, "ts": 1782985829.538}
{"armed": false, "event": "idle_disarmed", "preset": "car_single", "single_auto": true, "ts": 1782985829.538}
{"armed": false, "event": "idle_disarmed", "preset": "car_single", "single_auto": true, "ts": 1782985830.54}
{"armed": false, "event": "idle_disarmed", "preset": "car_single", "single_auto": true, "ts": 1782985830.54}
{"armed": false, "event": "idle_disarmed", "preset": "car_single", "single_auto": true, "ts": 1782985831.542}
{"armed": false, "event": "idle_disarmed", "preset": "car_single", "single_auto": true, "ts": 1782985831.542}
{"armed": false, "event": "idle_disarmed", "preset": "car_single", "single_auto": true, "ts": 1782985832.545}
{"armed": false, "event": "idle_disarmed", "preset": "car_single", "single_auto": true, "ts": 1782985832.545}
{"armed": false, "event": "idle_disarmed", "preset": "car_single", "single_auto": true, "ts": 1782985833.547}
{"armed": false, "event": "idle_disarmed", "preset": "car_single", "single_auto": true, "ts": 1782985833.547}
{"armed": false, "event": "idle_disarmed", "preset": "car_single", "single_auto": true, "ts": 1782985834.549}
{"armed": false, "event": "idle_disarmed", "preset": "car_single", "single_auto": true, "ts": 1782985834.549}
{"armed": false, "event": "idle_disarmed", "preset": "car_single", "single_auto": true, "ts": 1782985835.552}
{"armed": false, "event": "idle_disarmed", "preset": "car_single", "single_auto": true, "ts": 1782985835.552}
{"armed": false, "event": "idle_disarmed", "preset": "car_single", "single_auto": true, "ts": 1782985836.554}
{"armed": false, "event": "idle_disarmed", "preset": "car_single", "single_auto": true, "ts": 1782985836.554}
{"armed": false, "event": "idle_disarmed", "preset": "car_single", "single_auto": true, "ts": 1782985837.556}
{"armed": false, "event": "idle_disarmed", "preset": "car_single", "single_auto": true, "ts": 1782985837.556}
{"armed": false, "event": "idle_disarmed", "preset": "car_single", "single_auto": true, "ts": 1782985838.558}
{"armed": false, "event": "idle_disarmed", "preset": "car_single", "single_auto": true, "ts": 1782985838.558}
{"armed": false, "event": "idle_disarmed", "preset": "car_single", "single_auto": true, "ts": 1782985839.561}
{"armed": false, "event": "idle_disarmed", "preset": "car_single", "single_auto": true, "ts": 1782985839.561}
{"armed": false, "event": "idle_disarmed", "preset": "car_single", "single_auto": true, "ts": 1782985840.563}
{"armed": false, "event": "idle_disarmed", "preset": "car_single", "single_auto": true, "ts": 1782985840.563}
{"armed": false, "event": "idle_disarmed", "preset": "car_single", "single_auto": true, "ts": 1782985841.565}
{"armed": false, "event": "idle_disarmed", "preset": "car_single", "single_auto": true, "ts": 1782985841.565}
{"armed": false, "event": "idle_disarmed", "preset": "car_single", "single_auto": true, "ts": 1782985842.567}
{"armed": false, "event": "idle_disarmed", "preset": "car_single", "single_auto": true, "ts": 1782985842.567}
{"armed": false, "event": "idle_disarmed", "preset": "car_single", "single_auto": true, "ts": 1782985843.569}
{"armed": false, "event": "idle_disarmed", "preset": "car_single", "single_auto": true, "ts": 1782985843.569}
{"armed": false, "event": "idle_disarmed", "preset": "car_single", "single_auto": true, "ts": 1782985844.571}
{"armed": false, "event": "idle_disarmed", "preset": "car_single", "single_auto": true, "ts": 1782985844.571}
{"armed": false, "event": "idle_disarmed", "preset": "car_single", "single_auto": true, "ts": 1782985845.574}
{"armed": false, "event": "idle_disarmed", "preset": "car_single", "single_auto": true, "ts": 1782985845.574}
{"armed": false, "event": "idle_disarmed", "preset": "car_single", "single_auto": true, "ts": 1782985846.576}
{"armed": false, "event": "idle_disarmed", "preset": "car_single", "single_auto": true, "ts": 1782985846.576}
{"armed": false, "event": "idle_disarmed", "preset": "car_single", "single_auto": true, "ts": 1782985847.579}
{"armed": false, "event": "idle_disarmed", "preset": "car_single", "single_auto": true, "ts": 1782985847.579}
{"armed": false, "event": "idle_disarmed", "preset": "car_single", "single_auto": true, "ts": 1782985848.582}
{"armed": false, "event": "idle_disarmed", "preset": "car_single", "single_auto": true, "ts": 1782985848.582}
{"armed": false, "event": "idle_disarmed", "preset": "car_single", "single_auto": true, "ts": 1782985849.584}
{"armed": false, "event": "idle_disarmed", "preset": "car_single", "single_auto": true, "ts": 1782985849.584}
{"armed": false, "event": "idle_disarmed", "preset": "car_single", "single_auto": true, "ts": 1782985850.587}
{"armed": false, "event": "idle_disarmed", "preset": "car_single", "single_auto": true, "ts": 1782985850.587}
{"armed": false, "event": "idle_disarmed", "preset": "car_single", "single_auto": true, "ts": 1782985851.589}
{"armed": false, "event": "idle_disarmed", "preset": "car_single", "single_auto": true, "ts": 1782985851.589}
{"armed": false, "event": "idle_disarmed", "preset": "car_single", "single_auto": true, "ts": 1782985852.592}
{"armed": false, "event": "idle_disarmed", "preset": "car_single", "single_auto": true, "ts": 1782985852.592}
{"armed": false, "event": "idle_disarmed", "preset": "car_single", "single_auto": true, "ts": 1782985853.594}
{"armed": false, "event": "idle_disarmed", "preset": "car_single", "single_auto": true, "ts": 1782985853.594}
{"armed": false, "event": "idle_disarmed", "preset": "car_single", "single_auto": true, "ts": 1782985854.597}
{"armed": false, "event": "idle_disarmed", "preset": "car_single", "single_auto": true, "ts": 1782985854.597}
{"armed": false, "event": "idle_disarmed", "preset": "car_single", "single_auto": true, "ts": 1782985855.599}
{"armed": false, "event": "idle_disarmed", "preset": "car_single", "single_auto": true, "ts": 1782985855.599}
{"armed": false, "event": "idle_disarmed", "preset": "car_single", "single_auto": true, "ts": 1782985856.602}
{"armed": false, "event": "idle_disarmed", "preset": "car_single", "single_auto": true, "ts": 1782985856.602}
{"armed": false, "event": "idle_disarmed", "preset": "car_single", "single_auto": true, "ts": 1782985857.604}
{"armed": false, "event": "idle_disarmed", "preset": "car_single", "single_auto": true, "ts": 1782985857.604}
{"armed": false, "event": "idle_disarmed", "preset": "car_single", "single_auto": true, "ts": 1782985858.607}
{"armed": false, "event": "idle_disarmed", "preset": "car_single", "single_auto": true, "ts": 1782985858.607}
{"armed": false, "event": "idle_disarmed", "preset": "car_single", "single_auto": true, "ts": 1782985859.612}
{"armed": false, "event": "idle_disarmed", "preset": "car_single", "single_auto": true, "ts": 1782985859.612}
{"armed": false, "event": "idle_disarmed", "preset": "car_single", "single_auto": true, "ts": 1782985860.615}
{"armed": false, "event": "idle_disarmed", "preset": "car_single", "single_auto": true, "ts": 1782985860.615}
{"armed": false, "event": "idle_disarmed", "preset": "car_single", "single_auto": true, "ts": 1782985861.617}
{"armed": false, "event": "idle_disarmed", "preset": "car_single", "single_auto": true, "ts": 1782985861.617}
{"armed": false, "event": "idle_disarmed", "preset": "car_single", "single_auto": true, "ts": 1782985862.62}
{"armed": false, "event": "idle_disarmed", "preset": "car_single", "single_auto": true, "ts": 1782985862.62}
{"armed": false, "event": "idle_disarmed", "preset": "car_single", "single_auto": true, "ts": 1782985863.622}
{"armed": false, "event": "idle_disarmed", "preset": "car_single", "single_auto": true, "ts": 1782985863.622}
{"armed": false, "event": "idle_disarmed", "preset": "car_single", "single_auto": true, "ts": 1782985864.625}
{"armed": false, "event": "idle_disarmed", "preset": "car_single", "single_auto": true, "ts": 1782985864.625}
{"armed": false, "event": "idle_disarmed", "preset": "car_single", "single_auto": true, "ts": 1782985865.627}
{"armed": false, "event": "idle_disarmed", "preset": "car_single", "single_auto": true, "ts": 1782985865.627}
{"armed": false, "event": "idle_disarmed", "preset": "car_single", "single_auto": true, "ts": 1782985866.63}
{"armed": false, "event": "idle_disarmed", "preset": "car_single", "single_auto": true, "ts": 1782985866.63}
{"armed": false, "event": "idle_disarmed", "preset": "car_single", "single_auto": true, "ts": 1782985867.632}
{"armed": false, "event": "idle_disarmed", "preset": "car_single", "single_auto": true, "ts": 1782985867.632}
{"armed": false, "event": "idle_disarmed", "preset": "car_single", "single_auto": true, "ts": 1782985868.635}
{"armed": false, "event": "idle_disarmed", "preset": "car_single", "single_auto": true, "ts": 1782985868.635}
{"armed": false, "event": "idle_disarmed", "preset": "car_single", "single_auto": true, "ts": 1782985869.637}
{"armed": false, "event": "idle_disarmed", "preset": "car_single", "single_auto": true, "ts": 1782985869.637}
{"armed": false, "event": "idle_disarmed", "preset": "car_single", "single_auto": true, "ts": 1782985870.64}
{"armed": false, "event": "idle_disarmed", "preset": "car_single", "single_auto": true, "ts": 1782985870.64}
{"armed": false, "event": "idle_disarmed", "preset": "car_single", "single_auto": true, "ts": 1782985871.642}
{"armed": false, "event": "idle_disarmed", "preset": "car_single", "single_auto": true, "ts": 1782985871.642}
{"armed": false, "event": "idle_disarmed", "preset": "car_single", "single_auto": true, "ts": 1782985872.645}
{"armed": false, "event": "idle_disarmed", "preset": "car_single", "single_auto": true, "ts": 1782985872.645}
{"armed": false, "event": "idle_disarmed", "preset": "car_single", "single_auto": true, "ts": 1782985873.647}
{"armed": false, "event": "idle_disarmed", "preset": "car_single", "single_auto": true, "ts": 1782985873.647}
{"armed": false, "event": "idle_disarmed", "preset": "car_single", "single_auto": true, "ts": 1782985874.65}
{"armed": false, "event": "idle_disarmed", "preset": "car_single", "single_auto": true, "ts": 1782985874.65}
{"armed": false, "event": "idle_disarmed", "preset": "car_single", "single_auto": true, "ts": 1782985875.652}
{"armed": false, "event": "idle_disarmed", "preset": "car_single", "single_auto": true, "ts": 1782985875.652}
{"armed": false, "event": "idle_disarmed", "preset": "car_single", "single_auto": true, "ts": 1782985876.654}
{"armed": false, "event": "idle_disarmed", "preset": "car_single", "single_auto": true, "ts": 1782985876.654}
{"armed": false, "event": "idle_disarmed", "preset": "car_single", "single_auto": true, "ts": 1782985877.656}
{"armed": false, "event": "idle_disarmed", "preset": "car_single", "single_auto": true, "ts": 1782985877.656}
{"armed": false, "event": "idle_disarmed", "preset": "car_single", "single_auto": true, "ts": 1782985878.659}
{"armed": false, "event": "idle_disarmed", "preset": "car_single", "single_auto": true, "ts": 1782985878.659}
{"armed": false, "event": "idle_disarmed", "preset": "car_single", "single_auto": true, "ts": 1782985879.661}
{"armed": false, "event": "idle_disarmed", "preset": "car_single", "single_auto": true, "ts": 1782985879.661}
{"armed": false, "event": "idle_disarmed", "preset": "car_single", "single_auto": true, "ts": 1782985880.664}
{"armed": false, "event": "idle_disarmed", "preset": "car_single", "single_auto": true, "ts": 1782985880.664}
{"armed": false, "event": "idle_disarmed", "preset": "car_single", "single_auto": true, "ts": 1782985881.666}
{"armed": false, "event": "idle_disarmed", "preset": "car_single", "single_auto": true, "ts": 1782985881.666}
{"armed": false, "event": "idle_disarmed", "preset": "car_single", "single_auto": true, "ts": 1782985882.67}
{"armed": false, "event": "idle_disarmed", "preset": "car_single", "single_auto": true, "ts": 1782985882.67}
{"armed": false, "event": "idle_disarmed", "preset": "car_single", "single_auto": true, "ts": 1782985883.673}
{"armed": false, "event": "idle_disarmed", "preset": "car_single", "single_auto": true, "ts": 1782985883.673}
{"armed": false, "event": "idle_disarmed", "preset": "car_single", "single_auto": true, "ts": 1782985884.675}
{"armed": false, "event": "idle_disarmed", "preset": "car_single", "single_auto": true, "ts": 1782985884.675}
{"armed": false, "event": "idle_disarmed", "preset": "car_single", "single_auto": true, "ts": 1782985885.678}
{"armed": false, "event": "idle_disarmed", "preset": "car_single", "single_auto": true, "ts": 1782985885.678}
{"armed": false, "event": "idle_disarmed", "preset": "car_single", "single_auto": true, "ts": 1782985886.68}
{"armed": false, "event": "idle_disarmed", "preset": "car_single", "single_auto": true, "ts": 1782985886.68}
{"armed": false, "event": "idle_disarmed", "preset": "car_single", "single_auto": true, "ts": 1782985887.682}
{"armed": false, "event": "idle_disarmed", "preset": "car_single", "single_auto": true, "ts": 1782985887.682}
{"armed": false, "event": "idle_disarmed", "preset": "car_single", "single_auto": true, "ts": 1782985888.685}
{"armed": false, "event": "idle_disarmed", "preset": "car_single", "single_auto": true, "ts": 1782985888.685}
{"armed": false, "event": "idle_disarmed", "preset": "car_single", "single_auto": true, "ts": 1782985889.687}
{"armed": false, "event": "idle_disarmed", "preset": "car_single", "single_auto": true, "ts": 1782985889.687}
{"armed": false, "event": "idle_disarmed", "preset": "car_single", "single_auto": true, "ts": 1782985890.689}
{"armed": false, "event": "idle_disarmed", "preset": "car_single", "single_auto": true, "ts": 1782985890.689}
{"armed": false, "event": "idle_disarmed", "preset": "car_single", "single_auto": true, "ts": 1782985891.692}
{"armed": false, "event": "idle_disarmed", "preset": "car_single", "single_auto": true, "ts": 1782985891.692}
{"armed": false, "event": "idle_disarmed", "preset": "car_single", "single_auto": true, "ts": 1782985892.694}
{"armed": false, "event": "idle_disarmed", "preset": "car_single", "single_auto": true, "ts": 1782985892.694}
{"armed": false, "event": "idle_disarmed", "preset": "car_single", "single_auto": true, "ts": 1782985893.697}
{"armed": false, "event": "idle_disarmed", "preset": "car_single", "single_auto": true, "ts": 1782985893.697}
{"armed": false, "event": "idle_disarmed", "preset": "car_single", "single_auto": true, "ts": 1782985894.699}
{"armed": false, "event": "idle_disarmed", "preset": "car_single", "single_auto": true, "ts": 1782985894.699}
{"armed": false, "event": "idle_disarmed", "preset": "car_single", "single_auto": true, "ts": 1782985895.701}
{"armed": false, "event": "idle_disarmed", "preset": "car_single", "single_auto": true, "ts": 1782985895.701}
{"armed": false, "event": "idle_disarmed", "preset": "car_single", "single_auto": true, "ts": 1782985896.704}
{"armed": false, "event": "idle_disarmed", "preset": "car_single", "single_auto": true, "ts": 1782985896.704}
{"armed": false, "event": "idle_disarmed", "preset": "car_single", "single_auto": true, "ts": 1782985897.706}
{"armed": false, "event": "idle_disarmed", "preset": "car_single", "single_auto": true, "ts": 1782985897.706}
{"armed": false, "event": "idle_disarmed", "preset": "car_single", "single_auto": true, "ts": 1782985898.709}
{"armed": false, "event": "idle_disarmed", "preset": "car_single", "single_auto": true, "ts": 1782985898.709}
{"armed": false, "event": "idle_disarmed", "preset": "car_single", "single_auto": true, "ts": 1782985899.711}
{"armed": false, "event": "idle_disarmed", "preset": "car_single", "single_auto": true, "ts": 1782985899.711}
{"armed": false, "event": "idle_disarmed", "preset": "car_single", "single_auto": true, "ts": 1782985900.714}
{"armed": false, "event": "idle_disarmed", "preset": "car_single", "single_auto": true, "ts": 1782985900.714}
{"armed": false, "event": "idle_disarmed", "preset": "car_single", "single_auto": true, "ts": 1782985901.717}
{"armed": false, "event": "idle_disarmed", "preset": "car_single", "single_auto": true, "ts": 1782985901.717}
{"armed": false, "event": "idle_disarmed", "preset": "car_single", "single_auto": true, "ts": 1782985902.719}
{"armed": false, "event": "idle_disarmed", "preset": "car_single", "single_auto": true, "ts": 1782985902.719}
{"armed": false, "event": "idle_disarmed", "preset": "car_single", "single_auto": true, "ts": 1782985903.721}
{"armed": false, "event": "idle_disarmed", "preset": "car_single", "single_auto": true, "ts": 1782985903.721}
{"armed": false, "event": "idle_disarmed", "preset": "car_single", "single_auto": true, "ts": 1782985904.724}
{"armed": false, "event": "idle_disarmed", "preset": "car_single", "single_auto": true, "ts": 1782985904.724}
{"armed": false, "event": "idle_disarmed", "preset": "car_single", "single_auto": true, "ts": 1782985905.727}
{"armed": false, "event": "idle_disarmed", "preset": "car_single", "single_auto": true, "ts": 1782985905.727}
{"armed": false, "event": "idle_disarmed", "preset": "car_single", "single_auto": true, "ts": 1782985906.729}
{"armed": false, "event": "idle_disarmed", "preset": "car_single", "single_auto": true, "ts": 1782985906.729}
{"armed": false, "event": "idle_disarmed", "preset": "car_single", "single_auto": true, "ts": 1782985907.732}
{"armed": false, "event": "idle_disarmed", "preset": "car_single", "single_auto": true, "ts": 1782985907.732}
{"armed": false, "event": "idle_disarmed", "preset": "car_single", "single_auto": true, "ts": 1782985908.734}
{"armed": false, "event": "idle_disarmed", "preset": "car_single", "single_auto": true, "ts": 1782985908.734}
{"armed": false, "event": "idle_disarmed", "preset": "car_single", "single_auto": true, "ts": 1782985909.737}
{"armed": false, "event": "idle_disarmed", "preset": "car_single", "single_auto": true, "ts": 1782985909.737}
{"armed": false, "event": "idle_disarmed", "preset": "car_single", "single_auto": true, "ts": 1782985910.739}
{"armed": false, "event": "idle_disarmed", "preset": "car_single", "single_auto": true, "ts": 1782985910.739}
{"armed": false, "event": "idle_disarmed", "preset": "car_single", "single_auto": true, "ts": 1782985911.741}
{"armed": false, "event": "idle_disarmed", "preset": "car_single", "single_auto": true, "ts": 1782985911.741}
{"armed": false, "event": "idle_disarmed", "preset": "car_single", "single_auto": true, "ts": 1782985912.744}
{"armed": false, "event": "idle_disarmed", "preset": "car_single", "single_auto": true, "ts": 1782985912.744}
{"armed": false, "event": "idle_disarmed", "preset": "car_single", "single_auto": true, "ts": 1782985913.745}
{"armed": false, "event": "idle_disarmed", "preset": "car_single", "single_auto": true, "ts": 1782985913.745}
{"armed": false, "event": "idle_disarmed", "preset": "car_single", "single_auto": true, "ts": 1782985914.746}
{"armed": false, "event": "idle_disarmed", "preset": "car_single", "single_auto": true, "ts": 1782985914.746}
{"armed": false, "event": "idle_disarmed", "preset": "car_single", "single_auto": true, "ts": 1782985915.747}
{"armed": false, "event": "idle_disarmed", "preset": "car_single", "single_auto": true, "ts": 1782985915.747}
{"armed": false, "event": "idle_disarmed", "preset": "car_single", "single_auto": true, "ts": 1782985916.748}
{"armed": false, "event": "idle_disarmed", "preset": "car_single", "single_auto": true, "ts": 1782985916.748}
{"armed": false, "event": "idle_disarmed", "preset": "car_single", "single_auto": true, "ts": 1782985917.75}
{"armed": false, "event": "idle_disarmed", "preset": "car_single", "single_auto": true, "ts": 1782985917.75}
{"armed": false, "event": "idle_disarmed", "preset": "car_single", "single_auto": true, "ts": 1782985918.751}
{"armed": false, "event": "idle_disarmed", "preset": "car_single", "single_auto": true, "ts": 1782985918.751}
{"armed": false, "event": "idle_disarmed", "preset": "car_single", "single_auto": true, "ts": 1782985919.752}
{"armed": false, "event": "idle_disarmed", "preset": "car_single", "single_auto": true, "ts": 1782985919.752}
{"armed": false, "event": "idle_disarmed", "preset": "car_single", "single_auto": true, "ts": 1782985920.753}
{"armed": false, "event": "idle_disarmed", "preset": "car_single", "single_auto": true, "ts": 1782985920.753}
{"armed": false, "event": "idle_disarmed", "preset": "car_single", "single_auto": true, "ts": 1782985921.754}
{"armed": false, "event": "idle_disarmed", "preset": "car_single", "single_auto": true, "ts": 1782985921.754}
{"armed": false, "event": "idle_disarmed", "preset": "car_single", "single_auto": true, "ts": 1782985922.755}
{"armed": false, "event": "idle_disarmed", "preset": "car_single", "single_auto": true, "ts": 1782985922.755}
{"armed": false, "event": "idle_disarmed", "preset": "car_single", "single_auto": true, "ts": 1782985923.756}
{"armed": false, "event": "idle_disarmed", "preset": "car_single", "single_auto": true, "ts": 1782985923.756}
{"armed": false, "event": "idle_disarmed", "preset": "car_single", "single_auto": true, "ts": 1782985924.757}
{"armed": false, "event": "idle_disarmed", "preset": "car_single", "single_auto": true, "ts": 1782985924.757}
{"armed": false, "event": "idle_disarmed", "preset": "car_single", "single_auto": true, "ts": 1782985925.758}
{"armed": false, "event": "idle_disarmed", "preset": "car_single", "single_auto": true, "ts": 1782985925.758}
{"armed": false, "event": "idle_disarmed", "preset": "car_single", "single_auto": true, "ts": 1782985926.759}
{"armed": false, "event": "idle_disarmed", "preset": "car_single", "single_auto": true, "ts": 1782985926.759}
{"armed": false, "event": "idle_disarmed", "preset": "car_single", "single_auto": true, "ts": 1782985927.76}
{"armed": false, "event": "idle_disarmed", "preset": "car_single", "single_auto": true, "ts": 1782985927.76}
{"armed": false, "event": "idle_disarmed", "preset": "car_single", "single_auto": true, "ts": 1782985928.762}
{"armed": false, "event": "idle_disarmed", "preset": "car_single", "single_auto": true, "ts": 1782985928.762}
{"armed": false, "event": "idle_disarmed", "preset": "car_single", "single_auto": true, "ts": 1782985929.763}
{"armed": false, "event": "idle_disarmed", "preset": "car_single", "single_auto": true, "ts": 1782985929.763}
{"armed": false, "event": "idle_disarmed", "preset": "car_single", "single_auto": true, "ts": 1782985930.764}
{"armed": false, "event": "idle_disarmed", "preset": "car_single", "single_auto": true, "ts": 1782985930.764}
{"armed": false, "event": "idle_disarmed", "preset": "car_single", "single_auto": true, "ts": 1782985931.765}
{"armed": false, "event": "idle_disarmed", "preset": "car_single", "single_auto": true, "ts": 1782985931.765}
{"armed": false, "event": "idle_disarmed", "preset": "car_single", "single_auto": true, "ts": 1782985932.766}
{"armed": false, "event": "idle_disarmed", "preset": "car_single", "single_auto": true, "ts": 1782985932.766}
{"armed": false, "event": "idle_disarmed", "preset": "car_single", "single_auto": true, "ts": 1782985933.768}
{"armed": false, "event": "idle_disarmed", "preset": "car_single", "single_auto": true, "ts": 1782985933.768}
{"armed": false, "event": "idle_disarmed", "preset": "car_single", "single_auto": true, "ts": 1782985934.77}
{"armed": false, "event": "idle_disarmed", "preset": "car_single", "single_auto": true, "ts": 1782985934.77}
{"armed": false, "event": "idle_disarmed", "preset": "car_single", "single_auto": true, "ts": 1782985935.773}
{"armed": false, "event": "idle_disarmed", "preset": "car_single", "single_auto": true, "ts": 1782985935.773}
{"armed": false, "event": "idle_disarmed", "preset": "car_single", "single_auto": true, "ts": 1782985936.775}
{"armed": false, "event": "idle_disarmed", "preset": "car_single", "single_auto": true, "ts": 1782985936.775}
{"armed": false, "event": "idle_disarmed", "preset": "car_single", "single_auto": true, "ts": 1782985937.778}
{"armed": false, "event": "idle_disarmed", "preset": "car_single", "single_auto": true, "ts": 1782985937.778}
{"armed": false, "event": "idle_disarmed", "preset": "car_single", "single_auto": true, "ts": 1782985938.78}
{"armed": false, "event": "idle_disarmed", "preset": "car_single", "single_auto": true, "ts": 1782985938.78}
{"armed": false, "event": "idle_disarmed", "preset": "car_single", "single_auto": true, "ts": 1782985939.782}
{"armed": false, "event": "idle_disarmed", "preset": "car_single", "single_auto": true, "ts": 1782985939.782}
{"armed": false, "event": "idle_disarmed", "preset": "car_single", "single_auto": true, "ts": 1782985940.785}
{"armed": false, "event": "idle_disarmed", "preset": "car_single", "single_auto": true, "ts": 1782985940.785}
{"armed": false, "event": "idle_disarmed", "preset": "car_single", "single_auto": true, "ts": 1782985941.787}
{"armed": false, "event": "idle_disarmed", "preset": "car_single", "single_auto": true, "ts": 1782985941.787}
{"armed": false, "event": "idle_disarmed", "preset": "car_single", "single_auto": true, "ts": 1782985942.79}
{"armed": false, "event": "idle_disarmed", "preset": "car_single", "single_auto": true, "ts": 1782985942.79}
{"armed": false, "event": "idle_disarmed", "preset": "car_single", "single_auto": true, "ts": 1782985943.792}
{"armed": false, "event": "idle_disarmed", "preset": "car_single", "single_auto": true, "ts": 1782985943.792}
{"armed": false, "event": "idle_disarmed", "preset": "car_single", "single_auto": true, "ts": 1782985944.795}
{"armed": false, "event": "idle_disarmed", "preset": "car_single", "single_auto": true, "ts": 1782985944.795}
{"armed": false, "event": "idle_disarmed", "preset": "car_single", "single_auto": true, "ts": 1782985945.797}
{"armed": false, "event": "idle_disarmed", "preset": "car_single", "single_auto": true, "ts": 1782985945.797}
{"armed": false, "event": "idle_disarmed", "preset": "car_single", "single_auto": true, "ts": 1782985946.8}
{"armed": false, "event": "idle_disarmed", "preset": "car_single", "single_auto": true, "ts": 1782985946.8}
{"armed": false, "event": "idle_disarmed", "preset": "car_single", "single_auto": true, "ts": 1782985947.802}
{"armed": false, "event": "idle_disarmed", "preset": "car_single", "single_auto": true, "ts": 1782985947.802}
{"armed": false, "event": "idle_disarmed", "preset": "car_single", "single_auto": true, "ts": 1782985948.805}
{"armed": false, "event": "idle_disarmed", "preset": "car_single", "single_auto": true, "ts": 1782985948.805}
{"armed": false, "event": "idle_disarmed", "preset": "car_single", "single_auto": true, "ts": 1782985949.807}
{"armed": false, "event": "idle_disarmed", "preset": "car_single", "single_auto": true, "ts": 1782985949.807}
{"armed": false, "event": "idle_disarmed", "preset": "car_single", "single_auto": true, "ts": 1782985950.81}
{"armed": false, "event": "idle_disarmed", "preset": "car_single", "single_auto": true, "ts": 1782985950.81}
{"armed": false, "event": "idle_disarmed", "preset": "car_single", "single_auto": true, "ts": 1782985951.813}
{"armed": false, "event": "idle_disarmed", "preset": "car_single", "single_auto": true, "ts": 1782985951.813}
{"armed": false, "event": "idle_disarmed", "preset": "car_single", "single_auto": true, "ts": 1782985952.814}
{"armed": false, "event": "idle_disarmed", "preset": "car_single", "single_auto": true, "ts": 1782985952.814}
{"armed": false, "event": "idle_disarmed", "preset": "car_single", "single_auto": true, "ts": 1782985953.816}
{"armed": false, "event": "idle_disarmed", "preset": "car_single", "single_auto": true, "ts": 1782985953.816}
{"armed": false, "event": "idle_disarmed", "preset": "car_single", "single_auto": true, "ts": 1782985954.818}
{"armed": false, "event": "idle_disarmed", "preset": "car_single", "single_auto": true, "ts": 1782985954.818}
{"armed": false, "event": "idle_disarmed", "preset": "car_single", "single_auto": true, "ts": 1782985955.821}
{"armed": false, "event": "idle_disarmed", "preset": "car_single", "single_auto": true, "ts": 1782985955.821}
{"armed": false, "event": "idle_disarmed", "preset": "car_single", "single_auto": true, "ts": 1782985956.823}
{"armed": false, "event": "idle_disarmed", "preset": "car_single", "single_auto": true, "ts": 1782985956.823}
{"armed": false, "event": "idle_disarmed", "preset": "car_single", "single_auto": true, "ts": 1782985957.825}
{"armed": false, "event": "idle_disarmed", "preset": "car_single", "single_auto": true, "ts": 1782985957.825}
{"armed": false, "event": "idle_disarmed", "preset": "car_single", "single_auto": true, "ts": 1782985958.828}
{"armed": false, "event": "idle_disarmed", "preset": "car_single", "single_auto": true, "ts": 1782985958.828}
{"armed": false, "event": "idle_disarmed", "preset": "car_single", "single_auto": true, "ts": 1782985959.831}
{"armed": false, "event": "idle_disarmed", "preset": "car_single", "single_auto": true, "ts": 1782985959.831}
{"armed": false, "event": "idle_disarmed", "preset": "car_single", "single_auto": true, "ts": 1782985960.834}
{"armed": false, "event": "idle_disarmed", "preset": "car_single", "single_auto": true, "ts": 1782985960.834}
{"armed": false, "event": "idle_disarmed", "preset": "car_single", "single_auto": true, "ts": 1782985961.836}
{"armed": false, "event": "idle_disarmed", "preset": "car_single", "single_auto": true, "ts": 1782985961.836}
{"armed": false, "event": "idle_disarmed", "preset": "car_single", "single_auto": true, "ts": 1782985962.839}
{"armed": false, "event": "idle_disarmed", "preset": "car_single", "single_auto": true, "ts": 1782985962.839}
{"armed": false, "event": "idle_disarmed", "preset": "car_single", "single_auto": true, "ts": 1782985963.841}
{"armed": false, "event": "idle_disarmed", "preset": "car_single", "single_auto": true, "ts": 1782985963.841}
{"armed": false, "event": "idle_disarmed", "preset": "car_single", "single_auto": true, "ts": 1782985964.844}
{"armed": false, "event": "idle_disarmed", "preset": "car_single", "single_auto": true, "ts": 1782985964.844}
{"armed": false, "event": "idle_disarmed", "preset": "car_single", "single_auto": true, "ts": 1782985965.846}
{"armed": false, "event": "idle_disarmed", "preset": "car_single", "single_auto": true, "ts": 1782985965.846}
{"armed": false, "event": "idle_disarmed", "preset": "car_single", "single_auto": true, "ts": 1782985966.848}
{"armed": false, "event": "idle_disarmed", "preset": "car_single", "single_auto": true, "ts": 1782985966.848}
{"armed": false, "event": "idle_disarmed", "preset": "car_single", "single_auto": true, "ts": 1782985967.851}
{"armed": false, "event": "idle_disarmed", "preset": "car_single", "single_auto": true, "ts": 1782985967.851}
{"armed": false, "event": "idle_disarmed", "preset": "car_single", "single_auto": true, "ts": 1782985968.853}
{"armed": false, "event": "idle_disarmed", "preset": "car_single", "single_auto": true, "ts": 1782985968.853}
{"armed": false, "event": "idle_disarmed", "preset": "car_single", "single_auto": true, "ts": 1782985969.855}
{"armed": false, "event": "idle_disarmed", "preset": "car_single", "single_auto": true, "ts": 1782985969.855}
{"armed": false, "event": "idle_disarmed", "preset": "car_single", "single_auto": true, "ts": 1782985970.858}
{"armed": false, "event": "idle_disarmed", "preset": "car_single", "single_auto": true, "ts": 1782985970.858}
{"armed": false, "event": "idle_disarmed", "preset": "car_single", "single_auto": true, "ts": 1782985971.86}
{"armed": false, "event": "idle_disarmed", "preset": "car_single", "single_auto": true, "ts": 1782985971.86}
{"armed": false, "event": "idle_disarmed", "preset": "car_single", "single_auto": true, "ts": 1782985972.862}
{"armed": false, "event": "idle_disarmed", "preset": "car_single", "single_auto": true, "ts": 1782985972.862}
{"armed": false, "event": "idle_disarmed", "preset": "car_single", "single_auto": true, "ts": 1782985973.863}
{"armed": false, "event": "idle_disarmed", "preset": "car_single", "single_auto": true, "ts": 1782985973.863}
{"armed": false, "event": "idle_disarmed", "preset": "car_single", "single_auto": true, "ts": 1782985974.864}
{"armed": false, "event": "idle_disarmed", "preset": "car_single", "single_auto": true, "ts": 1782985974.864}
{"armed": false, "event": "idle_disarmed", "preset": "car_single", "single_auto": true, "ts": 1782985975.865}
{"armed": false, "event": "idle_disarmed", "preset": "car_single", "single_auto": true, "ts": 1782985975.865}
{"armed": false, "event": "idle_disarmed", "preset": "car_single", "single_auto": true, "ts": 1782985976.866}
{"armed": false, "event": "idle_disarmed", "preset": "car_single", "single_auto": true, "ts": 1782985976.866}
{"armed": false, "event": "idle_disarmed", "preset": "car_single", "single_auto": true, "ts": 1782985977.868}
{"armed": false, "event": "idle_disarmed", "preset": "car_single", "single_auto": true, "ts": 1782985977.868}
{"armed": false, "event": "idle_disarmed", "preset": "car_single", "single_auto": true, "ts": 1782985978.872}
{"armed": false, "event": "idle_disarmed", "preset": "car_single", "single_auto": true, "ts": 1782985978.872}
{"armed": false, "event": "idle_disarmed", "preset": "car_single", "single_auto": true, "ts": 1782985979.874}
{"armed": false, "event": "idle_disarmed", "preset": "car_single", "single_auto": true, "ts": 1782985979.874}
{"armed": false, "event": "idle_disarmed", "preset": "car_single", "single_auto": true, "ts": 1782985980.877}
{"armed": false, "event": "idle_disarmed", "preset": "car_single", "single_auto": true, "ts": 1782985980.877}
{"armed": false, "event": "idle_disarmed", "preset": "car_single", "single_auto": true, "ts": 1782985981.879}
{"armed": false, "event": "idle_disarmed", "preset": "car_single", "single_auto": true, "ts": 1782985981.879}
{"armed": false, "event": "idle_disarmed", "preset": "car_single", "single_auto": true, "ts": 1782985982.882}
{"armed": false, "event": "idle_disarmed", "preset": "car_single", "single_auto": true, "ts": 1782985982.882}
{"armed": false, "event": "idle_disarmed", "preset": "car_single", "single_auto": true, "ts": 1782985983.884}
{"armed": false, "event": "idle_disarmed", "preset": "car_single", "single_auto": true, "ts": 1782985983.884}
{"armed": false, "event": "idle_disarmed", "preset": "car_single", "single_auto": true, "ts": 1782985984.887}
{"armed": false, "event": "idle_disarmed", "preset": "car_single", "single_auto": true, "ts": 1782985984.887}
{"armed": false, "event": "idle_disarmed", "preset": "car_single", "single_auto": true, "ts": 1782985985.889}
{"armed": false, "event": "idle_disarmed", "preset": "car_single", "single_auto": true, "ts": 1782985985.889}
{"armed": false, "event": "idle_disarmed", "preset": "car_single", "single_auto": true, "ts": 1782985986.892}
{"armed": false, "event": "idle_disarmed", "preset": "car_single", "single_auto": true, "ts": 1782985986.892}
{"armed": false, "event": "idle_disarmed", "preset": "car_single", "single_auto": true, "ts": 1782985987.894}
{"armed": false, "event": "idle_disarmed", "preset": "car_single", "single_auto": true, "ts": 1782985987.894}
{"armed": false, "event": "idle_disarmed", "preset": "car_single", "single_auto": true, "ts": 1782985988.897}
{"armed": false, "event": "idle_disarmed", "preset": "car_single", "single_auto": true, "ts": 1782985988.897}
{"armed": false, "event": "idle_disarmed", "preset": "car_single", "single_auto": true, "ts": 1782985989.899}
{"armed": false, "event": "idle_disarmed", "preset": "car_single", "single_auto": true, "ts": 1782985989.899}
{"armed": false, "event": "idle_disarmed", "preset": "car_single", "single_auto": true, "ts": 1782985990.902}
{"armed": false, "event": "idle_disarmed", "preset": "car_single", "single_auto": true, "ts": 1782985990.902}
{"armed": false, "event": "idle_disarmed", "preset": "car_single", "single_auto": true, "ts": 1782985991.904}
{"armed": false, "event": "idle_disarmed", "preset": "car_single", "single_auto": true, "ts": 1782985991.904}
{"armed": false, "event": "idle_disarmed", "preset": "car_single", "single_auto": true, "ts": 1782985992.906}
{"armed": false, "event": "idle_disarmed", "preset": "car_single", "single_auto": true, "ts": 1782985992.906}
{"armed": false, "event": "idle_disarmed", "preset": "car_single", "single_auto": true, "ts": 1782985993.909}
{"armed": false, "event": "idle_disarmed", "preset": "car_single", "single_auto": true, "ts": 1782985993.909}
{"armed": false, "event": "idle_disarmed", "preset": "car_single", "single_auto": true, "ts": 1782985994.912}
{"armed": false, "event": "idle_disarmed", "preset": "car_single", "single_auto": true, "ts": 1782985994.912}
{"armed": false, "event": "idle_disarmed", "preset": "car_single", "single_auto": true, "ts": 1782985995.914}
{"armed": false, "event": "idle_disarmed", "preset": "car_single", "single_auto": true, "ts": 1782985995.914}
{"armed": false, "event": "idle_disarmed", "preset": "car_single", "single_auto": true, "ts": 1782985996.917}
{"armed": false, "event": "idle_disarmed", "preset": "car_single", "single_auto": true, "ts": 1782985996.917}
{"armed": false, "event": "idle_disarmed", "preset": "car_single", "single_auto": true, "ts": 1782985997.92}
{"armed": false, "event": "idle_disarmed", "preset": "car_single", "single_auto": true, "ts": 1782985997.92}
{"armed": false, "event": "idle_disarmed", "preset": "car_single", "single_auto": true, "ts": 1782985998.922}
{"armed": false, "event": "idle_disarmed", "preset": "car_single", "single_auto": true, "ts": 1782985998.922}
{"armed": false, "event": "idle_disarmed", "preset": "car_single", "single_auto": true, "ts": 1782985999.925}
{"armed": false, "event": "idle_disarmed", "preset": "car_single", "single_auto": true, "ts": 1782985999.925}
{"armed": false, "event": "idle_disarmed", "preset": "car_single", "single_auto": true, "ts": 1782986000.927}
{"armed": false, "event": "idle_disarmed", "preset": "car_single", "single_auto": true, "ts": 1782986000.927}
{"armed": false, "event": "idle_disarmed", "preset": "car_single", "single_auto": true, "ts": 1782986001.929}
{"armed": false, "event": "idle_disarmed", "preset": "car_single", "single_auto": true, "ts": 1782986001.929}
{"armed": false, "event": "idle_disarmed", "preset": "car_single", "single_auto": true, "ts": 1782986002.932}
{"armed": false, "event": "idle_disarmed", "preset": "car_single", "single_auto": true, "ts": 1782986002.932}
{"armed": false, "event": "idle_disarmed", "preset": "car_single", "single_auto": true, "ts": 1782986003.934}
{"armed": false, "event": "idle_disarmed", "preset": "car_single", "single_auto": true, "ts": 1782986003.934}
{"armed": false, "event": "idle_disarmed", "preset": "car_single", "single_auto": true, "ts": 1782986004.937}
{"armed": false, "event": "idle_disarmed", "preset": "car_single", "single_auto": true, "ts": 1782986004.937}
{"armed": false, "event": "idle_disarmed", "preset": "car_single", "single_auto": true, "ts": 1782986005.939}
{"armed": false, "event": "idle_disarmed", "preset": "car_single", "single_auto": true, "ts": 1782986005.939}
{"armed": false, "event": "idle_disarmed", "preset": "car_single", "single_auto": true, "ts": 1782986006.941}
{"armed": false, "event": "idle_disarmed", "preset": "car_single", "single_auto": true, "ts": 1782986006.941}
{"armed": false, "event": "idle_disarmed", "preset": "car_single", "single_auto": true, "ts": 1782986007.944}
{"armed": false, "event": "idle_disarmed", "preset": "car_single", "single_auto": true, "ts": 1782986007.944}
{"armed": false, "event": "idle_disarmed", "preset": "car_single", "single_auto": true, "ts": 1782986008.946}
{"armed": false, "event": "idle_disarmed", "preset": "car_single", "single_auto": true, "ts": 1782986008.946}
{"armed": false, "event": "idle_disarmed", "preset": "car_single", "single_auto": true, "ts": 1782986009.949}
{"armed": false, "event": "idle_disarmed", "preset": "car_single", "single_auto": true, "ts": 1782986009.949}
{"armed": false, "event": "idle_disarmed", "preset": "car_single", "single_auto": true, "ts": 1782986010.951}
{"armed": false, "event": "idle_disarmed", "preset": "car_single", "single_auto": true, "ts": 1782986010.951}
{"armed": false, "event": "idle_disarmed", "preset": "car_single", "single_auto": true, "ts": 1782986011.954}
{"armed": false, "event": "idle_disarmed", "preset": "car_single", "single_auto": true, "ts": 1782986011.954}
{"armed": false, "event": "idle_disarmed", "preset": "car_single", "single_auto": true, "ts": 1782986012.956}
{"armed": false, "event": "idle_disarmed", "preset": "car_single", "single_auto": true, "ts": 1782986012.956}
{"armed": false, "event": "idle_disarmed", "preset": "car_single", "single_auto": true, "ts": 1782986013.958}
{"armed": false, "event": "idle_disarmed", "preset": "car_single", "single_auto": true, "ts": 1782986013.958}
{"armed": false, "event": "idle_disarmed", "preset": "car_single", "single_auto": true, "ts": 1782986014.961}
{"armed": false, "event": "idle_disarmed", "preset": "car_single", "single_auto": true, "ts": 1782986014.961}
{"armed": false, "event": "idle_disarmed", "preset": "car_single", "single_auto": true, "ts": 1782986015.963}
{"armed": false, "event": "idle_disarmed", "preset": "car_single", "single_auto": true, "ts": 1782986015.963}
{"armed": false, "event": "idle_disarmed", "preset": "car_single", "single_auto": true, "ts": 1782986016.966}
{"armed": false, "event": "idle_disarmed", "preset": "car_single", "single_auto": true, "ts": 1782986016.966}
{"armed": false, "event": "idle_disarmed", "preset": "car_single", "single_auto": true, "ts": 1782986017.968}
{"armed": false, "event": "idle_disarmed", "preset": "car_single", "single_auto": true, "ts": 1782986017.968}
{"armed": false, "event": "idle_disarmed", "preset": "car_single", "single_auto": true, "ts": 1782986018.971}
{"armed": false, "event": "idle_disarmed", "preset": "car_single", "single_auto": true, "ts": 1782986018.971}
{"armed": false, "event": "idle_disarmed", "preset": "car_single", "single_auto": true, "ts": 1782986019.973}
{"armed": false, "event": "idle_disarmed", "preset": "car_single", "single_auto": true, "ts": 1782986019.973}
{"armed": false, "event": "idle_disarmed", "preset": "car_single", "single_auto": true, "ts": 1782986020.976}
{"armed": false, "event": "idle_disarmed", "preset": "car_single", "single_auto": true, "ts": 1782986020.976}
{"armed": false, "event": "idle_disarmed", "preset": "car_single", "single_auto": true, "ts": 1782986021.978}
{"armed": false, "event": "idle_disarmed", "preset": "car_single", "single_auto": true, "ts": 1782986021.978}
{"armed": false, "event": "idle_disarmed", "preset": "car_single", "single_auto": true, "ts": 1782986022.981}
{"armed": false, "event": "idle_disarmed", "preset": "car_single", "single_auto": true, "ts": 1782986022.981}
{"armed": false, "event": "idle_disarmed", "preset": "car_single", "single_auto": true, "ts": 1782986023.983}
{"armed": false, "event": "idle_disarmed", "preset": "car_single", "single_auto": true, "ts": 1782986023.983}
{"armed": false, "event": "idle_disarmed", "preset": "car_single", "single_auto": true, "ts": 1782986024.986}
{"armed": false, "event": "idle_disarmed", "preset": "car_single", "single_auto": true, "ts": 1782986024.986}
{"armed": false, "event": "idle_disarmed", "preset": "car_single", "single_auto": true, "ts": 1782986025.988}
{"armed": false, "event": "idle_disarmed", "preset": "car_single", "single_auto": true, "ts": 1782986025.988}
{"armed": false, "event": "idle_disarmed", "preset": "car_single", "single_auto": true, "ts": 1782986026.991}
{"armed": false, "event": "idle_disarmed", "preset": "car_single", "single_auto": true, "ts": 1782986026.991}
{"armed": false, "event": "idle_disarmed", "preset": "car_single", "single_auto": true, "ts": 1782986027.993}
{"armed": false, "event": "idle_disarmed", "preset": "car_single", "single_auto": true, "ts": 1782986027.993}
{"armed": false, "event": "idle_disarmed", "preset": "car_single", "single_auto": true, "ts": 1782986028.997}
{"armed": false, "event": "idle_disarmed", "preset": "car_single", "single_auto": true, "ts": 1782986028.997}
{"armed": false, "event": "idle_disarmed", "preset": "car_single", "single_auto": true, "ts": 1782986029.999}
{"armed": false, "event": "idle_disarmed", "preset": "car_single", "single_auto": true, "ts": 1782986029.999}
{"armed": false, "event": "idle_disarmed", "preset": "car_single", "single_auto": true, "ts": 1782986031.002}
{"armed": false, "event": "idle_disarmed", "preset": "car_single", "single_auto": true, "ts": 1782986031.002}
{"armed": false, "event": "idle_disarmed", "preset": "car_single", "single_auto": true, "ts": 1782986032.004}
{"armed": false, "event": "idle_disarmed", "preset": "car_single", "single_auto": true, "ts": 1782986032.004}
{"armed": false, "event": "idle_disarmed", "preset": "car_single", "single_auto": true, "ts": 1782986033.006}
{"armed": false, "event": "idle_disarmed", "preset": "car_single", "single_auto": true, "ts": 1782986033.006}
{"armed": false, "event": "idle_disarmed", "preset": "car_single", "single_auto": true, "ts": 1782986034.009}
{"armed": false, "event": "idle_disarmed", "preset": "car_single", "single_auto": true, "ts": 1782986034.009}
{"armed": false, "event": "idle_disarmed", "preset": "car_single", "single_auto": true, "ts": 1782986035.011}
{"armed": false, "event": "idle_disarmed", "preset": "car_single", "single_auto": true, "ts": 1782986035.011}
{"armed": false, "event": "idle_disarmed", "preset": "car_single", "single_auto": true, "ts": 1782986036.014}
{"armed": false, "event": "idle_disarmed", "preset": "car_single", "single_auto": true, "ts": 1782986036.014}
{"armed": false, "event": "idle_disarmed", "preset": "car_single", "single_auto": true, "ts": 1782986037.016}
{"armed": false, "event": "idle_disarmed", "preset": "car_single", "single_auto": true, "ts": 1782986037.016}
{"armed": false, "event": "idle_disarmed", "preset": "car_single", "single_auto": true, "ts": 1782986038.019}
{"armed": false, "event": "idle_disarmed", "preset": "car_single", "single_auto": true, "ts": 1782986038.019}
{"armed": false, "event": "idle_disarmed", "preset": "car_single", "single_auto": true, "ts": 1782986039.021}
{"armed": false, "event": "idle_disarmed", "preset": "car_single", "single_auto": true, "ts": 1782986039.021}
{"armed": false, "event": "idle_disarmed", "preset": "car_single", "single_auto": true, "ts": 1782986040.022}
{"armed": false, "event": "idle_disarmed", "preset": "car_single", "single_auto": true, "ts": 1782986040.022}
{"armed": false, "event": "idle_disarmed", "preset": "car_single", "single_auto": true, "ts": 1782986041.023}
{"armed": false, "event": "idle_disarmed", "preset": "car_single", "single_auto": true, "ts": 1782986041.023}
{"armed": false, "event": "idle_disarmed", "preset": "car_single", "single_auto": true, "ts": 1782986042.024}
{"armed": false, "event": "idle_disarmed", "preset": "car_single", "single_auto": true, "ts": 1782986042.024}
{"armed": false, "event": "idle_disarmed", "preset": "car_single", "single_auto": true, "ts": 1782986043.025}
{"armed": false, "event": "idle_disarmed", "preset": "car_single", "single_auto": true, "ts": 1782986043.025}
{"armed": false, "event": "idle_disarmed", "preset": "car_single", "single_auto": true, "ts": 1782986044.028}
{"armed": false, "event": "idle_disarmed", "preset": "car_single", "single_auto": true, "ts": 1782986044.028}
{"armed": false, "event": "idle_disarmed", "preset": "car_single", "single_auto": true, "ts": 1782986045.03}
{"armed": false, "event": "idle_disarmed", "preset": "car_single", "single_auto": true, "ts": 1782986045.03}
{"armed": false, "event": "idle_disarmed", "preset": "car_single", "single_auto": true, "ts": 1782986046.033}
{"armed": false, "event": "idle_disarmed", "preset": "car_single", "single_auto": true, "ts": 1782986046.033}
{"armed": false, "event": "idle_disarmed", "preset": "car_single", "single_auto": true, "ts": 1782986047.035}
{"armed": false, "event": "idle_disarmed", "preset": "car_single", "single_auto": true, "ts": 1782986047.035}
{"armed": false, "event": "idle_disarmed", "preset": "car_single", "single_auto": true, "ts": 1782986048.037}
{"armed": false, "event": "idle_disarmed", "preset": "car_single", "single_auto": true, "ts": 1782986048.037}
{"armed": false, "event": "idle_disarmed", "preset": "car_single", "single_auto": true, "ts": 1782986049.04}
{"armed": false, "event": "idle_disarmed", "preset": "car_single", "single_auto": true, "ts": 1782986049.04}
{"armed": false, "event": "idle_disarmed", "preset": "car_single", "single_auto": true, "ts": 1782986050.042}
{"armed": false, "event": "idle_disarmed", "preset": "car_single", "single_auto": true, "ts": 1782986050.042}
{"armed": false, "event": "idle_disarmed", "preset": "car_single", "single_auto": true, "ts": 1782986051.045}
{"armed": false, "event": "idle_disarmed", "preset": "car_single", "single_auto": true, "ts": 1782986051.045}
{"armed": false, "event": "idle_disarmed", "preset": "car_single", "single_auto": true, "ts": 1782986052.047}
{"armed": false, "event": "idle_disarmed", "preset": "car_single", "single_auto": true, "ts": 1782986052.047}
{"armed": false, "event": "idle_disarmed", "preset": "car_single", "single_auto": true, "ts": 1782986053.05}
{"armed": false, "event": "idle_disarmed", "preset": "car_single", "single_auto": true, "ts": 1782986053.05}
{"armed": false, "event": "idle_disarmed", "preset": "car_single", "single_auto": true, "ts": 1782986054.052}
{"armed": false, "event": "idle_disarmed", "preset": "car_single", "single_auto": true, "ts": 1782986054.052}
{"armed": false, "event": "idle_disarmed", "preset": "car_single", "single_auto": true, "ts": 1782986055.054}
{"armed": false, "event": "idle_disarmed", "preset": "car_single", "single_auto": true, "ts": 1782986055.054}
{"armed": false, "event": "idle_disarmed", "preset": "car_single", "single_auto": true, "ts": 1782986056.057}
{"armed": false, "event": "idle_disarmed", "preset": "car_single", "single_auto": true, "ts": 1782986056.057}
{"armed": false, "event": "idle_disarmed", "preset": "car_single", "single_auto": true, "ts": 1782986057.059}
{"armed": false, "event": "idle_disarmed", "preset": "car_single", "single_auto": true, "ts": 1782986057.059}
{"armed": false, "event": "idle_disarmed", "preset": "car_single", "single_auto": true, "ts": 1782986058.062}
{"armed": false, "event": "idle_disarmed", "preset": "car_single", "single_auto": true, "ts": 1782986058.062}
{"armed": false, "event": "idle_disarmed", "preset": "car_single", "single_auto": true, "ts": 1782986059.064}
{"armed": false, "event": "idle_disarmed", "preset": "car_single", "single_auto": true, "ts": 1782986059.064}
{"armed": false, "event": "idle_disarmed", "preset": "car_single", "single_auto": true, "ts": 1782986060.066}
{"armed": false, "event": "idle_disarmed", "preset": "car_single", "single_auto": true, "ts": 1782986060.066}
{"armed": false, "event": "idle_disarmed", "preset": "car_single", "single_auto": true, "ts": 1782986061.069}
{"armed": false, "event": "idle_disarmed", "preset": "car_single", "single_auto": true, "ts": 1782986061.069}
{"armed": false, "event": "idle_disarmed", "preset": "car_single", "single_auto": true, "ts": 1782986062.072}
{"armed": false, "event": "idle_disarmed", "preset": "car_single", "single_auto": true, "ts": 1782986062.072}
{"armed": false, "event": "idle_disarmed", "preset": "car_single", "single_auto": true, "ts": 1782986063.074}
{"armed": false, "event": "idle_disarmed", "preset": "car_single", "single_auto": true, "ts": 1782986063.074}
{"armed": false, "event": "idle_disarmed", "preset": "car_single", "single_auto": true, "ts": 1782986064.077}
{"armed": false, "event": "idle_disarmed", "preset": "car_single", "single_auto": true, "ts": 1782986064.077}
{"armed": false, "event": "idle_disarmed", "preset": "car_single", "single_auto": true, "ts": 1782986065.08}
{"armed": false, "event": "idle_disarmed", "preset": "car_single", "single_auto": true, "ts": 1782986065.08}
{"armed": false, "event": "idle_disarmed", "preset": "car_single", "single_auto": true, "ts": 1782986066.082}
{"armed": false, "event": "idle_disarmed", "preset": "car_single", "single_auto": true, "ts": 1782986066.082}
{"armed": false, "event": "idle_disarmed", "preset": "car_single", "single_auto": true, "ts": 1782986067.085}
{"armed": false, "event": "idle_disarmed", "preset": "car_single", "single_auto": true, "ts": 1782986067.085}
{"armed": false, "event": "idle_disarmed", "preset": "car_single", "single_auto": true, "ts": 1782986068.088}
{"armed": false, "event": "idle_disarmed", "preset": "car_single", "single_auto": true, "ts": 1782986068.088}
{"armed": false, "event": "idle_disarmed", "preset": "car_single", "single_auto": true, "ts": 1782986069.09}
{"armed": false, "event": "idle_disarmed", "preset": "car_single", "single_auto": true, "ts": 1782986069.09}
{"armed": false, "event": "idle_disarmed", "preset": "car_single", "single_auto": true, "ts": 1782986070.092}
{"armed": false, "event": "idle_disarmed", "preset": "car_single", "single_auto": true, "ts": 1782986070.092}
{"armed": false, "event": "idle_disarmed", "preset": "car_single", "single_auto": true, "ts": 1782986071.095}
{"armed": false, "event": "idle_disarmed", "preset": "car_single", "single_auto": true, "ts": 1782986071.095}
{"armed": false, "event": "idle_disarmed", "preset": "car_single", "single_auto": true, "ts": 1782986072.097}
{"armed": false, "event": "idle_disarmed", "preset": "car_single", "single_auto": true, "ts": 1782986072.097}
{"armed": false, "event": "idle_disarmed", "preset": "car_single", "single_auto": true, "ts": 1782986073.1}
{"armed": false, "event": "idle_disarmed", "preset": "car_single", "single_auto": true, "ts": 1782986073.1}
{"armed": false, "event": "idle_disarmed", "preset": "car_single", "single_auto": true, "ts": 1782986074.102}
{"armed": false, "event": "idle_disarmed", "preset": "car_single", "single_auto": true, "ts": 1782986074.102}
{"armed": false, "event": "idle_disarmed", "preset": "car_single", "single_auto": true, "ts": 1782986075.105}
{"armed": false, "event": "idle_disarmed", "preset": "car_single", "single_auto": true, "ts": 1782986075.105}
{"armed": false, "event": "idle_disarmed", "preset": "car_single", "single_auto": true, "ts": 1782986076.107}
{"armed": false, "event": "idle_disarmed", "preset": "car_single", "single_auto": true, "ts": 1782986076.107}
{"armed": false, "event": "idle_disarmed", "preset": "car_single", "single_auto": true, "ts": 1782986077.11}
{"armed": false, "event": "idle_disarmed", "preset": "car_single", "single_auto": true, "ts": 1782986077.11}
{"armed": false, "event": "idle_disarmed", "preset": "car_single", "single_auto": true, "ts": 1782986078.112}
{"armed": false, "event": "idle_disarmed", "preset": "car_single", "single_auto": true, "ts": 1782986078.112}
{"armed": false, "event": "idle_disarmed", "preset": "car_single", "single_auto": true, "ts": 1782986079.114}
{"armed": false, "event": "idle_disarmed", "preset": "car_single", "single_auto": true, "ts": 1782986079.114}
{"armed": false, "event": "idle_disarmed", "preset": "car_single", "single_auto": true, "ts": 1782986080.117}
{"armed": false, "event": "idle_disarmed", "preset": "car_single", "single_auto": true, "ts": 1782986080.117}
{"armed": false, "event": "idle_disarmed", "preset": "car_single", "single_auto": true, "ts": 1782986081.119}
{"armed": false, "event": "idle_disarmed", "preset": "car_single", "single_auto": true, "ts": 1782986081.119}
{"armed": false, "event": "idle_disarmed", "preset": "car_single", "single_auto": true, "ts": 1782986082.122}
{"armed": false, "event": "idle_disarmed", "preset": "car_single", "single_auto": true, "ts": 1782986082.122}
{"armed": false, "event": "idle_disarmed", "preset": "car_single", "single_auto": true, "ts": 1782986083.124}
{"armed": false, "event": "idle_disarmed", "preset": "car_single", "single_auto": true, "ts": 1782986083.124}
{"armed": false, "event": "idle_disarmed", "preset": "car_single", "single_auto": true, "ts": 1782986084.127}
{"armed": false, "event": "idle_disarmed", "preset": "car_single", "single_auto": true, "ts": 1782986084.127}
{"armed": false, "event": "idle_disarmed", "preset": "car_single", "single_auto": true, "ts": 1782986085.129}
{"armed": false, "event": "idle_disarmed", "preset": "car_single", "single_auto": true, "ts": 1782986085.129}
{"armed": false, "event": "idle_disarmed", "preset": "car_single", "single_auto": true, "ts": 1782986086.131}
{"armed": false, "event": "idle_disarmed", "preset": "car_single", "single_auto": true, "ts": 1782986086.131}
{"armed": false, "event": "idle_disarmed", "preset": "car_single", "single_auto": true, "ts": 1782986087.134}
{"armed": false, "event": "idle_disarmed", "preset": "car_single", "single_auto": true, "ts": 1782986087.134}
{"armed": false, "event": "idle_disarmed", "preset": "car_single", "single_auto": true, "ts": 1782986088.136}
{"armed": false, "event": "idle_disarmed", "preset": "car_single", "single_auto": true, "ts": 1782986088.136}
{"armed": false, "event": "idle_disarmed", "preset": "car_single", "single_auto": true, "ts": 1782986089.139}
{"armed": false, "event": "idle_disarmed", "preset": "car_single", "single_auto": true, "ts": 1782986089.139}
{"armed": false, "event": "idle_disarmed", "preset": "car_single", "single_auto": true, "ts": 1782986090.142}
{"armed": false, "event": "idle_disarmed", "preset": "car_single", "single_auto": true, "ts": 1782986090.142}
{"armed": false, "event": "idle_disarmed", "preset": "car_single", "single_auto": true, "ts": 1782986091.144}
{"armed": false, "event": "idle_disarmed", "preset": "car_single", "single_auto": true, "ts": 1782986091.144}
{"armed": false, "event": "idle_disarmed", "preset": "car_single", "single_auto": true, "ts": 1782986092.146}
{"armed": false, "event": "idle_disarmed", "preset": "car_single", "single_auto": true, "ts": 1782986092.146}
{"armed": false, "event": "idle_disarmed", "preset": "car_single", "single_auto": true, "ts": 1782986093.149}
{"armed": false, "event": "idle_disarmed", "preset": "car_single", "single_auto": true, "ts": 1782986093.149}
{"armed": false, "event": "idle_disarmed", "preset": "car_single", "single_auto": true, "ts": 1782986094.151}
{"armed": false, "event": "idle_disarmed", "preset": "car_single", "single_auto": true, "ts": 1782986094.151}
{"armed": false, "event": "idle_disarmed", "preset": "car_single", "single_auto": true, "ts": 1782986095.154}
{"armed": false, "event": "idle_disarmed", "preset": "car_single", "single_auto": true, "ts": 1782986095.154}
{"armed": false, "event": "idle_disarmed", "preset": "car_single", "single_auto": true, "ts": 1782986096.156}
{"armed": false, "event": "idle_disarmed", "preset": "car_single", "single_auto": true, "ts": 1782986096.156}
{"armed": false, "event": "idle_disarmed", "preset": "car_single", "single_auto": true, "ts": 1782986097.159}
{"armed": false, "event": "idle_disarmed", "preset": "car_single", "single_auto": true, "ts": 1782986097.159}
{"armed": false, "event": "idle_disarmed", "preset": "car_single", "single_auto": true, "ts": 1782986098.161}
{"armed": false, "event": "idle_disarmed", "preset": "car_single", "single_auto": true, "ts": 1782986098.161}
{"armed": false, "event": "idle_disarmed", "preset": "car_single", "single_auto": true, "ts": 1782986099.163}
{"armed": false, "event": "idle_disarmed", "preset": "car_single", "single_auto": true, "ts": 1782986099.163}
{"armed": false, "event": "idle_disarmed", "preset": "car_single", "single_auto": true, "ts": 1782986100.166}
{"armed": false, "event": "idle_disarmed", "preset": "car_single", "single_auto": true, "ts": 1782986100.166}
{"armed": false, "event": "idle_disarmed", "preset": "car_single", "single_auto": true, "ts": 1782986101.168}
{"armed": false, "event": "idle_disarmed", "preset": "car_single", "single_auto": true, "ts": 1782986101.168}
{"armed": false, "event": "idle_disarmed", "preset": "car_single", "single_auto": true, "ts": 1782986102.17}
{"armed": false, "event": "idle_disarmed", "preset": "car_single", "single_auto": true, "ts": 1782986102.17}
{"armed": false, "event": "idle_disarmed", "preset": "car_single", "single_auto": true, "ts": 1782986103.173}
{"armed": false, "event": "idle_disarmed", "preset": "car_single", "single_auto": true, "ts": 1782986103.173}
{"armed": false, "event": "idle_disarmed", "preset": "car_single", "single_auto": true, "ts": 1782986104.175}
{"armed": false, "event": "idle_disarmed", "preset": "car_single", "single_auto": true, "ts": 1782986104.175}
{"armed": false, "event": "idle_disarmed", "preset": "car_single", "single_auto": true, "ts": 1782986105.178}
{"armed": false, "event": "idle_disarmed", "preset": "car_single", "single_auto": true, "ts": 1782986105.178}
{"armed": false, "event": "idle_disarmed", "preset": "car_single", "single_auto": true, "ts": 1782986106.18}
{"armed": false, "event": "idle_disarmed", "preset": "car_single", "single_auto": true, "ts": 1782986106.18}
{"armed": false, "event": "idle_disarmed", "preset": "car_single", "single_auto": true, "ts": 1782986107.183}
{"armed": false, "event": "idle_disarmed", "preset": "car_single", "single_auto": true, "ts": 1782986107.183}
{"armed": false, "event": "idle_disarmed", "preset": "car_single", "single_auto": true, "ts": 1782986108.185}
{"armed": false, "event": "idle_disarmed", "preset": "car_single", "single_auto": true, "ts": 1782986108.185}
{"armed": false, "event": "idle_disarmed", "preset": "car_single", "single_auto": true, "ts": 1782986109.187}
{"armed": false, "event": "idle_disarmed", "preset": "car_single", "single_auto": true, "ts": 1782986109.187}
{"armed": false, "event": "idle_disarmed", "preset": "car_single", "single_auto": true, "ts": 1782986110.19}
{"armed": false, "event": "idle_disarmed", "preset": "car_single", "single_auto": true, "ts": 1782986110.19}
{"armed": false, "event": "idle_disarmed", "preset": "car_single", "single_auto": true, "ts": 1782986111.192}
{"armed": false, "event": "idle_disarmed", "preset": "car_single", "single_auto": true, "ts": 1782986111.192}
{"armed": false, "event": "idle_disarmed", "preset": "car_single", "single_auto": true, "ts": 1782986112.195}
{"armed": false, "event": "idle_disarmed", "preset": "car_single", "single_auto": true, "ts": 1782986112.195}
{"armed": false, "event": "idle_disarmed", "preset": "car_single", "single_auto": true, "ts": 1782986113.198}
{"armed": false, "event": "idle_disarmed", "preset": "car_single", "single_auto": true, "ts": 1782986113.198}
{"armed": false, "event": "idle_disarmed", "preset": "car_single", "single_auto": true, "ts": 1782986114.2}
{"armed": false, "event": "idle_disarmed", "preset": "car_single", "single_auto": true, "ts": 1782986114.2}
{"armed": false, "event": "idle_disarmed", "preset": "car_single", "single_auto": true, "ts": 1782986115.202}
{"armed": false, "event": "idle_disarmed", "preset": "car_single", "single_auto": true, "ts": 1782986115.202}
{"armed": false, "event": "idle_disarmed", "preset": "car_single", "single_auto": true, "ts": 1782986116.205}
{"armed": false, "event": "idle_disarmed", "preset": "car_single", "single_auto": true, "ts": 1782986116.205}
{"armed": false, "event": "idle_disarmed", "preset": "car_single", "single_auto": true, "ts": 1782986117.207}
{"armed": false, "event": "idle_disarmed", "preset": "car_single", "single_auto": true, "ts": 1782986117.207}
{"armed": false, "event": "idle_disarmed", "preset": "car_single", "single_auto": true, "ts": 1782986118.209}
{"armed": false, "event": "idle_disarmed", "preset": "car_single", "single_auto": true, "ts": 1782986118.209}
{"armed": false, "event": "idle_disarmed", "preset": "car_single", "single_auto": true, "ts": 1782986119.212}
{"armed": false, "event": "idle_disarmed", "preset": "car_single", "single_auto": true, "ts": 1782986119.212}
{"armed": false, "event": "idle_disarmed", "preset": "car_single", "single_auto": true, "ts": 1782986120.214}
{"armed": false, "event": "idle_disarmed", "preset": "car_single", "single_auto": true, "ts": 1782986120.214}
{"armed": false, "event": "idle_disarmed", "preset": "car_single", "single_auto": true, "ts": 1782986121.217}
{"armed": false, "event": "idle_disarmed", "preset": "car_single", "single_auto": true, "ts": 1782986121.217}
{"armed": false, "event": "idle_disarmed", "preset": "car_single", "single_auto": true, "ts": 1782986122.219}
{"armed": false, "event": "idle_disarmed", "preset": "car_single", "single_auto": true, "ts": 1782986122.219}
{"armed": false, "event": "idle_disarmed", "preset": "car_single", "single_auto": true, "ts": 1782986123.221}
{"armed": false, "event": "idle_disarmed", "preset": "car_single", "single_auto": true, "ts": 1782986123.221}
{"armed": false, "event": "idle_disarmed", "preset": "car_single", "single_auto": true, "ts": 1782986124.224}
{"armed": false, "event": "idle_disarmed", "preset": "car_single", "single_auto": true, "ts": 1782986124.224}
{"armed": false, "event": "idle_disarmed", "preset": "car_single", "single_auto": true, "ts": 1782986125.226}
{"armed": false, "event": "idle_disarmed", "preset": "car_single", "single_auto": true, "ts": 1782986125.226}
{"armed": false, "event": "idle_disarmed", "preset": "car_single", "single_auto": true, "ts": 1782986126.229}
{"armed": false, "event": "idle_disarmed", "preset": "car_single", "single_auto": true, "ts": 1782986126.229}
{"armed": false, "event": "idle_disarmed", "preset": "car_single", "single_auto": true, "ts": 1782986127.231}
{"armed": false, "event": "idle_disarmed", "preset": "car_single", "single_auto": true, "ts": 1782986127.231}
{"armed": false, "event": "idle_disarmed", "preset": "car_single", "single_auto": true, "ts": 1782986128.234}
{"armed": false, "event": "idle_disarmed", "preset": "car_single", "single_auto": true, "ts": 1782986128.234}
{"armed": false, "event": "idle_disarmed", "preset": "car_single", "single_auto": true, "ts": 1782986129.236}
{"armed": false, "event": "idle_disarmed", "preset": "car_single", "single_auto": true, "ts": 1782986129.236}
{"armed": false, "event": "idle_disarmed", "preset": "car_single", "single_auto": true, "ts": 1782986130.238}
{"armed": false, "event": "idle_disarmed", "preset": "car_single", "single_auto": true, "ts": 1782986130.238}
{"armed": false, "event": "idle_disarmed", "preset": "car_single", "single_auto": true, "ts": 1782986131.241}
{"armed": false, "event": "idle_disarmed", "preset": "car_single", "single_auto": true, "ts": 1782986131.241}
{"armed": false, "event": "idle_disarmed", "preset": "car_single", "single_auto": true, "ts": 1782986132.243}
{"armed": false, "event": "idle_disarmed", "preset": "car_single", "single_auto": true, "ts": 1782986132.243}
{"armed": false, "event": "idle_disarmed", "preset": "car_single", "single_auto": true, "ts": 1782986133.246}
{"armed": false, "event": "idle_disarmed", "preset": "car_single", "single_auto": true, "ts": 1782986133.246}
{"armed": false, "event": "idle_disarmed", "preset": "car_single", "single_auto": true, "ts": 1782986134.249}
{"armed": false, "event": "idle_disarmed", "preset": "car_single", "single_auto": true, "ts": 1782986134.249}
{"armed": false, "event": "idle_disarmed", "preset": "car_single", "single_auto": true, "ts": 1782986135.252}
{"armed": false, "event": "idle_disarmed", "preset": "car_single", "single_auto": true, "ts": 1782986135.252}
{"armed": false, "event": "idle_disarmed", "preset": "car_single", "single_auto": true, "ts": 1782986136.254}
{"armed": false, "event": "idle_disarmed", "preset": "car_single", "single_auto": true, "ts": 1782986136.254}
{"armed": false, "event": "idle_disarmed", "preset": "car_single", "single_auto": true, "ts": 1782986137.257}
{"armed": false, "event": "idle_disarmed", "preset": "car_single", "single_auto": true, "ts": 1782986137.257}
{"armed": false, "event": "idle_disarmed", "preset": "car_single", "single_auto": true, "ts": 1782986138.259}
{"armed": false, "event": "idle_disarmed", "preset": "car_single", "single_auto": true, "ts": 1782986138.259}
{"armed": false, "event": "idle_disarmed", "preset": "car_single", "single_auto": true, "ts": 1782986139.261}
{"armed": false, "event": "idle_disarmed", "preset": "car_single", "single_auto": true, "ts": 1782986139.261}
{"armed": false, "event": "idle_disarmed", "preset": "car_single", "single_auto": true, "ts": 1782986140.264}
{"armed": false, "event": "idle_disarmed", "preset": "car_single", "single_auto": true, "ts": 1782986140.264}
{"armed": false, "event": "idle_disarmed", "preset": "car_single", "single_auto": true, "ts": 1782986141.266}
{"armed": false, "event": "idle_disarmed", "preset": "car_single", "single_auto": true, "ts": 1782986141.266}
{"armed": false, "event": "idle_disarmed", "preset": "car_single", "single_auto": true, "ts": 1782986142.269}
{"armed": false, "event": "idle_disarmed", "preset": "car_single", "single_auto": true, "ts": 1782986142.269}
{"armed": false, "event": "idle_disarmed", "preset": "car_single", "single_auto": true, "ts": 1782986143.271}
{"armed": false, "event": "idle_disarmed", "preset": "car_single", "single_auto": true, "ts": 1782986143.271}
{"armed": false, "event": "idle_disarmed", "preset": "car_single", "single_auto": true, "ts": 1782986144.273}
{"armed": false, "event": "idle_disarmed", "preset": "car_single", "single_auto": true, "ts": 1782986144.273}
{"armed": false, "event": "idle_disarmed", "preset": "car_single", "single_auto": true, "ts": 1782986145.276}
{"armed": false, "event": "idle_disarmed", "preset": "car_single", "single_auto": true, "ts": 1782986145.276}
{"armed": false, "event": "idle_disarmed", "preset": "car_single", "single_auto": true, "ts": 1782986146.278}
{"armed": false, "event": "idle_disarmed", "preset": "car_single", "single_auto": true, "ts": 1782986146.278}
{"armed": false, "event": "idle_disarmed", "preset": "car_single", "single_auto": true, "ts": 1782986147.281}
{"armed": false, "event": "idle_disarmed", "preset": "car_single", "single_auto": true, "ts": 1782986147.281}
{"armed": false, "event": "idle_disarmed", "preset": "car_single", "single_auto": true, "ts": 1782986148.283}
{"armed": false, "event": "idle_disarmed", "preset": "car_single", "single_auto": true, "ts": 1782986148.283}
{"armed": false, "event": "idle_disarmed", "preset": "car_single", "single_auto": true, "ts": 1782986149.286}
{"armed": false, "event": "idle_disarmed", "preset": "car_single", "single_auto": true, "ts": 1782986149.286}
{"armed": false, "event": "idle_disarmed", "preset": "car_single", "single_auto": true, "ts": 1782986150.288}
{"armed": false, "event": "idle_disarmed", "preset": "car_single", "single_auto": true, "ts": 1782986150.288}
{"armed": false, "event": "idle_disarmed", "preset": "car_single", "single_auto": true, "ts": 1782986151.29}
{"armed": false, "event": "idle_disarmed", "preset": "car_single", "single_auto": true, "ts": 1782986151.29}
{"armed": false, "event": "idle_disarmed", "preset": "car_single", "single_auto": true, "ts": 1782986152.293}
{"armed": false, "event": "idle_disarmed", "preset": "car_single", "single_auto": true, "ts": 1782986152.293}
{"armed": false, "event": "idle_disarmed", "preset": "car_single", "single_auto": true, "ts": 1782986153.295}
{"armed": false, "event": "idle_disarmed", "preset": "car_single", "single_auto": true, "ts": 1782986153.295}
{"armed": false, "event": "idle_disarmed", "preset": "car_single", "single_auto": true, "ts": 1782986154.297}
{"armed": false, "event": "idle_disarmed", "preset": "car_single", "single_auto": true, "ts": 1782986154.297}
{"armed": false, "event": "idle_disarmed", "preset": "car_single", "single_auto": true, "ts": 1782986155.3}
{"armed": false, "event": "idle_disarmed", "preset": "car_single", "single_auto": true, "ts": 1782986155.3}
{"armed": false, "event": "idle_disarmed", "preset": "car_single", "single_auto": true, "ts": 1782986156.302}
{"armed": false, "event": "idle_disarmed", "preset": "car_single", "single_auto": true, "ts": 1782986156.302}
{"armed": false, "event": "idle_disarmed", "preset": "car_single", "single_auto": true, "ts": 1782986157.305}
{"armed": false, "event": "idle_disarmed", "preset": "car_single", "single_auto": true, "ts": 1782986157.305}
{"armed": false, "event": "idle_disarmed", "preset": "car_single", "single_auto": true, "ts": 1782986158.307}
{"armed": false, "event": "idle_disarmed", "preset": "car_single", "single_auto": true, "ts": 1782986158.307}
{"armed": false, "event": "idle_disarmed", "preset": "car_single", "single_auto": true, "ts": 1782986159.31}
{"armed": false, "event": "idle_disarmed", "preset": "car_single", "single_auto": true, "ts": 1782986159.31}
{"armed": false, "event": "idle_disarmed", "preset": "car_single", "single_auto": true, "ts": 1782986160.312}
{"armed": false, "event": "idle_disarmed", "preset": "car_single", "single_auto": true, "ts": 1782986160.312}
{"armed": false, "event": "idle_disarmed", "preset": "car_single", "single_auto": true, "ts": 1782986161.315}
{"armed": false, "event": "idle_disarmed", "preset": "car_single", "single_auto": true, "ts": 1782986161.315}
{"armed": false, "event": "idle_disarmed", "preset": "car_single", "single_auto": true, "ts": 1782986162.317}
{"armed": false, "event": "idle_disarmed", "preset": "car_single", "single_auto": true, "ts": 1782986162.317}
{"armed": false, "event": "idle_disarmed", "preset": "car_single", "single_auto": true, "ts": 1782986163.32}
{"armed": false, "event": "idle_disarmed", "preset": "car_single", "single_auto": true, "ts": 1782986163.32}
{"armed": false, "event": "idle_disarmed", "preset": "car_single", "single_auto": true, "ts": 1782986164.322}
{"armed": false, "event": "idle_disarmed", "preset": "car_single", "single_auto": true, "ts": 1782986164.322}
{"armed": false, "event": "idle_disarmed", "preset": "car_single", "single_auto": true, "ts": 1782986165.325}
{"armed": false, "event": "idle_disarmed", "preset": "car_single", "single_auto": true, "ts": 1782986165.325}
{"armed": false, "event": "idle_disarmed", "preset": "car_single", "single_auto": true, "ts": 1782986166.327}
{"armed": false, "event": "idle_disarmed", "preset": "car_single", "single_auto": true, "ts": 1782986166.327}
{"armed": false, "event": "idle_disarmed", "preset": "car_single", "single_auto": true, "ts": 1782986167.33}
{"armed": false, "event": "idle_disarmed", "preset": "car_single", "single_auto": true, "ts": 1782986167.33}
{"armed": false, "event": "idle_disarmed", "preset": "car_single", "single_auto": true, "ts": 1782986168.332}
{"armed": false, "event": "idle_disarmed", "preset": "car_single", "single_auto": true, "ts": 1782986168.332}
{"armed": false, "event": "idle_disarmed", "preset": "car_single", "single_auto": true, "ts": 1782986169.335}
{"armed": false, "event": "idle_disarmed", "preset": "car_single", "single_auto": true, "ts": 1782986169.335}
{"armed": false, "event": "idle_disarmed", "preset": "car_single", "single_auto": true, "ts": 1782986170.337}
{"armed": false, "event": "idle_disarmed", "preset": "car_single", "single_auto": true, "ts": 1782986170.337}
{"armed": false, "event": "idle_disarmed", "preset": "car_single", "single_auto": true, "ts": 1782986171.339}
{"armed": false, "event": "idle_disarmed", "preset": "car_single", "single_auto": true, "ts": 1782986171.339}
{"armed": false, "event": "idle_disarmed", "preset": "car_single", "single_auto": true, "ts": 1782986172.342}
{"armed": false, "event": "idle_disarmed", "preset": "car_single", "single_auto": true, "ts": 1782986172.342}
{"armed": false, "event": "idle_disarmed", "preset": "car_single", "single_auto": true, "ts": 1782986173.344}
{"armed": false, "event": "idle_disarmed", "preset": "car_single", "single_auto": true, "ts": 1782986173.344}
{"armed": false, "event": "idle_disarmed", "preset": "car_single", "single_auto": true, "ts": 1782986174.347}
{"armed": false, "event": "idle_disarmed", "preset": "car_single", "single_auto": true, "ts": 1782986174.347}
{"armed": false, "event": "idle_disarmed", "preset": "car_single", "single_auto": true, "ts": 1782986175.349}
{"armed": false, "event": "idle_disarmed", "preset": "car_single", "single_auto": true, "ts": 1782986175.349}
{"armed": false, "event": "idle_disarmed", "preset": "car_single", "single_auto": true, "ts": 1782986176.352}
{"armed": false, "event": "idle_disarmed", "preset": "car_single", "single_auto": true, "ts": 1782986176.352}
{"armed": false, "event": "idle_disarmed", "preset": "car_single", "single_auto": true, "ts": 1782986177.354}
{"armed": false, "event": "idle_disarmed", "preset": "car_single", "single_auto": true, "ts": 1782986177.354}
{"armed": false, "event": "idle_disarmed", "preset": "car_single", "single_auto": true, "ts": 1782986178.356}
{"armed": false, "event": "idle_disarmed", "preset": "car_single", "single_auto": true, "ts": 1782986178.356}
{"armed": false, "event": "idle_disarmed", "preset": "car_single", "single_auto": true, "ts": 1782986179.359}
{"armed": false, "event": "idle_disarmed", "preset": "car_single", "single_auto": true, "ts": 1782986179.359}
{"armed": false, "event": "idle_disarmed", "preset": "car_single", "single_auto": true, "ts": 1782986180.361}
{"armed": false, "event": "idle_disarmed", "preset": "car_single", "single_auto": true, "ts": 1782986180.361}
{"armed": false, "event": "idle_disarmed", "preset": "car_single", "single_auto": true, "ts": 1782986181.363}
{"armed": false, "event": "idle_disarmed", "preset": "car_single", "single_auto": true, "ts": 1782986181.363}
{"armed": false, "event": "idle_disarmed", "preset": "car_single", "single_auto": true, "ts": 1782986182.366}
{"armed": false, "event": "idle_disarmed", "preset": "car_single", "single_auto": true, "ts": 1782986182.366}
{"armed": false, "event": "idle_disarmed", "preset": "car_single", "single_auto": true, "ts": 1782986183.369}
{"armed": false, "event": "idle_disarmed", "preset": "car_single", "single_auto": true, "ts": 1782986183.369}
{"armed": false, "event": "idle_disarmed", "preset": "car_single", "single_auto": true, "ts": 1782986184.371}
{"armed": false, "event": "idle_disarmed", "preset": "car_single", "single_auto": true, "ts": 1782986184.371}
{"armed": false, "event": "idle_disarmed", "preset": "car_single", "single_auto": true, "ts": 1782986185.373}
{"armed": false, "event": "idle_disarmed", "preset": "car_single", "single_auto": true, "ts": 1782986185.373}
{"armed": false, "event": "idle_disarmed", "preset": "car_single", "single_auto": true, "ts": 1782986186.374}
{"armed": false, "event": "idle_disarmed", "preset": "car_single", "single_auto": true, "ts": 1782986186.374}
{"armed": false, "event": "idle_disarmed", "preset": "car_single", "single_auto": true, "ts": 1782986187.377}
{"armed": false, "event": "idle_disarmed", "preset": "car_single", "single_auto": true, "ts": 1782986187.377}
{"armed": false, "event": "idle_disarmed", "preset": "car_single", "single_auto": true, "ts": 1782986188.379}
{"armed": false, "event": "idle_disarmed", "preset": "car_single", "single_auto": true, "ts": 1782986188.379}
{"armed": false, "event": "idle_disarmed", "preset": "car_single", "single_auto": true, "ts": 1782986189.381}
{"armed": false, "event": "idle_disarmed", "preset": "car_single", "single_auto": true, "ts": 1782986189.381}
{"armed": false, "event": "idle_disarmed", "preset": "car_single", "single_auto": true, "ts": 1782986190.383}
{"armed": false, "event": "idle_disarmed", "preset": "car_single", "single_auto": true, "ts": 1782986190.383}
{"armed": false, "event": "idle_disarmed", "preset": "car_single", "single_auto": true, "ts": 1782986191.385}
{"armed": false, "event": "idle_disarmed", "preset": "car_single", "single_auto": true, "ts": 1782986191.385}
{"armed": false, "event": "idle_disarmed", "preset": "car_single", "single_auto": true, "ts": 1782986192.387}
{"armed": false, "event": "idle_disarmed", "preset": "car_single", "single_auto": true, "ts": 1782986192.387}
{"armed": false, "event": "idle_disarmed", "preset": "car_single", "single_auto": true, "ts": 1782986193.39}
{"armed": false, "event": "idle_disarmed", "preset": "car_single", "single_auto": true, "ts": 1782986193.39}
{"armed": false, "event": "idle_disarmed", "preset": "car_single", "single_auto": true, "ts": 1782986194.392}
{"armed": false, "event": "idle_disarmed", "preset": "car_single", "single_auto": true, "ts": 1782986194.392}
{"armed": false, "event": "idle_disarmed", "preset": "car_single", "single_auto": true, "ts": 1782986195.394}
{"armed": false, "event": "idle_disarmed", "preset": "car_single", "single_auto": true, "ts": 1782986195.394}
{"armed": false, "event": "idle_disarmed", "preset": "car_single", "single_auto": true, "ts": 1782986196.397}
{"armed": false, "event": "idle_disarmed", "preset": "car_single", "single_auto": true, "ts": 1782986196.397}
{"armed": false, "event": "idle_disarmed", "preset": "car_single", "single_auto": true, "ts": 1782986197.401}
{"armed": false, "event": "idle_disarmed", "preset": "car_single", "single_auto": true, "ts": 1782986197.401}
{"armed": false, "event": "idle_disarmed", "preset": "car_single", "single_auto": true, "ts": 1782986198.403}
{"armed": false, "event": "idle_disarmed", "preset": "car_single", "single_auto": true, "ts": 1782986198.403}
{"armed": false, "event": "idle_disarmed", "preset": "car_single", "single_auto": true, "ts": 1782986199.405}
{"armed": false, "event": "idle_disarmed", "preset": "car_single", "single_auto": true, "ts": 1782986199.405}
{"armed": false, "event": "idle_disarmed", "preset": "car_single", "single_auto": true, "ts": 1782986200.408}
{"armed": false, "event": "idle_disarmed", "preset": "car_single", "single_auto": true, "ts": 1782986200.408}
{"armed": false, "event": "idle_disarmed", "preset": "car_single", "single_auto": true, "ts": 1782986201.41}
{"armed": false, "event": "idle_disarmed", "preset": "car_single", "single_auto": true, "ts": 1782986201.41}
{"armed": false, "event": "idle_disarmed", "preset": "car_single", "single_auto": true, "ts": 1782986202.412}
{"armed": false, "event": "idle_disarmed", "preset": "car_single", "single_auto": true, "ts": 1782986202.412}
{"armed": false, "event": "idle_disarmed", "preset": "car_single", "single_auto": true, "ts": 1782986203.415}
{"armed": false, "event": "idle_disarmed", "preset": "car_single", "single_auto": true, "ts": 1782986203.415}
{"armed": false, "event": "idle_disarmed", "preset": "car_single", "single_auto": true, "ts": 1782986204.417}
{"armed": false, "event": "idle_disarmed", "preset": "car_single", "single_auto": true, "ts": 1782986204.417}
{"armed": false, "event": "idle_disarmed", "preset": "car_single", "single_auto": true, "ts": 1782986205.42}
{"armed": false, "event": "idle_disarmed", "preset": "car_single", "single_auto": true, "ts": 1782986205.42}
{"armed": false, "event": "idle_disarmed", "preset": "car_single", "single_auto": true, "ts": 1782986206.422}
{"armed": false, "event": "idle_disarmed", "preset": "car_single", "single_auto": true, "ts": 1782986206.422}
{"armed": false, "event": "idle_disarmed", "preset": "car_single", "single_auto": true, "ts": 1782986207.425}
{"armed": false, "event": "idle_disarmed", "preset": "car_single", "single_auto": true, "ts": 1782986207.425}
{"armed": false, "event": "idle_disarmed", "preset": "car_single", "single_auto": true, "ts": 1782986208.427}
{"armed": false, "event": "idle_disarmed", "preset": "car_single", "single_auto": true, "ts": 1782986208.427}
{"armed": false, "event": "idle_disarmed", "preset": "car_single", "single_auto": true, "ts": 1782986209.43}
{"armed": false, "event": "idle_disarmed", "preset": "car_single", "single_auto": true, "ts": 1782986209.43}
{"armed": false, "event": "idle_disarmed", "preset": "car_single", "single_auto": true, "ts": 1782986210.432}
{"armed": false, "event": "idle_disarmed", "preset": "car_single", "single_auto": true, "ts": 1782986210.432}
{"armed": false, "event": "idle_disarmed", "preset": "car_single", "single_auto": true, "ts": 1782986211.434}
{"armed": false, "event": "idle_disarmed", "preset": "car_single", "single_auto": true, "ts": 1782986211.434}
{"armed": false, "event": "idle_disarmed", "preset": "car_single", "single_auto": true, "ts": 1782986212.437}
{"armed": false, "event": "idle_disarmed", "preset": "car_single", "single_auto": true, "ts": 1782986212.437}
{"armed": false, "event": "idle_disarmed", "preset": "car_single", "single_auto": true, "ts": 1782986213.44}
{"armed": false, "event": "idle_disarmed", "preset": "car_single", "single_auto": true, "ts": 1782986213.44}
{"armed": false, "event": "idle_disarmed", "preset": "car_single", "single_auto": true, "ts": 1782986214.441}
{"armed": false, "event": "idle_disarmed", "preset": "car_single", "single_auto": true, "ts": 1782986214.441}
{"armed": false, "event": "idle_disarmed", "preset": "car_single", "single_auto": true, "ts": 1782986215.442}
{"armed": false, "event": "idle_disarmed", "preset": "car_single", "single_auto": true, "ts": 1782986215.442}
{"armed": false, "event": "idle_disarmed", "preset": "car_single", "single_auto": true, "ts": 1782986216.443}
{"armed": false, "event": "idle_disarmed", "preset": "car_single", "single_auto": true, "ts": 1782986216.443}
{"armed": false, "event": "idle_disarmed", "preset": "car_single", "single_auto": true, "ts": 1782986217.445}
{"armed": false, "event": "idle_disarmed", "preset": "car_single", "single_auto": true, "ts": 1782986217.445}
{"armed": false, "event": "idle_disarmed", "preset": "car_single", "single_auto": true, "ts": 1782986218.449}
{"armed": false, "event": "idle_disarmed", "preset": "car_single", "single_auto": true, "ts": 1782986218.449}
{"armed": false, "event": "idle_disarmed", "preset": "car_single", "single_auto": true, "ts": 1782986219.45}
{"armed": false, "event": "idle_disarmed", "preset": "car_single", "single_auto": true, "ts": 1782986219.45}
{"armed": false, "event": "idle_disarmed", "preset": "car_single", "single_auto": true, "ts": 1782986220.451}
{"armed": false, "event": "idle_disarmed", "preset": "car_single", "single_auto": true, "ts": 1782986220.451}
{"armed": false, "event": "idle_disarmed", "preset": "car_single", "single_auto": true, "ts": 1782986221.452}
{"armed": false, "event": "idle_disarmed", "preset": "car_single", "single_auto": true, "ts": 1782986221.452}
{"armed": false, "event": "idle_disarmed", "preset": "car_single", "single_auto": true, "ts": 1782986222.453}
{"armed": false, "event": "idle_disarmed", "preset": "car_single", "single_auto": true, "ts": 1782986222.453}
{"armed": false, "event": "idle_disarmed", "preset": "car_single", "single_auto": true, "ts": 1782986223.454}
{"armed": false, "event": "idle_disarmed", "preset": "car_single", "single_auto": true, "ts": 1782986223.454}
{"armed": false, "event": "idle_disarmed", "preset": "car_single", "single_auto": true, "ts": 1782986224.455}
{"armed": false, "event": "idle_disarmed", "preset": "car_single", "single_auto": true, "ts": 1782986224.455}
{"armed": false, "event": "idle_disarmed", "preset": "car_single", "single_auto": true, "ts": 1782986225.456}
{"armed": false, "event": "idle_disarmed", "preset": "car_single", "single_auto": true, "ts": 1782986225.456}
{"armed": false, "event": "idle_disarmed", "preset": "car_single", "single_auto": true, "ts": 1782986226.457}
{"armed": false, "event": "idle_disarmed", "preset": "car_single", "single_auto": true, "ts": 1782986226.457}
{"armed": false, "event": "idle_disarmed", "preset": "car_single", "single_auto": true, "ts": 1782986227.458}
{"armed": false, "event": "idle_disarmed", "preset": "car_single", "single_auto": true, "ts": 1782986227.458}
{"armed": false, "event": "idle_disarmed", "preset": "car_single", "single_auto": true, "ts": 1782986228.459}
{"armed": false, "event": "idle_disarmed", "preset": "car_single", "single_auto": true, "ts": 1782986228.459}
{"armed": false, "event": "idle_disarmed", "preset": "car_single", "single_auto": true, "ts": 1782986229.46}
{"armed": false, "event": "idle_disarmed", "preset": "car_single", "single_auto": true, "ts": 1782986229.46}
{"armed": false, "event": "idle_disarmed", "preset": "car_single", "single_auto": true, "ts": 1782986230.461}
{"armed": false, "event": "idle_disarmed", "preset": "car_single", "single_auto": true, "ts": 1782986230.461}
{"armed": false, "event": "idle_disarmed", "preset": "car_single", "single_auto": true, "ts": 1782986231.462}
{"armed": false, "event": "idle_disarmed", "preset": "car_single", "single_auto": true, "ts": 1782986231.462}
{"armed": false, "event": "idle_disarmed", "preset": "car_single", "single_auto": true, "ts": 1782986232.463}
{"armed": false, "event": "idle_disarmed", "preset": "car_single", "single_auto": true, "ts": 1782986232.463}
{"armed": false, "event": "idle_disarmed", "preset": "car_single", "single_auto": true, "ts": 1782986233.465}
{"armed": false, "event": "idle_disarmed", "preset": "car_single", "single_auto": true, "ts": 1782986233.465}
{"armed": false, "event": "idle_disarmed", "preset": "car_single", "single_auto": true, "ts": 1782986234.466}
{"armed": false, "event": "idle_disarmed", "preset": "car_single", "single_auto": true, "ts": 1782986234.466}
{"armed": false, "event": "idle_disarmed", "preset": "car_single", "single_auto": true, "ts": 1782986235.468}
{"armed": false, "event": "idle_disarmed", "preset": "car_single", "single_auto": true, "ts": 1782986235.468}
{"armed": false, "event": "idle_disarmed", "preset": "car_single", "single_auto": true, "ts": 1782986236.469}
{"armed": false, "event": "idle_disarmed", "preset": "car_single", "single_auto": true, "ts": 1782986236.469}
{"armed": false, "event": "idle_disarmed", "preset": "car_single", "single_auto": true, "ts": 1782986237.47}
{"armed": false, "event": "idle_disarmed", "preset": "car_single", "single_auto": true, "ts": 1782986237.47}
{"armed": false, "event": "idle_disarmed", "preset": "car_single", "single_auto": true, "ts": 1782986238.47}
{"armed": false, "event": "idle_disarmed", "preset": "car_single", "single_auto": true, "ts": 1782986238.47}
{"armed": false, "event": "idle_disarmed", "preset": "car_single", "single_auto": true, "ts": 1782986239.472}
{"armed": false, "event": "idle_disarmed", "preset": "car_single", "single_auto": true, "ts": 1782986239.472}
{"armed": false, "event": "idle_disarmed", "preset": "car_single", "single_auto": true, "ts": 1782986240.473}
{"armed": false, "event": "idle_disarmed", "preset": "car_single", "single_auto": true, "ts": 1782986240.473}
{"armed": false, "event": "idle_disarmed", "preset": "car_single", "single_auto": true, "ts": 1782986241.474}
{"armed": false, "event": "idle_disarmed", "preset": "car_single", "single_auto": true, "ts": 1782986241.474}
{"armed": false, "event": "idle_disarmed", "preset": "car_single", "single_auto": true, "ts": 1782986242.476}
{"armed": false, "event": "idle_disarmed", "preset": "car_single", "single_auto": true, "ts": 1782986242.476}
{"armed": false, "event": "idle_disarmed", "preset": "car_single", "single_auto": true, "ts": 1782986243.479}
{"armed": false, "event": "idle_disarmed", "preset": "car_single", "single_auto": true, "ts": 1782986243.479}
{"armed": false, "event": "idle_disarmed", "preset": "car_single", "single_auto": true, "ts": 1782986244.482}
{"armed": false, "event": "idle_disarmed", "preset": "car_single", "single_auto": true, "ts": 1782986244.482}
{"armed": false, "event": "idle_disarmed", "preset": "car_single", "single_auto": true, "ts": 1782986245.484}
{"armed": false, "event": "idle_disarmed", "preset": "car_single", "single_auto": true, "ts": 1782986245.484}
{"armed": false, "event": "idle_disarmed", "preset": "car_single", "single_auto": true, "ts": 1782986246.486}
{"armed": false, "event": "idle_disarmed", "preset": "car_single", "single_auto": true, "ts": 1782986246.486}
{"armed": false, "event": "idle_disarmed", "preset": "car_single", "single_auto": true, "ts": 1782986247.489}
{"armed": false, "event": "idle_disarmed", "preset": "car_single", "single_auto": true, "ts": 1782986247.489}
{"armed": false, "event": "idle_disarmed", "preset": "car_single", "single_auto": true, "ts": 1782986248.491}
{"armed": false, "event": "idle_disarmed", "preset": "car_single", "single_auto": true, "ts": 1782986248.491}
{"armed": false, "event": "idle_disarmed", "preset": "car_single", "single_auto": true, "ts": 1782986249.494}
{"armed": false, "event": "idle_disarmed", "preset": "car_single", "single_auto": true, "ts": 1782986249.494}
{"armed": false, "event": "idle_disarmed", "preset": "car_single", "single_auto": true, "ts": 1782986250.496}
{"armed": false, "event": "idle_disarmed", "preset": "car_single", "single_auto": true, "ts": 1782986250.496}
{"armed": false, "event": "idle_disarmed", "preset": "car_single", "single_auto": true, "ts": 1782986251.499}
{"armed": false, "event": "idle_disarmed", "preset": "car_single", "single_auto": true, "ts": 1782986251.499}
{"armed": false, "event": "idle_disarmed", "preset": "car_single", "single_auto": true, "ts": 1782986252.501}
{"armed": false, "event": "idle_disarmed", "preset": "car_single", "single_auto": true, "ts": 1782986252.501}
{"armed": false, "event": "idle_disarmed", "preset": "car_single", "single_auto": true, "ts": 1782986253.504}
{"armed": false, "event": "idle_disarmed", "preset": "car_single", "single_auto": true, "ts": 1782986253.504}
{"armed": false, "event": "idle_disarmed", "preset": "car_single", "single_auto": true, "ts": 1782986254.506}
{"armed": false, "event": "idle_disarmed", "preset": "car_single", "single_auto": true, "ts": 1782986254.506}
{"armed": false, "event": "idle_disarmed", "preset": "car_single", "single_auto": true, "ts": 1782986255.509}
{"armed": false, "event": "idle_disarmed", "preset": "car_single", "single_auto": true, "ts": 1782986255.509}
{"armed": false, "event": "idle_disarmed", "preset": "car_single", "single_auto": true, "ts": 1782986256.511}
{"armed": false, "event": "idle_disarmed", "preset": "car_single", "single_auto": true, "ts": 1782986256.511}
{"armed": false, "event": "idle_disarmed", "preset": "car_single", "single_auto": true, "ts": 1782986257.514}
{"armed": false, "event": "idle_disarmed", "preset": "car_single", "single_auto": true, "ts": 1782986257.514}
{"armed": false, "event": "idle_disarmed", "preset": "car_single", "single_auto": true, "ts": 1782986258.517}
{"armed": false, "event": "idle_disarmed", "preset": "car_single", "single_auto": true, "ts": 1782986258.517}
{"armed": false, "event": "idle_disarmed", "preset": "car_single", "single_auto": true, "ts": 1782986259.519}
{"armed": false, "event": "idle_disarmed", "preset": "car_single", "single_auto": true, "ts": 1782986259.519}
{"armed": false, "event": "idle_disarmed", "preset": "car_single", "single_auto": true, "ts": 1782986260.522}
{"armed": false, "event": "idle_disarmed", "preset": "car_single", "single_auto": true, "ts": 1782986260.522}
{"armed": false, "event": "idle_disarmed", "preset": "car_single", "single_auto": true, "ts": 1782986261.525}
{"armed": false, "event": "idle_disarmed", "preset": "car_single", "single_auto": true, "ts": 1782986261.525}
{"armed": false, "event": "idle_disarmed", "preset": "car_single", "single_auto": true, "ts": 1782986262.527}
{"armed": false, "event": "idle_disarmed", "preset": "car_single", "single_auto": true, "ts": 1782986262.527}
{"armed": false, "event": "idle_disarmed", "preset": "car_single", "single_auto": true, "ts": 1782986263.53}
{"armed": false, "event": "idle_disarmed", "preset": "car_single", "single_auto": true, "ts": 1782986263.53}
{"armed": false, "event": "idle_disarmed", "preset": "car_single", "single_auto": true, "ts": 1782986264.533}
{"armed": false, "event": "idle_disarmed", "preset": "car_single", "single_auto": true, "ts": 1782986264.533}
{"armed": false, "event": "idle_disarmed", "preset": "car_single", "single_auto": true, "ts": 1782986265.535}
{"armed": false, "event": "idle_disarmed", "preset": "car_single", "single_auto": true, "ts": 1782986265.535}
{"cmd": ["/usr/bin/python3", "/root/rknpu2/examples/rknn_yolov8_demo_opencv_2_work_2/new_yolo8/apply_ptz_object_preset.py", "--preset", "car_single", "--arm", "force", "--strategy", "preset", "--watch"], "event": "child_start", "pid": 259809, "preset": "car_single", "search_preset": "lost_step_wait", "ts": 1782986266.539}
{"cmd": ["/usr/bin/python3", "/root/rknpu2/examples/rknn_yolov8_demo_opencv_2_work_2/new_yolo8/apply_ptz_object_preset.py", "--preset", "car_single", "--arm", "force", "--strategy", "preset", "--watch"], "event": "child_start", "pid": 259809, "preset": "car_single", "search_preset": "lost_step_wait", "ts": 1782986266.539}
{"event": "child_stop", "pid": 259809, "preset": "car_single::lost_step_wait", "reason": "ptzArmed_false", "ts": 1782986267.541}
{"event": "child_stop", "pid": 259809, "preset": "car_single::lost_step_wait", "reason": "ptzArmed_false", "ts": 1782986267.541}
