2026-04-13T14:49:58Z type=video_restored payload={"type":"video_restored","ts_ms":1776091798025,"details":{"lost_for_ms":46}}
2026-04-13T14:49:58Z type=video_lost payload={"type":"video_lost","ts_ms":1776091798037,"details":{"status":"RECONNECTING"}}
2026-04-13T14:49:58Z type=video_retry payload={"type":"video_retry","ts_ms":1776091798040,"details":{"attempt":1,"delay_ms":1000,"mode":"auto"}}
2026-04-13T14:49:58Z type=video_restored payload={"type":"video_restored","ts_ms":1776091798134,"details":{"lost_for_ms":15}}
2026-04-13T14:49:58Z type=video_restored payload={"type":"video_restored","ts_ms":1776091798136,"details":{"lost_for_ms":99}}
2026-04-13T14:49:58Z type=video_lost payload={"type":"video_lost","ts_ms":1776091798167,"details":{"status":"RECONNECTING"}}
2026-04-13T14:49:58Z type=video_retry payload={"type":"video_retry","ts_ms":1776091798173,"details":{"attempt":1,"delay_ms":1000,"mode":"auto"}}
2026-04-13T14:49:58Z type=video_restored payload={"type":"video_restored","ts_ms":1776091798236,"details":{"lost_for_ms":17}}
2026-04-13T14:49:58Z type=video_restored payload={"type":"video_restored","ts_ms":1776091798238,"details":{"lost_for_ms":71}}
2026-04-13T14:49:58Z type=video_lost payload={"type":"video_lost","ts_ms":1776091798245,"details":{"status":"RECONNECTING"}}
2026-04-13T14:49:58Z type=video_retry payload={"type":"video_retry","ts_ms":1776091798253,"details":{"attempt":1,"delay_ms":1000,"mode":"auto"}}
2026-04-13T14:49:58Z type=video_restored payload={"type":"video_restored","ts_ms":1776091798318,"details":{"lost_for_ms":26}}
2026-04-13T14:49:58Z type=video_restored payload={"type":"video_restored","ts_ms":1776091798320,"details":{"lost_for_ms":75}}
2026-04-13T14:49:58Z type=video_lost payload={"type":"video_lost","ts_ms":1776091798323,"details":{"status":"RECONNECTING"}}
2026-04-13T14:49:58Z type=video_retry payload={"type":"video_retry","ts_ms":1776091798327,"details":{"attempt":1,"delay_ms":1000,"mode":"auto"}}
2026-04-13T14:49:58Z type=video_restored payload={"type":"video_restored","ts_ms":1776091798428,"details":{"lost_for_ms":19}}
2026-04-13T14:49:58Z type=video_restored payload={"type":"video_restored","ts_ms":1776091798432,"details":{"lost_for_ms":109}}
2026-04-13T14:49:58Z type=video_lost payload={"type":"video_lost","ts_ms":1776091798437,"details":{"status":"RECONNECTING"}}
2026-04-13T14:49:58Z type=video_retry payload={"type":"video_retry","ts_ms":1776091798441,"details":{"attempt":1,"delay_ms":1000,"mode":"auto"}}
2026-04-13T14:49:58Z type=video_restored payload={"type":"video_restored","ts_ms":1776091798511,"details":{"lost_for_ms":18}}
2026-04-13T14:49:58Z type=video_restored payload={"type":"video_restored","ts_ms":1776091798513,"details":{"lost_for_ms":76}}
2026-04-13T14:49:58Z type=video_lost payload={"type":"video_lost","ts_ms":1776091798523,"details":{"status":"RECONNECTING"}}
2026-04-13T14:49:58Z type=video_retry payload={"type":"video_retry","ts_ms":1776091798527,"details":{"attempt":1,"delay_ms":1000,"mode":"auto"}}
2026-04-13T14:49:58Z type=video_restored payload={"type":"video_restored","ts_ms":1776091798638,"details":{"lost_for_ms":23}}
2026-04-13T14:49:58Z type=video_restored payload={"type":"video_restored","ts_ms":1776091798640,"details":{"lost_for_ms":117}}
2026-04-13T14:49:58Z type=video_lost payload={"type":"video_lost","ts_ms":1776091798659,"details":{"status":"RECONNECTING"}}
2026-04-13T14:49:58Z type=video_retry payload={"type":"video_retry","ts_ms":1776091798668,"details":{"attempt":1,"delay_ms":1000,"mode":"auto"}}
2026-04-13T14:49:58Z type=video_restored payload={"type":"video_restored","ts_ms":1776091798778,"details":{"lost_for_ms":42}}
2026-04-13T14:49:58Z type=video_restored payload={"type":"video_restored","ts_ms":1776091798780,"details":{"lost_for_ms":121}}
2026-04-13T14:49:58Z type=video_lost payload={"type":"video_lost","ts_ms":1776091798784,"details":{"status":"RECONNECTING"}}
2026-04-13T14:49:58Z type=video_retry payload={"type":"video_retry","ts_ms":1776091798788,"details":{"attempt":1,"delay_ms":1000,"mode":"auto"}}
2026-04-13T14:49:58Z type=video_restored payload={"type":"video_restored","ts_ms":1776091798909,"details":{"lost_for_ms":24}}
2026-04-13T14:49:58Z type=video_restored payload={"type":"video_restored","ts_ms":1776091798912,"details":{"lost_for_ms":128}}
2026-04-13T14:49:58Z type=video_lost payload={"type":"video_lost","ts_ms":1776091798927,"details":{"status":"RECONNECTING"}}
2026-04-13T14:49:58Z type=video_retry payload={"type":"video_retry","ts_ms":1776091798932,"details":{"attempt":1,"delay_ms":1000,"mode":"auto"}}
2026-04-13T14:49:59Z type=video_restored payload={"type":"video_restored","ts_ms":1776091799023,"details":{"lost_for_ms":96}}
2026-04-13T14:49:59Z type=video_retry payload={"type":"video_retry","ts_ms":1776091799028,"details":{"attempt":1,"delay_ms":1000,"mode":"auto"}}
2026-04-13T14:50:00Z type=video_retry payload={"type":"video_retry","ts_ms":1776091800034,"details":{"attempt":2,"delay_ms":2000,"mode":"auto"}}
2026-04-13T14:50:02Z type=video_retry payload={"type":"video_retry","ts_ms":1776091802049,"details":{"attempt":3,"delay_ms":5000,"mode":"auto"}}
2026-04-13T14:50:07Z type=video_retry payload={"type":"video_retry","ts_ms":1776091807053,"details":{"attempt":4,"delay_ms":10000,"mode":"auto"}}
2026-04-13T14:50:17Z type=video_retry payload={"type":"video_retry","ts_ms":1776091817055,"details":{"attempt":5,"delay_ms":10000,"mode":"auto"}}
2026-04-13T14:50:27Z type=video_retry payload={"type":"video_retry","ts_ms":1776091827058,"details":{"attempt":6,"delay_ms":10000,"mode":"auto"}}
2026-04-13T14:50:37Z type=video_retry payload={"type":"video_retry","ts_ms":1776091837067,"details":{"attempt":7,"delay_ms":10000,"mode":"auto"}}
2026-04-13T14:50:47Z type=video_retry payload={"type":"video_retry","ts_ms":1776091847070,"details":{"attempt":8,"delay_ms":10000,"mode":"auto"}}
2026-04-13T14:50:57Z type=video_retry payload={"type":"video_retry","ts_ms":1776091857073,"details":{"attempt":9,"delay_ms":10000,"mode":"auto"}}
2026-04-13T14:51:07Z type=video_retry payload={"type":"video_retry","ts_ms":1776091867852,"details":{"attempt":10,"delay_ms":10000,"mode":"auto"}}
2026-04-13T14:51:17Z type=video_retry payload={"type":"video_retry","ts_ms":1776091877872,"details":{"attempt":11,"delay_ms":10000,"mode":"auto"}}
2026-04-13T14:51:27Z type=video_retry payload={"type":"video_retry","ts_ms":1776091887882,"details":{"attempt":12,"delay_ms":10000,"mode":"auto"}}
2026-04-13T14:51:37Z type=video_retry payload={"type":"video_retry","ts_ms":1776091897907,"details":{"attempt":13,"delay_ms":10000,"mode":"auto"}}
2026-04-13T14:51:47Z type=video_retry payload={"type":"video_retry","ts_ms":1776091907936,"details":{"attempt":14,"delay_ms":10000,"mode":"auto"}}
2026-04-13T14:51:57Z type=video_retry payload={"type":"video_retry","ts_ms":1776091917968,"details":{"attempt":15,"delay_ms":10000,"mode":"auto"}}
2026-04-13T14:52:08Z type=video_retry payload={"type":"video_retry","ts_ms":1776091928003,"details":{"attempt":16,"delay_ms":10000,"mode":"auto"}}
2026-04-13T14:55:08Z type=video_retry payload={"type":"video_retry","ts_ms":1776092108522,"details":{"attempt":34,"delay_ms":10000,"mode":"auto"}}
2026-04-13T15:25:18Z type=video_restored payload={"type":"video_restored","ts_ms":1776093918194,"details":{"lost_for_ms":76}}
2026-04-13T15:25:18Z type=video_lost payload={"type":"video_lost","ts_ms":1776093918209,"details":{"status":"RECONNECTING"}}
2026-04-13T15:25:18Z type=video_retry payload={"type":"video_retry","ts_ms":1776093918214,"details":{"attempt":1,"delay_ms":1000,"mode":"auto"}}
2026-04-13T15:25:19Z type=video_retry payload={"type":"video_retry","ts_ms":1776093919221,"details":{"attempt":2,"delay_ms":2000,"mode":"auto"}}
2026-04-13T15:25:21Z type=video_retry payload={"type":"video_retry","ts_ms":1776093921231,"details":{"attempt":3,"delay_ms":5000,"mode":"auto"}}
2026-04-13T15:25:24Z type=video_restored payload={"type":"video_restored","ts_ms":1776093924405,"details":{"lost_for_ms":55}}
2026-04-13T15:25:24Z type=video_lost payload={"type":"video_lost","ts_ms":1776093924445,"details":{"status":"RECONNECTING"}}
2026-04-13T15:25:24Z type=video_retry payload={"type":"video_retry","ts_ms":1776093924451,"details":{"attempt":1,"delay_ms":1000,"mode":"auto"}}
2026-04-13T15:25:25Z type=video_retry payload={"type":"video_retry","ts_ms":1776093925459,"details":{"attempt":2,"delay_ms":2000,"mode":"auto"}}
2026-04-13T15:25:27Z type=video_retry payload={"type":"video_retry","ts_ms":1776093927475,"details":{"attempt":3,"delay_ms":5000,"mode":"auto"}}
2026-04-13T15:25:32Z type=video_retry payload={"type":"video_retry","ts_ms":1776093932492,"details":{"attempt":4,"delay_ms":10000,"mode":"auto"}}
2026-04-13T15:25:42Z type=video_retry payload={"type":"video_retry","ts_ms":1776093942512,"details":{"attempt":5,"delay_ms":10000,"mode":"auto"}}
2026-04-13T15:25:52Z type=video_retry payload={"type":"video_retry","ts_ms":1776093952519,"details":{"attempt":6,"delay_ms":10000,"mode":"auto"}}
2026-04-13T15:26:02Z type=video_retry payload={"type":"video_retry","ts_ms":1776093962527,"details":{"attempt":7,"delay_ms":10000,"mode":"auto"}}
2026-04-13T15:26:12Z type=video_retry payload={"type":"video_retry","ts_ms":1776093972532,"details":{"attempt":8,"delay_ms":10000,"mode":"auto"}}
2026-04-13T15:26:22Z type=video_retry payload={"type":"video_retry","ts_ms":1776093982538,"details":{"attempt":9,"delay_ms":10000,"mode":"auto"}}
2026-04-13T15:26:32Z type=video_retry payload={"type":"video_retry","ts_ms":1776093992541,"details":{"attempt":10,"delay_ms":10000,"mode":"auto"}}
2026-04-13T15:26:42Z type=video_retry payload={"type":"video_retry","ts_ms":1776094002589,"details":{"attempt":11,"delay_ms":10000,"mode":"auto"}}
2026-04-13T15:26:52Z type=video_retry payload={"type":"video_retry","ts_ms":1776094012603,"details":{"attempt":12,"delay_ms":10000,"mode":"auto"}}
2026-04-13T15:27:02Z type=video_retry payload={"type":"video_retry","ts_ms":1776094022611,"details":{"attempt":13,"delay_ms":10000,"mode":"auto"}}
2026-04-13T15:27:12Z type=video_retry payload={"type":"video_retry","ts_ms":1776094032614,"details":{"attempt":14,"delay_ms":10000,"mode":"auto"}}
2026-04-13T15:27:15Z type=video_retry payload={"type":"video_retry","ts_ms":1776094035452,"details":{"attempt":1,"delay_ms":1000,"mode":"auto"}}
2026-04-13T15:27:15Z type=video_restored payload={"type":"video_restored","ts_ms":1776094035460,"details":{"lost_for_ms":111015}}
2026-04-13T16:34:10Z type=video_lost payload={"type":"video_lost","ts_ms":1776098050490,"details":{"status":"RECONNECTING"}}
2026-04-13T16:34:10Z type=video_retry payload={"type":"video_retry","ts_ms":1776098050491,"details":{"attempt":1,"delay_ms":1000,"mode":"auto"}}
2026-04-13T16:34:10Z type=video_restored payload={"type":"video_restored","ts_ms":1776098050506,"details":{"lost_for_ms":16}}
2026-04-13T16:34:13Z type=video_lost payload={"type":"video_lost","ts_ms":1776098053950,"details":{"status":"RECONNECTING"}}
2026-04-13T16:34:13Z type=video_retry payload={"type":"video_retry","ts_ms":1776098053951,"details":{"attempt":1,"delay_ms":1000,"mode":"auto"}}
2026-04-13T16:34:13Z type=video_restored payload={"type":"video_restored","ts_ms":1776098053962,"details":{"lost_for_ms":12}}
2026-04-13T16:37:26Z type=video_lost payload={"type":"video_lost","ts_ms":1776098246990,"details":{"status":"RECONNECTING"}}
2026-04-13T16:37:27Z type=video_retry payload={"type":"video_retry","ts_ms":1776098246993,"details":{"attempt":1,"delay_ms":1000,"mode":"auto"}}
2026-04-13T16:37:27Z type=video_restored payload={"type":"video_restored","ts_ms":1776098247026,"details":{"lost_for_ms":36}}
2026-04-13T16:43:59Z type=video_restored payload={"type":"video_restored","ts_ms":1776098639523,"details":{"lost_for_ms":77}}
2026-04-13T16:43:59Z type=video_lost payload={"type":"video_lost","ts_ms":1776098639618,"details":{"status":"RECONNECTING"}}
2026-04-13T16:43:59Z type=video_retry payload={"type":"video_retry","ts_ms":1776098639619,"details":{"attempt":1,"delay_ms":1000,"mode":"auto"}}
2026-04-13T16:43:59Z type=video_restored payload={"type":"video_restored","ts_ms":1776098639641,"details":{"lost_for_ms":23}}
2026-04-13T16:44:04Z type=video_lost payload={"type":"video_lost","ts_ms":1776098644208,"details":{"status":"RECONNECTING"}}
2026-04-13T16:44:04Z type=video_retry payload={"type":"video_retry","ts_ms":1776098644210,"details":{"attempt":1,"delay_ms":1000,"mode":"auto"}}
2026-04-13T16:44:04Z type=video_restored payload={"type":"video_restored","ts_ms":1776098644220,"details":{"lost_for_ms":12}}
2026-04-13T16:44:06Z type=video_lost payload={"type":"video_lost","ts_ms":1776098646931,"details":{"status":"RECONNECTING"}}
2026-04-13T16:44:06Z type=video_retry payload={"type":"video_retry","ts_ms":1776098646933,"details":{"attempt":1,"delay_ms":1000,"mode":"auto"}}
2026-04-13T16:44:07Z type=video_retry payload={"type":"video_retry","ts_ms":1776098647936,"details":{"attempt":2,"delay_ms":2000,"mode":"auto"}}
2026-04-13T16:44:09Z type=video_retry payload={"type":"video_retry","ts_ms":1776098649940,"details":{"attempt":3,"delay_ms":5000,"mode":"auto"}}
2026-04-13T16:44:09Z type=video_restored payload={"type":"video_restored","ts_ms":1776098649953,"details":{"lost_for_ms":3022}}
2026-04-13T16:44:19Z type=video_lost payload={"type":"video_lost","ts_ms":1776098659365,"details":{"status":"RECONNECTING"}}
2026-04-13T16:44:19Z type=video_retry payload={"type":"video_retry","ts_ms":1776098659368,"details":{"attempt":1,"delay_ms":1000,"mode":"auto"}}
2026-04-13T16:44:19Z type=video_restored payload={"type":"video_restored","ts_ms":1776098659370,"details":{"lost_for_ms":5}}
2026-04-13T16:44:19Z type=video_lost payload={"type":"video_lost","ts_ms":1776098659371,"details":{"status":"RECONNECTING"}}
2026-04-13T16:44:19Z type=video_retry payload={"type":"video_retry","ts_ms":1776098659371,"details":{"attempt":1,"delay_ms":1000,"mode":"auto"}}
2026-04-13T16:44:20Z type=video_retry payload={"type":"video_retry","ts_ms":1776098660373,"details":{"attempt":2,"delay_ms":2000,"mode":"auto"}}
2026-04-13T16:44:22Z type=video_retry payload={"type":"video_retry","ts_ms":1776098662376,"details":{"attempt":3,"delay_ms":5000,"mode":"auto"}}
2026-04-13T16:44:27Z type=video_retry payload={"type":"video_retry","ts_ms":1776098667379,"details":{"attempt":4,"delay_ms":10000,"mode":"auto"}}
2026-04-13T16:44:31Z type=video_retry payload={"type":"video_retry","ts_ms":1776098671657,"details":{"attempt":1,"delay_ms":1000,"mode":"auto"}}
2026-04-13T16:44:31Z type=video_restored payload={"type":"video_restored","ts_ms":1776098671668,"details":{"lost_for_ms":12297}}
2026-04-13T16:44:38Z type=video_lost payload={"type":"video_lost","ts_ms":1776098678084,"details":{"status":"RECONNECTING"}}
2026-04-13T16:44:38Z type=video_retry payload={"type":"video_retry","ts_ms":1776098678088,"details":{"attempt":1,"delay_ms":1000,"mode":"auto"}}
2026-04-13T16:44:39Z type=video_retry payload={"type":"video_retry","ts_ms":1776098679091,"details":{"attempt":2,"delay_ms":2000,"mode":"auto"}}
2026-04-13T16:44:41Z type=video_retry payload={"type":"video_retry","ts_ms":1776098681097,"details":{"attempt":3,"delay_ms":5000,"mode":"auto"}}
2026-04-13T16:44:41Z type=video_retry payload={"type":"video_retry","ts_ms":1776098681660,"details":{"attempt":1,"delay_ms":1000,"mode":"auto"}}
2026-04-13T16:44:42Z type=video_retry payload={"type":"video_retry","ts_ms":1776098682683,"details":{"attempt":2,"delay_ms":2000,"mode":"auto"}}
2026-04-13T16:44:44Z type=video_retry payload={"type":"video_retry","ts_ms":1776098684686,"details":{"attempt":3,"delay_ms":5000,"mode":"auto"}}
2026-04-13T16:44:44Z type=video_restored payload={"type":"video_restored","ts_ms":1776098684694,"details":{"lost_for_ms":6610}}
2026-04-13T17:14:45Z type=video_retry payload={"type":"video_retry","ts_ms":1776100485301,"details":{"attempt":1,"delay_ms":1000,"mode":"auto"}}
2026-04-13T17:14:45Z type=video_restored payload={"type":"video_restored","ts_ms":1776100485306,"details":{"lost_for_ms":23}}
2026-04-13T17:16:12Z type=video_retry payload={"type":"video_retry","ts_ms":1776100572830,"details":{"attempt":1,"delay_ms":1000,"mode":"auto"}}
2026-04-13T17:16:12Z type=video_restored payload={"type":"video_restored","ts_ms":1776100572837,"details":{"lost_for_ms":46}}
2026-04-13T17:16:22Z type=video_retry payload={"type":"video_retry","ts_ms":1776100582504,"details":{"attempt":1,"delay_ms":1000,"mode":"auto"}}
2026-04-13T17:16:22Z type=video_restored payload={"type":"video_restored","ts_ms":1776100582514,"details":{"lost_for_ms":58}}
2026-04-13T17:17:39Z type=video_retry payload={"type":"video_retry","ts_ms":1776100659410,"details":{"attempt":1,"delay_ms":1000,"mode":"auto"}}
2026-04-13T17:17:39Z type=video_restored payload={"type":"video_restored","ts_ms":1776100659416,"details":{"lost_for_ms":25}}
2026-04-13T17:19:33Z type=video_lost payload={"type":"video_lost","ts_ms":1776100773257,"details":{"status":"RECONNECTING"}}
2026-04-13T17:19:33Z type=video_retry payload={"type":"video_retry","ts_ms":1776100773259,"details":{"attempt":1,"delay_ms":1000,"mode":"auto"}}
2026-04-13T17:19:33Z type=video_restored payload={"type":"video_restored","ts_ms":1776100773336,"details":{"lost_for_ms":80}}
2026-04-13T17:19:50Z type=video_restored payload={"type":"video_restored","ts_ms":1776100790259,"details":{"lost_for_ms":20}}
2026-04-13T17:19:50Z type=video_retry payload={"type":"video_retry","ts_ms":1776100790283,"details":{"attempt":1,"delay_ms":1000,"mode":"auto"}}
2026-04-13T17:19:50Z type=video_lost payload={"type":"video_lost","ts_ms":1776100790282,"details":{"status":"RECONNECTING"}}
2026-04-13T17:19:50Z type=video_restored payload={"type":"video_restored","ts_ms":1776100790295,"details":{"lost_for_ms":13}}
2026-04-13T17:19:55Z type=video_restored payload={"type":"video_restored","ts_ms":1776100795221,"details":{"lost_for_ms":7}}
2026-04-13T17:19:55Z type=video_lost payload={"type":"video_lost","ts_ms":1776100795254,"details":{"status":"RECONNECTING"}}
2026-04-13T17:19:55Z type=video_retry payload={"type":"video_retry","ts_ms":1776100795255,"details":{"attempt":1,"delay_ms":1000,"mode":"auto"}}
2026-04-13T17:19:55Z type=video_restored payload={"type":"video_restored","ts_ms":1776100795268,"details":{"lost_for_ms":14}}
2026-04-13T17:20:52Z type=video_lost payload={"type":"video_lost","ts_ms":1776100852398,"details":{"status":"RECONNECTING"}}
2026-04-13T17:20:52Z type=video_retry payload={"type":"video_retry","ts_ms":1776100852399,"details":{"attempt":1,"delay_ms":1000,"mode":"auto"}}
2026-04-13T17:20:52Z type=video_restored payload={"type":"video_restored","ts_ms":1776100852402,"details":{"lost_for_ms":4}}
2026-04-13T17:32:09Z type=video_restored payload={"type":"video_restored","ts_ms":1776101529630,"details":{"lost_for_ms":31}}
2026-04-13T17:32:09Z type=video_retry payload={"type":"video_retry","ts_ms":1776101529623,"details":{"attempt":1,"delay_ms":1000,"mode":"auto"}}
2026-04-13T17:33:08Z type=video_retry payload={"type":"video_retry","ts_ms":1776101588850,"details":{"attempt":1,"delay_ms":1000,"mode":"auto"}}
2026-04-13T17:33:08Z type=video_restored payload={"type":"video_restored","ts_ms":1776101588857,"details":{"lost_for_ms":52}}
2026-04-13T17:33:11Z type=video_retry payload={"type":"video_retry","ts_ms":1776101591222,"details":{"attempt":1,"delay_ms":1000,"mode":"auto"}}
2026-04-13T17:33:11Z type=video_restored payload={"type":"video_restored","ts_ms":1776101591230,"details":{"lost_for_ms":55}}
2026-04-13T17:39:25Z type=video_retry payload={"type":"video_retry","ts_ms":1776101965384,"details":{"attempt":1,"delay_ms":1000,"mode":"auto"}}
2026-04-13T17:39:25Z type=video_restored payload={"type":"video_restored","ts_ms":1776101965391,"details":{"lost_for_ms":27}}
2026-04-13T17:40:33Z type=video_lost payload={"type":"video_lost","ts_ms":1776102033539,"details":{"status":"RECONNECTING"}}
2026-04-13T17:40:33Z type=video_retry payload={"type":"video_retry","ts_ms":1776102033543,"details":{"attempt":1,"delay_ms":1000,"mode":"auto"}}
2026-04-13T17:40:34Z type=video_retry payload={"type":"video_retry","ts_ms":1776102034550,"details":{"attempt":2,"delay_ms":2000,"mode":"auto"}}
2026-04-13T17:40:36Z type=video_retry payload={"type":"video_retry","ts_ms":1776102036554,"details":{"attempt":3,"delay_ms":5000,"mode":"auto"}}
2026-04-13T17:40:38Z type=video_retry payload={"type":"video_retry","ts_ms":1776102038130,"details":{"attempt":1,"delay_ms":1000,"mode":"auto"}}
2026-04-13T17:40:39Z type=video_retry payload={"type":"video_retry","ts_ms":1776102039135,"details":{"attempt":2,"delay_ms":2000,"mode":"auto"}}
2026-04-13T17:40:39Z type=video_retry payload={"type":"video_retry","ts_ms":1776102039218,"details":{"attempt":1,"delay_ms":1000,"mode":"auto"}}
2026-04-13T17:40:39Z type=video_retry payload={"type":"video_retry","ts_ms":1776102039419,"details":{"attempt":1,"delay_ms":1000,"mode":"auto"}}
2026-04-13T17:40:40Z type=video_retry payload={"type":"video_retry","ts_ms":1776102040435,"details":{"attempt":2,"delay_ms":2000,"mode":"auto"}}
2026-04-13T17:40:40Z type=video_retry payload={"type":"video_retry","ts_ms":1776102040692,"details":{"attempt":1,"delay_ms":1000,"mode":"auto"}}
2026-04-13T17:40:41Z type=video_retry payload={"type":"video_retry","ts_ms":1776102041695,"details":{"attempt":2,"delay_ms":2000,"mode":"auto"}}
2026-04-13T17:40:43Z type=video_retry payload={"type":"video_retry","ts_ms":1776102043707,"details":{"attempt":3,"delay_ms":5000,"mode":"auto"}}
2026-04-13T17:40:47Z type=video_retry payload={"type":"video_retry","ts_ms":1776102047403,"details":{"attempt":1,"delay_ms":1000,"mode":"auto"}}
2026-04-13T17:40:47Z type=video_restored payload={"type":"video_restored","ts_ms":1776102047412,"details":{"lost_for_ms":13873}}
2026-04-13T17:40:47Z type=video_lost payload={"type":"video_lost","ts_ms":1776102047943,"details":{"status":"RECONNECTING"}}
2026-04-13T17:40:47Z type=video_retry payload={"type":"video_retry","ts_ms":1776102047944,"details":{"attempt":1,"delay_ms":1000,"mode":"auto"}}
2026-04-13T17:40:48Z type=video_restored payload={"type":"video_restored","ts_ms":1776102047954,"details":{"lost_for_ms":11}}
2026-04-13T17:40:48Z type=video_lost payload={"type":"video_lost","ts_ms":1776102048248,"details":{"status":"RECONNECTING"}}
2026-04-13T17:40:48Z type=video_retry payload={"type":"video_retry","ts_ms":1776102048249,"details":{"attempt":1,"delay_ms":1000,"mode":"auto"}}
2026-04-13T17:40:48Z type=video_restored payload={"type":"video_restored","ts_ms":1776102048259,"details":{"lost_for_ms":11}}
2026-04-13T17:40:48Z type=video_lost payload={"type":"video_lost","ts_ms":1776102048442,"details":{"status":"RECONNECTING"}}
2026-04-13T17:40:48Z type=video_retry payload={"type":"video_retry","ts_ms":1776102048443,"details":{"attempt":1,"delay_ms":1000,"mode":"auto"}}
2026-04-13T17:40:48Z type=video_restored payload={"type":"video_restored","ts_ms":1776102048455,"details":{"lost_for_ms":13}}
2026-04-13T17:41:28Z type=video_retry payload={"type":"video_retry","ts_ms":1776102088483,"details":{"attempt":1,"delay_ms":1000,"mode":"auto"}}
2026-04-13T17:41:28Z type=video_restored payload={"type":"video_restored","ts_ms":1776102088497,"details":{"lost_for_ms":65}}
2026-04-13T18:16:22Z type=video_restored payload={"type":"video_restored","ts_ms":1776104182318,"details":{"lost_for_ms":27}}
2026-04-13T18:16:22Z type=video_lost payload={"type":"video_lost","ts_ms":1776104182350,"details":{"status":"RECONNECTING"}}
2026-04-13T18:16:22Z type=video_retry payload={"type":"video_retry","ts_ms":1776104182351,"details":{"attempt":1,"delay_ms":1000,"mode":"auto"}}
2026-04-13T18:16:22Z type=video_restored payload={"type":"video_restored","ts_ms":1776104182364,"details":{"lost_for_ms":14}}
2026-04-13T18:16:22Z type=track_reacquire_start payload={"type":"track_reacquire_start","ts_ms":1776104182470,"details":{"reason":"lost"}}
2026-04-13T18:47:29Z type=video_restored payload={"type":"video_restored","ts_ms":1776106049452,"details":{"lost_for_ms":32}}
2026-04-13T18:47:29Z type=video_lost payload={"type":"video_lost","ts_ms":1776106049482,"details":{"status":"RECONNECTING"}}
2026-04-13T18:47:29Z type=video_retry payload={"type":"video_retry","ts_ms":1776106049483,"details":{"attempt":1,"delay_ms":1000,"mode":"auto"}}
2026-04-13T18:47:29Z type=video_restored payload={"type":"video_restored","ts_ms":1776106049502,"details":{"lost_for_ms":20}}
2026-04-13T18:47:29Z type=track_reacquire_start payload={"type":"track_reacquire_start","ts_ms":1776106049614,"details":{"reason":"lost"}}
2026-04-13T18:49:02Z type=video_restored payload={"type":"video_restored","ts_ms":1776106142743,"details":{"lost_for_ms":34}}
2026-04-13T18:49:02Z type=video_lost payload={"type":"video_lost","ts_ms":1776106142763,"details":{"status":"RECONNECTING"}}
2026-04-13T18:49:02Z type=video_retry payload={"type":"video_retry","ts_ms":1776106142764,"details":{"attempt":1,"delay_ms":1000,"mode":"auto"}}
2026-04-13T18:49:02Z type=video_restored payload={"type":"video_restored","ts_ms":1776106142782,"details":{"lost_for_ms":19}}
2026-04-13T18:49:02Z type=track_reacquire_start payload={"type":"track_reacquire_start","ts_ms":1776106142925,"details":{"reason":"lost"}}
2026-04-13T18:57:27Z type=video_restored payload={"type":"video_restored","ts_ms":1776106647551,"details":{"lost_for_ms":49}}
2026-04-13T18:57:27Z type=video_lost payload={"type":"video_lost","ts_ms":1776106647652,"details":{"status":"RECONNECTING"}}
2026-04-13T18:57:27Z type=video_retry payload={"type":"video_retry","ts_ms":1776106647653,"details":{"attempt":1,"delay_ms":1000,"mode":"auto"}}
2026-04-13T18:57:27Z type=video_restored payload={"type":"video_restored","ts_ms":1776106647673,"details":{"lost_for_ms":21}}
2026-04-13T18:57:37Z type=track_reacquire_start payload={"type":"track_reacquire_start","ts_ms":1776106657556,"details":{"reason":"lost"}}
2026-04-13T19:11:11Z type=video_restored payload={"type":"video_restored","ts_ms":1776107471116,"details":{"lost_for_ms":40}}
2026-04-13T19:11:11Z type=video_lost payload={"type":"video_lost","ts_ms":1776107471134,"details":{"status":"RECONNECTING"}}
2026-04-13T19:11:11Z type=video_retry payload={"type":"video_retry","ts_ms":1776107471134,"details":{"attempt":1,"delay_ms":1000,"mode":"auto"}}
2026-04-13T19:11:11Z type=video_restored payload={"type":"video_restored","ts_ms":1776107471151,"details":{"lost_for_ms":17}}
2026-04-13T19:11:11Z type=track_reacquire_start payload={"type":"track_reacquire_start","ts_ms":1776107471415,"details":{"reason":"lost"}}
2026-04-13T19:12:16Z type=video_restored payload={"type":"video_restored","ts_ms":1776107536177,"details":{"lost_for_ms":49}}
2026-04-13T19:12:16Z type=video_lost payload={"type":"video_lost","ts_ms":1776107536203,"details":{"status":"RECONNECTING"}}
2026-04-13T19:12:16Z type=video_retry payload={"type":"video_retry","ts_ms":1776107536204,"details":{"attempt":1,"delay_ms":1000,"mode":"auto"}}
2026-04-13T19:12:16Z type=video_restored payload={"type":"video_restored","ts_ms":1776107536218,"details":{"lost_for_ms":15}}
2026-04-13T19:12:16Z type=track_reacquire_start payload={"type":"track_reacquire_start","ts_ms":1776107536275,"details":{"reason":"lost"}}
2026-04-13T19:35:36Z type=video_restored payload={"type":"video_restored","ts_ms":1776108936641,"details":{"lost_for_ms":28}}
2026-04-13T19:35:36Z type=video_lost payload={"type":"video_lost","ts_ms":1776108936661,"details":{"status":"RECONNECTING"}}
2026-04-13T19:35:36Z type=video_retry payload={"type":"video_retry","ts_ms":1776108936662,"details":{"attempt":1,"delay_ms":1000,"mode":"auto"}}
2026-04-13T19:35:36Z type=video_restored payload={"type":"video_restored","ts_ms":1776108936681,"details":{"lost_for_ms":20}}
2026-04-13T19:36:10Z type=track_reacquire_start payload={"type":"track_reacquire_start","ts_ms":1776108970686,"details":{"reason":"lost"}}
2026-04-13T19:57:55Z type=video_restored payload={"type":"video_restored","ts_ms":1776110275634,"details":{"lost_for_ms":27}}
2026-04-13T19:57:55Z type=video_lost payload={"type":"video_lost","ts_ms":1776110275655,"details":{"status":"RECONNECTING"}}
2026-04-13T19:57:55Z type=video_retry payload={"type":"video_retry","ts_ms":1776110275656,"details":{"attempt":1,"delay_ms":1000,"mode":"auto"}}
2026-04-13T19:57:55Z type=video_restored payload={"type":"video_restored","ts_ms":1776110275670,"details":{"lost_for_ms":15}}
2026-04-13T19:57:55Z type=track_reacquire_start payload={"type":"track_reacquire_start","ts_ms":1776110275862,"details":{"reason":"lost"}}
2026-04-13T20:14:25Z type=link_mode_changed payload={"type":"link_mode_changed","ts_ms":1776111265612,"details":{"mode":"normal","reason":"rtt-restored","rtt_ms":12}}
2026-04-13T20:14:29Z type=video_restored payload={"type":"video_restored","ts_ms":1776111269310,"details":{"lost_for_ms":49}}
2026-04-13T20:14:29Z type=video_lost payload={"type":"video_lost","ts_ms":1776111269446,"details":{"status":"RECONNECTING"}}
2026-04-13T20:14:29Z type=video_retry payload={"type":"video_retry","ts_ms":1776111269451,"details":{"attempt":1,"delay_ms":1000,"mode":"auto"}}
2026-04-13T20:14:29Z type=video_restored payload={"type":"video_restored","ts_ms":1776111269495,"details":{"lost_for_ms":49}}
2026-04-13T20:15:25Z type=track_reacquire_start payload={"type":"track_reacquire_start","ts_ms":1776111325029,"details":{"reason":"lost"}}
2026-04-13T20:17:08Z type=video_lost payload={"type":"video_lost","ts_ms":1776111427996,"details":{"status":"RECONNECTING"}}
2026-04-13T20:17:08Z type=video_retry payload={"type":"video_retry","ts_ms":1776111427998,"details":{"attempt":1,"delay_ms":1000,"mode":"auto"}}
2026-04-13T20:17:08Z type=video_restored payload={"type":"video_restored","ts_ms":1776111428005,"details":{"lost_for_ms":9}}
2026-04-13T20:17:16Z type=video_lost payload={"type":"video_lost","ts_ms":1776111436747,"details":{"status":"RECONNECTING"}}
2026-04-13T20:17:16Z type=video_retry payload={"type":"video_retry","ts_ms":1776111436748,"details":{"attempt":1,"delay_ms":1000,"mode":"auto"}}
2026-04-13T20:17:16Z type=video_restored payload={"type":"video_restored","ts_ms":1776111436753,"details":{"lost_for_ms":6}}
2026-04-13T20:17:18Z type=video_lost payload={"type":"video_lost","ts_ms":1776111438391,"details":{"status":"RECONNECTING"}}
2026-04-13T20:17:18Z type=video_retry payload={"type":"video_retry","ts_ms":1776111438392,"details":{"attempt":1,"delay_ms":1000,"mode":"auto"}}
2026-04-13T20:17:18Z type=video_restored payload={"type":"video_restored","ts_ms":1776111438397,"details":{"lost_for_ms":6}}
2026-04-13T20:17:20Z type=video_lost payload={"type":"video_lost","ts_ms":1776111440749,"details":{"status":"RECONNECTING"}}
2026-04-13T20:17:20Z type=video_retry payload={"type":"video_retry","ts_ms":1776111440751,"details":{"attempt":1,"delay_ms":1000,"mode":"auto"}}
2026-04-13T20:17:20Z type=video_restored payload={"type":"video_restored","ts_ms":1776111440756,"details":{"lost_for_ms":7}}
2026-04-13T20:17:23Z type=video_lost payload={"type":"video_lost","ts_ms":1776111443314,"details":{"status":"RECONNECTING"}}
2026-04-13T20:17:23Z type=video_retry payload={"type":"video_retry","ts_ms":1776111443319,"details":{"attempt":1,"delay_ms":1000,"mode":"auto"}}
2026-04-13T20:17:24Z type=video_retry payload={"type":"video_retry","ts_ms":1776111444321,"details":{"attempt":2,"delay_ms":2000,"mode":"auto"}}
2026-04-13T20:17:26Z type=video_retry payload={"type":"video_retry","ts_ms":1776111446324,"details":{"attempt":3,"delay_ms":5000,"mode":"auto"}}
2026-04-13T20:17:29Z type=video_retry payload={"type":"video_retry","ts_ms":1776111449631,"details":{"attempt":1,"delay_ms":1000,"mode":"auto"}}
2026-04-13T20:17:29Z type=video_restored payload={"type":"video_restored","ts_ms":1776111449642,"details":{"lost_for_ms":6328}}
2026-04-13T20:17:36Z type=track_reacquire_start payload={"type":"track_reacquire_start","ts_ms":1776111456188,"details":{"reason":"lost"}}
2026-04-13T20:17:44Z type=zoom_mark_wide payload={"type":"zoom_mark_wide","ts_ms":1776111464234,"details":{"zoom_state":0}}
2026-04-13T20:17:45Z type=zoom_mark_tele payload={"type":"zoom_mark_tele","ts_ms":1776111465708,"details":{"zoom_state":1}}
2026-04-13T20:17:47Z type=zoom_mark_wide payload={"type":"zoom_mark_wide","ts_ms":1776111466993,"details":{"zoom_state":0}}
2026-04-13T20:44:53Z type=link_mode_changed payload={"type":"link_mode_changed","ts_ms":1776113093021,"details":{"mode":"normal","reason":"rtt-restored","rtt_ms":10}}
2026-04-13T20:44:55Z type=video_restored payload={"type":"video_restored","ts_ms":1776113095870,"details":{"lost_for_ms":63}}
2026-04-13T20:44:55Z type=video_lost payload={"type":"video_lost","ts_ms":1776113095919,"details":{"status":"RECONNECTING"}}
2026-04-13T20:44:55Z type=video_retry payload={"type":"video_retry","ts_ms":1776113095920,"details":{"attempt":1,"delay_ms":1000,"mode":"auto"}}
2026-04-13T20:44:55Z type=video_restored payload={"type":"video_restored","ts_ms":1776113095945,"details":{"lost_for_ms":26}}
2026-04-13T20:45:28Z type=track_reacquire_start payload={"type":"track_reacquire_start","ts_ms":1776113128542,"details":{"reason":"lost"}}
2026-04-13T20:52:14Z type=link_mode_changed payload={"type":"link_mode_changed","ts_ms":1776113534331,"details":{"mode":"normal","reason":"rtt-restored","rtt_ms":19}}
2026-04-13T20:52:19Z type=video_restored payload={"type":"video_restored","ts_ms":1776113539713,"details":{"lost_for_ms":62}}
2026-04-13T20:52:19Z type=video_lost payload={"type":"video_lost","ts_ms":1776113539810,"details":{"status":"RECONNECTING"}}
2026-04-13T20:52:19Z type=video_retry payload={"type":"video_retry","ts_ms":1776113539812,"details":{"attempt":1,"delay_ms":1000,"mode":"auto"}}
2026-04-13T20:52:19Z type=video_restored payload={"type":"video_restored","ts_ms":1776113539838,"details":{"lost_for_ms":28}}
2026-04-13T20:52:28Z type=track_reacquire_start payload={"type":"track_reacquire_start","ts_ms":1776113548465,"details":{"reason":"lost"}}
2026-04-13T20:52:37Z type=zoom_mark_wide payload={"type":"zoom_mark_wide","ts_ms":1776113557776,"details":{"zoom_state":0}}
2026-04-13T20:52:39Z type=zoom_mark_wide payload={"type":"zoom_mark_wide","ts_ms":1776113559021,"details":{"zoom_state":0}}
2026-04-13T20:52:39Z type=zoom_mark_wide payload={"type":"zoom_mark_wide","ts_ms":1776113559233,"details":{"zoom_state":0}}
2026-04-13T20:52:39Z type=zoom_mark_wide payload={"type":"zoom_mark_wide","ts_ms":1776113559420,"details":{"zoom_state":0}}
2026-04-13T20:52:39Z type=zoom_mark_wide payload={"type":"zoom_mark_wide","ts_ms":1776113559615,"details":{"zoom_state":0}}
2026-04-13T20:52:40Z type=zoom_mark_tele payload={"type":"zoom_mark_tele","ts_ms":1776113560376,"details":{"zoom_state":1}}
2026-04-13T21:08:29Z type=link_mode_changed payload={"type":"link_mode_changed","ts_ms":1776114509543,"details":{"mode":"normal","reason":"rtt-restored","rtt_ms":16}}
2026-04-13T21:08:31Z type=video_restored payload={"type":"video_restored","ts_ms":1776114511213,"details":{"lost_for_ms":38}}
2026-04-13T21:08:31Z type=video_lost payload={"type":"video_lost","ts_ms":1776114511232,"details":{"status":"RECONNECTING"}}
2026-04-13T21:08:31Z type=video_retry payload={"type":"video_retry","ts_ms":1776114511234,"details":{"attempt":1,"delay_ms":1000,"mode":"auto"}}
2026-04-13T21:08:31Z type=video_restored payload={"type":"video_restored","ts_ms":1776114511249,"details":{"lost_for_ms":17}}
2026-04-13T21:09:10Z type=track_reacquire_start payload={"type":"track_reacquire_start","ts_ms":1776114550009,"details":{"reason":"lost"}}
2026-04-13T21:14:26Z type=link_mode_changed payload={"type":"link_mode_changed","ts_ms":1776114866606,"details":{"mode":"normal","reason":"rtt-restored","rtt_ms":10}}
2026-04-13T21:14:29Z type=video_restored payload={"type":"video_restored","ts_ms":1776114869571,"details":{"lost_for_ms":35}}
2026-04-13T21:14:29Z type=video_lost payload={"type":"video_lost","ts_ms":1776114869590,"details":{"status":"RECONNECTING"}}
2026-04-13T21:14:29Z type=video_retry payload={"type":"video_retry","ts_ms":1776114869591,"details":{"attempt":1,"delay_ms":1000,"mode":"auto"}}
2026-04-13T21:14:29Z type=video_restored payload={"type":"video_restored","ts_ms":1776114869618,"details":{"lost_for_ms":28}}
2026-04-13T21:14:57Z type=track_reacquire_start payload={"type":"track_reacquire_start","ts_ms":1776114897320,"details":{"reason":"lost"}}
2026-04-13T21:21:36Z type=link_mode_changed payload={"type":"link_mode_changed","ts_ms":1776115296681,"details":{"mode":"normal","reason":"rtt-restored","rtt_ms":13}}
2026-04-13T21:21:40Z type=video_restored payload={"type":"video_restored","ts_ms":1776115300748,"details":{"lost_for_ms":80}}
2026-04-13T21:21:40Z type=video_lost payload={"type":"video_lost","ts_ms":1776115300843,"details":{"status":"RECONNECTING"}}
2026-04-13T21:21:40Z type=video_retry payload={"type":"video_retry","ts_ms":1776115300844,"details":{"attempt":1,"delay_ms":1000,"mode":"auto"}}
2026-04-13T21:21:40Z type=video_restored payload={"type":"video_restored","ts_ms":1776115300866,"details":{"lost_for_ms":23}}
2026-04-13T21:22:07Z type=zoom_mark_wide payload={"type":"zoom_mark_wide","ts_ms":1776115327495,"details":{"zoom_state":0}}
2026-04-13T21:22:08Z type=zoom_mark_tele payload={"type":"zoom_mark_tele","ts_ms":1776115328044,"details":{"zoom_state":1}}
2026-04-13T21:22:08Z type=zoom_mark_wide payload={"type":"zoom_mark_wide","ts_ms":1776115328472,"details":{"zoom_state":0}}
2026-04-13T21:22:08Z type=zoom_mark_tele payload={"type":"zoom_mark_tele","ts_ms":1776115328820,"details":{"zoom_state":1}}
2026-04-13T21:22:09Z type=zoom_mark_wide payload={"type":"zoom_mark_wide","ts_ms":1776115329230,"details":{"zoom_state":0}}
2026-04-13T21:22:32Z type=track_reacquire_start payload={"type":"track_reacquire_start","ts_ms":1776115352828,"details":{"reason":"lost"}}
2026-04-14T08:32:23Z type=video_retry payload={"type":"video_retry","ts_ms":1776155543309,"details":{"attempt":2,"delay_ms":2000,"mode":"auto"}}
2026-04-14T08:32:23Z type=video_restored payload={"type":"video_restored","ts_ms":1776155543335,"details":{"lost_for_ms":1030}}
2026-04-14T08:32:30Z type=link_mode_changed payload={"type":"link_mode_changed","ts_ms":1776155550138,"details":{"mode":"normal","reason":"rtt-restored","rtt_ms":13}}
2026-04-14T09:13:06Z type=link_mode_changed payload={"type":"link_mode_changed","ts_ms":1776157986150,"details":{"mode":"normal","reason":"rtt-restored","rtt_ms":12}}
2026-04-14T10:06:22Z type=link_mode_changed payload={"type":"link_mode_changed","ts_ms":1776161182586,"details":{"mode":"normal","reason":"rtt-restored","rtt_ms":22}}
2026-04-14T10:06:31Z type=video_restored payload={"type":"video_restored","ts_ms":1776161191139,"details":{"lost_for_ms":25}}
2026-04-14T10:06:39Z type=video_lost payload={"type":"video_lost","ts_ms":1776161199232,"details":{"status":"RECONNECTING"}}
2026-04-14T10:06:39Z type=video_retry payload={"type":"video_retry","ts_ms":1776161199233,"details":{"attempt":1,"delay_ms":1000,"mode":"auto"}}
2026-04-14T10:06:39Z type=video_restored payload={"type":"video_restored","ts_ms":1776161199242,"details":{"lost_for_ms":10}}
2026-04-14T10:17:37Z type=link_mode_changed payload={"type":"link_mode_changed","ts_ms":1776161857839,"details":{"mode":"normal","reason":"rtt-restored","rtt_ms":9}}
2026-04-14T10:17:40Z type=video_restored payload={"type":"video_restored","ts_ms":1776161860450,"details":{"lost_for_ms":36}}
2026-04-14T10:17:40Z type=video_lost payload={"type":"video_lost","ts_ms":1776161860477,"details":{"status":"RECONNECTING"}}
2026-04-14T10:17:40Z type=video_retry payload={"type":"video_retry","ts_ms":1776161860478,"details":{"attempt":1,"delay_ms":1000,"mode":"auto"}}
2026-04-14T10:17:40Z type=video_restored payload={"type":"video_restored","ts_ms":1776161860502,"details":{"lost_for_ms":25}}
2026-04-14T10:42:27Z type=link_mode_changed payload={"type":"link_mode_changed","ts_ms":1776163347770,"details":{"mode":"normal","reason":"rtt-restored","rtt_ms":17}}
2026-04-14T10:42:28Z type=video_restored payload={"type":"video_restored","ts_ms":1776163348400,"details":{"lost_for_ms":25}}
2026-04-14T10:42:28Z type=video_lost payload={"type":"video_lost","ts_ms":1776163348418,"details":{"status":"RECONNECTING"}}
2026-04-14T10:42:28Z type=video_retry payload={"type":"video_retry","ts_ms":1776163348419,"details":{"attempt":1,"delay_ms":1000,"mode":"auto"}}
2026-04-14T10:42:28Z type=video_restored payload={"type":"video_restored","ts_ms":1776163348447,"details":{"lost_for_ms":29}}
2026-04-14T10:42:30Z type=video_restored payload={"type":"video_restored","ts_ms":1776163350720,"details":{"lost_for_ms":16}}
2026-04-14T10:42:30Z type=video_lost payload={"type":"video_lost","ts_ms":1776163350742,"details":{"status":"RECONNECTING"}}
2026-04-14T10:42:30Z type=video_retry payload={"type":"video_retry","ts_ms":1776163350743,"details":{"attempt":1,"delay_ms":1000,"mode":"auto"}}
2026-04-14T10:42:30Z type=video_restored payload={"type":"video_restored","ts_ms":1776163350755,"details":{"lost_for_ms":13}}
2026-04-14T10:42:31Z type=video_restored payload={"type":"video_restored","ts_ms":1776163351139,"details":{"lost_for_ms":22}}
2026-04-14T10:42:31Z type=video_lost payload={"type":"video_lost","ts_ms":1776163351153,"details":{"status":"RECONNECTING"}}
2026-04-14T10:42:31Z type=video_retry payload={"type":"video_retry","ts_ms":1776163351155,"details":{"attempt":1,"delay_ms":1000,"mode":"auto"}}
2026-04-14T10:42:31Z type=video_restored payload={"type":"video_restored","ts_ms":1776163351172,"details":{"lost_for_ms":19}}
2026-04-14T10:42:31Z type=video_restored payload={"type":"video_restored","ts_ms":1776163351328,"details":{"lost_for_ms":18}}
2026-04-14T10:42:31Z type=video_retry payload={"type":"video_retry","ts_ms":1776163351344,"details":{"attempt":1,"delay_ms":1000,"mode":"auto"}}
2026-04-14T10:42:31Z type=video_lost payload={"type":"video_lost","ts_ms":1776163351342,"details":{"status":"RECONNECTING"}}
2026-04-14T10:42:31Z type=video_restored payload={"type":"video_restored","ts_ms":1776163351354,"details":{"lost_for_ms":12}}
2026-04-14T10:42:31Z type=video_restored payload={"type":"video_restored","ts_ms":1776163351848,"details":{"lost_for_ms":22}}
2026-04-14T10:42:31Z type=video_retry payload={"type":"video_retry","ts_ms":1776163351861,"details":{"attempt":1,"delay_ms":1000,"mode":"auto"}}
2026-04-14T10:42:31Z type=video_lost payload={"type":"video_lost","ts_ms":1776163351861,"details":{"status":"RECONNECTING"}}
2026-04-14T10:42:31Z type=video_restored payload={"type":"video_restored","ts_ms":1776163351871,"details":{"lost_for_ms":10}}
2026-04-14T10:42:32Z type=video_restored payload={"type":"video_restored","ts_ms":1776163352244,"details":{"lost_for_ms":21}}
2026-04-14T10:42:32Z type=video_lost payload={"type":"video_lost","ts_ms":1776163352258,"details":{"status":"RECONNECTING"}}
2026-04-14T10:42:32Z type=video_retry payload={"type":"video_retry","ts_ms":1776163352258,"details":{"attempt":1,"delay_ms":1000,"mode":"auto"}}
2026-04-14T10:42:32Z type=video_restored payload={"type":"video_restored","ts_ms":1776163352269,"details":{"lost_for_ms":11}}
2026-04-14T10:42:58Z type=video_restored payload={"type":"video_restored","ts_ms":1776163378432,"details":{"lost_for_ms":40}}
2026-04-14T10:42:58Z type=video_lost payload={"type":"video_lost","ts_ms":1776163378439,"details":{"status":"RECONNECTING"}}
2026-04-14T10:42:58Z type=video_retry payload={"type":"video_retry","ts_ms":1776163378440,"details":{"attempt":1,"delay_ms":1000,"mode":"auto"}}
2026-04-14T10:42:58Z type=video_restored payload={"type":"video_restored","ts_ms":1776163378451,"details":{"lost_for_ms":12}}
2026-04-14T10:49:14Z type=link_mode_changed payload={"type":"link_mode_changed","ts_ms":1776163754636,"details":{"mode":"normal","reason":"rtt-restored","rtt_ms":12}}
2026-04-14T10:49:18Z type=video_restored payload={"type":"video_restored","ts_ms":1776163758139,"details":{"lost_for_ms":21}}
2026-04-14T10:49:18Z type=video_lost payload={"type":"video_lost","ts_ms":1776163758162,"details":{"status":"RECONNECTING"}}
2026-04-14T10:49:18Z type=video_retry payload={"type":"video_retry","ts_ms":1776163758163,"details":{"attempt":1,"delay_ms":1000,"mode":"auto"}}
2026-04-14T10:49:18Z type=video_restored payload={"type":"video_restored","ts_ms":1776163758180,"details":{"lost_for_ms":18}}
2026-04-14T11:00:33Z type=link_mode_changed payload={"type":"link_mode_changed","ts_ms":1776164433004,"details":{"mode":"normal","reason":"rtt-restored","rtt_ms":12}}
2026-04-14T11:00:36Z type=video_restored payload={"type":"video_restored","ts_ms":1776164436076,"details":{"lost_for_ms":31}}
2026-04-14T11:00:36Z type=video_lost payload={"type":"video_lost","ts_ms":1776164436087,"details":{"status":"RECONNECTING"}}
2026-04-14T11:00:36Z type=video_retry payload={"type":"video_retry","ts_ms":1776164436087,"details":{"attempt":1,"delay_ms":1000,"mode":"auto"}}
2026-04-14T11:00:36Z type=video_restored payload={"type":"video_restored","ts_ms":1776164436107,"details":{"lost_for_ms":20}}
2026-04-14T11:01:02Z type=video_restored payload={"type":"video_restored","ts_ms":1776164462335,"details":{"lost_for_ms":27}}
2026-04-14T11:01:02Z type=video_lost payload={"type":"video_lost","ts_ms":1776164462355,"details":{"status":"RECONNECTING"}}
2026-04-14T11:01:02Z type=video_retry payload={"type":"video_retry","ts_ms":1776164462356,"details":{"attempt":1,"delay_ms":1000,"mode":"auto"}}
2026-04-14T11:01:02Z type=video_restored payload={"type":"video_restored","ts_ms":1776164462367,"details":{"lost_for_ms":13}}
2026-04-14T11:06:11Z type=link_mode_changed payload={"type":"link_mode_changed","ts_ms":1776164771469,"details":{"mode":"normal","reason":"rtt-restored","rtt_ms":12}}
2026-04-14T11:06:11Z type=video_restored payload={"type":"video_restored","ts_ms":1776164771586,"details":{"lost_for_ms":34}}
2026-04-14T11:06:11Z type=video_retry payload={"type":"video_retry","ts_ms":1776164771609,"details":{"attempt":1,"delay_ms":1000,"mode":"auto"}}
2026-04-14T11:06:11Z type=video_lost payload={"type":"video_lost","ts_ms":1776164771607,"details":{"status":"RECONNECTING"}}
2026-04-14T11:06:11Z type=video_restored payload={"type":"video_restored","ts_ms":1776164771621,"details":{"lost_for_ms":14}}
2026-04-14T11:09:03Z type=link_mode_changed payload={"type":"link_mode_changed","ts_ms":1776164943558,"details":{"mode":"normal","reason":"rtt-restored","rtt_ms":11}}
2026-04-14T11:09:04Z type=video_restored payload={"type":"video_restored","ts_ms":1776164944642,"details":{"lost_for_ms":19}}
2026-04-14T11:09:04Z type=video_lost payload={"type":"video_lost","ts_ms":1776164944660,"details":{"status":"RECONNECTING"}}
2026-04-14T11:09:04Z type=video_retry payload={"type":"video_retry","ts_ms":1776164944661,"details":{"attempt":1,"delay_ms":1000,"mode":"auto"}}
2026-04-14T11:09:04Z type=video_restored payload={"type":"video_restored","ts_ms":1776164944671,"details":{"lost_for_ms":11}}
2026-04-14T11:09:06Z type=video_restored payload={"type":"video_restored","ts_ms":1776164946051,"details":{"lost_for_ms":29}}
2026-04-14T11:09:06Z type=video_lost payload={"type":"video_lost","ts_ms":1776164946064,"details":{"status":"RECONNECTING"}}
2026-04-14T11:09:06Z type=video_retry payload={"type":"video_retry","ts_ms":1776164946065,"details":{"attempt":1,"delay_ms":1000,"mode":"auto"}}
2026-04-14T11:09:06Z type=video_restored payload={"type":"video_restored","ts_ms":1776164946076,"details":{"lost_for_ms":12}}
2026-04-14T11:09:07Z type=video_restored payload={"type":"video_restored","ts_ms":1776164947248,"details":{"lost_for_ms":22}}
2026-04-14T11:09:07Z type=video_lost payload={"type":"video_lost","ts_ms":1776164947264,"details":{"status":"RECONNECTING"}}
2026-04-14T11:09:07Z type=video_retry payload={"type":"video_retry","ts_ms":1776164947265,"details":{"attempt":1,"delay_ms":1000,"mode":"auto"}}
2026-04-14T11:09:07Z type=video_restored payload={"type":"video_restored","ts_ms":1776164947275,"details":{"lost_for_ms":11}}
2026-04-14T11:09:08Z type=video_restored payload={"type":"video_restored","ts_ms":1776164948306,"details":{"lost_for_ms":24}}
2026-04-14T11:09:08Z type=video_retry payload={"type":"video_retry","ts_ms":1776164948326,"details":{"attempt":1,"delay_ms":1000,"mode":"auto"}}
2026-04-14T11:09:08Z type=video_lost payload={"type":"video_lost","ts_ms":1776164948324,"details":{"status":"RECONNECTING"}}
2026-04-14T11:09:08Z type=video_restored payload={"type":"video_restored","ts_ms":1776164948343,"details":{"lost_for_ms":19}}
2026-04-14T11:09:08Z type=video_restored payload={"type":"video_restored","ts_ms":1776164948650,"details":{"lost_for_ms":23}}
2026-04-14T11:09:08Z type=video_lost payload={"type":"video_lost","ts_ms":1776164948678,"details":{"status":"RECONNECTING"}}
2026-04-14T11:09:08Z type=video_retry payload={"type":"video_retry","ts_ms":1776164948679,"details":{"attempt":1,"delay_ms":1000,"mode":"auto"}}
2026-04-14T11:09:08Z type=video_restored payload={"type":"video_restored","ts_ms":1776164948688,"details":{"lost_for_ms":10}}
2026-04-14T11:09:08Z type=video_restored payload={"type":"video_restored","ts_ms":1776164948790,"details":{"lost_for_ms":28}}
2026-04-14T11:09:08Z type=video_lost payload={"type":"video_lost","ts_ms":1776164948802,"details":{"status":"RECONNECTING"}}
2026-04-14T11:09:08Z type=video_retry payload={"type":"video_retry","ts_ms":1776164948803,"details":{"attempt":1,"delay_ms":1000,"mode":"auto"}}
2026-04-14T11:09:08Z type=video_restored payload={"type":"video_restored","ts_ms":1776164948821,"details":{"lost_for_ms":19}}
2026-04-14T11:09:08Z type=video_restored payload={"type":"video_restored","ts_ms":1776164948933,"details":{"lost_for_ms":21}}
2026-04-14T11:09:08Z type=video_lost payload={"type":"video_lost","ts_ms":1776164948950,"details":{"status":"RECONNECTING"}}
2026-04-14T11:09:08Z type=video_retry payload={"type":"video_retry","ts_ms":1776164948951,"details":{"attempt":1,"delay_ms":1000,"mode":"auto"}}
2026-04-14T11:09:08Z type=video_restored payload={"type":"video_restored","ts_ms":1776164948962,"details":{"lost_for_ms":12}}
2026-04-14T11:10:10Z type=track_reacquire_start payload={"type":"track_reacquire_start","ts_ms":1776165010718,"details":{"reason":"lost"}}
2026-04-14T11:10:16Z type=track_reacquire_end payload={"type":"track_reacquire_end","ts_ms":1776165016754,"details":{"result":"timeout","reason":"lost","lost_ms":6036,"scan_steps":101}}
2026-04-14T11:10:16Z type=track_reacquire_timeout payload={"type":"track_reacquire_timeout","ts_ms":1776165016755,"details":{"max_lost_sec":6,"lost_ms":6036}}
2026-04-14T11:10:16Z type=track_reacquire_start payload={"type":"track_reacquire_start","ts_ms":1776165016759,"details":{"reason":"lost"}}
2026-04-14T11:10:26Z type=track_reacquire_end payload={"type":"track_reacquire_end","ts_ms":1776165026918,"details":{"result":"timeout","reason":"lost","lost_ms":10159,"scan_steps":0}}
2026-04-14T11:10:26Z type=track_reacquire_timeout payload={"type":"track_reacquire_timeout","ts_ms":1776165026919,"details":{"max_lost_sec":8,"lost_ms":10159}}
2026-04-14T11:10:26Z type=link_mode_changed payload={"type":"link_mode_changed","ts_ms":1776165026921,"details":{"mode":"normal","reason":"rtt-restored","rtt_ms":116}}
2026-04-14T11:10:26Z type=link_mode_changed payload={"type":"link_mode_changed","ts_ms":1776165026920,"details":{"mode":"critical","reason":"rtt-critical","rtt_ms":1355}}
2026-04-14T11:10:26Z type=track_reacquire_start payload={"type":"track_reacquire_start","ts_ms":1776165026920,"details":{"reason":"lost"}}
2026-04-14T11:10:27Z type=track_reacquire_end payload={"type":"track_reacquire_end","ts_ms":1776165026990,"details":{"result":"manual_override","reason":"lost","lost_ms":70,"scan_steps":0}}
2026-04-14T11:12:24Z type=link_mode_changed payload={"type":"link_mode_changed","ts_ms":1776165144390,"details":{"mode":"safe","reason":"rtt-high","rtt_ms":293}}
2026-04-14T11:12:25Z type=link_mode_changed payload={"type":"link_mode_changed","ts_ms":1776165145153,"details":{"mode":"normal","reason":"rtt-restored","rtt_ms":34}}
2026-04-14T11:18:20Z type=link_mode_changed payload={"type":"link_mode_changed","ts_ms":1776165500162,"details":{"mode":"normal","reason":"rtt-restored","rtt_ms":10}}
2026-04-14T11:18:31Z type=video_restored payload={"type":"video_restored","ts_ms":1776165511204,"details":{"lost_for_ms":44}}
2026-04-14T11:18:31Z type=video_lost payload={"type":"video_lost","ts_ms":1776165511229,"details":{"status":"RECONNECTING"}}
2026-04-14T11:18:31Z type=video_retry payload={"type":"video_retry","ts_ms":1776165511230,"details":{"attempt":1,"delay_ms":1000,"mode":"auto"}}
2026-04-14T11:18:31Z type=video_restored payload={"type":"video_restored","ts_ms":1776165511270,"details":{"lost_for_ms":41}}
2026-04-14T11:18:50Z type=track_reacquire_start payload={"type":"track_reacquire_start","ts_ms":1776165530111,"details":{"reason":"lost"}}
2026-04-14T11:18:58Z type=track_reacquire_end payload={"type":"track_reacquire_end","ts_ms":1776165538113,"details":{"result":"timeout","reason":"lost","lost_ms":8002,"scan_steps":159}}
2026-04-14T11:18:58Z type=track_reacquire_timeout payload={"type":"track_reacquire_timeout","ts_ms":1776165538115,"details":{"max_lost_sec":8,"lost_ms":8002}}
2026-04-14T11:20:04Z type=track_reacquire_start payload={"type":"track_reacquire_start","ts_ms":1776165604069,"details":{"reason":"lost"}}
2026-04-14T11:20:12Z type=track_reacquire_end payload={"type":"track_reacquire_end","ts_ms":1776165612115,"details":{"result":"timeout","reason":"lost","lost_ms":8046,"scan_steps":136}}
2026-04-14T11:20:12Z type=track_reacquire_timeout payload={"type":"track_reacquire_timeout","ts_ms":1776165612117,"details":{"max_lost_sec":8,"lost_ms":8045}}
2026-04-14T11:24:27Z type=link_mode_changed payload={"type":"link_mode_changed","ts_ms":1776165867495,"details":{"mode":"normal","reason":"rtt-restored","rtt_ms":9}}
2026-04-14T11:26:23Z type=video_lost payload={"type":"video_lost","ts_ms":1776165983007,"details":{"status":"RECONNECTING"}}
2026-04-14T11:26:23Z type=video_retry payload={"type":"video_retry","ts_ms":1776165983008,"details":{"attempt":1,"delay_ms":1000,"mode":"auto"}}
2026-04-14T11:26:23Z type=video_restored payload={"type":"video_restored","ts_ms":1776165983032,"details":{"lost_for_ms":25}}
2026-04-14T11:44:11Z type=link_mode_changed payload={"type":"link_mode_changed","ts_ms":1776167051777,"details":{"mode":"normal","reason":"rtt-restored","rtt_ms":12}}
2026-04-14T11:44:13Z type=video_restored payload={"type":"video_restored","ts_ms":1776167053688,"details":{"lost_for_ms":38}}
2026-04-14T11:44:13Z type=video_lost payload={"type":"video_lost","ts_ms":1776167053709,"details":{"status":"RECONNECTING"}}
2026-04-14T11:44:13Z type=video_retry payload={"type":"video_retry","ts_ms":1776167053711,"details":{"attempt":1,"delay_ms":1000,"mode":"auto"}}
2026-04-14T11:44:13Z type=video_restored payload={"type":"video_restored","ts_ms":1776167053766,"details":{"lost_for_ms":57}}
2026-04-14T11:45:07Z type=video_restored payload={"type":"video_restored","ts_ms":1776167107530,"details":{"lost_for_ms":24}}
2026-04-14T11:45:07Z type=video_lost payload={"type":"video_lost","ts_ms":1776167107555,"details":{"status":"RECONNECTING"}}
2026-04-14T11:45:07Z type=video_retry payload={"type":"video_retry","ts_ms":1776167107557,"details":{"attempt":1,"delay_ms":1000,"mode":"auto"}}
2026-04-14T11:45:07Z type=video_restored payload={"type":"video_restored","ts_ms":1776167107569,"details":{"lost_for_ms":14}}
2026-04-14T11:45:07Z type=video_restored payload={"type":"video_restored","ts_ms":1776167107801,"details":{"lost_for_ms":29}}
2026-04-14T11:45:07Z type=video_lost payload={"type":"video_lost","ts_ms":1776167107821,"details":{"status":"RECONNECTING"}}
2026-04-14T11:45:07Z type=video_retry payload={"type":"video_retry","ts_ms":1776167107822,"details":{"attempt":1,"delay_ms":1000,"mode":"auto"}}
2026-04-14T11:45:07Z type=video_restored payload={"type":"video_restored","ts_ms":1776167107838,"details":{"lost_for_ms":17}}
2026-04-14T11:45:08Z type=video_restored payload={"type":"video_restored","ts_ms":1776167108098,"details":{"lost_for_ms":22}}
2026-04-14T11:45:08Z type=video_lost payload={"type":"video_lost","ts_ms":1776167108121,"details":{"status":"RECONNECTING"}}
2026-04-14T11:45:08Z type=video_retry payload={"type":"video_retry","ts_ms":1776167108121,"details":{"attempt":1,"delay_ms":1000,"mode":"auto"}}
2026-04-14T11:45:08Z type=video_restored payload={"type":"video_restored","ts_ms":1776167108139,"details":{"lost_for_ms":18}}
2026-04-14T11:45:08Z type=video_restored payload={"type":"video_restored","ts_ms":1776167108335,"details":{"lost_for_ms":19}}
2026-04-14T11:45:08Z type=video_lost payload={"type":"video_lost","ts_ms":1776167108355,"details":{"status":"RECONNECTING"}}
2026-04-14T11:45:08Z type=video_retry payload={"type":"video_retry","ts_ms":1776167108356,"details":{"attempt":1,"delay_ms":1000,"mode":"auto"}}
2026-04-14T11:45:08Z type=video_restored payload={"type":"video_restored","ts_ms":1776167108369,"details":{"lost_for_ms":14}}
2026-04-14T11:45:32Z type=track_reacquire_start payload={"type":"track_reacquire_start","ts_ms":1776167132391,"details":{"reason":"lost"}}
2026-04-14T12:13:26Z type=link_mode_changed payload={"type":"link_mode_changed","ts_ms":1776168806147,"details":{"mode":"normal","reason":"rtt-restored","rtt_ms":16}}
2026-04-14T12:13:33Z type=link_mode_changed payload={"type":"link_mode_changed","ts_ms":1776168813150,"details":{"mode":"normal","reason":"rtt-restored","rtt_ms":18}}
2026-04-14T12:13:37Z type=video_restored payload={"type":"video_restored","ts_ms":1776168817347,"details":{"lost_for_ms":29}}
2026-04-14T12:13:37Z type=video_lost payload={"type":"video_lost","ts_ms":1776168817452,"details":{"status":"RECONNECTING"}}
2026-04-14T12:13:37Z type=video_retry payload={"type":"video_retry","ts_ms":1776168817454,"details":{"attempt":1,"delay_ms":1000,"mode":"auto"}}
2026-04-14T12:13:37Z type=video_restored payload={"type":"video_restored","ts_ms":1776168817468,"details":{"lost_for_ms":16}}
2026-04-14T12:14:55Z type=track_reacquire_start payload={"type":"track_reacquire_start","ts_ms":1776168895109,"details":{"reason":"lost"}}
2026-04-14T12:14:55Z type=track_reacquire_end payload={"type":"track_reacquire_end","ts_ms":1776168895251,"details":{"result":"recovered","reason":"lost","lost_ms":142,"scan_steps":0}}
2026-04-14T12:14:55Z type=track_reacquire_start payload={"type":"track_reacquire_start","ts_ms":1776168895441,"details":{"reason":"lost"}}
2026-04-14T12:15:03Z type=track_reacquire_end payload={"type":"track_reacquire_end","ts_ms":1776168903484,"details":{"result":"timeout","reason":"lost","lost_ms":8043,"scan_steps":49}}
2026-04-14T12:15:03Z type=track_reacquire_timeout payload={"type":"track_reacquire_timeout","ts_ms":1776168903484,"details":{"max_lost_sec":8,"lost_ms":8043}}
2026-04-14T12:24:22Z type=link_mode_changed payload={"type":"link_mode_changed","ts_ms":1776169462155,"details":{"mode":"normal","reason":"rtt-restored","rtt_ms":16}}
2026-04-14T12:24:23Z type=video_restored payload={"type":"video_restored","ts_ms":1776169463235,"details":{"lost_for_ms":40}}
2026-04-14T12:24:23Z type=video_lost payload={"type":"video_lost","ts_ms":1776169463342,"details":{"status":"RECONNECTING"}}
2026-04-14T12:24:23Z type=video_retry payload={"type":"video_retry","ts_ms":1776169463343,"details":{"attempt":1,"delay_ms":1000,"mode":"auto"}}
2026-04-14T12:24:23Z type=video_restored payload={"type":"video_restored","ts_ms":1776169463360,"details":{"lost_for_ms":18}}
2026-04-14T12:30:09Z type=track_reacquire_start payload={"type":"track_reacquire_start","ts_ms":1776169809314,"details":{"reason":"weak"}}
2026-04-14T12:30:09Z type=track_reacquire_end payload={"type":"track_reacquire_end","ts_ms":1776169809414,"details":{"result":"recovered","reason":"weak","lost_ms":100,"scan_steps":0}}
2026-04-14T12:30:12Z type=track_reacquire_start payload={"type":"track_reacquire_start","ts_ms":1776169812695,"details":{"reason":"lost"}}
2026-04-14T12:30:12Z type=track_reacquire_end payload={"type":"track_reacquire_end","ts_ms":1776169812819,"details":{"result":"recovered","reason":"lost","lost_ms":124,"scan_steps":0}}
2026-04-14T12:30:12Z type=track_reacquire_start payload={"type":"track_reacquire_start","ts_ms":1776169812945,"details":{"reason":"weak"}}
2026-04-14T12:30:13Z type=track_reacquire_end payload={"type":"track_reacquire_end","ts_ms":1776169813203,"details":{"result":"recovered","reason":"weak","lost_ms":258,"scan_steps":0}}
2026-04-14T12:30:13Z type=track_reacquire_start payload={"type":"track_reacquire_start","ts_ms":1776169813307,"details":{"reason":"lost"}}
2026-04-14T12:30:13Z type=track_reacquire_end payload={"type":"track_reacquire_end","ts_ms":1776169813407,"details":{"result":"recovered","reason":"lost","lost_ms":100,"scan_steps":0}}
2026-04-14T12:30:13Z type=track_reacquire_start payload={"type":"track_reacquire_start","ts_ms":1776169813511,"details":{"reason":"weak"}}
2026-04-14T12:30:13Z type=track_reacquire_end payload={"type":"track_reacquire_end","ts_ms":1776169813614,"details":{"result":"recovered","reason":"weak","lost_ms":103,"scan_steps":0}}
2026-04-14T12:30:13Z type=track_reacquire_start payload={"type":"track_reacquire_start","ts_ms":1776169813824,"details":{"reason":"weak"}}
2026-04-14T12:30:14Z type=track_reacquire_end payload={"type":"track_reacquire_end","ts_ms":1776169814025,"details":{"result":"recovered","reason":"weak","lost_ms":201,"scan_steps":0}}
2026-04-14T12:30:14Z type=track_reacquire_start payload={"type":"track_reacquire_start","ts_ms":1776169814128,"details":{"reason":"weak"}}
2026-04-14T12:30:14Z type=track_reacquire_end payload={"type":"track_reacquire_end","ts_ms":1776169814334,"details":{"result":"recovered","reason":"weak","lost_ms":206,"scan_steps":0}}
2026-04-14T12:30:14Z type=track_reacquire_start payload={"type":"track_reacquire_start","ts_ms":1776169814728,"details":{"reason":"lost"}}
2026-04-14T12:30:14Z type=track_reacquire_end payload={"type":"track_reacquire_end","ts_ms":1776169814935,"details":{"result":"recovered","reason":"lost","lost_ms":207,"scan_steps":0}}
2026-04-14T12:30:15Z type=track_reacquire_start payload={"type":"track_reacquire_start","ts_ms":1776169815442,"details":{"reason":"lost"}}
2026-04-14T12:30:15Z type=track_reacquire_end payload={"type":"track_reacquire_end","ts_ms":1776169815974,"details":{"result":"recovered","reason":"lost","lost_ms":532,"scan_steps":0}}
2026-04-14T12:30:16Z type=track_reacquire_start payload={"type":"track_reacquire_start","ts_ms":1776169816047,"details":{"reason":"lost"}}
2026-04-14T12:30:24Z type=track_reacquire_end payload={"type":"track_reacquire_end","ts_ms":1776169824083,"details":{"result":"timeout","reason":"lost","lost_ms":8036,"scan_steps":72}}
2026-04-14T12:30:24Z type=track_reacquire_timeout payload={"type":"track_reacquire_timeout","ts_ms":1776169824083,"details":{"max_lost_sec":8,"lost_ms":8035}}
2026-04-14T12:38:38Z type=link_mode_changed payload={"type":"link_mode_changed","ts_ms":1776170318100,"details":{"mode":"normal","reason":"rtt-restored","rtt_ms":13}}
2026-04-14T12:38:46Z type=video_restored payload={"type":"video_restored","ts_ms":1776170326263,"details":{"lost_for_ms":23}}
2026-04-14T12:38:46Z type=video_lost payload={"type":"video_lost","ts_ms":1776170326447,"details":{"status":"RECONNECTING"}}
2026-04-14T12:38:46Z type=video_retry payload={"type":"video_retry","ts_ms":1776170326448,"details":{"attempt":1,"delay_ms":1000,"mode":"auto"}}
2026-04-14T12:38:46Z type=video_restored payload={"type":"video_restored","ts_ms":1776170326463,"details":{"lost_for_ms":16}}
2026-04-14T12:43:21Z type=track_reacquire_start payload={"type":"track_reacquire_start","ts_ms":1776170601704,"details":{"reason":"weak"}}
2026-04-14T12:43:27Z type=track_reacquire_end payload={"type":"track_reacquire_end","ts_ms":1776170607713,"details":{"result":"timeout","reason":"weak","lost_ms":6009,"scan_steps":35}}
2026-04-14T12:43:27Z type=track_reacquire_timeout payload={"type":"track_reacquire_timeout","ts_ms":1776170607714,"details":{"max_lost_sec":6,"lost_ms":6009}}
2026-04-14T12:51:58Z type=link_mode_changed payload={"type":"link_mode_changed","ts_ms":1776171118977,"details":{"mode":"normal","reason":"rtt-restored","rtt_ms":12}}
2026-04-14T12:52:06Z type=video_lost payload={"type":"video_lost","ts_ms":1776171126609,"details":{"status":"RECONNECTING"}}
2026-04-14T12:52:06Z type=video_retry payload={"type":"video_retry","ts_ms":1776171126611,"details":{"attempt":1,"delay_ms":1000,"mode":"auto"}}
2026-04-14T12:52:06Z type=video_restored payload={"type":"video_restored","ts_ms":1776171126641,"details":{"lost_for_ms":32}}
2026-04-14T13:23:16Z type=link_mode_changed payload={"type":"link_mode_changed","ts_ms":1776172996792,"details":{"mode":"normal","reason":"rtt-restored","rtt_ms":16}}
2026-04-14T13:23:19Z type=video_restored payload={"type":"video_restored","ts_ms":1776172999143,"details":{"lost_for_ms":33}}
2026-04-14T13:23:19Z type=video_lost payload={"type":"video_lost","ts_ms":1776172999217,"details":{"status":"RECONNECTING"}}
2026-04-14T13:23:19Z type=video_retry payload={"type":"video_retry","ts_ms":1776172999217,"details":{"attempt":1,"delay_ms":1000,"mode":"auto"}}
2026-04-14T13:23:19Z type=video_restored payload={"type":"video_restored","ts_ms":1776172999230,"details":{"lost_for_ms":13}}
2026-04-14T13:44:22Z type=video_restored payload={"type":"video_restored","ts_ms":1776174262583,"details":{"lost_for_ms":25}}
2026-04-14T13:44:22Z type=video_lost payload={"type":"video_lost","ts_ms":1776174262803,"details":{"status":"RECONNECTING"}}
2026-04-14T13:44:22Z type=video_retry payload={"type":"video_retry","ts_ms":1776174262804,"details":{"attempt":1,"delay_ms":1000,"mode":"auto"}}
2026-04-14T13:44:22Z type=video_restored payload={"type":"video_restored","ts_ms":1776174262820,"details":{"lost_for_ms":17}}
2026-04-14T13:48:00Z type=detector_model_switch_start payload={"type":"detector_model_switch_start","model":"model_rknn/yolov8s_800x800_9out_fp32.rknn"}
2026-04-14T13:48:00Z type=detector_model_switch_ok payload={"type":"detector_model_switch_ok","model":"model_rknn/yolov8s_800x800_9out_fp32.rknn"}
2026-04-14T13:49:32Z type=link_mode_changed payload={"type":"link_mode_changed","ts_ms":1776174572903,"details":{"mode":"normal","reason":"rtt-restored","rtt_ms":13}}
2026-04-14T13:49:36Z type=video_retry payload={"type":"video_retry","ts_ms":1776174575983,"details":{"attempt":1,"delay_ms":1000,"mode":"auto"}}
2026-04-14T13:49:36Z type=video_restored payload={"type":"video_restored","ts_ms":1776174575993,"details":{"lost_for_ms":145}}
2026-04-14T13:51:26Z type=link_mode_changed payload={"type":"link_mode_changed","ts_ms":1776174686975,"details":{"mode":"normal","reason":"rtt-restored","rtt_ms":10}}
2026-04-14T13:51:28Z type=video_retry payload={"type":"video_retry","ts_ms":1776174688528,"details":{"attempt":1,"delay_ms":1000,"mode":"auto"}}
2026-04-14T13:51:28Z type=video_restored payload={"type":"video_restored","ts_ms":1776174688533,"details":{"lost_for_ms":126}}
2026-04-14T14:02:30Z type=link_mode_changed payload={"type":"link_mode_changed","ts_ms":1776175350390,"details":{"mode":"normal","reason":"rtt-restored","rtt_ms":12}}
2026-04-14T14:02:32Z type=video_restored payload={"type":"video_restored","ts_ms":1776175352328,"details":{"lost_for_ms":20}}
2026-04-14T14:02:32Z type=video_lost payload={"type":"video_lost","ts_ms":1776175352422,"details":{"status":"RECONNECTING"}}
2026-04-14T14:02:32Z type=video_retry payload={"type":"video_retry","ts_ms":1776175352423,"details":{"attempt":1,"delay_ms":1000,"mode":"auto"}}
2026-04-14T14:02:32Z type=video_restored payload={"type":"video_restored","ts_ms":1776175352437,"details":{"lost_for_ms":15}}
2026-04-14T14:02:49Z type=link_mode_changed payload={"type":"link_mode_changed","ts_ms":1776175369543,"details":{"mode":"normal","reason":"rtt-restored","rtt_ms":55}}
2026-04-14T14:04:12Z type=video_retry payload={"type":"video_retry","ts_ms":1776175452566,"details":{"attempt":1,"delay_ms":1000,"mode":"auto"}}
2026-04-14T14:04:12Z type=video_restored payload={"type":"video_restored","ts_ms":1776175452575,"details":{"lost_for_ms":139}}
2026-04-14T14:04:12Z type=video_restored payload={"type":"video_restored","ts_ms":1776175452900,"details":{"lost_for_ms":19}}
2026-04-14T14:04:13Z type=video_restored payload={"type":"video_restored","ts_ms":1776175453019,"details":{"lost_for_ms":17}}
2026-04-14T14:04:13Z type=video_retry payload={"type":"video_retry","ts_ms":1776175453153,"details":{"attempt":1,"delay_ms":1000,"mode":"auto"}}
2026-04-14T14:04:13Z type=video_lost payload={"type":"video_lost","ts_ms":1776175453152,"details":{"status":"RECONNECTING"}}
2026-04-14T14:04:13Z type=video_restored payload={"type":"video_restored","ts_ms":1776175453167,"details":{"lost_for_ms":15}}
2026-04-14T14:04:15Z type=link_mode_changed payload={"type":"link_mode_changed","ts_ms":1776175455505,"details":{"mode":"safe","reason":"rtt-high","rtt_ms":500}}
2026-04-14T14:04:16Z type=link_mode_changed payload={"type":"link_mode_changed","ts_ms":1776175455882,"details":{"mode":"safe","reason":"rtt-high","rtt_ms":395}}
2026-04-14T14:04:16Z type=link_mode_changed payload={"type":"link_mode_changed","ts_ms":1776175456653,"details":{"mode":"normal","reason":"rtt-restored","rtt_ms":157}}
2026-04-14T14:04:17Z type=link_mode_changed payload={"type":"link_mode_changed","ts_ms":1776175457301,"details":{"mode":"normal","reason":"rtt-restored","rtt_ms":32}}
2026-04-14T14:04:56Z type=link_mode_changed payload={"type":"link_mode_changed","ts_ms":1776175496538,"details":{"mode":"normal","reason":"rtt-restored","rtt_ms":45}}
2026-04-14T14:04:56Z type=link_mode_changed payload={"type":"link_mode_changed","ts_ms":1776175496669,"details":{"mode":"normal","reason":"rtt-restored","rtt_ms":9}}
2026-04-14T14:05:29Z type=video_lost payload={"type":"video_lost","ts_ms":1776175529705,"details":{"status":"RECONNECTING"}}
2026-04-14T14:05:29Z type=video_retry payload={"type":"video_retry","ts_ms":1776175529707,"details":{"attempt":1,"delay_ms":1000,"mode":"auto"}}
2026-04-14T14:05:29Z type=video_restored payload={"type":"video_restored","ts_ms":1776175529722,"details":{"lost_for_ms":17}}
2026-04-14T14:05:59Z type=video_retry payload={"type":"video_retry","ts_ms":1776175559504,"details":{"attempt":1,"delay_ms":1000,"mode":"auto"}}
2026-04-14T14:05:59Z type=video_restored payload={"type":"video_restored","ts_ms":1776175559511,"details":{"lost_for_ms":173}}
2026-04-14T14:09:07Z type=link_mode_changed payload={"type":"link_mode_changed","ts_ms":1776175747379,"details":{"mode":"normal","reason":"rtt-restored","rtt_ms":28}}
2026-04-14T14:09:07Z type=link_mode_changed payload={"type":"link_mode_changed","ts_ms":1776175747653,"details":{"mode":"normal","reason":"rtt-restored","rtt_ms":12}}
2026-04-14T14:09:12Z type=video_retry payload={"type":"video_retry","ts_ms":1776175752104,"details":{"attempt":1,"delay_ms":1000,"mode":"auto"}}
2026-04-14T14:09:12Z type=video_restored payload={"type":"video_restored","ts_ms":1776175752109,"details":{"lost_for_ms":139}}
2026-04-14T14:09:19Z type=video_retry payload={"type":"video_retry","ts_ms":1776175759333,"details":{"attempt":1,"delay_ms":1000,"mode":"auto"}}
2026-04-14T14:09:19Z type=video_restored payload={"type":"video_restored","ts_ms":1776175759339,"details":{"lost_for_ms":164}}
2026-04-14T14:09:40Z type=video_restored payload={"type":"video_restored","ts_ms":1776175780837,"details":{"lost_for_ms":19}}
2026-04-14T14:09:41Z type=video_lost payload={"type":"video_lost","ts_ms":1776175781023,"details":{"status":"RECONNECTING"}}
2026-04-14T14:09:41Z type=video_retry payload={"type":"video_retry","ts_ms":1776175781025,"details":{"attempt":1,"delay_ms":1000,"mode":"auto"}}
2026-04-14T14:09:41Z type=video_restored payload={"type":"video_restored","ts_ms":1776175781039,"details":{"lost_for_ms":16}}
2026-04-14T14:09:41Z type=video_restored payload={"type":"video_restored","ts_ms":1776175781267,"details":{"lost_for_ms":22}}
2026-04-14T14:09:41Z type=video_lost payload={"type":"video_lost","ts_ms":1776175781480,"details":{"status":"RECONNECTING"}}
2026-04-14T14:09:41Z type=video_retry payload={"type":"video_retry","ts_ms":1776175781482,"details":{"attempt":1,"delay_ms":1000,"mode":"auto"}}
2026-04-14T14:09:41Z type=video_restored payload={"type":"video_restored","ts_ms":1776175781549,"details":{"lost_for_ms":69}}
2026-04-14T14:17:24Z type=link_mode_changed payload={"type":"link_mode_changed","ts_ms":1776176244606,"details":{"mode":"normal","reason":"rtt-restored","rtt_ms":18}}
2026-04-14T14:17:32Z type=link_mode_changed payload={"type":"link_mode_changed","ts_ms":1776176195943,"details":{"mode":"critical","reason":"rtt-critical","rtt_ms":null}}
2026-04-14T14:17:32Z type=link_mode_changed payload={"type":"link_mode_changed","ts_ms":1776176252782,"details":{"mode":"safe","reason":"rtt-high","rtt_ms":251}}
2026-04-14T14:17:33Z type=link_mode_changed payload={"type":"link_mode_changed","ts_ms":1776176253949,"details":{"mode":"normal","reason":"rtt-restored","rtt_ms":60}}
2026-04-14T14:17:39Z type=video_retry payload={"type":"video_retry","ts_ms":1776176258998,"details":{"attempt":1,"delay_ms":1000,"mode":"auto"}}
2026-04-14T14:17:39Z type=video_restored payload={"type":"video_restored","ts_ms":1776176259004,"details":{"lost_for_ms":166}}
2026-04-14T14:18:22Z type=video_retry payload={"type":"video_retry","ts_ms":1776176302448,"details":{"attempt":1,"delay_ms":1000,"mode":"auto"}}
2026-04-14T14:18:22Z type=video_restored payload={"type":"video_restored","ts_ms":1776176302460,"details":{"lost_for_ms":206}}
2026-04-14T14:18:28Z type=video_restored payload={"type":"video_restored","ts_ms":1776176308753,"details":{"lost_for_ms":16}}
2026-04-14T14:18:28Z type=video_retry payload={"type":"video_retry","ts_ms":1776176308886,"details":{"attempt":1,"delay_ms":1000,"mode":"auto"}}
2026-04-14T14:18:28Z type=video_lost payload={"type":"video_lost","ts_ms":1776176308885,"details":{"status":"RECONNECTING"}}
2026-04-14T14:18:28Z type=video_restored payload={"type":"video_restored","ts_ms":1776176308933,"details":{"lost_for_ms":17}}
2026-04-14T14:18:29Z type=video_restored payload={"type":"video_restored","ts_ms":1776176309094,"details":{"lost_for_ms":5}}
2026-04-14T14:18:29Z type=video_lost payload={"type":"video_lost","ts_ms":1776176309254,"details":{"status":"RECONNECTING"}}
2026-04-14T14:18:29Z type=video_retry payload={"type":"video_retry","ts_ms":1776176309255,"details":{"attempt":1,"delay_ms":1000,"mode":"auto"}}
2026-04-14T14:18:29Z type=video_restored payload={"type":"video_restored","ts_ms":1776176309264,"details":{"lost_for_ms":10}}
2026-04-14T14:19:02Z type=link_mode_changed payload={"type":"link_mode_changed","ts_ms":1776176342665,"details":{"mode":"safe","reason":"rtt-high","rtt_ms":249}}
2026-04-14T14:19:03Z type=link_mode_changed payload={"type":"link_mode_changed","ts_ms":1776176343547,"details":{"mode":"normal","reason":"rtt-restored","rtt_ms":46}}
2026-04-14T14:32:18Z type=link_mode_changed payload={"type":"link_mode_changed","ts_ms":1776177138037,"details":{"mode":"normal","reason":"rtt-restored","rtt_ms":19}}
2026-04-14T14:32:22Z type=video_restored payload={"type":"video_restored","ts_ms":1776177142571,"details":{"lost_for_ms":17}}
2026-04-14T14:32:22Z type=video_lost payload={"type":"video_lost","ts_ms":1776177142650,"details":{"status":"RECONNECTING"}}
2026-04-14T14:32:22Z type=video_retry payload={"type":"video_retry","ts_ms":1776177142650,"details":{"attempt":1,"delay_ms":1000,"mode":"auto"}}
2026-04-14T14:32:22Z type=video_restored payload={"type":"video_restored","ts_ms":1776177142665,"details":{"lost_for_ms":15}}
2026-04-14T14:32:27Z type=video_restored payload={"type":"video_restored","ts_ms":1776177147281,"details":{"lost_for_ms":36}}
2026-04-14T14:32:27Z type=video_lost payload={"type":"video_lost","ts_ms":1776177147353,"details":{"status":"RECONNECTING"}}
2026-04-14T14:32:27Z type=video_retry payload={"type":"video_retry","ts_ms":1776177147354,"details":{"attempt":1,"delay_ms":1000,"mode":"auto"}}
2026-04-14T14:32:27Z type=video_restored payload={"type":"video_restored","ts_ms":1776177147364,"details":{"lost_for_ms":11}}
2026-04-14T14:32:35Z type=link_mode_changed payload={"type":"link_mode_changed","ts_ms":1776176688559,"details":{"mode":"critical","reason":"rtt-critical","rtt_ms":null}}
2026-04-14T14:32:36Z type=link_mode_changed payload={"type":"link_mode_changed","ts_ms":1776177156420,"details":{"mode":"normal","reason":"rtt-restored","rtt_ms":20}}
2026-04-14T14:32:41Z type=video_restored payload={"type":"video_restored","ts_ms":1776177161664,"details":{"lost_for_ms":123}}
2026-04-14T14:32:41Z type=video_retry payload={"type":"video_retry","ts_ms":1776177161658,"details":{"attempt":1,"delay_ms":1000,"mode":"auto"}}
2026-04-14T14:34:27Z type=link_mode_changed payload={"type":"link_mode_changed","ts_ms":1776177267250,"details":{"mode":"safe","reason":"rtt-high","rtt_ms":315}}
2026-04-14T14:34:28Z type=link_mode_changed payload={"type":"link_mode_changed","ts_ms":1776177267985,"details":{"mode":"normal","reason":"rtt-restored","rtt_ms":51}}
2026-04-14T14:34:39Z type=link_mode_changed payload={"type":"link_mode_changed","ts_ms":1776177279240,"details":{"mode":"safe","reason":"rtt-high","rtt_ms":294}}
2026-04-14T14:34:39Z type=link_mode_changed payload={"type":"link_mode_changed","ts_ms":1776177279984,"details":{"mode":"normal","reason":"rtt-restored","rtt_ms":37}}
2026-04-14T14:35:59Z type=link_mode_changed payload={"type":"link_mode_changed","ts_ms":1776177359595,"details":{"mode":"normal","reason":"rtt-restored","rtt_ms":46}}
2026-04-14T14:36:00Z type=link_mode_changed payload={"type":"link_mode_changed","ts_ms":1776177360006,"details":{"mode":"normal","reason":"rtt-restored","rtt_ms":12}}
2026-04-14T14:36:06Z type=video_lost payload={"type":"video_lost","ts_ms":1776177366837,"details":{"status":"RECONNECTING"}}
2026-04-14T14:36:06Z type=video_retry payload={"type":"video_retry","ts_ms":1776177366842,"details":{"attempt":1,"delay_ms":1000,"mode":"auto"}}
2026-04-14T14:36:06Z type=video_restored payload={"type":"video_restored","ts_ms":1776177366854,"details":{"lost_for_ms":17}}
2026-04-14T14:36:10Z type=link_mode_changed payload={"type":"link_mode_changed","ts_ms":1776177370220,"details":{"mode":"safe","reason":"rtt-high","rtt_ms":671}}
2026-04-14T14:36:11Z type=link_mode_changed payload={"type":"link_mode_changed","ts_ms":1776177371535,"details":{"mode":"critical","reason":"rtt-critical","rtt_ms":986}}
2026-04-14T14:36:12Z type=link_mode_changed payload={"type":"link_mode_changed","ts_ms":1776177372796,"details":{"mode":"safe","reason":"rtt-high","rtt_ms":247}}
2026-04-14T14:36:14Z type=link_mode_changed payload={"type":"link_mode_changed","ts_ms":1776177373771,"details":{"mode":"normal","reason":"rtt-restored","rtt_ms":216}}
2026-04-14T14:36:15Z type=link_mode_changed payload={"type":"link_mode_changed","ts_ms":1776177375371,"details":{"mode":"safe","reason":"rtt-high","rtt_ms":373}}
2026-04-14T14:36:25Z type=link_mode_changed payload={"type":"link_mode_changed","ts_ms":1776177385586,"details":{"mode":"normal","reason":"rtt-restored","rtt_ms":37}}
2026-04-14T14:36:26Z type=link_mode_changed payload={"type":"link_mode_changed","ts_ms":1776177386017,"details":{"mode":"normal","reason":"rtt-restored","rtt_ms":15}}
2026-04-14T14:36:26Z type=video_retry payload={"type":"video_retry","ts_ms":1776177386034,"details":{"attempt":2,"delay_ms":2000,"mode":"auto"}}
2026-04-14T14:36:26Z type=video_restored payload={"type":"video_restored","ts_ms":1776177386042,"details":{"lost_for_ms":1010}}
2026-04-14T14:37:44Z type=link_mode_changed payload={"type":"link_mode_changed","ts_ms":1776177464594,"details":{"mode":"normal","reason":"rtt-restored","rtt_ms":45}}
2026-04-14T14:37:45Z type=link_mode_changed payload={"type":"link_mode_changed","ts_ms":1776177465102,"details":{"mode":"normal","reason":"rtt-restored","rtt_ms":19}}
2026-04-14T14:37:52Z type=video_lost payload={"type":"video_lost","ts_ms":1776177472234,"details":{"status":"RECONNECTING"}}
2026-04-14T14:37:52Z type=video_retry payload={"type":"video_retry","ts_ms":1776177472235,"details":{"attempt":1,"delay_ms":1000,"mode":"auto"}}
2026-04-14T14:37:52Z type=video_restored payload={"type":"video_restored","ts_ms":1776177472246,"details":{"lost_for_ms":12}}
2026-04-14T14:37:58Z type=link_mode_changed payload={"type":"link_mode_changed","ts_ms":1776177477432,"details":{"mode":"critical","reason":"rtt-critical","rtt_ms":868}}
2026-04-14T14:37:59Z type=link_mode_changed payload={"type":"link_mode_changed","ts_ms":1776177478921,"details":{"mode":"safe","reason":"rtt-high","rtt_ms":373}}
2026-04-14T14:38:00Z type=link_mode_changed payload={"type":"link_mode_changed","ts_ms":1776177480633,"details":{"mode":"normal","reason":"rtt-restored","rtt_ms":84}}
2026-04-14T14:38:02Z type=link_mode_changed payload={"type":"link_mode_changed","ts_ms":1776177482611,"details":{"mode":"safe","reason":"rtt-high","rtt_ms":518}}
2026-04-14T14:38:03Z type=link_mode_changed payload={"type":"link_mode_changed","ts_ms":1776177482797,"details":{"mode":"safe","reason":"rtt-high","rtt_ms":249}}
2026-04-14T14:38:03Z type=link_mode_changed payload={"type":"link_mode_changed","ts_ms":1776177483194,"details":{"mode":"normal","reason":"rtt-restored","rtt_ms":101}}
2026-04-14T14:38:05Z type=link_mode_changed payload={"type":"link_mode_changed","ts_ms":1776177484745,"details":{"mode":"normal","reason":"rtt-restored","rtt_ms":196}}
2026-04-14T14:38:08Z type=link_mode_changed payload={"type":"link_mode_changed","ts_ms":1776177487314,"details":{"mode":"critical","reason":"rtt-critical","rtt_ms":765}}
2026-04-14T14:38:09Z type=link_mode_changed payload={"type":"link_mode_changed","ts_ms":1776177488838,"details":{"mode":"safe","reason":"rtt-high","rtt_ms":290}}
2026-04-14T14:38:14Z type=video_lost payload={"type":"video_lost","ts_ms":1776177493787,"details":{"status":"RECONNECTING"}}
2026-04-14T14:38:14Z type=video_retry payload={"type":"video_retry","ts_ms":1776177493788,"details":{"attempt":1,"delay_ms":1000,"mode":"auto"}}
2026-04-14T14:38:14Z type=video_restored payload={"type":"video_restored","ts_ms":1776177493802,"details":{"lost_for_ms":15}}
2026-04-14T14:38:14Z type=link_mode_changed payload={"type":"link_mode_changed","ts_ms":1776177494157,"details":{"mode":"critical","reason":"rtt-critical","rtt_ms":609}}
2026-04-14T14:38:15Z type=video_retry payload={"type":"video_retry","ts_ms":1776177495229,"details":{"attempt":1,"delay_ms":1000,"mode":"auto"}}
2026-04-14T14:38:15Z type=video_lost payload={"type":"video_lost","ts_ms":1776177495228,"details":{"status":"RECONNECTING"}}
2026-04-14T14:38:16Z type=video_restored payload={"type":"video_restored","ts_ms":1776177495241,"details":{"lost_for_ms":13}}
2026-04-14T14:38:16Z type=video_lost payload={"type":"video_lost","ts_ms":1776177495880,"details":{"status":"RECONNECTING"}}
2026-04-14T14:38:16Z type=video_retry payload={"type":"video_retry","ts_ms":1776177495881,"details":{"attempt":1,"delay_ms":1000,"mode":"auto"}}
2026-04-14T14:38:16Z type=video_restored payload={"type":"video_restored","ts_ms":1776177495892,"details":{"lost_for_ms":12}}
2026-04-14T14:38:16Z type=video_lost payload={"type":"video_lost","ts_ms":1776177496065,"details":{"status":"RECONNECTING"}}
2026-04-14T14:38:16Z type=video_retry payload={"type":"video_retry","ts_ms":1776177496066,"details":{"attempt":1,"delay_ms":1000,"mode":"auto"}}
2026-04-14T14:38:16Z type=video_restored payload={"type":"video_restored","ts_ms":1776177496078,"details":{"lost_for_ms":13}}
2026-04-14T14:38:16Z type=video_lost payload={"type":"video_lost","ts_ms":1776177496233,"details":{"status":"RECONNECTING"}}
2026-04-14T14:38:16Z type=video_retry payload={"type":"video_retry","ts_ms":1776177496235,"details":{"attempt":1,"delay_ms":1000,"mode":"auto"}}
2026-04-14T14:38:16Z type=video_restored payload={"type":"video_restored","ts_ms":1776177496248,"details":{"lost_for_ms":15}}
2026-04-14T14:38:16Z type=video_lost payload={"type":"video_lost","ts_ms":1776177496425,"details":{"status":"RECONNECTING"}}
2026-04-14T14:38:16Z type=video_retry payload={"type":"video_retry","ts_ms":1776177496426,"details":{"attempt":1,"delay_ms":1000,"mode":"auto"}}
2026-04-14T14:38:16Z type=video_restored payload={"type":"video_restored","ts_ms":1776177496439,"details":{"lost_for_ms":14}}
2026-04-14T14:38:16Z type=video_lost payload={"type":"video_lost","ts_ms":1776177496536,"details":{"status":"RECONNECTING"}}
2026-04-14T14:38:16Z type=video_retry payload={"type":"video_retry","ts_ms":1776177496538,"details":{"attempt":1,"delay_ms":1000,"mode":"auto"}}
2026-04-14T14:38:16Z type=video_restored payload={"type":"video_restored","ts_ms":1776177496549,"details":{"lost_for_ms":13}}
2026-04-14T14:38:22Z type=link_mode_changed payload={"type":"link_mode_changed","ts_ms":1776177501925,"details":{"mode":"safe","reason":"rtt-high","rtt_ms":377}}
2026-04-14T14:38:24Z type=link_mode_changed payload={"type":"link_mode_changed","ts_ms":1776177504312,"details":{"mode":"critical","reason":"rtt-critical","rtt_ms":761}}
2026-04-14T14:38:25Z type=link_mode_changed payload={"type":"link_mode_changed","ts_ms":1776177504977,"details":{"mode":"safe","reason":"rtt-high","rtt_ms":420}}
2026-04-14T14:38:26Z type=link_mode_changed payload={"type":"link_mode_changed","ts_ms":1776177506680,"details":{"mode":"normal","reason":"rtt-restored","rtt_ms":131}}
2026-04-14T14:38:29Z type=link_mode_changed payload={"type":"link_mode_changed","ts_ms":1776177509756,"details":{"mode":"critical","reason":"rtt-critical","rtt_ms":1207}}
2026-04-14T14:38:29Z type=link_mode_changed payload={"type":"link_mode_changed","ts_ms":1776177509827,"details":{"mode":"safe","reason":"rtt-high","rtt_ms":270}}
2026-04-14T14:38:33Z type=link_mode_changed payload={"type":"link_mode_changed","ts_ms":1776177512542,"details":{"mode":"critical","reason":"rtt-critical","rtt_ms":994}}
2026-04-14T14:38:34Z type=link_mode_changed payload={"type":"link_mode_changed","ts_ms":1776177513708,"details":{"mode":"normal","reason":"rtt-restored","rtt_ms":159}}
2026-04-14T14:38:37Z type=link_mode_changed payload={"type":"link_mode_changed","ts_ms":1776177516625,"details":{"mode":"critical","reason":"rtt-critical","rtt_ms":1077}}
2026-04-14T14:38:39Z type=link_mode_changed payload={"type":"link_mode_changed","ts_ms":1776177519816,"details":{"mode":"safe","reason":"rtt-high","rtt_ms":268}}
2026-04-14T14:38:44Z type=link_mode_changed payload={"type":"link_mode_changed","ts_ms":1776177523442,"details":{"mode":"critical","reason":"rtt-critical","rtt_ms":894}}
2026-04-14T14:38:45Z type=link_mode_changed payload={"type":"link_mode_changed","ts_ms":1776177524915,"details":{"mode":"safe","reason":"rtt-high","rtt_ms":367}}
2026-04-14T14:38:47Z type=detector_model_switch_start payload={"type":"detector_model_switch_start","model":"model_rknn/yolov8s_640x640_9out_fp32.rknn"}
2026-04-14T14:38:47Z type=detector_model_switch_ok payload={"type":"detector_model_switch_ok","model":"model_rknn/yolov8s_640x640_9out_fp32.rknn"}
2026-04-14T14:38:49Z type=link_mode_changed payload={"type":"link_mode_changed","ts_ms":1776177528389,"details":{"mode":"critical","reason":"rtt-critical","rtt_ms":1837}}
2026-04-14T14:38:53Z type=link_mode_changed payload={"type":"link_mode_changed","ts_ms":1776177532786,"details":{"mode":"safe","reason":"rtt-high","rtt_ms":238}}
2026-04-14T14:38:56Z type=link_mode_changed payload={"type":"link_mode_changed","ts_ms":1776177536462,"details":{"mode":"critical","reason":"rtt-critical","rtt_ms":913}}
2026-04-14T14:38:57Z type=link_mode_changed payload={"type":"link_mode_changed","ts_ms":1776177536732,"details":{"mode":"normal","reason":"rtt-restored","rtt_ms":181}}
2026-04-14T14:38:57Z type=video_retry payload={"type":"video_retry","ts_ms":1776177537185,"details":{"attempt":1,"delay_ms":1000,"mode":"auto"}}
2026-04-14T14:38:57Z type=video_lost payload={"type":"video_lost","ts_ms":1776177537184,"details":{"status":"RECONNECTING"}}
2026-04-14T14:38:57Z type=video_restored payload={"type":"video_restored","ts_ms":1776177537197,"details":{"lost_for_ms":13}}
2026-04-14T14:39:00Z type=link_mode_changed payload={"type":"link_mode_changed","ts_ms":1776177539351,"details":{"mode":"safe","reason":"rtt-high","rtt_ms":797}}
2026-04-14T14:39:00Z type=video_lost payload={"type":"video_lost","ts_ms":1776177539417,"details":{"status":"RECONNECTING"}}
2026-04-14T14:39:00Z type=video_retry payload={"type":"video_retry","ts_ms":1776177539418,"details":{"attempt":1,"delay_ms":1000,"mode":"auto"}}
2026-04-14T14:39:00Z type=video_restored payload={"type":"video_restored","ts_ms":1776177539430,"details":{"lost_for_ms":13}}
2026-04-14T14:39:00Z type=link_mode_changed payload={"type":"link_mode_changed","ts_ms":1776177540142,"details":{"mode":"critical","reason":"rtt-critical","rtt_ms":593}}
2026-04-14T14:39:00Z type=link_mode_changed payload={"type":"link_mode_changed","ts_ms":1776177540776,"details":{"mode":"safe","reason":"rtt-high","rtt_ms":221}}
2026-04-14T14:39:04Z type=link_mode_changed payload={"type":"link_mode_changed","ts_ms":1776177543390,"details":{"mode":"critical","reason":"rtt-critical","rtt_ms":827}}
2026-04-14T14:39:08Z type=link_mode_changed payload={"type":"link_mode_changed","ts_ms":1776177548077,"details":{"mode":"safe","reason":"rtt-high","rtt_ms":368}}
2026-04-14T14:39:10Z type=link_mode_changed payload={"type":"link_mode_changed","ts_ms":1776177550071,"details":{"mode":"critical","reason":"rtt-critical","rtt_ms":518}}
2026-04-14T14:39:11Z type=link_mode_changed payload={"type":"link_mode_changed","ts_ms":1776177550934,"details":{"mode":"safe","reason":"rtt-high","rtt_ms":385}}
2026-04-14T14:39:17Z type=link_mode_changed payload={"type":"link_mode_changed","ts_ms":1776177557204,"details":{"mode":"critical","reason":"rtt-critical","rtt_ms":656}}
2026-04-14T14:39:19Z type=video_lost payload={"type":"video_lost","ts_ms":1776177558712,"details":{"status":"RECONNECTING"}}
2026-04-14T14:39:19Z type=video_retry payload={"type":"video_retry","ts_ms":1776177558713,"details":{"attempt":1,"delay_ms":1000,"mode":"auto"}}
2026-04-14T14:39:19Z type=video_restored payload={"type":"video_restored","ts_ms":1776177558726,"details":{"lost_for_ms":14}}
2026-04-14T14:39:19Z type=link_mode_changed payload={"type":"link_mode_changed","ts_ms":1776177558993,"details":{"mode":"safe","reason":"rtt-high","rtt_ms":443}}
2026-04-14T14:39:21Z type=link_mode_changed payload={"type":"link_mode_changed","ts_ms":1776177561006,"details":{"mode":"critical","reason":"rtt-critical","rtt_ms":452}}
2026-04-14T14:39:23Z type=link_mode_changed payload={"type":"link_mode_changed","ts_ms":1776177562972,"details":{"mode":"safe","reason":"rtt-high","rtt_ms":418}}
2026-04-14T14:39:25Z type=link_mode_changed payload={"type":"link_mode_changed","ts_ms":1776177565743,"details":{"mode":"normal","reason":"rtt-restored","rtt_ms":195}}
2026-04-14T14:39:33Z type=video_retry payload={"type":"video_retry","ts_ms":1776177573103,"details":{"attempt":1,"delay_ms":1000,"mode":"auto"}}
2026-04-14T14:39:33Z type=video_restored payload={"type":"video_restored","ts_ms":1776177573108,"details":{"lost_for_ms":224}}
2026-04-14T16:51:34Z type=video_restored payload={"type":"video_restored","ts_ms":1776185494971,"details":{"lost_for_ms":89}}
2026-04-14T16:51:35Z type=video_lost payload={"type":"video_lost","ts_ms":1776185495099,"details":{"status":"RECONNECTING"}}
2026-04-14T16:51:35Z type=video_retry payload={"type":"video_retry","ts_ms":1776185495101,"details":{"attempt":1,"delay_ms":1000,"mode":"auto"}}
2026-04-14T16:51:35Z type=video_restored payload={"type":"video_restored","ts_ms":1776185495117,"details":{"lost_for_ms":18}}
2026-04-14T16:53:47Z type=link_mode_changed payload={"type":"link_mode_changed","ts_ms":1776185627323,"details":{"mode":"normal","reason":"rtt-restored","rtt_ms":33}}
2026-04-14T16:53:56Z type=video_retry payload={"type":"video_retry","ts_ms":1776185636004,"details":{"attempt":1,"delay_ms":1000,"mode":"auto"}}
2026-04-14T16:53:56Z type=video_restored payload={"type":"video_restored","ts_ms":1776185636011,"details":{"lost_for_ms":357}}
2026-04-14T17:09:42Z type=link_mode_changed payload={"type":"link_mode_changed","ts_ms":1776186582750,"details":{"mode":"normal","reason":"rtt-restored","rtt_ms":11}}
2026-04-14T17:30:42Z type=video_retry payload={"type":"video_retry","ts_ms":1776187842639,"details":{"attempt":2,"delay_ms":2000,"mode":"auto"}}
2026-04-14T17:30:42Z type=video_restored payload={"type":"video_restored","ts_ms":1776187842660,"details":{"lost_for_ms":1027}}
2026-04-14T17:30:43Z type=link_mode_changed payload={"type":"link_mode_changed","ts_ms":1776187843138,"details":{"mode":"normal","reason":"rtt-restored","rtt_ms":9}}
2026-04-14T17:31:40Z type=zoom_mark_wide payload={"type":"zoom_mark_wide","ts_ms":1776187900098,"details":{"zoom_state":0}}
2026-04-14T17:31:41Z type=zoom_mark_tele payload={"type":"zoom_mark_tele","ts_ms":1776187901253,"details":{"zoom_state":1}}
2026-04-14T17:32:02Z type=video_restored payload={"type":"video_restored","ts_ms":1776187922075,"details":{"lost_for_ms":29}}
2026-04-14T17:32:02Z type=video_lost payload={"type":"video_lost","ts_ms":1776187922193,"details":{"status":"RECONNECTING"}}
2026-04-14T17:32:02Z type=video_retry payload={"type":"video_retry","ts_ms":1776187922193,"details":{"attempt":1,"delay_ms":1000,"mode":"auto"}}
2026-04-14T17:32:02Z type=video_restored payload={"type":"video_restored","ts_ms":1776187922450,"details":{"lost_for_ms":30}}
2026-04-14T17:32:02Z type=video_lost payload={"type":"video_lost","ts_ms":1776187922573,"details":{"status":"RECONNECTING"}}
2026-04-14T17:32:02Z type=video_retry payload={"type":"video_retry","ts_ms":1776187922576,"details":{"attempt":1,"delay_ms":1000,"mode":"auto"}}
2026-04-14T17:32:02Z type=video_restored payload={"type":"video_restored","ts_ms":1776187922604,"details":{"lost_for_ms":31}}
2026-04-14T17:32:21Z type=zoom_calibration_requested payload={"type":"zoom_calibration_requested","ts_ms":1776187941979,"details":{"source":"ui"}}
2026-04-14T17:33:09Z type=zoom_mark_wide payload={"type":"zoom_mark_wide","ts_ms":1776187989022,"details":{"zoom_state":0}}
2026-04-14T17:33:29Z type=zoom_calibration_requested payload={"type":"zoom_calibration_requested","ts_ms":1776188009991,"details":{"source":"ui"}}
2026-04-14T17:33:39Z type=zoom_mark_tele payload={"type":"zoom_mark_tele","ts_ms":1776188019788,"details":{"zoom_state":1}}
2026-04-14T17:34:06Z type=zoom_calibration_requested payload={"type":"zoom_calibration_requested","ts_ms":1776188046913,"details":{"source":"ui"}}
2026-04-14T17:35:12Z type=link_mode_changed payload={"type":"link_mode_changed","ts_ms":1776188112744,"details":{"mode":"normal","reason":"rtt-restored","rtt_ms":87}}
2026-04-14T17:35:18Z type=video_retry payload={"type":"video_retry","ts_ms":1776188117982,"details":{"attempt":1,"delay_ms":1000,"mode":"auto"}}
2026-04-14T17:35:18Z type=video_restored payload={"type":"video_restored","ts_ms":1776188117994,"details":{"lost_for_ms":394}}
2026-04-14T17:43:01Z type=zoom_calibration_requested payload={"type":"zoom_calibration_requested","ts_ms":1776188581755,"details":{"source":"ui"}}
2026-04-14T17:43:15Z type=zoom_calibration_requested payload={"type":"zoom_calibration_requested","ts_ms":1776188595677,"details":{"source":"ui"}}
2026-04-14T17:44:47Z type=link_mode_changed payload={"type":"link_mode_changed","ts_ms":1776188687333,"details":{"mode":"safe","reason":"rtt-high","rtt_ms":252}}
2026-04-14T17:44:48Z type=link_mode_changed payload={"type":"link_mode_changed","ts_ms":1776188688116,"details":{"mode":"normal","reason":"rtt-restored","rtt_ms":29}}
2026-04-14T17:54:10Z type=video_restored payload={"type":"video_restored","ts_ms":1776189250204,"details":{"lost_for_ms":39}}
2026-04-14T17:54:10Z type=video_lost payload={"type":"video_lost","ts_ms":1776189250348,"details":{"status":"RECONNECTING"}}
2026-04-14T17:54:10Z type=video_retry payload={"type":"video_retry","ts_ms":1776189250349,"details":{"attempt":1,"delay_ms":1000,"mode":"auto"}}
2026-04-14T17:54:10Z type=video_restored payload={"type":"video_restored","ts_ms":1776189250360,"details":{"lost_for_ms":12}}
2026-04-14T17:54:42Z type=zoom_calibration_requested payload={"type":"zoom_calibration_requested","ts_ms":1776189282876,"details":{"source":"ui"}}
2026-04-14T17:55:15Z type=zoom_calibration_requested payload={"type":"zoom_calibration_requested","ts_ms":1776189315438,"details":{"source":"ui"}}
2026-04-14T17:55:53Z type=zoom_calibration_requested payload={"type":"zoom_calibration_requested","ts_ms":1776189353284,"details":{"source":"ui"}}
2026-04-14T18:02:45Z type=video_restored payload={"type":"video_restored","ts_ms":1776189765139,"details":{"lost_for_ms":20}}
2026-04-14T18:02:45Z type=video_lost payload={"type":"video_lost","ts_ms":1776189765235,"details":{"status":"RECONNECTING"}}
2026-04-14T18:02:45Z type=video_retry payload={"type":"video_retry","ts_ms":1776189765236,"details":{"attempt":1,"delay_ms":1000,"mode":"auto"}}
2026-04-14T18:02:45Z type=video_restored payload={"type":"video_restored","ts_ms":1776189765322,"details":{"lost_for_ms":18}}
2026-04-14T18:02:45Z type=video_lost payload={"type":"video_lost","ts_ms":1776189765417,"details":{"status":"RECONNECTING"}}
2026-04-14T18:02:45Z type=video_retry payload={"type":"video_retry","ts_ms":1776189765418,"details":{"attempt":1,"delay_ms":1000,"mode":"auto"}}
2026-04-14T18:02:45Z type=video_restored payload={"type":"video_restored","ts_ms":1776189765428,"details":{"lost_for_ms":11}}
2026-04-14T18:02:45Z type=video_restored payload={"type":"video_restored","ts_ms":1776189765523,"details":{"lost_for_ms":22}}
2026-04-14T18:02:45Z type=video_lost payload={"type":"video_lost","ts_ms":1776189765612,"details":{"status":"RECONNECTING"}}
2026-04-14T18:02:45Z type=video_retry payload={"type":"video_retry","ts_ms":1776189765613,"details":{"attempt":1,"delay_ms":1000,"mode":"auto"}}
2026-04-14T18:02:45Z type=video_restored payload={"type":"video_restored","ts_ms":1776189765622,"details":{"lost_for_ms":10}}
2026-04-14T18:03:03Z type=zoom_calibration_requested payload={"type":"zoom_calibration_requested","ts_ms":1776189783470,"details":{"source":"ui"}}
2026-04-14T18:03:58Z type=zoom_calibration_requested payload={"type":"zoom_calibration_requested","ts_ms":1776189838430,"details":{"source":"ui"}}
2026-04-14T18:15:01Z type=link_mode_changed payload={"type":"link_mode_changed","ts_ms":1776188604634,"details":{"mode":"critical","reason":"rtt-critical","rtt_ms":null}}
2026-04-14T18:15:01Z type=video_lost payload={"type":"video_lost","ts_ms":1776190500351,"details":{"status":"RECONNECTING"}}
2026-04-14T18:15:01Z type=video_retry payload={"type":"video_retry","ts_ms":1776190500357,"details":{"attempt":1,"delay_ms":1000,"mode":"auto"}}
2026-04-14T18:15:01Z type=video_restored payload={"type":"video_restored","ts_ms":1776190500371,"details":{"lost_for_ms":20}}
2026-04-14T18:15:01Z type=video_lost payload={"type":"video_lost","ts_ms":1776190500879,"details":{"status":"RECONNECTING"}}
2026-04-14T18:15:01Z type=video_retry payload={"type":"video_retry","ts_ms":1776190500880,"details":{"attempt":1,"delay_ms":1000,"mode":"auto"}}
2026-04-14T18:15:01Z type=video_restored payload={"type":"video_restored","ts_ms":1776190500894,"details":{"lost_for_ms":15}}
2026-04-14T18:15:01Z type=video_lost payload={"type":"video_lost","ts_ms":1776190501046,"details":{"status":"RECONNECTING"}}
2026-04-14T18:15:01Z type=video_retry payload={"type":"video_retry","ts_ms":1776190501047,"details":{"attempt":1,"delay_ms":1000,"mode":"auto"}}
2026-04-14T18:15:01Z type=video_restored payload={"type":"video_restored","ts_ms":1776190501060,"details":{"lost_for_ms":14}}
2026-04-14T18:15:04Z type=link_mode_changed payload={"type":"link_mode_changed","ts_ms":1776190504632,"details":{"mode":"normal","reason":"rtt-restored","rtt_ms":78}}
2026-04-14T18:15:14Z type=video_lost payload={"type":"video_lost","ts_ms":1776190514906,"details":{"status":"RECONNECTING"}}
2026-04-14T18:15:14Z type=video_retry payload={"type":"video_retry","ts_ms":1776190514907,"details":{"attempt":1,"delay_ms":1000,"mode":"auto"}}
2026-04-14T18:15:14Z type=video_restored payload={"type":"video_restored","ts_ms":1776190514919,"details":{"lost_for_ms":14}}
2026-04-14T18:15:33Z type=video_retry payload={"type":"video_retry","ts_ms":1776190533426,"details":{"attempt":1,"delay_ms":1000,"mode":"auto"}}
2026-04-14T18:15:33Z type=video_restored payload={"type":"video_restored","ts_ms":1776190533441,"details":{"lost_for_ms":421}}
2026-04-14T18:18:26Z type=detector_model_switch_start payload={"type":"detector_model_switch_start","model":"model_rknn/yolov8s_800x800_9out_fp32.rknn"}
2026-04-14T18:18:27Z type=detector_model_switch_ok payload={"type":"detector_model_switch_ok","model":"model_rknn/yolov8s_800x800_9out_fp32.rknn"}
2026-04-30T17:24:48Z type=video_restored payload={"type":"video_restored","ts_ms":1777569888040,"details":{"lost_for_ms":33}}
2026-04-30T17:24:48Z type=video_lost payload={"type":"video_lost","ts_ms":1777569888224,"details":{"status":"RECONNECTING"}}
2026-04-30T17:24:48Z type=video_retry payload={"type":"video_retry","ts_ms":1777569888226,"details":{"attempt":1,"delay_ms":1000,"mode":"auto"}}
2026-04-30T17:24:48Z type=video_restored payload={"type":"video_restored","ts_ms":1777569888237,"details":{"lost_for_ms":13}}
2026-04-30T17:26:16Z type=video_restored payload={"type":"video_restored","ts_ms":1777569976038,"details":{"lost_for_ms":16}}
2026-04-30T17:26:16Z type=video_lost payload={"type":"video_lost","ts_ms":1777569976130,"details":{"status":"RECONNECTING"}}
2026-04-30T17:26:16Z type=video_retry payload={"type":"video_retry","ts_ms":1777569976132,"details":{"attempt":1,"delay_ms":1000,"mode":"auto"}}
2026-04-30T17:26:16Z type=video_restored payload={"type":"video_restored","ts_ms":1777569976150,"details":{"lost_for_ms":20}}
2026-04-30T17:27:02Z type=video_restored payload={"type":"video_restored","ts_ms":1777570022786,"details":{"lost_for_ms":26}}
2026-04-30T17:27:02Z type=video_lost payload={"type":"video_lost","ts_ms":1777570022879,"details":{"status":"RECONNECTING"}}
2026-04-30T17:27:02Z type=video_retry payload={"type":"video_retry","ts_ms":1777570022881,"details":{"attempt":1,"delay_ms":1000,"mode":"auto"}}
2026-04-30T17:27:02Z type=video_restored payload={"type":"video_restored","ts_ms":1777570022894,"details":{"lost_for_ms":15}}
2026-04-30T17:27:56Z type=video_restored payload={"type":"video_restored","ts_ms":1777570077011,"details":{"lost_for_ms":25}}
2026-04-30T17:27:57Z type=video_lost payload={"type":"video_lost","ts_ms":1777570077089,"details":{"status":"RECONNECTING"}}
2026-04-30T17:27:57Z type=video_retry payload={"type":"video_retry","ts_ms":1777570077090,"details":{"attempt":1,"delay_ms":1000,"mode":"auto"}}
2026-04-30T17:27:57Z type=video_restored payload={"type":"video_restored","ts_ms":1777570077099,"details":{"lost_for_ms":10}}
2026-04-30T17:28:23Z type=video_restored payload={"type":"video_restored","ts_ms":1777570103779,"details":{"lost_for_ms":16}}
2026-04-30T17:28:23Z type=video_lost payload={"type":"video_lost","ts_ms":1777570103863,"details":{"status":"RECONNECTING"}}
2026-04-30T17:28:23Z type=video_retry payload={"type":"video_retry","ts_ms":1777570103864,"details":{"attempt":1,"delay_ms":1000,"mode":"auto"}}
2026-04-30T17:28:23Z type=video_restored payload={"type":"video_restored","ts_ms":1777570103879,"details":{"lost_for_ms":16}}
2026-04-30T17:28:25Z type=video_restored payload={"type":"video_restored","ts_ms":1777570105724,"details":{"lost_for_ms":27}}
2026-04-30T17:28:25Z type=video_lost payload={"type":"video_lost","ts_ms":1777570105804,"details":{"status":"RECONNECTING"}}
2026-04-30T17:28:25Z type=video_retry payload={"type":"video_retry","ts_ms":1777570105804,"details":{"attempt":1,"delay_ms":1000,"mode":"auto"}}
2026-04-30T17:28:25Z type=video_restored payload={"type":"video_restored","ts_ms":1777570105813,"details":{"lost_for_ms":9}}
2026-04-30T17:28:26Z type=video_restored payload={"type":"video_restored","ts_ms":1777570106407,"details":{"lost_for_ms":18}}
2026-04-30T17:28:26Z type=video_lost payload={"type":"video_lost","ts_ms":1777570106483,"details":{"status":"RECONNECTING"}}
2026-04-30T17:28:26Z type=video_retry payload={"type":"video_retry","ts_ms":1777570106484,"details":{"attempt":1,"delay_ms":1000,"mode":"auto"}}
2026-04-30T17:28:26Z type=video_restored payload={"type":"video_restored","ts_ms":1777570106492,"details":{"lost_for_ms":9}}
2026-04-30T17:28:26Z type=video_restored payload={"type":"video_restored","ts_ms":1777570106595,"details":{"lost_for_ms":19}}
2026-04-30T17:28:26Z type=video_lost payload={"type":"video_lost","ts_ms":1777570106665,"details":{"status":"RECONNECTING"}}
2026-04-30T17:28:26Z type=video_retry payload={"type":"video_retry","ts_ms":1777570106665,"details":{"attempt":1,"delay_ms":1000,"mode":"auto"}}
2026-04-30T17:28:26Z type=video_restored payload={"type":"video_restored","ts_ms":1777570106677,"details":{"lost_for_ms":12}}
2026-04-30T17:28:26Z type=video_restored payload={"type":"video_restored","ts_ms":1777570106951,"details":{"lost_for_ms":20}}
2026-04-30T17:28:27Z type=video_lost payload={"type":"video_lost","ts_ms":1777570107021,"details":{"status":"RECONNECTING"}}
2026-04-30T17:28:27Z type=video_retry payload={"type":"video_retry","ts_ms":1777570107022,"details":{"attempt":1,"delay_ms":1000,"mode":"auto"}}
2026-04-30T17:28:27Z type=video_restored payload={"type":"video_restored","ts_ms":1777570107029,"details":{"lost_for_ms":8}}
2026-04-30T17:28:27Z type=video_restored payload={"type":"video_restored","ts_ms":1777570107247,"details":{"lost_for_ms":18}}
2026-04-30T17:28:27Z type=video_lost payload={"type":"video_lost","ts_ms":1777570107314,"details":{"status":"RECONNECTING"}}
2026-04-30T17:28:27Z type=video_retry payload={"type":"video_retry","ts_ms":1777570107315,"details":{"attempt":1,"delay_ms":1000,"mode":"auto"}}
2026-04-30T17:28:27Z type=video_restored payload={"type":"video_restored","ts_ms":1777570107327,"details":{"lost_for_ms":13}}
2026-04-30T17:28:27Z type=video_restored payload={"type":"video_restored","ts_ms":1777570107492,"details":{"lost_for_ms":21}}
2026-04-30T17:28:27Z type=video_lost payload={"type":"video_lost","ts_ms":1777570107560,"details":{"status":"RECONNECTING"}}
2026-04-30T17:28:27Z type=video_retry payload={"type":"video_retry","ts_ms":1777570107561,"details":{"attempt":1,"delay_ms":1000,"mode":"auto"}}
2026-04-30T17:28:27Z type=video_restored payload={"type":"video_restored","ts_ms":1777570107571,"details":{"lost_for_ms":11}}
2026-04-30T17:28:27Z type=video_restored payload={"type":"video_restored","ts_ms":1777570107709,"details":{"lost_for_ms":19}}
2026-04-30T17:28:27Z type=video_lost payload={"type":"video_lost","ts_ms":1777570107777,"details":{"status":"RECONNECTING"}}
2026-04-30T17:28:27Z type=video_retry payload={"type":"video_retry","ts_ms":1777570107778,"details":{"attempt":1,"delay_ms":1000,"mode":"auto"}}
2026-04-30T17:28:27Z type=video_restored payload={"type":"video_restored","ts_ms":1777570107786,"details":{"lost_for_ms":9}}
2026-04-30T17:28:27Z type=video_restored payload={"type":"video_restored","ts_ms":1777570107864,"details":{"lost_for_ms":14}}
2026-04-30T17:28:27Z type=video_lost payload={"type":"video_lost","ts_ms":1777570107936,"details":{"status":"RECONNECTING"}}
2026-04-30T17:28:27Z type=video_retry payload={"type":"video_retry","ts_ms":1777570107937,"details":{"attempt":1,"delay_ms":1000,"mode":"auto"}}
2026-04-30T17:28:27Z type=video_restored payload={"type":"video_restored","ts_ms":1777570107944,"details":{"lost_for_ms":8}}
2026-04-30T17:28:28Z type=video_restored payload={"type":"video_restored","ts_ms":1777570108043,"details":{"lost_for_ms":20}}
2026-04-30T17:28:28Z type=video_lost payload={"type":"video_lost","ts_ms":1777570108105,"details":{"status":"RECONNECTING"}}
2026-04-30T17:28:28Z type=video_retry payload={"type":"video_retry","ts_ms":1777570108106,"details":{"attempt":1,"delay_ms":1000,"mode":"auto"}}
2026-04-30T17:28:28Z type=video_restored payload={"type":"video_restored","ts_ms":1777570108113,"details":{"lost_for_ms":8}}
2026-04-30T17:28:28Z type=video_restored payload={"type":"video_restored","ts_ms":1777570108564,"details":{"lost_for_ms":24}}
2026-04-30T17:28:28Z type=video_lost payload={"type":"video_lost","ts_ms":1777570108633,"details":{"status":"RECONNECTING"}}
2026-04-30T17:28:28Z type=video_retry payload={"type":"video_retry","ts_ms":1777570108634,"details":{"attempt":1,"delay_ms":1000,"mode":"auto"}}
2026-04-30T17:28:28Z type=video_restored payload={"type":"video_restored","ts_ms":1777570108642,"details":{"lost_for_ms":9}}
2026-04-30T17:28:28Z type=video_restored payload={"type":"video_restored","ts_ms":1777570108692,"details":{"lost_for_ms":17}}
2026-04-30T17:28:28Z type=video_lost payload={"type":"video_lost","ts_ms":1777570108760,"details":{"status":"RECONNECTING"}}
2026-04-30T17:28:28Z type=video_retry payload={"type":"video_retry","ts_ms":1777570108760,"details":{"attempt":1,"delay_ms":1000,"mode":"auto"}}
2026-04-30T17:28:28Z type=video_restored payload={"type":"video_restored","ts_ms":1777570108770,"details":{"lost_for_ms":10}}
2026-04-30T17:28:28Z type=video_restored payload={"type":"video_restored","ts_ms":1777570108912,"details":{"lost_for_ms":21}}
2026-04-30T17:28:28Z type=video_lost payload={"type":"video_lost","ts_ms":1777570108996,"details":{"status":"RECONNECTING"}}
2026-04-30T17:28:28Z type=video_retry payload={"type":"video_retry","ts_ms":1777570108997,"details":{"attempt":1,"delay_ms":1000,"mode":"auto"}}
2026-04-30T17:28:28Z type=video_restored payload={"type":"video_restored","ts_ms":1777570109012,"details":{"lost_for_ms":16}}
2026-04-30T17:28:30Z type=video_restored payload={"type":"video_restored","ts_ms":1777570110057,"details":{"lost_for_ms":15}}
2026-04-30T17:28:30Z type=video_lost payload={"type":"video_lost","ts_ms":1777570110128,"details":{"status":"RECONNECTING"}}
2026-04-30T17:28:30Z type=video_retry payload={"type":"video_retry","ts_ms":1777570110129,"details":{"attempt":1,"delay_ms":1000,"mode":"auto"}}
2026-04-30T17:28:30Z type=video_restored payload={"type":"video_restored","ts_ms":1777570110138,"details":{"lost_for_ms":10}}
2026-04-30T17:29:25Z type=video_restored payload={"type":"video_restored","ts_ms":1777570165266,"details":{"lost_for_ms":17}}
2026-04-30T17:29:25Z type=video_lost payload={"type":"video_lost","ts_ms":1777570165355,"details":{"status":"RECONNECTING"}}
2026-04-30T17:29:25Z type=video_retry payload={"type":"video_retry","ts_ms":1777570165356,"details":{"attempt":1,"delay_ms":1000,"mode":"auto"}}
2026-04-30T17:29:25Z type=video_restored payload={"type":"video_restored","ts_ms":1777570165370,"details":{"lost_for_ms":15}}
2026-04-30T17:30:17Z type=video_restored payload={"type":"video_restored","ts_ms":1777570217806,"details":{"lost_for_ms":18}}
2026-04-30T17:30:17Z type=video_lost payload={"type":"video_lost","ts_ms":1777570217882,"details":{"status":"RECONNECTING"}}
2026-04-30T17:30:17Z type=video_retry payload={"type":"video_retry","ts_ms":1777570217883,"details":{"attempt":1,"delay_ms":1000,"mode":"auto"}}
2026-04-30T17:30:17Z type=video_restored payload={"type":"video_restored","ts_ms":1777570217891,"details":{"lost_for_ms":9}}
2026-04-30T17:30:28Z type=video_retry payload={"type":"video_retry","ts_ms":1777570228726,"details":{"attempt":1,"delay_ms":1000,"mode":"auto"}}
2026-04-30T17:30:28Z type=video_restored payload={"type":"video_restored","ts_ms":1777570228737,"details":{"lost_for_ms":114}}
2026-04-30T17:30:29Z type=video_lost payload={"type":"video_lost","ts_ms":1777570229846,"details":{"status":"RECONNECTING"}}
2026-04-30T17:30:29Z type=video_retry payload={"type":"video_retry","ts_ms":1777570229847,"details":{"attempt":1,"delay_ms":1000,"mode":"auto"}}
2026-04-30T17:30:29Z type=video_restored payload={"type":"video_restored","ts_ms":1777570229857,"details":{"lost_for_ms":11}}
2026-04-30T17:30:30Z type=video_lost payload={"type":"video_lost","ts_ms":1777570230379,"details":{"status":"RECONNECTING"}}
2026-04-30T17:30:30Z type=video_retry payload={"type":"video_retry","ts_ms":1777570230380,"details":{"attempt":1,"delay_ms":1000,"mode":"auto"}}
2026-04-30T17:30:30Z type=video_restored payload={"type":"video_restored","ts_ms":1777570230390,"details":{"lost_for_ms":11}}
2026-04-30T17:30:30Z type=video_lost payload={"type":"video_lost","ts_ms":1777570230574,"details":{"status":"RECONNECTING"}}
2026-04-30T17:30:30Z type=video_retry payload={"type":"video_retry","ts_ms":1777570230576,"details":{"attempt":1,"delay_ms":1000,"mode":"auto"}}
2026-04-30T17:30:30Z type=video_restored payload={"type":"video_restored","ts_ms":1777570230595,"details":{"lost_for_ms":21}}
2026-04-30T17:30:33Z type=video_lost payload={"type":"video_lost","ts_ms":1777570233073,"details":{"status":"RECONNECTING"}}
2026-04-30T17:30:33Z type=video_retry payload={"type":"video_retry","ts_ms":1777570233082,"details":{"attempt":1,"delay_ms":1000,"mode":"auto"}}
2026-04-30T17:30:34Z type=video_retry payload={"type":"video_retry","ts_ms":1777570234088,"details":{"attempt":2,"delay_ms":2000,"mode":"auto"}}
2026-04-30T17:30:35Z type=video_retry payload={"type":"video_retry","ts_ms":1777570235396,"details":{"attempt":1,"delay_ms":1000,"mode":"auto"}}
2026-04-30T17:30:35Z type=video_restored payload={"type":"video_restored","ts_ms":1777570235418,"details":{"lost_for_ms":2345}}
2026-04-30T17:30:37Z type=video_lost payload={"type":"video_lost","ts_ms":1777570237326,"details":{"status":"RECONNECTING"}}
2026-04-30T17:30:37Z type=video_retry payload={"type":"video_retry","ts_ms":1777570237328,"details":{"attempt":1,"delay_ms":1000,"mode":"auto"}}
2026-04-30T17:30:37Z type=video_restored payload={"type":"video_restored","ts_ms":1777570237354,"details":{"lost_for_ms":28}}
2026-04-30T17:30:39Z type=video_lost payload={"type":"video_lost","ts_ms":1777570239335,"details":{"status":"RECONNECTING"}}
2026-04-30T17:30:39Z type=video_retry payload={"type":"video_retry","ts_ms":1777570239337,"details":{"attempt":1,"delay_ms":1000,"mode":"auto"}}
2026-04-30T17:30:39Z type=video_restored payload={"type":"video_restored","ts_ms":1777570239369,"details":{"lost_for_ms":34}}
2026-04-30T17:30:46Z type=track_reacquire_start payload={"type":"track_reacquire_start","ts_ms":1777570246812,"details":{"reason":"lost"}}
2026-04-30T17:30:50Z type=video_restored payload={"type":"video_restored","ts_ms":1777570250138,"details":{"lost_for_ms":20}}
2026-04-30T17:30:50Z type=track_reacquire_start payload={"type":"track_reacquire_start","ts_ms":1777570250219,"details":{"reason":"lost"}}
2026-04-30T17:30:50Z type=video_retry payload={"type":"video_retry","ts_ms":1777570250236,"details":{"attempt":1,"delay_ms":1000,"mode":"auto"}}
2026-04-30T17:30:50Z type=video_lost payload={"type":"video_lost","ts_ms":1777570250236,"details":{"status":"RECONNECTING"}}
2026-04-30T17:30:50Z type=video_restored payload={"type":"video_restored","ts_ms":1777570250247,"details":{"lost_for_ms":11}}
2026-04-30T17:30:54Z type=video_lost payload={"type":"video_lost","ts_ms":1777570254435,"details":{"status":"RECONNECTING"}}
2026-04-30T17:30:54Z type=video_retry payload={"type":"video_retry","ts_ms":1777570254438,"details":{"attempt":1,"delay_ms":1000,"mode":"auto"}}
2026-04-30T17:30:54Z type=video_restored payload={"type":"video_restored","ts_ms":1777570254455,"details":{"lost_for_ms":20}}
2026-04-30T17:30:55Z type=video_lost payload={"type":"video_lost","ts_ms":1777570255216,"details":{"status":"RECONNECTING"}}
2026-04-30T17:30:55Z type=video_retry payload={"type":"video_retry","ts_ms":1777570255219,"details":{"attempt":1,"delay_ms":1000,"mode":"auto"}}
2026-04-30T17:30:55Z type=video_restored payload={"type":"video_restored","ts_ms":1777570255247,"details":{"lost_for_ms":31}}
2026-04-30T17:30:55Z type=video_lost payload={"type":"video_lost","ts_ms":1777570255402,"details":{"status":"RECONNECTING"}}
2026-04-30T17:30:55Z type=video_retry payload={"type":"video_retry","ts_ms":1777570255405,"details":{"attempt":1,"delay_ms":1000,"mode":"auto"}}
2026-04-30T17:30:55Z type=video_restored payload={"type":"video_restored","ts_ms":1777570255431,"details":{"lost_for_ms":29}}
2026-04-30T17:31:02Z type=video_restored payload={"type":"video_restored","ts_ms":1777570262892,"details":{"lost_for_ms":14}}
2026-04-30T17:31:02Z type=track_reacquire_start payload={"type":"track_reacquire_start","ts_ms":1777570262968,"details":{"reason":"lost"}}
2026-04-30T17:31:02Z type=video_lost payload={"type":"video_lost","ts_ms":1777570262978,"details":{"status":"RECONNECTING"}}
2026-04-30T17:31:02Z type=video_retry payload={"type":"video_retry","ts_ms":1777570262979,"details":{"attempt":1,"delay_ms":1000,"mode":"auto"}}
2026-04-30T17:31:02Z type=video_restored payload={"type":"video_restored","ts_ms":1777570262992,"details":{"lost_for_ms":14}}
                                                                                                                                                                                                                                                                                                                                                                                                                                                                                                                                                                                                                                                                                                                                                                                                                                                                                                                                                                                                                                             2026-04-30T18:11:40Z type=video_restored payload={"type":"video_restored","ts_ms":1777572700372,"details":{"lost_for_ms":20}}
2026-04-30T18:11:40Z type=video_retry payload={"type":"video_retry","ts_ms":1777572700468,"details":{"attempt":1,"delay_ms":1000,"mode":"auto"}}
2026-04-30T18:11:40Z type=video_lost payload={"type":"video_lost","ts_ms":1777572700467,"details":{"status":"RECONNECTING"}}
2026-04-30T18:11:40Z type=video_restored payload={"type":"video_restored","ts_ms":1777572700481,"details":{"lost_for_ms":14}}
2026-04-30T18:11:53Z type=video_restored payload={"type":"video_restored","ts_ms":1777572713563,"details":{"lost_for_ms":22}}
2026-04-30T18:11:53Z type=video_lost payload={"type":"video_lost","ts_ms":1777572713718,"details":{"status":"RECONNECTING"}}
2026-04-30T18:11:53Z type=video_retry payload={"type":"video_retry","ts_ms":1777572713721,"details":{"attempt":1,"delay_ms":1000,"mode":"auto"}}
2026-04-30T18:11:53Z type=video_restored payload={"type":"video_restored","ts_ms":1777572713751,"details":{"lost_for_ms":33}}
2026-04-30T18:11:55Z type=video_restored payload={"type":"video_restored","ts_ms":1777572715212,"details":{"lost_for_ms":20}}
2026-04-30T18:11:55Z type=video_lost payload={"type":"video_lost","ts_ms":1777572715310,"details":{"status":"RECONNECTING"}}
2026-04-30T18:11:55Z type=video_retry payload={"type":"video_retry","ts_ms":1777572715311,"details":{"attempt":1,"delay_ms":1000,"mode":"auto"}}
2026-04-30T18:11:55Z type=video_restored payload={"type":"video_restored","ts_ms":1777572715331,"details":{"lost_for_ms":21}}
2026-04-30T18:12:25Z type=video_restored payload={"type":"video_restored","ts_ms":1777572745401,"details":{"lost_for_ms":16}}
2026-04-30T18:12:25Z type=video_lost payload={"type":"video_lost","ts_ms":1777572745480,"details":{"status":"RECONNECTING"}}
2026-04-30T18:12:25Z type=video_retry payload={"type":"video_retry","ts_ms":1777572745480,"details":{"attempt":1,"delay_ms":1000,"mode":"auto"}}
2026-04-30T18:12:25Z type=video_restored payload={"type":"video_restored","ts_ms":1777572745488,"details":{"lost_for_ms":8}}
2026-04-30T18:12:45Z type=video_restored payload={"type":"video_restored","ts_ms":1777572765749,"details":{"lost_for_ms":19}}
2026-04-30T18:12:45Z type=video_lost payload={"type":"video_lost","ts_ms":1777572765833,"details":{"status":"RECONNECTING"}}
2026-04-30T18:12:45Z type=video_retry payload={"type":"video_retry","ts_ms":1777572765834,"details":{"attempt":1,"delay_ms":1000,"mode":"auto"}}
2026-04-30T18:12:45Z type=video_restored payload={"type":"video_restored","ts_ms":1777572765847,"details":{"lost_for_ms":14}}
2026-04-30T18:12:46Z type=video_restored payload={"type":"video_restored","ts_ms":1777572766438,"details":{"lost_for_ms":13}}
2026-04-30T18:12:46Z type=video_lost payload={"type":"video_lost","ts_ms":1777572766523,"details":{"status":"RECONNECTING"}}
2026-04-30T18:12:46Z type=video_retry payload={"type":"video_retry","ts_ms":1777572766525,"details":{"attempt":1,"delay_ms":1000,"mode":"auto"}}
2026-04-30T18:12:46Z type=video_restored payload={"type":"video_restored","ts_ms":1777572766639,"details":{"lost_for_ms":14}}
2026-04-30T18:12:46Z type=video_lost payload={"type":"video_lost","ts_ms":1777572766732,"details":{"status":"RECONNECTING"}}
2026-04-30T18:12:46Z type=video_retry payload={"type":"video_retry","ts_ms":1777572766733,"details":{"attempt":1,"delay_ms":1000,"mode":"auto"}}
2026-04-30T18:12:46Z type=video_restored payload={"type":"video_restored","ts_ms":1777572766742,"details":{"lost_for_ms":10}}
2026-04-30T18:12:46Z type=video_restored payload={"type":"video_restored","ts_ms":1777572766863,"details":{"lost_for_ms":14}}
2026-04-30T18:12:46Z type=video_lost payload={"type":"video_lost","ts_ms":1777572766945,"details":{"status":"RECONNECTING"}}
2026-04-30T18:12:46Z type=video_retry payload={"type":"video_retry","ts_ms":1777572766946,"details":{"attempt":1,"delay_ms":1000,"mode":"auto"}}
2026-04-30T18:12:46Z type=video_restored payload={"type":"video_restored","ts_ms":1777572766955,"details":{"lost_for_ms":10}}
2026-04-30T18:12:47Z type=video_restored payload={"type":"video_restored","ts_ms":1777572767066,"details":{"lost_for_ms":13}}
2026-04-30T18:12:47Z type=video_restored payload={"type":"video_restored","ts_ms":1777572767272,"details":{"lost_for_ms":13}}
2026-04-30T18:12:47Z type=video_lost payload={"type":"video_lost","ts_ms":1777572767363,"details":{"status":"RECONNECTING"}}
2026-04-30T18:12:47Z type=video_retry payload={"type":"video_retry","ts_ms":1777572767364,"details":{"attempt":1,"delay_ms":1000,"mode":"auto"}}
2026-04-30T18:12:47Z type=video_restored payload={"type":"video_restored","ts_ms":1777572767475,"details":{"lost_for_ms":15}}
2026-04-30T18:12:47Z type=video_lost payload={"type":"video_lost","ts_ms":1777572767581,"details":{"status":"RECONNECTING"}}
2026-04-30T18:12:47Z type=video_retry payload={"type":"video_retry","ts_ms":1777572767582,"details":{"attempt":1,"delay_ms":1000,"mode":"auto"}}
2026-04-30T18:12:47Z type=video_restored payload={"type":"video_restored","ts_ms":1777572767596,"details":{"lost_for_ms":15}}
2026-04-30T18:12:59Z type=video_restored payload={"type":"video_restored","ts_ms":1777572779123,"details":{"lost_for_ms":17}}
2026-04-30T18:12:59Z type=video_lost payload={"type":"video_lost","ts_ms":1777572779216,"details":{"status":"RECONNECTING"}}
2026-04-30T18:12:59Z type=video_retry payload={"type":"video_retry","ts_ms":1777572779216,"details":{"attempt":1,"delay_ms":1000,"mode":"auto"}}
2026-04-30T18:12:59Z type=video_restored payload={"type":"video_restored","ts_ms":1777572779228,"details":{"lost_for_ms":12}}
2026-04-30T18:12:59Z type=video_restored payload={"type":"video_restored","ts_ms":1777572779820,"details":{"lost_for_ms":15}}
2026-04-30T18:13:00Z type=video_restored payload={"type":"video_restored","ts_ms":1777572780040,"details":{"lost_for_ms":17}}
2026-04-30T18:13:00Z type=video_restored payload={"type":"video_restored","ts_ms":1777572780174,"details":{"lost_for_ms":13}}
2026-04-30T18:13:00Z type=video_restored payload={"type":"video_restored","ts_ms":1777572780356,"details":{"lost_for_ms":12}}
2026-04-30T18:13:00Z type=video_restored payload={"type":"video_restored","ts_ms":1777572780527,"details":{"lost_for_ms":16}}
2026-04-30T18:13:00Z type=video_lost payload={"type":"video_lost","ts_ms":1777572780617,"details":{"status":"RECONNECTING"}}
2026-04-30T18:13:00Z type=video_retry payload={"type":"video_retry","ts_ms":1777572780618,"details":{"attempt":1,"delay_ms":1000,"mode":"auto"}}
2026-04-30T18:13:00Z type=video_restored payload={"type":"video_restored","ts_ms":1777572780637,"details":{"lost_for_ms":20}}
2026-04-30T18:13:28Z type=video_restored payload={"type":"video_restored","ts_ms":1777572808704,"details":{"lost_for_ms":20}}
2026-04-30T18:13:28Z type=video_lost payload={"type":"video_lost","ts_ms":1777572808792,"details":{"status":"RECONNECTING"}}
2026-04-30T18:13:28Z type=video_retry payload={"type":"video_retry","ts_ms":1777572808793,"details":{"attempt":1,"delay_ms":1000,"mode":"auto"}}
2026-04-30T18:13:28Z type=video_restored payload={"type":"video_restored","ts_ms":1777572808806,"details":{"lost_for_ms":14}}
2026-04-30T18:17:12Z type=video_restored payload={"type":"video_restored","ts_ms":1777573032604,"details":{"lost_for_ms":29}}
2026-04-30T18:17:12Z type=video_lost payload={"type":"video_lost","ts_ms":1777573032714,"details":{"status":"RECONNECTING"}}
2026-04-30T18:17:12Z type=video_retry payload={"type":"video_retry","ts_ms":1777573032716,"details":{"attempt":1,"delay_ms":1000,"mode":"auto"}}
2026-04-30T18:17:12Z type=video_restored payload={"type":"video_restored","ts_ms":1777573032733,"details":{"lost_for_ms":19}}
2026-04-30T18:17:14Z type=video_restored payload={"type":"video_restored","ts_ms":1777573034187,"details":{"lost_for_ms":17}}
2026-04-30T18:17:14Z type=video_lost payload={"type":"video_lost","ts_ms":1777573034284,"details":{"status":"RECONNECTING"}}
2026-04-30T18:17:14Z type=video_retry payload={"type":"video_retry","ts_ms":1777573034285,"details":{"attempt":1,"delay_ms":1000,"mode":"auto"}}
2026-04-30T18:17:14Z type=video_restored payload={"type":"video_restored","ts_ms":1777573034300,"details":{"lost_for_ms":16}}
2026-04-30T18:17:16Z type=video_restored payload={"type":"video_restored","ts_ms":1777573036467,"details":{"lost_for_ms":27}}
2026-04-30T18:17:16Z type=video_lost payload={"type":"video_lost","ts_ms":1777573036590,"details":{"status":"RECONNECTING"}}
2026-04-30T18:17:16Z type=video_retry payload={"type":"video_retry","ts_ms":1777573036593,"details":{"attempt":1,"delay_ms":1000,"mode":"auto"}}
2026-04-30T18:17:16Z type=video_restored payload={"type":"video_restored","ts_ms":1777573036620,"details":{"lost_for_ms":30}}
2026-04-30T18:17:17Z type=video_restored payload={"type":"video_restored","ts_ms":1777573037060,"details":{"lost_for_ms":28}}
2026-04-30T18:17:17Z type=video_lost payload={"type":"video_lost","ts_ms":1777573037145,"details":{"status":"RECONNECTING"}}
2026-04-30T18:17:17Z type=video_retry payload={"type":"video_retry","ts_ms":1777573037146,"details":{"attempt":1,"delay_ms":1000,"mode":"auto"}}
2026-04-30T18:17:17Z type=video_restored payload={"type":"video_restored","ts_ms":1777573037156,"details":{"lost_for_ms":11}}
2026-04-30T18:17:17Z type=video_restored payload={"type":"video_restored","ts_ms":1777573037232,"details":{"lost_for_ms":18}}
2026-04-30T18:17:17Z type=video_lost payload={"type":"video_lost","ts_ms":1777573037312,"details":{"status":"RECONNECTING"}}
2026-04-30T18:17:17Z type=video_retry payload={"type":"video_retry","ts_ms":1777573037313,"details":{"attempt":1,"delay_ms":1000,"mode":"auto"}}
2026-04-30T18:17:17Z type=video_restored payload={"type":"video_restored","ts_ms":1777573037326,"details":{"lost_for_ms":14}}
2026-04-30T18:17:17Z type=video_restored payload={"type":"video_restored","ts_ms":1777573037421,"details":{"lost_for_ms":18}}
2026-04-30T18:17:17Z type=video_lost payload={"type":"video_lost","ts_ms":1777573037494,"details":{"status":"RECONNECTING"}}
2026-04-30T18:17:17Z type=video_retry payload={"type":"video_retry","ts_ms":1777573037494,"details":{"attempt":1,"delay_ms":1000,"mode":"auto"}}
2026-04-30T18:17:17Z type=video_restored payload={"type":"video_restored","ts_ms":1777573037506,"details":{"lost_for_ms":12}}
2026-04-30T18:17:17Z type=video_restored payload={"type":"video_restored","ts_ms":1777573037901,"details":{"lost_for_ms":43}}
2026-04-30T18:17:17Z type=video_retry payload={"type":"video_retry","ts_ms":1777573037983,"details":{"attempt":1,"delay_ms":1000,"mode":"auto"}}
2026-04-30T18:17:17Z type=video_lost payload={"type":"video_lost","ts_ms":1777573037982,"details":{"status":"RECONNECTING"}}
2026-04-30T18:17:18Z type=video_restored payload={"type":"video_restored","ts_ms":1777573038001,"details":{"lost_for_ms":19}}
2026-04-30T18:17:28Z type=video_restored payload={"type":"video_restored","ts_ms":1777573048706,"details":{"lost_for_ms":16}}
2026-04-30T18:17:28Z type=video_lost payload={"type":"video_lost","ts_ms":1777573048818,"details":{"status":"RECONNECTING"}}
2026-04-30T18:17:28Z type=video_retry payload={"type":"video_retry","ts_ms":1777573048818,"details":{"attempt":1,"delay_ms":1000,"mode":"auto"}}
2026-04-30T18:17:28Z type=video_restored payload={"type":"video_restored","ts_ms":1777573048828,"details":{"lost_for_ms":10}}
2026-04-30T18:17:29Z type=video_restored payload={"type":"video_restored","ts_ms":1777573049409,"details":{"lost_for_ms":13}}
2026-04-30T18:17:29Z type=video_lost payload={"type":"video_lost","ts_ms":1777573049524,"details":{"status":"RECONNECTING"}}
2026-04-30T18:17:29Z type=video_retry payload={"type":"video_retry","ts_ms":1777573049525,"details":{"attempt":1,"delay_ms":1000,"mode":"auto"}}
2026-04-30T18:17:29Z type=video_restored payload={"type":"video_restored","ts_ms":1777573049537,"details":{"lost_for_ms":13}}
2026-04-30T18:17:30Z type=video_restored payload={"type":"video_restored","ts_ms":1777573050301,"details":{"lost_for_ms":14}}
2026-04-30T18:17:30Z type=video_lost payload={"type":"video_lost","ts_ms":1777573050392,"details":{"status":"RECONNECTING"}}
2026-04-30T18:17:30Z type=video_retry payload={"type":"video_retry","ts_ms":1777573050394,"details":{"attempt":1,"delay_ms":1000,"mode":"auto"}}
2026-04-30T18:17:30Z type=video_restored payload={"type":"video_restored","ts_ms":1777573050403,"details":{"lost_for_ms":11}}
2026-04-30T18:17:30Z type=video_restored payload={"type":"video_restored","ts_ms":1777573050803,"details":{"lost_for_ms":14}}
2026-04-30T18:17:30Z type=video_retry payload={"type":"video_retry","ts_ms":1777573050892,"details":{"attempt":1,"delay_ms":1000,"mode":"auto"}}
2026-04-30T18:17:30Z type=video_lost payload={"type":"video_lost","ts_ms":1777573050892,"details":{"status":"RECONNECTING"}}
2026-04-30T18:17:30Z type=video_restored payload={"type":"video_restored","ts_ms":1777573050902,"details":{"lost_for_ms":10}}
2026-04-30T18:17:31Z type=video_restored payload={"type":"video_restored","ts_ms":1777573051326,"details":{"lost_for_ms":14}}
2026-04-30T18:17:31Z type=video_lost payload={"type":"video_lost","ts_ms":1777573051467,"details":{"status":"RECONNECTING"}}
2026-04-30T18:17:31Z type=video_retry payload={"type":"video_retry","ts_ms":1777573051469,"details":{"attempt":1,"delay_ms":1000,"mode":"auto"}}
2026-04-30T18:17:31Z type=video_restored payload={"type":"video_restored","ts_ms":1777573051500,"details":{"lost_for_ms":33}}
2026-04-30T18:17:32Z type=video_restored payload={"type":"video_restored","ts_ms":1777573052299,"details":{"lost_for_ms":12}}
2026-04-30T18:17:32Z type=video_lost payload={"type":"video_lost","ts_ms":1777573052380,"details":{"status":"RECONNECTING"}}
2026-04-30T18:17:32Z type=video_retry payload={"type":"video_retry","ts_ms":1777573052380,"details":{"attempt":1,"delay_ms":1000,"mode":"auto"}}
2026-04-30T18:17:32Z type=video_restored payload={"type":"video_restored","ts_ms":1777573052388,"details":{"lost_for_ms":8}}
2026-04-30T18:17:32Z type=video_restored payload={"type":"video_restored","ts_ms":1777573052964,"details":{"lost_for_ms":12}}
2026-04-30T18:17:33Z type=video_restored payload={"type":"video_restored","ts_ms":1777573053251,"details":{"lost_for_ms":14}}
2026-04-30T18:17:33Z type=video_lost payload={"type":"video_lost","ts_ms":1777573053334,"details":{"status":"RECONNECTING"}}
2026-04-30T18:17:33Z type=video_retry payload={"type":"video_retry","ts_ms":1777573053334,"details":{"attempt":1,"delay_ms":1000,"mode":"auto"}}
2026-04-30T18:17:33Z type=video_restored payload={"type":"video_restored","ts_ms":1777573053442,"details":{"lost_for_ms":14}}
2026-04-30T18:17:33Z type=video_lost payload={"type":"video_lost","ts_ms":1777573053519,"details":{"status":"RECONNECTING"}}
2026-04-30T18:17:33Z type=video_retry payload={"type":"video_retry","ts_ms":1777573053520,"details":{"attempt":1,"delay_ms":1000,"mode":"auto"}}
2026-04-30T18:17:33Z type=video_restored payload={"type":"video_restored","ts_ms":1777573053609,"details":{"lost_for_ms":14}}
2026-04-30T18:17:33Z type=video_lost payload={"type":"video_lost","ts_ms":1777573053693,"details":{"status":"RECONNECTING"}}
2026-04-30T18:17:33Z type=video_retry payload={"type":"video_retry","ts_ms":1777573053695,"details":{"attempt":1,"delay_ms":1000,"mode":"auto"}}
2026-04-30T18:17:33Z type=video_restored payload={"type":"video_restored","ts_ms":1777573053707,"details":{"lost_for_ms":14}}
2026-04-30T18:18:13Z type=video_restored payload={"type":"video_restored","ts_ms":1777573093823,"details":{"lost_for_ms":22}}
2026-04-30T18:18:13Z type=video_lost payload={"type":"video_lost","ts_ms":1777573093898,"details":{"status":"RECONNECTING"}}
2026-04-30T18:18:13Z type=video_retry payload={"type":"video_retry","ts_ms":1777573093899,"details":{"attempt":1,"delay_ms":1000,"mode":"auto"}}
2026-04-30T18:18:13Z type=video_restored payload={"type":"video_restored","ts_ms":1777573093911,"details":{"lost_for_ms":13}}
2026-04-30T18:43:40Z type=video_restored payload={"type":"video_restored","ts_ms":1777574620815,"details":{"lost_for_ms":36}}
2026-04-30T18:43:41Z type=video_lost payload={"type":"video_lost","ts_ms":1777574621083,"details":{"status":"RECONNECTING"}}
2026-04-30T18:43:41Z type=video_retry payload={"type":"video_retry","ts_ms":1777574621086,"details":{"attempt":1,"delay_ms":1000,"mode":"auto"}}
2026-04-30T18:43:41Z type=video_restored payload={"type":"video_restored","ts_ms":1777574621099,"details":{"lost_for_ms":16}}
2026-04-30T18:45:01Z type=video_restored payload={"type":"video_restored","ts_ms":1777574701680,"details":{"lost_for_ms":23}}
2026-04-30T18:45:01Z type=video_lost payload={"type":"video_lost","ts_ms":1777574701782,"details":{"status":"RECONNECTING"}}
2026-04-30T18:45:01Z type=video_retry payload={"type":"video_retry","ts_ms":1777574701783,"details":{"attempt":1,"delay_ms":1000,"mode":"auto"}}
2026-04-30T18:45:01Z type=video_restored payload={"type":"video_restored","ts_ms":1777574701793,"details":{"lost_for_ms":11}}
2026-04-30T18:45:45Z type=video_restored payload={"type":"video_restored","ts_ms":1777574745791,"details":{"lost_for_ms":29}}
2026-04-30T18:45:45Z type=video_retry payload={"type":"video_retry","ts_ms":1777574745986,"details":{"attempt":1,"delay_ms":1000,"mode":"auto"}}
2026-04-30T18:45:45Z type=video_lost payload={"type":"video_lost","ts_ms":1777574745985,"details":{"status":"RECONNECTING"}}
2026-04-30T18:45:46Z type=video_restored payload={"type":"video_restored","ts_ms":1777574745999,"details":{"lost_for_ms":14}}
2026-04-30T18:46:54Z type=track_reacquire_start payload={"type":"track_reacquire_start","ts_ms":1777574814335,"details":{"reason":"lost"}}
2026-04-30T18:46:54Z type=track_reacquire_end payload={"type":"track_reacquire_end","ts_ms":1777574814486,"details":{"result":"recovered","reason":"lost","lost_ms":151,"scan_steps":0}}
2026-04-30T19:03:52Z type=link_mode_changed payload={"type":"link_mode_changed","ts_ms":1777575832455,"details":{"mode":"critical","reason":"rtt-critical","rtt_ms":650}}
2026-04-30T19:03:52Z type=link_mode_changed payload={"type":"link_mode_changed","ts_ms":1777575832910,"details":{"mode":"normal","reason":"rtt-restored","rtt_ms":105}}
2026-04-30T19:03:56Z type=link_mode_changed payload={"type":"link_mode_changed","ts_ms":1777575835435,"details":{"mode":"critical","reason":"rtt-critical","rtt_ms":629}}
2026-04-30T19:03:57Z type=link_mode_changed payload={"type":"link_mode_changed","ts_ms":1777575837836,"details":{"mode":"normal","reason":"rtt-restored","rtt_ms":11}}
2026-04-30T19:04:37Z type=link_mode_changed payload={"type":"link_mode_changed","ts_ms":1777575877471,"details":{"mode":"safe","reason":"rtt-high","rtt_ms":333}}
2026-04-30T19:04:39Z type=link_mode_changed payload={"type":"link_mode_changed","ts_ms":1777575879305,"details":{"mode":"normal","reason":"rtt-restored","rtt_ms":43}}
2026-04-30T19:05:18Z type=link_mode_changed payload={"type":"link_mode_changed","ts_ms":1777575918878,"details":{"mode":"safe","reason":"rtt-high","rtt_ms":302}}
2026-04-30T19:05:20Z type=link_mode_changed payload={"type":"link_mode_changed","ts_ms":1777575920628,"details":{"mode":"normal","reason":"rtt-restored","rtt_ms":52}}
2026-04-30T19:07:26Z type=link_mode_changed payload={"type":"link_mode_changed","ts_ms":1777576046563,"details":{"mode":"safe","reason":"rtt-high","rtt_ms":637}}
2026-04-30T19:07:27Z type=link_mode_changed payload={"type":"link_mode_changed","ts_ms":1777576047561,"details":{"mode":"critical","reason":"rtt-critical","rtt_ms":615}}
2026-04-30T19:07:27Z type=link_mode_changed payload={"type":"link_mode_changed","ts_ms":1777576047984,"details":{"mode":"normal","reason":"rtt-restored","rtt_ms":37}}
2026-04-30T19:08:02Z type=link_mode_changed payload={"type":"link_mode_changed","ts_ms":1777576082044,"details":{"mode":"safe","reason":"rtt-high","rtt_ms":368}}
2026-04-30T19:08:02Z type=link_mode_changed payload={"type":"link_mode_changed","ts_ms":1777576082789,"details":{"mode":"normal","reason":"rtt-restored","rtt_ms":25}}
2026-04-30T19:08:06Z type=link_mode_changed payload={"type":"link_mode_changed","ts_ms":1777576086119,"details":{"mode":"safe","reason":"rtt-high","rtt_ms":268}}
2026-04-30T19:08:06Z type=link_mode_changed payload={"type":"link_mode_changed","ts_ms":1777576086918,"details":{"mode":"normal","reason":"rtt-restored","rtt_ms":66}}
2026-04-30T19:08:26Z type=link_mode_changed payload={"type":"link_mode_changed","ts_ms":1777576106922,"details":{"mode":"safe","reason":"rtt-high","rtt_ms":279}}
2026-04-30T19:08:27Z type=link_mode_changed payload={"type":"link_mode_changed","ts_ms":1777576107659,"details":{"mode":"normal","reason":"rtt-restored","rtt_ms":16}}
2026-04-30T19:08:41Z type=link_mode_changed payload={"type":"link_mode_changed","ts_ms":1777576120887,"details":{"mode":"critical","reason":"rtt-critical","rtt_ms":1087}}
2026-04-30T19:08:44Z type=link_mode_changed payload={"type":"link_mode_changed","ts_ms":1777576124129,"details":{"mode":"safe","reason":"rtt-high","rtt_ms":292}}
2026-04-30T19:08:45Z type=link_mode_changed payload={"type":"link_mode_changed","ts_ms":1777576125882,"details":{"mode":"normal","reason":"rtt-restored","rtt_ms":38}}
2026-04-30T19:09:09Z type=link_mode_changed payload={"type":"link_mode_changed","ts_ms":1777576148864,"details":{"mode":"safe","reason":"rtt-high","rtt_ms":728}}
2026-04-30T19:09:09Z type=link_mode_changed payload={"type":"link_mode_changed","ts_ms":1777576149642,"details":{"mode":"critical","reason":"rtt-critical","rtt_ms":506}}
2026-04-30T19:09:10Z type=link_mode_changed payload={"type":"link_mode_changed","ts_ms":1777576150454,"details":{"mode":"safe","reason":"rtt-high","rtt_ms":316}}
2026-04-30T19:09:11Z type=link_mode_changed payload={"type":"link_mode_changed","ts_ms":1777576151301,"details":{"mode":"normal","reason":"rtt-restored","rtt_ms":148}}
2026-04-30T19:09:19Z type=link_mode_changed payload={"type":"link_mode_changed","ts_ms":1777576159490,"details":{"mode":"safe","reason":"rtt-high","rtt_ms":322}}
2026-04-30T19:09:20Z type=link_mode_changed payload={"type":"link_mode_changed","ts_ms":1777576160204,"details":{"mode":"normal","reason":"rtt-restored","rtt_ms":25}}
2026-04-30T19:09:30Z type=link_mode_changed payload={"type":"link_mode_changed","ts_ms":1777576170600,"details":{"mode":"safe","reason":"rtt-high","rtt_ms":415}}
2026-04-30T19:09:33Z type=link_mode_changed payload={"type":"link_mode_changed","ts_ms":1777576173367,"details":{"mode":"normal","reason":"rtt-restored","rtt_ms":178}}
2026-04-30T19:11:02Z type=link_mode_changed payload={"type":"link_mode_changed","ts_ms":1777576262747,"details":{"mode":"safe","reason":"rtt-high","rtt_ms":423}}
2026-04-30T19:11:03Z type=link_mode_changed payload={"type":"link_mode_changed","ts_ms":1777576263368,"details":{"mode":"normal","reason":"rtt-restored","rtt_ms":45}}
2026-04-30T19:12:22Z type=link_mode_changed payload={"type":"link_mode_changed","ts_ms":1777576342170,"details":{"mode":"safe","reason":"rtt-high","rtt_ms":510}}
2026-04-30T19:12:23Z type=link_mode_changed payload={"type":"link_mode_changed","ts_ms":1777576343752,"details":{"mode":"critical","reason":"rtt-critical","rtt_ms":1045}}
2026-04-30T19:12:24Z type=link_mode_changed payload={"type":"link_mode_changed","ts_ms":1777576344013,"details":{"mode":"safe","reason":"rtt-high","rtt_ms":263}}
2026-04-30T19:12:24Z type=link_mode_changed payload={"type":"link_mode_changed","ts_ms":1777576344826,"details":{"mode":"normal","reason":"rtt-restored","rtt_ms":75}}
2026-04-30T19:15:12Z type=link_mode_changed payload={"type":"link_mode_changed","ts_ms":1777576511990,"details":{"mode":"safe","reason":"rtt-high","rtt_ms":572}}
2026-04-30T19:15:13Z type=link_mode_changed payload={"type":"link_mode_changed","ts_ms":1777576513510,"details":{"mode":"normal","reason":"rtt-restored","rtt_ms":31}}
2026-04-30T19:15:31Z type=link_mode_changed payload={"type":"link_mode_changed","ts_ms":1777576531870,"details":{"mode":"critical","reason":"rtt-critical","rtt_ms":1246}}
2026-04-30T19:15:31Z type=link_mode_changed payload={"type":"link_mode_changed","ts_ms":1777576531923,"details":{"mode":"safe","reason":"rtt-high","rtt_ms":298}}
2026-04-30T19:15:32Z type=link_mode_changed payload={"type":"link_mode_changed","ts_ms":1777576532837,"details":{"mode":"normal","reason":"rtt-restored","rtt_ms":163}}
2026-04-30T19:15:55Z type=link_mode_changed payload={"type":"link_mode_changed","ts_ms":1777576555032,"details":{"mode":"safe","reason":"rtt-high","rtt_ms":223}}
2026-04-30T19:15:56Z type=link_mode_changed payload={"type":"link_mode_changed","ts_ms":1777576556916,"details":{"mode":"normal","reason":"rtt-restored","rtt_ms":29}}
2026-04-30T19:16:10Z type=link_mode_changed payload={"type":"link_mode_changed","ts_ms":1777576570628,"details":{"mode":"safe","reason":"rtt-high","rtt_ms":496}}
2026-04-30T19:16:11Z type=link_mode_changed payload={"type":"link_mode_changed","ts_ms":1777576571162,"details":{"mode":"normal","reason":"rtt-restored","rtt_ms":29}}
2026-04-30T19:16:38Z type=link_mode_changed payload={"type":"link_mode_changed","ts_ms":1777576598189,"details":{"mode":"safe","reason":"rtt-high","rtt_ms":888}}
2026-04-30T19:16:38Z type=link_mode_changed payload={"type":"link_mode_changed","ts_ms":1777576598382,"details":{"mode":"normal","reason":"rtt-restored","rtt_ms":80}}
2026-04-30T19:16:58Z type=link_mode_changed payload={"type":"link_mode_changed","ts_ms":1777576618755,"details":{"mode":"safe","reason":"rtt-high","rtt_ms":276}}
2026-04-30T19:17:01Z type=link_mode_changed payload={"type":"link_mode_changed","ts_ms":1777576620549,"details":{"mode":"normal","reason":"rtt-restored","rtt_ms":69}}
2026-04-30T19:18:00Z type=link_mode_changed payload={"type":"link_mode_changed","ts_ms":1777576680472,"details":{"mode":"safe","reason":"rtt-high","rtt_ms":267}}
2026-04-30T19:18:01Z type=link_mode_changed payload={"type":"link_mode_changed","ts_ms":1777576681311,"details":{"mode":"normal","reason":"rtt-restored","rtt_ms":18}}
2026-04-30T19:21:28Z type=link_mode_changed payload={"type":"link_mode_changed","ts_ms":1777576888520,"details":{"mode":"critical","reason":"rtt-critical","rtt_ms":537}}
2026-04-30T19:21:30Z type=link_mode_changed payload={"type":"link_mode_changed","ts_ms":1777576890043,"details":{"mode":"normal","reason":"rtt-restored","rtt_ms":60}}
2026-04-30T19:22:25Z type=link_mode_changed payload={"type":"link_mode_changed","ts_ms":1777576944997,"details":{"mode":"safe","reason":"rtt-high","rtt_ms":290}}
2026-04-30T19:22:26Z type=link_mode_changed payload={"type":"link_mode_changed","ts_ms":1777576946753,"details":{"mode":"normal","reason":"rtt-restored","rtt_ms":15}}
2026-04-30T19:22:39Z type=link_mode_changed payload={"type":"link_mode_changed","ts_ms":1777576959576,"details":{"mode":"safe","reason":"rtt-high","rtt_ms":675}}
2026-04-30T19:22:40Z type=link_mode_changed payload={"type":"link_mode_changed","ts_ms":1777576960561,"details":{"mode":"critical","reason":"rtt-critical","rtt_ms":661}}
2026-04-30T19:22:40Z type=link_mode_changed payload={"type":"link_mode_changed","ts_ms":1777576960910,"details":{"mode":"normal","reason":"rtt-restored","rtt_ms":10}}
2026-04-30T19:23:17Z type=link_mode_changed payload={"type":"link_mode_changed","ts_ms":1777576997549,"details":{"mode":"safe","reason":"rtt-high","rtt_ms":460}}
2026-04-30T19:23:19Z type=link_mode_changed payload={"type":"link_mode_changed","ts_ms":1777576999133,"details":{"mode":"normal","reason":"rtt-restored","rtt_ms":45}}
2026-04-30T19:23:40Z type=link_mode_changed payload={"type":"link_mode_changed","ts_ms":1777577020030,"details":{"mode":"critical","reason":"rtt-critical","rtt_ms":711}}
2026-04-30T19:23:40Z type=link_mode_changed payload={"type":"link_mode_changed","ts_ms":1777577020360,"details":{"mode":"normal","reason":"rtt-restored","rtt_ms":22}}
2026-04-30T19:24:07Z type=link_mode_changed payload={"type":"link_mode_changed","ts_ms":1777577047856,"details":{"mode":"safe","reason":"rtt-high","rtt_ms":225}}
2026-04-30T19:24:08Z type=link_mode_changed payload={"type":"link_mode_changed","ts_ms":1777577048713,"details":{"mode":"normal","reason":"rtt-restored","rtt_ms":10}}
2026-04-30T19:25:38Z type=link_mode_changed payload={"type":"link_mode_changed","ts_ms":1777577137925,"details":{"mode":"safe","reason":"rtt-high","rtt_ms":1001}}
2026-04-30T19:25:40Z type=link_mode_changed payload={"type":"link_mode_changed","ts_ms":1777577140964,"details":{"mode":"normal","reason":"rtt-restored","rtt_ms":9}}
2026-04-30T19:25:53Z type=link_mode_changed payload={"type":"link_mode_changed","ts_ms":1777577152874,"details":{"mode":"critical","reason":"rtt-critical","rtt_ms":712}}
2026-04-30T19:25:53Z type=link_mode_changed payload={"type":"link_mode_changed","ts_ms":1777577153243,"details":{"mode":"normal","reason":"rtt-restored","rtt_ms":82}}
2026-04-30T19:26:02Z type=link_mode_changed payload={"type":"link_mode_changed","ts_ms":1777577161962,"details":{"mode":"critical","reason":"rtt-critical","rtt_ms":606}}
2026-04-30T19:26:02Z type=link_mode_changed payload={"type":"link_mode_changed","ts_ms":1777577162380,"details":{"mode":"normal","reason":"rtt-restored","rtt_ms":23}}
2026-04-30T19:26:24Z type=link_mode_changed payload={"type":"link_mode_changed","ts_ms":1777577184112,"details":{"mode":"critical","reason":"rtt-critical","rtt_ms":539}}
2026-04-30T19:26:24Z type=link_mode_changed payload={"type":"link_mode_changed","ts_ms":1777577184769,"details":{"mode":"normal","reason":"rtt-restored","rtt_ms":196}}
2026-04-30T19:26:27Z type=link_mode_changed payload={"type":"link_mode_changed","ts_ms":1777577187043,"details":{"mode":"safe","reason":"rtt-high","rtt_ms":432}}
2026-04-30T19:26:31Z type=link_mode_changed payload={"type":"link_mode_changed","ts_ms":1777577191750,"details":{"mode":"normal","reason":"rtt-restored","rtt_ms":52}}
2026-04-30T19:26:40Z type=link_mode_changed payload={"type":"link_mode_changed","ts_ms":1777577200337,"details":{"mode":"critical","reason":"rtt-critical","rtt_ms":455}}
2026-04-30T19:26:41Z type=link_mode_changed payload={"type":"link_mode_changed","ts_ms":1777577201080,"details":{"mode":"normal","reason":"rtt-restored","rtt_ms":141}}
2026-04-30T19:27:17Z type=link_mode_changed payload={"type":"link_mode_changed","ts_ms":1777577237977,"details":{"mode":"safe","reason":"rtt-high","rtt_ms":408}}
2026-04-30T19:27:18Z type=link_mode_changed payload={"type":"link_mode_changed","ts_ms":1777577238578,"details":{"mode":"normal","reason":"rtt-restored","rtt_ms":10}}
2026-04-30T19:27:43Z type=link_mode_changed payload={"type":"link_mode_changed","ts_ms":1777577263305,"details":{"mode":"safe","reason":"rtt-high","rtt_ms":449}}
2026-04-30T19:27:44Z type=link_mode_changed payload={"type":"link_mode_changed","ts_ms":1777577264993,"details":{"mode":"normal","reason":"rtt-restored","rtt_ms":135}}
2026-04-30T19:28:38Z type=link_mode_changed payload={"type":"link_mode_changed","ts_ms":1777577318855,"details":{"mode":"safe","reason":"rtt-high","rtt_ms":674}}
2026-04-30T19:28:39Z type=link_mode_changed payload={"type":"link_mode_changed","ts_ms":1777577319233,"details":{"mode":"normal","reason":"rtt-restored","rtt_ms":52}}
2026-04-30T19:29:11Z type=link_mode_changed payload={"type":"link_mode_changed","ts_ms":1777577351831,"details":{"mode":"safe","reason":"rtt-high","rtt_ms":337}}
2026-04-30T19:29:12Z type=link_mode_changed payload={"type":"link_mode_changed","ts_ms":1777577352527,"details":{"mode":"normal","reason":"rtt-restored","rtt_ms":10}}
2026-04-30T19:29:39Z type=link_mode_changed payload={"type":"link_mode_changed","ts_ms":1777577379037,"details":{"mode":"safe","reason":"rtt-high","rtt_ms":267}}
2026-04-30T19:29:39Z type=link_mode_changed payload={"type":"link_mode_changed","ts_ms":1777577379782,"details":{"mode":"normal","reason":"rtt-restored","rtt_ms":12}}
2026-04-30T19:29:54Z type=link_mode_changed payload={"type":"link_mode_changed","ts_ms":1777577394166,"details":{"mode":"safe","reason":"rtt-high","rtt_ms":391}}
2026-04-30T19:29:54Z type=link_mode_changed payload={"type":"link_mode_changed","ts_ms":1777577394945,"details":{"mode":"normal","reason":"rtt-restored","rtt_ms":170}}
2026-04-30T19:30:22Z type=link_mode_changed payload={"type":"link_mode_changed","ts_ms":1777577422782,"details":{"mode":"critical","reason":"rtt-critical","rtt_ms":548}}
2026-04-30T19:30:23Z type=link_mode_changed payload={"type":"link_mode_changed","ts_ms":1777577423434,"details":{"mode":"normal","reason":"rtt-restored","rtt_ms":199}}
2026-04-30T19:31:57Z type=link_mode_changed payload={"type":"link_mode_changed","ts_ms":1777577517515,"details":{"mode":"critical","reason":"rtt-critical","rtt_ms":724}}
2026-04-30T19:31:58Z type=link_mode_changed payload={"type":"link_mode_changed","ts_ms":1777577518115,"details":{"mode":"safe","reason":"rtt-high","rtt_ms":324}}
2026-04-30T19:31:58Z type=link_mode_changed payload={"type":"link_mode_changed","ts_ms":1777577518890,"details":{"mode":"normal","reason":"rtt-restored","rtt_ms":46}}
2026-04-30T19:32:18Z type=link_mode_changed payload={"type":"link_mode_changed","ts_ms":1777577538741,"details":{"mode":"safe","reason":"rtt-high","rtt_ms":699}}
2026-04-30T19:32:19Z type=link_mode_changed payload={"type":"link_mode_changed","ts_ms":1777577539051,"details":{"mode":"normal","reason":"rtt-restored","rtt_ms":11}}
2026-04-30T19:33:40Z type=link_mode_changed payload={"type":"link_mode_changed","ts_ms":1777577620195,"details":{"mode":"safe","reason":"rtt-high","rtt_ms":303}}
2026-04-30T19:33:40Z type=link_mode_changed payload={"type":"link_mode_changed","ts_ms":1777577620943,"details":{"mode":"normal","reason":"rtt-restored","rtt_ms":51}}
2026-04-30T19:34:24Z type=link_mode_changed payload={"type":"link_mode_changed","ts_ms":1777577664464,"details":{"mode":"safe","reason":"rtt-high","rtt_ms":282}}
2026-04-30T19:34:25Z type=link_mode_changed payload={"type":"link_mode_changed","ts_ms":1777577665200,"details":{"mode":"normal","reason":"rtt-restored","rtt_ms":18}}
2026-04-30T19:34:33Z type=link_mode_changed payload={"type":"link_mode_changed","ts_ms":1777577673569,"details":{"mode":"safe","reason":"rtt-high","rtt_ms":372}}
2026-04-30T19:34:34Z type=link_mode_changed payload={"type":"link_mode_changed","ts_ms":1777577674217,"details":{"mode":"normal","reason":"rtt-restored","rtt_ms":18}}
2026-04-30T19:34:42Z type=link_mode_changed payload={"type":"link_mode_changed","ts_ms":1777577681705,"details":{"mode":"critical","reason":"rtt-critical","rtt_ms":505}}
2026-04-30T19:34:42Z type=link_mode_changed payload={"type":"link_mode_changed","ts_ms":1777577682218,"details":{"mode":"normal","reason":"rtt-restored","rtt_ms":18}}
2026-04-30T19:34:45Z type=link_mode_changed payload={"type":"link_mode_changed","ts_ms":1777577685250,"details":{"mode":"critical","reason":"rtt-critical","rtt_ms":1019}}
2026-04-30T19:34:45Z type=link_mode_changed payload={"type":"link_mode_changed","ts_ms":1777577685329,"details":{"mode":"normal","reason":"rtt-restored","rtt_ms":80}}
2026-04-30T19:35:14Z type=link_mode_changed payload={"type":"link_mode_changed","ts_ms":1777577714198,"details":{"mode":"critical","reason":"rtt-critical","rtt_ms":679}}
2026-04-30T19:35:15Z type=link_mode_changed payload={"type":"link_mode_changed","ts_ms":1777577715719,"details":{"mode":"normal","reason":"rtt-restored","rtt_ms":180}}
2026-04-30T19:35:18Z type=link_mode_changed payload={"type":"link_mode_changed","ts_ms":1777577718776,"details":{"mode":"safe","reason":"rtt-high","rtt_ms":234}}
2026-04-30T19:35:19Z type=link_mode_changed payload={"type":"link_mode_changed","ts_ms":1777577719745,"details":{"mode":"normal","reason":"rtt-restored","rtt_ms":203}}
2026-04-30T19:35:26Z type=link_mode_changed payload={"type":"link_mode_changed","ts_ms":1777577726877,"details":{"mode":"safe","reason":"rtt-high","rtt_ms":230}}
2026-04-30T19:35:28Z type=link_mode_changed payload={"type":"link_mode_changed","ts_ms":1777577728778,"details":{"mode":"normal","reason":"rtt-restored","rtt_ms":12}}
2026-04-30T19:35:58Z type=link_mode_changed payload={"type":"link_mode_changed","ts_ms":1777577758243,"details":{"mode":"safe","reason":"rtt-high","rtt_ms":221}}
2026-04-30T19:36:00Z type=link_mode_changed payload={"type":"link_mode_changed","ts_ms":1777577760110,"details":{"mode":"normal","reason":"rtt-restored","rtt_ms":38}}
2026-04-30T19:36:07Z type=link_mode_changed payload={"type":"link_mode_changed","ts_ms":1777577767463,"details":{"mode":"safe","reason":"rtt-high","rtt_ms":317}}
2026-04-30T19:36:09Z type=link_mode_changed payload={"type":"link_mode_changed","ts_ms":1777577769780,"details":{"mode":"critical","reason":"rtt-critical","rtt_ms":505}}
2026-04-30T19:36:11Z type=link_mode_changed payload={"type":"link_mode_changed","ts_ms":1777577771762,"details":{"mode":"safe","reason":"rtt-high","rtt_ms":442}}
2026-04-30T19:36:12Z type=link_mode_changed payload={"type":"link_mode_changed","ts_ms":1777577772455,"details":{"mode":"normal","reason":"rtt-restored","rtt_ms":12}}
2026-04-30T19:36:15Z type=link_mode_changed payload={"type":"link_mode_changed","ts_ms":1777577775809,"details":{"mode":"safe","reason":"rtt-high","rtt_ms":1355}}
2026-04-30T19:36:16Z type=link_mode_changed payload={"type":"link_mode_changed","ts_ms":1777577776471,"details":{"mode":"normal","reason":"rtt-restored","rtt_ms":13}}
2026-04-30T19:36:26Z type=link_mode_changed payload={"type":"link_mode_changed","ts_ms":1777577786005,"details":{"mode":"safe","reason":"rtt-high","rtt_ms":395}}
2026-04-30T19:36:26Z type=link_mode_changed payload={"type":"link_mode_changed","ts_ms":1777577786662,"details":{"mode":"normal","reason":"rtt-restored","rtt_ms":11}}
2026-04-30T19:36:31Z type=link_mode_changed payload={"type":"link_mode_changed","ts_ms":1777577791202,"details":{"mode":"critical","reason":"rtt-critical","rtt_ms":476}}
2026-04-30T19:36:31Z type=link_mode_changed payload={"type":"link_mode_changed","ts_ms":1777577791890,"details":{"mode":"normal","reason":"rtt-restored","rtt_ms":164}}
2026-04-30T19:37:10Z type=link_mode_changed payload={"type":"link_mode_changed","ts_ms":1777577830252,"details":{"mode":"critical","reason":"rtt-critical","rtt_ms":1074}}
2026-04-30T19:37:10Z type=link_mode_changed payload={"type":"link_mode_changed","ts_ms":1777577830326,"details":{"mode":"normal","reason":"rtt-restored","rtt_ms":75}}
2026-04-30T19:37:12Z type=link_mode_changed payload={"type":"link_mode_changed","ts_ms":1777577832658,"details":{"mode":"safe","reason":"rtt-high","rtt_ms":320}}
2026-04-30T19:37:13Z type=link_mode_changed payload={"type":"link_mode_changed","ts_ms":1777577833367,"details":{"mode":"normal","reason":"rtt-restored","rtt_ms":28}}
2026-04-30T19:38:29Z type=link_mode_changed payload={"type":"link_mode_changed","ts_ms":1777577909758,"details":{"mode":"critical","reason":"rtt-critical","rtt_ms":472}}
2026-04-30T19:38:30Z type=link_mode_changed payload={"type":"link_mode_changed","ts_ms":1777577910378,"details":{"mode":"normal","reason":"rtt-restored","rtt_ms":93}}
2026-04-30T19:38:47Z type=link_mode_changed payload={"type":"link_mode_changed","ts_ms":1777577927593,"details":{"mode":"safe","reason":"rtt-high","rtt_ms":235}}
2026-04-30T19:38:51Z type=link_mode_changed payload={"type":"link_mode_changed","ts_ms":1777577931118,"details":{"mode":"critical","reason":"rtt-critical","rtt_ms":759}}
2026-04-30T19:38:51Z type=link_mode_changed payload={"type":"link_mode_changed","ts_ms":1777577931427,"details":{"mode":"normal","reason":"rtt-restored","rtt_ms":69}}
2026-04-30T19:38:53Z type=link_mode_changed payload={"type":"link_mode_changed","ts_ms":1777577933756,"details":{"mode":"safe","reason":"rtt-high","rtt_ms":396}}
2026-04-30T19:38:56Z type=link_mode_changed payload={"type":"link_mode_changed","ts_ms":1777577936442,"details":{"mode":"normal","reason":"rtt-restored","rtt_ms":72}}
2026-04-30T19:39:43Z type=link_mode_changed payload={"type":"link_mode_changed","ts_ms":1777577982594,"details":{"mode":"critical","reason":"rtt-critical","rtt_ms":817}}
2026-04-30T19:39:44Z type=link_mode_changed payload={"type":"link_mode_changed","ts_ms":1777577984832,"details":{"mode":"normal","reason":"rtt-restored","rtt_ms":10}}
2026-04-30T19:40:32Z type=link_mode_changed payload={"type":"link_mode_changed","ts_ms":1777578032085,"details":{"mode":"safe","reason":"rtt-high","rtt_ms":426}}
2026-04-30T19:40:32Z type=link_mode_changed payload={"type":"link_mode_changed","ts_ms":1777578032672,"details":{"mode":"normal","reason":"rtt-restored","rtt_ms":12}}
2026-04-30T19:40:45Z type=link_mode_changed payload={"type":"link_mode_changed","ts_ms":1777578044725,"details":{"mode":"critical","reason":"rtt-critical","rtt_ms":1007}}
2026-04-30T19:40:46Z type=link_mode_changed payload={"type":"link_mode_changed","ts_ms":1777578046728,"details":{"mode":"normal","reason":"rtt-restored","rtt_ms":9}}
2026-04-30T19:40:52Z type=link_mode_changed payload={"type":"link_mode_changed","ts_ms":1777578052436,"details":{"mode":"critical","reason":"rtt-critical","rtt_ms":685}}
2026-04-30T19:40:53Z type=link_mode_changed payload={"type":"link_mode_changed","ts_ms":1777578052899,"details":{"mode":"normal","reason":"rtt-restored","rtt_ms":147}}
2026-04-30T19:41:07Z type=link_mode_changed payload={"type":"link_mode_changed","ts_ms":1777578067217,"details":{"mode":"safe","reason":"rtt-high","rtt_ms":260}}
2026-04-30T19:41:07Z type=link_mode_changed payload={"type":"link_mode_changed","ts_ms":1777578067966,"details":{"mode":"normal","reason":"rtt-restored","rtt_ms":8}}
2026-04-30T19:41:24Z type=link_mode_changed payload={"type":"link_mode_changed","ts_ms":1777578084332,"details":{"mode":"safe","reason":"rtt-high","rtt_ms":255}}
2026-04-30T19:41:25Z type=link_mode_changed payload={"type":"link_mode_changed","ts_ms":1777578085094,"details":{"mode":"normal","reason":"rtt-restored","rtt_ms":16}}
2026-04-30T19:41:28Z type=link_mode_changed payload={"type":"link_mode_changed","ts_ms":1777578088424,"details":{"mode":"safe","reason":"rtt-high","rtt_ms":346}}
2026-04-30T19:41:30Z type=link_mode_changed payload={"type":"link_mode_changed","ts_ms":1777578090127,"details":{"mode":"normal","reason":"rtt-restored","rtt_ms":28}}
2026-04-30T19:41:33Z type=link_mode_changed payload={"type":"link_mode_changed","ts_ms":1777578093594,"details":{"mode":"critical","reason":"rtt-critical","rtt_ms":495}}
2026-04-30T19:41:34Z type=link_mode_changed payload={"type":"link_mode_changed","ts_ms":1777578094392,"details":{"mode":"safe","reason":"rtt-high","rtt_ms":294}}
2026-04-30T19:41:36Z type=link_mode_changed payload={"type":"link_mode_changed","ts_ms":1777578096114,"details":{"mode":"normal","reason":"rtt-restored","rtt_ms":15}}
2026-04-30T19:41:41Z type=link_mode_changed payload={"type":"link_mode_changed","ts_ms":1777578101098,"details":{"mode":"critical","reason":"rtt-critical","rtt_ms":977}}
2026-04-30T19:41:41Z type=link_mode_changed payload={"type":"link_mode_changed","ts_ms":1777578101245,"details":{"mode":"normal","reason":"rtt-restored","rtt_ms":9}}
2026-04-30T19:41:46Z type=link_mode_changed payload={"type":"link_mode_changed","ts_ms":1777578106830,"details":{"mode":"critical","reason":"rtt-critical","rtt_ms":571}}
2026-04-30T19:41:47Z type=link_mode_changed payload={"type":"link_mode_changed","ts_ms":1777578107560,"details":{"mode":"safe","reason":"rtt-high","rtt_ms":280}}
2026-04-30T19:41:48Z type=link_mode_changed payload={"type":"link_mode_changed","ts_ms":1777578108370,"details":{"mode":"normal","reason":"rtt-restored","rtt_ms":32}}
2026-04-30T19:41:54Z type=link_mode_changed payload={"type":"link_mode_changed","ts_ms":1777578114124,"details":{"mode":"critical","reason":"rtt-critical","rtt_ms":775}}
2026-04-30T19:41:54Z type=link_mode_changed payload={"type":"link_mode_changed","ts_ms":1777578114518,"details":{"mode":"normal","reason":"rtt-restored","rtt_ms":138}}
2026-04-30T19:41:56Z type=link_mode_changed payload={"type":"link_mode_changed","ts_ms":1777578116875,"details":{"mode":"critical","reason":"rtt-critical","rtt_ms":495}}
2026-04-30T19:41:57Z type=link_mode_changed payload={"type":"link_mode_changed","ts_ms":1777578117395,"details":{"mode":"normal","reason":"rtt-restored","rtt_ms":10}}
2026-04-30T19:42:08Z type=link_mode_changed payload={"type":"link_mode_changed","ts_ms":1777578127733,"details":{"mode":"safe","reason":"rtt-high","rtt_ms":1338}}
2026-04-30T19:42:08Z type=link_mode_changed payload={"type":"link_mode_changed","ts_ms":1777578128409,"details":{"mode":"critical","reason":"rtt-critical","rtt_ms":1016}}
2026-04-30T19:42:08Z type=link_mode_changed payload={"type":"link_mode_changed","ts_ms":1777578128463,"details":{"mode":"normal","reason":"rtt-restored","rtt_ms":54}}
2026-04-30T19:42:55Z type=link_mode_changed payload={"type":"link_mode_changed","ts_ms":1777578175212,"details":{"mode":"safe","reason":"rtt-high","rtt_ms":262}}
2026-04-30T19:42:57Z type=link_mode_changed payload={"type":"link_mode_changed","ts_ms":1777578176993,"details":{"mode":"normal","reason":"rtt-restored","rtt_ms":41}}
2026-04-30T19:43:35Z type=link_mode_changed payload={"type":"link_mode_changed","ts_ms":1777578215623,"details":{"mode":"safe","reason":"rtt-high","rtt_ms":385}}
2026-04-30T19:43:39Z type=link_mode_changed payload={"type":"link_mode_changed","ts_ms":1777578219249,"details":{"mode":"normal","reason":"rtt-restored","rtt_ms":11}}
2026-04-30T19:43:44Z type=link_mode_changed payload={"type":"link_mode_changed","ts_ms":1777578223969,"details":{"mode":"safe","reason":"rtt-high","rtt_ms":715}}
2026-04-30T19:43:44Z type=link_mode_changed payload={"type":"link_mode_changed","ts_ms":1777578224263,"details":{"mode":"normal","reason":"rtt-restored","rtt_ms":10}}
2026-04-30T19:43:47Z type=link_mode_changed payload={"type":"link_mode_changed","ts_ms":1777578227493,"details":{"mode":"safe","reason":"rtt-high","rtt_ms":239}}
2026-04-30T19:43:52Z type=link_mode_changed payload={"type":"link_mode_changed","ts_ms":1777578232270,"details":{"mode":"normal","reason":"rtt-restored","rtt_ms":15}}
2026-04-30T19:44:13Z type=link_mode_changed payload={"type":"link_mode_changed","ts_ms":1777578253829,"details":{"mode":"safe","reason":"rtt-high","rtt_ms":296}}
2026-04-30T19:44:15Z type=link_mode_changed payload={"type":"link_mode_changed","ts_ms":1777578255592,"details":{"mode":"normal","reason":"rtt-restored","rtt_ms":59}}
2026-04-30T19:44:32Z type=link_mode_changed payload={"type":"link_mode_changed","ts_ms":1777578272226,"details":{"mode":"safe","reason":"rtt-high","rtt_ms":639}}
2026-04-30T19:44:32Z type=link_mode_changed payload={"type":"link_mode_changed","ts_ms":1777578272597,"details":{"mode":"normal","reason":"rtt-restored","rtt_ms":9}}
2026-04-30T19:44:37Z type=link_mode_changed payload={"type":"link_mode_changed","ts_ms":1777578277301,"details":{"mode":"safe","reason":"rtt-high","rtt_ms":711}}
2026-04-30T19:44:37Z type=link_mode_changed payload={"type":"link_mode_changed","ts_ms":1777578277602,"details":{"mode":"normal","reason":"rtt-restored","rtt_ms":11}}
2026-04-30T19:44:41Z type=link_mode_changed payload={"type":"link_mode_changed","ts_ms":1777578281060,"details":{"mode":"safe","reason":"rtt-high","rtt_ms":469}}
2026-04-30T19:44:41Z type=link_mode_changed payload={"type":"link_mode_changed","ts_ms":1777578281609,"details":{"mode":"normal","reason":"rtt-restored","rtt_ms":18}}
2026-04-30T19:46:30Z type=link_mode_changed payload={"type":"link_mode_changed","ts_ms":1777578390156,"details":{"mode":"safe","reason":"rtt-high","rtt_ms":468}}
2026-04-30T19:46:31Z type=link_mode_changed payload={"type":"link_mode_changed","ts_ms":1777578391392,"details":{"mode":"critical","reason":"rtt-critical","rtt_ms":704}}
2026-04-30T19:46:31Z type=link_mode_changed payload={"type":"link_mode_changed","ts_ms":1777578391700,"details":{"mode":"normal","reason":"rtt-restored","rtt_ms":13}}
2026-04-30T19:47:28Z type=link_mode_changed payload={"type":"link_mode_changed","ts_ms":1777578448643,"details":{"mode":"safe","reason":"rtt-high","rtt_ms":377}}
2026-04-30T19:47:30Z type=link_mode_changed payload={"type":"link_mode_changed","ts_ms":1777578450321,"details":{"mode":"normal","reason":"rtt-restored","rtt_ms":15}}
2026-04-30T19:47:42Z type=link_mode_changed payload={"type":"link_mode_changed","ts_ms":1777578462951,"details":{"mode":"safe","reason":"rtt-high","rtt_ms":317}}
2026-04-30T19:47:43Z type=link_mode_changed payload={"type":"link_mode_changed","ts_ms":1777578463649,"details":{"mode":"normal","reason":"rtt-restored","rtt_ms":15}}
2026-04-30T19:47:51Z type=link_mode_changed payload={"type":"link_mode_changed","ts_ms":1777578471491,"details":{"mode":"critical","reason":"rtt-critical","rtt_ms":834}}
2026-04-30T19:47:51Z type=link_mode_changed payload={"type":"link_mode_changed","ts_ms":1777578471821,"details":{"mode":"normal","reason":"rtt-restored","rtt_ms":100}}
2026-04-30T19:48:32Z type=link_mode_changed payload={"type":"link_mode_changed","ts_ms":1777578512732,"details":{"mode":"safe","reason":"rtt-high","rtt_ms":785}}
2026-04-30T19:48:35Z type=link_mode_changed payload={"type":"link_mode_changed","ts_ms":1777578515059,"details":{"mode":"normal","reason":"rtt-restored","rtt_ms":13}}
2026-04-30T19:50:37Z type=link_mode_changed payload={"type":"link_mode_changed","ts_ms":1777578637271,"details":{"mode":"critical","reason":"rtt-critical","rtt_ms":665}}
2026-04-30T19:50:39Z type=link_mode_changed payload={"type":"link_mode_changed","ts_ms":1777578639796,"details":{"mode":"normal","reason":"rtt-restored","rtt_ms":188}}
2026-04-30T19:50:47Z type=link_mode_changed payload={"type":"link_mode_changed","ts_ms":1777578647198,"details":{"mode":"safe","reason":"rtt-high","rtt_ms":501}}
2026-04-30T19:50:47Z type=link_mode_changed payload={"type":"link_mode_changed","ts_ms":1777578647716,"details":{"mode":"normal","reason":"rtt-restored","rtt_ms":18}}
2026-04-30T19:50:51Z type=link_mode_changed payload={"type":"link_mode_changed","ts_ms":1777578651342,"details":{"mode":"safe","reason":"rtt-high","rtt_ms":644}}
2026-04-30T19:50:52Z type=link_mode_changed payload={"type":"link_mode_changed","ts_ms":1777578652768,"details":{"mode":"normal","reason":"rtt-restored","rtt_ms":12}}
2026-04-30T19:51:58Z type=link_mode_changed payload={"type":"link_mode_changed","ts_ms":1777578718593,"details":{"mode":"safe","reason":"rtt-high","rtt_ms":960}}
2026-04-30T19:51:59Z type=link_mode_changed payload={"type":"link_mode_changed","ts_ms":1777578718737,"details":{"mode":"normal","reason":"rtt-restored","rtt_ms":41}}
2026-04-30T19:52:01Z type=link_mode_changed payload={"type":"link_mode_changed","ts_ms":1777578721017,"details":{"mode":"safe","reason":"rtt-high","rtt_ms":252}}
2026-04-30T19:52:02Z type=link_mode_changed payload={"type":"link_mode_changed","ts_ms":1777578722810,"details":{"mode":"normal","reason":"rtt-restored","rtt_ms":35}}
2026-04-30T19:54:54Z type=link_mode_changed payload={"type":"link_mode_changed","ts_ms":1777578893991,"details":{"mode":"critical","reason":"rtt-critical","rtt_ms":463}}
2026-04-30T19:54:54Z type=link_mode_changed payload={"type":"link_mode_changed","ts_ms":1777578894537,"details":{"mode":"normal","reason":"rtt-restored","rtt_ms":9}}
2026-04-30T19:55:41Z type=link_mode_changed payload={"type":"link_mode_changed","ts_ms":1777578941439,"details":{"mode":"safe","reason":"rtt-high","rtt_ms":346}}
2026-04-30T19:55:42Z type=link_mode_changed payload={"type":"link_mode_changed","ts_ms":1777578942124,"details":{"mode":"normal","reason":"rtt-restored","rtt_ms":11}}
2026-04-30T19:56:17Z type=link_mode_changed payload={"type":"link_mode_changed","ts_ms":1777578977799,"details":{"mode":"critical","reason":"rtt-critical","rtt_ms":493}}
2026-04-30T19:56:18Z type=link_mode_changed payload={"type":"link_mode_changed","ts_ms":1777578978337,"details":{"mode":"normal","reason":"rtt-restored","rtt_ms":32}}
2026-04-30T19:56:26Z type=link_mode_changed payload={"type":"link_mode_changed","ts_ms":1777578986761,"details":{"mode":"safe","reason":"rtt-high","rtt_ms":453}}
2026-04-30T19:56:27Z type=link_mode_changed payload={"type":"link_mode_changed","ts_ms":1777578987513,"details":{"mode":"normal","reason":"rtt-restored","rtt_ms":204}}
2026-04-30T19:56:34Z type=link_mode_changed payload={"type":"link_mode_changed","ts_ms":1777578994860,"details":{"mode":"safe","reason":"rtt-high","rtt_ms":389}}
2026-04-30T19:56:35Z type=link_mode_changed payload={"type":"link_mode_changed","ts_ms":1777578995483,"details":{"mode":"normal","reason":"rtt-restored","rtt_ms":12}}
2026-04-30T19:56:38Z type=link_mode_changed payload={"type":"link_mode_changed","ts_ms":1777578998381,"details":{"mode":"critical","reason":"rtt-critical","rtt_ms":898}}
2026-04-30T19:56:39Z type=link_mode_changed payload={"type":"link_mode_changed","ts_ms":1777578999840,"details":{"mode":"safe","reason":"rtt-high","rtt_ms":340}}
2026-04-30T19:56:40Z type=link_mode_changed payload={"type":"link_mode_changed","ts_ms":1777579000515,"details":{"mode":"normal","reason":"rtt-restored","rtt_ms":14}}
2026-04-30T19:56:54Z type=link_mode_changed payload={"type":"link_mode_changed","ts_ms":1777579013850,"details":{"mode":"safe","reason":"rtt-high","rtt_ms":1296}}
2026-04-30T19:56:54Z type=link_mode_changed payload={"type":"link_mode_changed","ts_ms":1777579014194,"details":{"mode":"critical","reason":"rtt-critical","rtt_ms":641}}
2026-04-30T19:56:56Z type=link_mode_changed payload={"type":"link_mode_changed","ts_ms":1777579016685,"details":{"mode":"normal","reason":"rtt-restored","rtt_ms":65}}
2026-04-30T19:57:00Z type=link_mode_changed payload={"type":"link_mode_changed","ts_ms":1777579020151,"details":{"mode":"critical","reason":"rtt-critical","rtt_ms":531}}
2026-04-30T19:57:00Z type=link_mode_changed payload={"type":"link_mode_changed","ts_ms":1777579020657,"details":{"mode":"normal","reason":"rtt-restored","rtt_ms":36}}
2026-04-30T19:57:05Z type=link_mode_changed payload={"type":"link_mode_changed","ts_ms":1777579025834,"details":{"mode":"critical","reason":"rtt-critical","rtt_ms":1201}}
2026-04-30T19:57:05Z type=link_mode_changed payload={"type":"link_mode_changed","ts_ms":1777579025882,"details":{"mode":"safe","reason":"rtt-high","rtt_ms":250}}
2026-04-30T19:57:06Z type=link_mode_changed payload={"type":"link_mode_changed","ts_ms":1777579026649,"details":{"mode":"normal","reason":"rtt-restored","rtt_ms":15}}
2026-04-30T19:57:13Z type=link_mode_changed payload={"type":"link_mode_changed","ts_ms":1777579032601,"details":{"mode":"critical","reason":"rtt-critical","rtt_ms":918}}
2026-04-30T19:57:13Z type=link_mode_changed payload={"type":"link_mode_changed","ts_ms":1777579033055,"details":{"mode":"safe","reason":"rtt-high","rtt_ms":371}}
2026-04-30T19:57:15Z type=link_mode_changed payload={"type":"link_mode_changed","ts_ms":1777579035437,"details":{"mode":"critical","reason":"rtt-critical","rtt_ms":753}}
2026-04-30T19:57:16Z type=link_mode_changed payload={"type":"link_mode_changed","ts_ms":1777579036749,"details":{"mode":"normal","reason":"rtt-restored","rtt_ms":65}}
2026-04-30T19:57:51Z type=link_mode_changed payload={"type":"link_mode_changed","ts_ms":1777579071534,"details":{"mode":"critical","reason":"rtt-critical","rtt_ms":509}}
2026-04-30T19:57:52Z type=link_mode_changed payload={"type":"link_mode_changed","ts_ms":1777579072240,"details":{"mode":"normal","reason":"rtt-restored","rtt_ms":215}}
2026-04-30T19:57:56Z type=link_mode_changed payload={"type":"link_mode_changed","ts_ms":1777579076771,"details":{"mode":"critical","reason":"rtt-critical","rtt_ms":632}}
2026-04-30T19:57:58Z type=link_mode_changed payload={"type":"link_mode_changed","ts_ms":1777579078429,"details":{"mode":"safe","reason":"rtt-high","rtt_ms":289}}
2026-04-30T19:58:00Z type=link_mode_changed payload={"type":"link_mode_changed","ts_ms":1777579080176,"details":{"mode":"normal","reason":"rtt-restored","rtt_ms":35}}
2026-04-30T19:58:02Z type=link_mode_changed payload={"type":"link_mode_changed","ts_ms":1777579082501,"details":{"mode":"safe","reason":"rtt-high","rtt_ms":360}}
2026-04-30T19:58:03Z type=link_mode_changed payload={"type":"link_mode_changed","ts_ms":1777579083160,"details":{"mode":"normal","reason":"rtt-restored","rtt_ms":10}}
2026-04-30T19:58:14Z type=link_mode_changed payload={"type":"link_mode_changed","ts_ms":1777579094616,"details":{"mode":"critical","reason":"rtt-critical","rtt_ms":452}}
2026-04-30T19:58:15Z type=link_mode_changed payload={"type":"link_mode_changed","ts_ms":1777579095297,"details":{"mode":"normal","reason":"rtt-restored","rtt_ms":123}}
2026-04-30T19:58:17Z type=link_mode_changed payload={"type":"link_mode_changed","ts_ms":1777579097854,"details":{"mode":"critical","reason":"rtt-critical","rtt_ms":678}}
2026-04-30T19:58:18Z type=link_mode_changed payload={"type":"link_mode_changed","ts_ms":1777579098532,"details":{"mode":"safe","reason":"rtt-high","rtt_ms":355}}
2026-04-30T19:58:20Z type=link_mode_changed payload={"type":"link_mode_changed","ts_ms":1777579100763,"details":{"mode":"critical","reason":"rtt-critical","rtt_ms":580}}
2026-04-30T19:58:22Z type=link_mode_changed payload={"type":"link_mode_changed","ts_ms":1777579102277,"details":{"mode":"normal","reason":"rtt-restored","rtt_ms":93}}
2026-04-30T19:58:24Z type=link_mode_changed payload={"type":"link_mode_changed","ts_ms":1777579104532,"details":{"mode":"safe","reason":"rtt-high","rtt_ms":348}}
2026-04-30T19:58:29Z type=link_mode_changed payload={"type":"link_mode_changed","ts_ms":1777579109336,"details":{"mode":"normal","reason":"rtt-restored","rtt_ms":150}}
2026-04-30T19:58:41Z type=link_mode_changed payload={"type":"link_mode_changed","ts_ms":1777579121769,"details":{"mode":"safe","reason":"rtt-high","rtt_ms":375}}
2026-04-30T19:58:42Z type=link_mode_changed payload={"type":"link_mode_changed","ts_ms":1777579122494,"details":{"mode":"normal","reason":"rtt-restored","rtt_ms":77}}
2026-04-30T19:59:15Z type=link_mode_changed payload={"type":"link_mode_changed","ts_ms":1777579155692,"details":{"mode":"critical","reason":"rtt-critical","rtt_ms":764}}
2026-04-30T19:59:16Z type=link_mode_changed payload={"type":"link_mode_changed","ts_ms":1777579156372,"details":{"mode":"safe","reason":"rtt-high","rtt_ms":443}}
2026-04-30T19:59:18Z type=link_mode_changed payload={"type":"link_mode_changed","ts_ms":1777579158955,"details":{"mode":"normal","reason":"rtt-restored","rtt_ms":10}}
2026-04-30T19:59:31Z type=link_mode_changed payload={"type":"link_mode_changed","ts_ms":1777579171803,"details":{"mode":"safe","reason":"rtt-high","rtt_ms":832}}
2026-04-30T19:59:32Z type=link_mode_changed payload={"type":"link_mode_changed","ts_ms":1777579172025,"details":{"mode":"normal","reason":"rtt-restored","rtt_ms":54}}
2026-04-30T19:59:44Z type=link_mode_changed payload={"type":"link_mode_changed","ts_ms":1777579184581,"details":{"mode":"safe","reason":"rtt-high","rtt_ms":419}}
2026-04-30T19:59:49Z type=link_mode_changed payload={"type":"link_mode_changed","ts_ms":1777579189204,"details":{"mode":"normal","reason":"rtt-restored","rtt_ms":10}}
2026-04-30T19:59:55Z type=link_mode_changed payload={"type":"link_mode_changed","ts_ms":1777579195411,"details":{"mode":"critical","reason":"rtt-critical","rtt_ms":1135}}
2026-04-30T19:59:55Z type=link_mode_changed payload={"type":"link_mode_changed","ts_ms":1777579195540,"details":{"mode":"safe","reason":"rtt-high","rtt_ms":264}}
2026-04-30T19:59:59Z type=link_mode_changed payload={"type":"link_mode_changed","ts_ms":1777579199379,"details":{"mode":"normal","reason":"rtt-restored","rtt_ms":102}}
2026-04-30T20:00:11Z type=link_mode_changed payload={"type":"link_mode_changed","ts_ms":1777579211642,"details":{"mode":"safe","reason":"rtt-high","rtt_ms":299}}
2026-04-30T20:00:14Z type=link_mode_changed payload={"type":"link_mode_changed","ts_ms":1777579214428,"details":{"mode":"normal","reason":"rtt-restored","rtt_ms":45}}
2026-04-30T20:00:26Z type=link_mode_changed payload={"type":"link_mode_changed","ts_ms":1777579226054,"details":{"mode":"safe","reason":"rtt-high","rtt_ms":623}}
2026-04-30T20:00:26Z type=link_mode_changed payload={"type":"link_mode_changed","ts_ms":1777579226478,"details":{"mode":"normal","reason":"rtt-restored","rtt_ms":15}}
2026-04-30T20:00:56Z type=link_mode_changed payload={"type":"link_mode_changed","ts_ms":1777579256071,"details":{"mode":"safe","reason":"rtt-high","rtt_ms":433}}
2026-04-30T20:00:56Z type=link_mode_changed payload={"type":"link_mode_changed","ts_ms":1777579256647,"details":{"mode":"normal","reason":"rtt-restored","rtt_ms":9}}
2026-05-01T12:50:28Z type=video_restored payload={"type":"video_restored","ts_ms":1777639828904,"details":{"lost_for_ms":49}}
2026-05-01T12:50:29Z type=video_lost payload={"type":"video_lost","ts_ms":1777639829112,"details":{"status":"RECONNECTING"}}
2026-05-01T12:50:29Z type=video_retry payload={"type":"video_retry","ts_ms":1777639829112,"details":{"attempt":1,"delay_ms":1000,"mode":"auto"}}
2026-05-01T12:50:29Z type=video_restored payload={"type":"video_restored","ts_ms":1777639829129,"details":{"lost_for_ms":17}}
2026-05-01T12:52:40Z type=video_retry payload={"type":"video_retry","ts_ms":1777639960213,"details":{"attempt":1,"delay_ms":1000,"mode":"auto"}}
2026-05-01T12:52:40Z type=video_restored payload={"type":"video_restored","ts_ms":1777639960221,"details":{"lost_for_ms":291}}
2026-05-01T12:54:17Z type=link_mode_changed payload={"type":"link_mode_changed","ts_ms":1777640056783,"details":{"mode":"safe","reason":"rtt-high","rtt_ms":834}}
2026-05-01T12:54:18Z type=link_mode_changed payload={"type":"link_mode_changed","ts_ms":1777640057693,"details":{"mode":"critical","reason":"rtt-critical","rtt_ms":750}}
2026-05-01T12:54:19Z type=link_mode_changed payload={"type":"link_mode_changed","ts_ms":1777640059143,"details":{"mode":"normal","reason":"rtt-restored","rtt_ms":201}}
2026-05-01T12:54:21Z type=link_mode_changed payload={"type":"link_mode_changed","ts_ms":1777640061371,"details":{"mode":"safe","reason":"rtt-high","rtt_ms":427}}
2026-05-01T12:54:22Z type=link_mode_changed payload={"type":"link_mode_changed","ts_ms":1777640062045,"details":{"mode":"normal","reason":"rtt-restored","rtt_ms":102}}
2026-05-01T12:54:29Z type=link_mode_changed payload={"type":"link_mode_changed","ts_ms":1777640069440,"details":{"mode":"normal","reason":"rtt-restored","rtt_ms":103}}
2026-05-01T12:54:32Z type=link_mode_changed payload={"type":"link_mode_changed","ts_ms":1777640072664,"details":{"mode":"safe","reason":"rtt-high","rtt_ms":6328}}
2026-05-01T12:54:32Z type=link_mode_changed payload={"type":"link_mode_changed","ts_ms":1777640072651,"details":{"mode":"critical","reason":"rtt-critical","rtt_ms":707}}
2026-05-01T12:54:33Z type=link_mode_changed payload={"type":"link_mode_changed","ts_ms":1777640073553,"details":{"mode":"normal","reason":"rtt-restored","rtt_ms":211}}
2026-05-01T12:54:34Z type=link_mode_changed payload={"type":"link_mode_changed","ts_ms":1777640074002,"details":{"mode":"normal","reason":"rtt-restored","rtt_ms":57}}
2026-05-01T12:54:44Z type=link_mode_changed payload={"type":"link_mode_changed","ts_ms":1777640084626,"details":{"mode":"critical","reason":"rtt-critical","rtt_ms":683}}
2026-05-01T12:54:45Z type=link_mode_changed payload={"type":"link_mode_changed","ts_ms":1777640085032,"details":{"mode":"normal","reason":"rtt-restored","rtt_ms":85}}
2026-05-01T12:54:45Z type=link_mode_changed payload={"type":"link_mode_changed","ts_ms":1777640085494,"details":{"mode":"normal","reason":"rtt-restored","rtt_ms":148}}
2026-05-01T12:54:47Z type=video_retry payload={"type":"video_retry","ts_ms":1777640087775,"details":{"attempt":1,"delay_ms":1000,"mode":"auto"}}
2026-05-01T12:54:47Z type=video_restored payload={"type":"video_restored","ts_ms":1777640087782,"details":{"lost_for_ms":302}}
2026-05-01T12:59:03Z type=track_reacquire_start payload={"type":"track_reacquire_start","ts_ms":1777640342999,"details":{"reason":"lost"}}
2026-05-01T12:59:03Z type=track_reacquire_end payload={"type":"track_reacquire_end","ts_ms":1777640343552,"details":{"result":"recovered","reason":"lost","lost_ms":553,"scan_steps":0}}
2026-05-01T12:59:03Z type=track_reacquire_start payload={"type":"track_reacquire_start","ts_ms":1777640343592,"details":{"reason":"lost"}}
2026-05-01T12:59:04Z type=track_reacquire_end payload={"type":"track_reacquire_end","ts_ms":1777640343856,"details":{"result":"recovered","reason":"lost","lost_ms":264,"scan_steps":0}}
2026-05-01T12:59:05Z type=link_mode_changed payload={"type":"link_mode_changed","ts_ms":1777640345416,"details":{"mode":"safe","reason":"rtt-high","rtt_ms":473}}
2026-05-01T12:59:06Z type=link_mode_changed payload={"type":"link_mode_changed","ts_ms":1777640346052,"details":{"mode":"normal","reason":"rtt-restored","rtt_ms":109}}
2026-05-01T12:59:07Z type=track_reacquire_start payload={"type":"track_reacquire_start","ts_ms":1777640347552,"details":{"reason":"lost"}}
2026-05-01T12:59:07Z type=track_reacquire_end payload={"type":"track_reacquire_end","ts_ms":1777640347868,"details":{"result":"recovered","reason":"lost","lost_ms":316,"scan_steps":0}}
2026-05-01T12:59:35Z type=link_mode_changed payload={"type":"link_mode_changed","ts_ms":1777640374832,"details":{"mode":"critical","reason":"rtt-critical","rtt_ms":889}}
2026-05-01T12:59:38Z type=link_mode_changed payload={"type":"link_mode_changed","ts_ms":1777640378342,"details":{"mode":"safe","reason":"rtt-high","rtt_ms":400}}
2026-05-01T12:59:40Z type=link_mode_changed payload={"type":"link_mode_changed","ts_ms":1777640379990,"details":{"mode":"normal","reason":"rtt-restored","rtt_ms":46}}
2026-05-01T12:59:51Z type=link_mode_changed payload={"type":"link_mode_changed","ts_ms":1777640390798,"details":{"mode":"safe","reason":"rtt-high","rtt_ms":6434}}
2026-05-01T12:59:51Z type=link_mode_changed payload={"type":"link_mode_changed","ts_ms":1777640391484,"details":{"mode":"normal","reason":"rtt-restored","rtt_ms":116}}
2026-05-01T12:59:51Z type=link_mode_changed payload={"type":"link_mode_changed","ts_ms":1777640391528,"details":{"mode":"critical","reason":"rtt-critical","rtt_ms":14168}}
2026-05-01T12:59:54Z type=link_mode_changed payload={"type":"link_mode_changed","ts_ms":1777640394394,"details":{"mode":"normal","reason":"rtt-restored","rtt_ms":26}}
2026-05-01T13:00:08Z type=link_mode_changed payload={"type":"link_mode_changed","ts_ms":1777640408540,"details":{"mode":"critical","reason":"rtt-critical","rtt_ms":590}}
2026-05-01T13:00:09Z type=link_mode_changed payload={"type":"link_mode_changed","ts_ms":1777640409000,"details":{"mode":"normal","reason":"rtt-restored","rtt_ms":58}}
2026-05-01T13:00:11Z type=link_mode_changed payload={"type":"link_mode_changed","ts_ms":1777640411750,"details":{"mode":"safe","reason":"rtt-high","rtt_ms":39393}}
2026-05-01T13:00:12Z type=link_mode_changed payload={"type":"link_mode_changed","ts_ms":1777640412507,"details":{"mode":"normal","reason":"rtt-restored","rtt_ms":131}}
2026-05-01T13:00:15Z type=link_mode_changed payload={"type":"link_mode_changed","ts_ms":1777640415029,"details":{"mode":"critical","reason":"rtt-critical","rtt_ms":39670}}
2026-05-01T13:00:15Z type=link_mode_changed payload={"type":"link_mode_changed","ts_ms":1777640415453,"details":{"mode":"normal","reason":"rtt-restored","rtt_ms":75}}
2026-05-01T13:00:24Z type=link_mode_changed payload={"type":"link_mode_changed","ts_ms":1777640424620,"details":{"mode":"safe","reason":"rtt-high","rtt_ms":677}}
2026-05-01T13:00:25Z type=link_mode_changed payload={"type":"link_mode_changed","ts_ms":1777640424995,"details":{"mode":"normal","reason":"rtt-restored","rtt_ms":53}}
2026-05-01T13:00:29Z type=link_mode_changed payload={"type":"link_mode_changed","ts_ms":1777640429223,"details":{"mode":"safe","reason":"rtt-high","rtt_ms":280}}
2026-05-01T13:00:30Z type=link_mode_changed payload={"type":"link_mode_changed","ts_ms":1777640430084,"details":{"mode":"normal","reason":"rtt-restored","rtt_ms":134}}
2026-05-01T13:00:41Z type=link_mode_changed payload={"type":"link_mode_changed","ts_ms":1777640441709,"details":{"mode":"safe","reason":"rtt-high","rtt_ms":759}}
2026-05-01T13:00:42Z type=link_mode_changed payload={"type":"link_mode_changed","ts_ms":1777640442599,"details":{"mode":"critical","reason":"rtt-critical","rtt_ms":656}}
2026-05-01T13:00:43Z type=link_mode_changed payload={"type":"link_mode_changed","ts_ms":1777640443248,"details":{"mode":"critical","reason":"rtt-critical","rtt_ms":855}}
2026-05-01T13:00:43Z type=link_mode_changed payload={"type":"link_mode_changed","ts_ms":1777640443040,"details":{"mode":"normal","reason":"rtt-restored","rtt_ms":90}}
2026-05-01T13:00:43Z type=link_mode_changed payload={"type":"link_mode_changed","ts_ms":1777640443674,"details":{"mode":"safe","reason":"rtt-high","rtt_ms":282}}
2026-05-01T13:00:45Z type=link_mode_changed payload={"type":"link_mode_changed","ts_ms":1777640444411,"details":{"mode":"normal","reason":"rtt-restored","rtt_ms":18}}
2026-05-01T13:00:57Z type=link_mode_changed payload={"type":"link_mode_changed","ts_ms":1777640441716,"details":{"mode":"safe","reason":"rtt-high","rtt_ms":325}}
2026-05-01T13:00:57Z type=link_mode_changed payload={"type":"link_mode_changed","ts_ms":1777640456417,"details":{"mode":"critical","reason":"rtt-critical","rtt_ms":474}}
2026-05-01T13:00:58Z type=link_mode_changed payload={"type":"link_mode_changed","ts_ms":1777640458236,"details":{"mode":"safe","reason":"rtt-high","rtt_ms":293}}
2026-05-01T13:00:59Z type=link_mode_changed payload={"type":"link_mode_changed","ts_ms":1777640458992,"details":{"mode":"normal","reason":"rtt-restored","rtt_ms":48}}
2026-05-01T13:00:59Z type=link_mode_changed payload={"type":"link_mode_changed","ts_ms":1777640458801,"details":{"mode":"safe","reason":"rtt-high","rtt_ms":402}}
2026-05-01T13:01:00Z type=link_mode_changed payload={"type":"link_mode_changed","ts_ms":1777640459423,"details":{"mode":"normal","reason":"rtt-restored","rtt_ms":23}}
2026-05-01T13:01:08Z type=link_mode_changed payload={"type":"link_mode_changed","ts_ms":1777640468860,"details":{"mode":"critical","reason":"rtt-critical","rtt_ms":1457}}
2026-05-01T13:01:08Z type=link_mode_changed payload={"type":"link_mode_changed","ts_ms":1777640468866,"details":{"mode":"critical","reason":"rtt-critical","rtt_ms":923}}
2026-05-01T13:01:09Z type=link_mode_changed payload={"type":"link_mode_changed","ts_ms":1777640469820,"details":{"mode":"safe","reason":"rtt-high","rtt_ms":417}}
2026-05-01T13:01:11Z type=link_mode_changed payload={"type":"link_mode_changed","ts_ms":1777640471347,"details":{"mode":"safe","reason":"rtt-high","rtt_ms":404}}
2026-05-01T13:01:12Z type=link_mode_changed payload={"type":"link_mode_changed","ts_ms":1777640472468,"details":{"mode":"normal","reason":"rtt-restored","rtt_ms":65}}
2026-05-01T13:01:13Z type=link_mode_changed payload={"type":"link_mode_changed","ts_ms":1777640473003,"details":{"mode":"normal","reason":"rtt-restored","rtt_ms":61}}
2026-05-01T13:01:16Z type=link_mode_changed payload={"type":"link_mode_changed","ts_ms":1777640476245,"details":{"mode":"safe","reason":"rtt-high","rtt_ms":295}}
2026-05-01T13:01:17Z type=link_mode_changed payload={"type":"link_mode_changed","ts_ms":1777640476987,"details":{"mode":"normal","reason":"rtt-restored","rtt_ms":45}}
2026-05-01T13:01:21Z type=link_mode_changed payload={"type":"link_mode_changed","ts_ms":1777640481217,"details":{"mode":"safe","reason":"rtt-high","rtt_ms":272}}
2026-05-01T13:01:22Z type=link_mode_changed payload={"type":"link_mode_changed","ts_ms":1777640481986,"details":{"mode":"normal","reason":"rtt-restored","rtt_ms":44}}
2026-05-01T13:01:28Z type=link_mode_changed payload={"type":"link_mode_changed","ts_ms":1777640488413,"details":{"mode":"safe","reason":"rtt-high","rtt_ms":471}}
2026-05-01T13:01:30Z type=link_mode_changed payload={"type":"link_mode_changed","ts_ms":1777640490060,"details":{"mode":"normal","reason":"rtt-restored","rtt_ms":116}}
2026-05-01T13:01:34Z type=track_reacquire_start payload={"type":"track_reacquire_start","ts_ms":1777640494205,"details":{"reason":"lost"}}
2026-05-01T13:01:38Z type=link_mode_changed payload={"type":"link_mode_changed","ts_ms":1777640497839,"details":{"mode":"critical","reason":"rtt-critical","rtt_ms":893}}
2026-05-01T13:01:39Z type=track_reacquire_end payload={"type":"track_reacquire_end","ts_ms":1777640498700,"details":{"result":"manual_override","reason":"lost","lost_ms":4495,"scan_steps":22}}
2026-05-01T13:01:39Z type=track_reacquire_start payload={"type":"track_reacquire_start","ts_ms":1777640498702,"details":{"reason":"lost"}}
2026-05-01T13:01:39Z type=track_reacquire_end payload={"type":"track_reacquire_end","ts_ms":1777640498719,"details":{"result":"manual_override","reason":"lost","lost_ms":17,"scan_steps":0}}
2026-05-01T13:01:39Z type=track_reacquire_start payload={"type":"track_reacquire_start","ts_ms":1777640498933,"details":{"reason":"lost"}}
2026-05-01T13:01:39Z type=track_reacquire_end payload={"type":"track_reacquire_end","ts_ms":1777640498940,"details":{"result":"manual_override","reason":"lost","lost_ms":7,"scan_steps":0}}
2026-05-01T13:01:39Z type=track_reacquire_start payload={"type":"track_reacquire_start","ts_ms":1777640499023,"details":{"reason":"lost"}}
2026-05-01T13:01:39Z type=track_reacquire_end payload={"type":"track_reacquire_end","ts_ms":1777640499027,"details":{"result":"manual_override","reason":"lost","lost_ms":4,"scan_steps":0}}
2026-05-01T13:01:39Z type=track_reacquire_start payload={"type":"track_reacquire_start","ts_ms":1777640499663,"details":{"reason":"lost"}}
2026-05-01T13:01:39Z type=track_reacquire_end payload={"type":"track_reacquire_end","ts_ms":1777640499667,"details":{"result":"manual_override","reason":"lost","lost_ms":4,"scan_steps":0}}
2026-05-01T13:01:39Z type=track_reacquire_start payload={"type":"track_reacquire_start","ts_ms":1777640499674,"details":{"reason":"lost"}}
2026-05-01T13:01:39Z type=track_reacquire_end payload={"type":"track_reacquire_end","ts_ms":1777640499688,"details":{"result":"manual_override","reason":"lost","lost_ms":14,"scan_steps":0}}
2026-05-01T13:01:40Z type=link_mode_changed payload={"type":"link_mode_changed","ts_ms":1777640500242,"details":{"mode":"safe","reason":"rtt-high","rtt_ms":299}}
2026-05-01T13:01:41Z type=link_mode_changed payload={"type":"link_mode_changed","ts_ms":1777640501001,"details":{"mode":"normal","reason":"rtt-restored","rtt_ms":58}}
2026-05-01T13:01:47Z type=link_mode_changed payload={"type":"link_mode_changed","ts_ms":1777640507224,"details":{"mode":"safe","reason":"rtt-high","rtt_ms":274}}
2026-05-01T13:01:48Z type=link_mode_changed payload={"type":"link_mode_changed","ts_ms":1777640508036,"details":{"mode":"normal","reason":"rtt-restored","rtt_ms":94}}
2026-05-01T13:01:54Z type=link_mode_changed payload={"type":"link_mode_changed","ts_ms":1777640514277,"details":{"mode":"safe","reason":"rtt-high","rtt_ms":332}}
2026-05-01T13:01:55Z type=link_mode_changed payload={"type":"link_mode_changed","ts_ms":1777640515010,"details":{"mode":"normal","reason":"rtt-restored","rtt_ms":65}}
2026-05-01T13:02:06Z type=link_mode_changed payload={"type":"link_mode_changed","ts_ms":1777640526724,"details":{"mode":"safe","reason":"rtt-high","rtt_ms":295}}
2026-05-01T13:02:07Z type=link_mode_changed payload={"type":"link_mode_changed","ts_ms":1777640527460,"details":{"mode":"normal","reason":"rtt-restored","rtt_ms":32}}
2026-05-01T13:02:22Z type=link_mode_changed payload={"type":"link_mode_changed","ts_ms":1777640542547,"details":{"mode":"critical","reason":"rtt-critical","rtt_ms":593}}
2026-05-01T13:02:23Z type=link_mode_changed payload={"type":"link_mode_changed","ts_ms":1777640542988,"details":{"mode":"normal","reason":"rtt-restored","rtt_ms":46}}
2026-05-01T13:03:38Z type=video_retry payload={"type":"video_retry","ts_ms":1777640618303,"details":{"attempt":1,"delay_ms":1000,"mode":"auto"}}
2026-05-01T13:03:38Z type=video_restored payload={"type":"video_restored","ts_ms":1777640618312,"details":{"lost_for_ms":224}}
2026-05-01T13:07:01Z type=link_mode_changed payload={"type":"link_mode_changed","ts_ms":1777640821958,"details":{"mode":"normal","reason":"rtt-restored","rtt_ms":14}}
2026-05-01T13:07:07Z type=video_lost payload={"type":"video_lost","ts_ms":1777640827183,"details":{"status":"RECONNECTING"}}
2026-05-01T13:07:07Z type=video_retry payload={"type":"video_retry","ts_ms":1777640827188,"details":{"attempt":1,"delay_ms":1000,"mode":"auto"}}
2026-05-01T13:07:07Z type=video_restored payload={"type":"video_restored","ts_ms":1777640827201,"details":{"lost_for_ms":18}}
2026-05-01T13:07:14Z type=link_mode_changed payload={"type":"link_mode_changed","ts_ms":1777640833864,"details":{"mode":"critical","reason":"rtt-critical","rtt_ms":918}}
2026-05-01T13:07:17Z type=link_mode_changed payload={"type":"link_mode_changed","ts_ms":1777640837375,"details":{"mode":"safe","reason":"rtt-high","rtt_ms":426}}
2026-05-01T13:07:18Z type=link_mode_changed payload={"type":"link_mode_changed","ts_ms":1777640837992,"details":{"mode":"normal","reason":"rtt-restored","rtt_ms":50}}
2026-05-01T13:07:43Z type=track_reacquire_start payload={"type":"track_reacquire_start","ts_ms":1777640863035,"details":{"reason":"lost"}}
2026-05-01T13:07:43Z type=track_reacquire_end payload={"type":"track_reacquire_end","ts_ms":1777640863118,"details":{"result":"recovered","reason":"lost","lost_ms":83,"scan_steps":0}}
2026-05-01T13:07:50Z type=link_mode_changed payload={"type":"link_mode_changed","ts_ms":1777640869313,"details":{"mode":"critical","reason":"rtt-critical","rtt_ms":1366}}
2026-05-01T13:07:53Z type=link_mode_changed payload={"type":"link_mode_changed","ts_ms":1777640872994,"details":{"mode":"normal","reason":"rtt-restored","rtt_ms":52}}
2026-05-01T13:08:11Z type=link_mode_changed payload={"type":"link_mode_changed","ts_ms":1777640890380,"details":{"mode":"safe","reason":"rtt-high","rtt_ms":432}}
2026-05-01T13:08:11Z type=link_mode_changed payload={"type":"link_mode_changed","ts_ms":1777640891073,"details":{"mode":"normal","reason":"rtt-restored","rtt_ms":131}}
2026-05-01T13:08:49Z type=link_mode_changed payload={"type":"link_mode_changed","ts_ms":1777640929215,"details":{"mode":"safe","reason":"rtt-high","rtt_ms":273}}
2026-05-01T13:08:50Z type=link_mode_changed payload={"type":"link_mode_changed","ts_ms":1777640930099,"details":{"mode":"normal","reason":"rtt-restored","rtt_ms":155}}
2026-05-01T13:08:56Z type=link_mode_changed payload={"type":"link_mode_changed","ts_ms":1777640936169,"details":{"mode":"critical","reason":"rtt-critical","rtt_ms":1226}}
2026-05-01T13:08:58Z type=link_mode_changed payload={"type":"link_mode_changed","ts_ms":1777640938283,"details":{"mode":"safe","reason":"rtt-high","rtt_ms":326}}
2026-05-01T13:09:03Z type=link_mode_changed payload={"type":"link_mode_changed","ts_ms":1777640942697,"details":{"mode":"critical","reason":"rtt-critical","rtt_ms":754}}
2026-05-01T13:09:04Z type=link_mode_changed payload={"type":"link_mode_changed","ts_ms":1777640944014,"details":{"mode":"normal","reason":"rtt-restored","rtt_ms":71}}
2026-05-01T13:09:12Z type=link_mode_changed payload={"type":"link_mode_changed","ts_ms":1777640952410,"details":{"mode":"safe","reason":"rtt-high","rtt_ms":466}}
2026-05-01T13:09:13Z type=link_mode_changed payload={"type":"link_mode_changed","ts_ms":1777640953663,"details":{"mode":"critical","reason":"rtt-critical","rtt_ms":720}}
2026-05-01T13:09:14Z type=link_mode_changed payload={"type":"link_mode_changed","ts_ms":1777640953983,"details":{"mode":"normal","reason":"rtt-restored","rtt_ms":39}}
2026-05-01T13:09:42Z type=link_mode_changed payload={"type":"link_mode_changed","ts_ms":1777640982476,"details":{"mode":"critical","reason":"rtt-critical","rtt_ms":524}}
2026-05-01T13:09:44Z type=link_mode_changed payload={"type":"link_mode_changed","ts_ms":1777640984030,"details":{"mode":"normal","reason":"rtt-restored","rtt_ms":87}}
2026-05-01T13:09:48Z type=link_mode_changed payload={"type":"link_mode_changed","ts_ms":1777640988470,"details":{"mode":"critical","reason":"rtt-critical","rtt_ms":527}}
2026-05-01T13:09:49Z type=link_mode_changed payload={"type":"link_mode_changed","ts_ms":1777640989127,"details":{"mode":"normal","reason":"rtt-restored","rtt_ms":179}}
2026-05-01T13:09:58Z type=link_mode_changed payload={"type":"link_mode_changed","ts_ms":1777640998303,"details":{"mode":"safe","reason":"rtt-high","rtt_ms":359}}
2026-05-01T13:09:59Z type=link_mode_changed payload={"type":"link_mode_changed","ts_ms":1777640998998,"details":{"mode":"normal","reason":"rtt-restored","rtt_ms":55}}
2026-05-01T13:10:51Z type=link_mode_changed payload={"type":"link_mode_changed","ts_ms":1777641051477,"details":{"mode":"critical","reason":"rtt-critical","rtt_ms":533}}
2026-05-01T13:10:53Z type=link_mode_changed payload={"type":"link_mode_changed","ts_ms":1777641053212,"details":{"mode":"safe","reason":"rtt-high","rtt_ms":266}}
2026-05-01T13:10:54Z type=link_mode_changed payload={"type":"link_mode_changed","ts_ms":1777641053991,"details":{"mode":"normal","reason":"rtt-restored","rtt_ms":48}}
2026-05-01T13:11:06Z type=link_mode_changed payload={"type":"link_mode_changed","ts_ms":1777641065788,"details":{"mode":"critical","reason":"rtt-critical","rtt_ms":846}}
2026-05-01T13:11:07Z type=track_reacquire_start payload={"type":"track_reacquire_start","ts_ms":1777641066071,"details":{"reason":"lost"}}
2026-05-01T13:11:08Z type=track_reacquire_end payload={"type":"track_reacquire_end","ts_ms":1777641066188,"details":{"result":"manual_override","reason":"lost","lost_ms":117,"scan_steps":0}}
2026-05-01T13:11:09Z type=track_reacquire_start payload={"type":"track_reacquire_start","ts_ms":1777641066645,"details":{"reason":"lost"}}
2026-05-01T13:11:11Z type=track_reacquire_end payload={"type":"track_reacquire_end","ts_ms":1777641068078,"details":{"result":"recovered","reason":"lost","lost_ms":1433,"scan_steps":4}}
2026-05-01T13:11:14Z type=track_reacquire_start payload={"type":"track_reacquire_start","ts_ms":1777641071143,"details":{"reason":"lost"}}
2026-05-01T13:11:16Z type=track_reacquire_end payload={"type":"track_reacquire_end","ts_ms":1777641073189,"details":{"result":"recovered","reason":"lost","lost_ms":2046,"scan_steps":7}}
2026-05-01T13:11:16Z type=track_reacquire_start payload={"type":"track_reacquire_start","ts_ms":1777641073245,"details":{"reason":"lost"}}
2026-05-01T13:11:24Z type=track_reacquire_end payload={"type":"track_reacquire_end","ts_ms":1777641079493,"details":{"result":"timeout","reason":"lost","lost_ms":6248,"scan_steps":28}}
2026-05-01T13:11:24Z type=track_reacquire_timeout payload={"type":"track_reacquire_timeout","ts_ms":1777641079495,"details":{"max_lost_sec":6,"lost_ms":6248}}
2026-05-01T13:11:24Z type=track_reacquire_start payload={"type":"track_reacquire_start","ts_ms":1777641079516,"details":{"reason":"lost"}}
2026-05-01T13:11:36Z type=track_reacquire_end payload={"type":"track_reacquire_end","ts_ms":1777641092749,"details":{"result":"timeout","reason":"lost","lost_ms":13233,"scan_steps":21}}
2026-05-01T13:11:36Z type=track_reacquire_timeout payload={"type":"track_reacquire_timeout","ts_ms":1777641092751,"details":{"max_lost_sec":6,"lost_ms":13233}}
2026-05-01T13:11:37Z type=track_reacquire_start payload={"type":"track_reacquire_start","ts_ms":1777641092926,"details":{"reason":"lost"}}
2026-05-01T13:11:51Z type=track_reacquire_end payload={"type":"track_reacquire_end","ts_ms":1777641106476,"details":{"result":"manual_override","reason":"lost","lost_ms":13550,"scan_steps":20}}
2026-05-01T13:11:52Z type=link_mode_changed payload={"type":"link_mode_changed","ts_ms":1777641112065,"details":{"mode":"normal","reason":"rtt-restored","rtt_ms":117}}
2026-05-01T13:13:57Z type=link_mode_changed payload={"type":"link_mode_changed","ts_ms":1777641237255,"details":{"mode":"safe","reason":"rtt-high","rtt_ms":313}}
2026-05-01T13:13:58Z type=link_mode_changed payload={"type":"link_mode_changed","ts_ms":1777641238014,"details":{"mode":"normal","reason":"rtt-restored","rtt_ms":70}}
2026-05-01T13:14:05Z type=link_mode_changed payload={"type":"link_mode_changed","ts_ms":1777641245259,"details":{"mode":"safe","reason":"rtt-high","rtt_ms":316}}
2026-05-01T13:14:06Z type=link_mode_changed payload={"type":"link_mode_changed","ts_ms":1777641246025,"details":{"mode":"normal","reason":"rtt-restored","rtt_ms":73}}
2026-05-01T13:14:20Z type=link_mode_changed payload={"type":"link_mode_changed","ts_ms":1777641259678,"details":{"mode":"critical","reason":"rtt-critical","rtt_ms":2728}}
2026-05-01T13:14:22Z type=link_mode_changed payload={"type":"link_mode_changed","ts_ms":1777641262027,"details":{"mode":"normal","reason":"rtt-restored","rtt_ms":82}}
2026-05-01T13:14:26Z type=link_mode_changed payload={"type":"link_mode_changed","ts_ms":1777641266628,"details":{"mode":"critical","reason":"rtt-critical","rtt_ms":679}}
2026-05-01T13:14:27Z type=link_mode_changed payload={"type":"link_mode_changed","ts_ms":1777641266989,"details":{"mode":"normal","reason":"rtt-restored","rtt_ms":47}}
2026-05-01T13:14:31Z type=link_mode_changed payload={"type":"link_mode_changed","ts_ms":1777641271257,"details":{"mode":"safe","reason":"rtt-high","rtt_ms":313}}
2026-05-01T13:14:32Z type=link_mode_changed payload={"type":"link_mode_changed","ts_ms":1777641272040,"details":{"mode":"normal","reason":"rtt-restored","rtt_ms":97}}
2026-05-01T13:14:39Z type=link_mode_changed payload={"type":"link_mode_changed","ts_ms":1777641279398,"details":{"mode":"safe","reason":"rtt-high","rtt_ms":441}}
2026-05-01T13:14:40Z type=link_mode_changed payload={"type":"link_mode_changed","ts_ms":1777641279985,"details":{"mode":"normal","reason":"rtt-restored","rtt_ms":43}}
2026-05-01T13:14:42Z type=link_mode_changed payload={"type":"link_mode_changed","ts_ms":1777641282184,"details":{"mode":"safe","reason":"rtt-high","rtt_ms":241}}
2026-05-01T13:14:43Z type=link_mode_changed payload={"type":"link_mode_changed","ts_ms":1777641283068,"details":{"mode":"normal","reason":"rtt-restored","rtt_ms":125}}
2026-05-01T13:14:55Z type=link_mode_changed payload={"type":"link_mode_changed","ts_ms":1777641294629,"details":{"mode":"critical","reason":"rtt-critical","rtt_ms":687}}
2026-05-01T13:14:55Z type=link_mode_changed payload={"type":"link_mode_changed","ts_ms":1777641295220,"details":{"mode":"safe","reason":"rtt-high","rtt_ms":274}}
2026-05-01T13:14:56Z type=link_mode_changed payload={"type":"link_mode_changed","ts_ms":1777641295971,"details":{"mode":"normal","reason":"rtt-restored","rtt_ms":29}}
2026-05-01T13:15:03Z type=link_mode_changed payload={"type":"link_mode_changed","ts_ms":1777641303276,"details":{"mode":"safe","reason":"rtt-high","rtt_ms":333}}
2026-05-01T13:15:04Z type=link_mode_changed payload={"type":"link_mode_changed","ts_ms":1777641304019,"details":{"mode":"normal","reason":"rtt-restored","rtt_ms":77}}
2026-05-01T13:15:25Z type=link_mode_changed payload={"type":"link_mode_changed","ts_ms":1777641325221,"details":{"mode":"safe","reason":"rtt-high","rtt_ms":279}}
2026-05-01T13:15:27Z type=link_mode_changed payload={"type":"link_mode_changed","ts_ms":1777641327011,"details":{"mode":"normal","reason":"rtt-restored","rtt_ms":68}}
2026-05-01T13:15:41Z type=link_mode_changed payload={"type":"link_mode_changed","ts_ms":1777641340950,"details":{"mode":"safe","reason":"rtt-high","rtt_ms":1007}}
2026-05-01T13:15:41Z type=link_mode_changed payload={"type":"link_mode_changed","ts_ms":1777641341130,"details":{"mode":"normal","reason":"rtt-restored","rtt_ms":182}}
2026-05-01T15:43:51Z type=video_restored payload={"type":"video_restored","ts_ms":1777650231612,"details":{"lost_for_ms":68}}
2026-05-01T15:43:51Z type=video_lost payload={"type":"video_lost","ts_ms":1777650231716,"details":{"status":"RECONNECTING"}}
2026-05-01T15:43:51Z type=video_retry payload={"type":"video_retry","ts_ms":1777650231717,"details":{"attempt":1,"delay_ms":1000,"mode":"auto"}}
2026-05-01T15:43:51Z type=video_restored payload={"type":"video_restored","ts_ms":1777650231727,"details":{"lost_for_ms":11}}
2026-05-01T15:45:08Z type=track_reacquire_start payload={"type":"track_reacquire_start","ts_ms":1777650308496,"details":{"reason":"lost"}}
2026-05-01T15:45:14Z type=track_reacquire_end payload={"type":"track_reacquire_end","ts_ms":1777650314503,"details":{"result":"timeout","reason":"lost","lost_ms":6007,"scan_steps":129}}
2026-05-01T15:45:14Z type=track_reacquire_timeout payload={"type":"track_reacquire_timeout","ts_ms":1777650314504,"details":{"max_lost_sec":6,"lost_ms":6007}}
2026-05-01T15:45:33Z type=detector_model_switch_start payload={"type":"detector_model_switch_start","model":"model_rknn/yolov8s_640x640_9out_fp32.rknn"}
2026-05-01T15:45:33Z type=detector_model_switch_ok payload={"type":"detector_model_switch_ok","model":"model_rknn/yolov8s_640x640_9out_fp32.rknn"}
2026-05-01T15:45:58Z type=track_reacquire_start payload={"type":"track_reacquire_start","ts_ms":1777650358050,"details":{"reason":"lost"}}
2026-05-01T15:46:04Z type=track_reacquire_end payload={"type":"track_reacquire_end","ts_ms":1777650364110,"details":{"result":"timeout","reason":"lost","lost_ms":6060,"scan_steps":54}}
2026-05-01T15:46:04Z type=track_reacquire_timeout payload={"type":"track_reacquire_timeout","ts_ms":1777650364111,"details":{"max_lost_sec":6,"lost_ms":6060}}
2026-05-01T15:47:18Z type=video_lost payload={"type":"video_lost","ts_ms":1777650438169,"details":{"status":"RECONNECTING"}}
2026-05-01T15:47:18Z type=video_retry payload={"type":"video_retry","ts_ms":1777650438171,"details":{"attempt":1,"delay_ms":1000,"mode":"auto"}}
2026-05-01T15:47:19Z type=video_retry payload={"type":"video_retry","ts_ms":1777650439183,"details":{"attempt":2,"delay_ms":2000,"mode":"auto"}}
2026-05-01T15:47:21Z type=video_retry payload={"type":"video_retry","ts_ms":1777650441190,"details":{"attempt":3,"delay_ms":5000,"mode":"auto"}}
2026-05-01T15:47:26Z type=video_retry payload={"type":"video_retry","ts_ms":1777650446200,"details":{"attempt":4,"delay_ms":10000,"mode":"auto"}}
2026-05-01T15:47:26Z type=video_retry payload={"type":"video_retry","ts_ms":1777650446389,"details":{"attempt":1,"delay_ms":1000,"mode":"auto"}}
2026-05-01T15:47:27Z type=video_retry payload={"type":"video_retry","ts_ms":1777650447394,"details":{"attempt":2,"delay_ms":2000,"mode":"auto"}}
2026-05-01T15:47:29Z type=video_retry payload={"type":"video_retry","ts_ms":1777650449349,"details":{"attempt":1,"delay_ms":1000,"mode":"auto"}}
2026-05-01T15:47:29Z type=video_restored payload={"type":"video_restored","ts_ms":1777650449356,"details":{"lost_for_ms":11187}}
2026-05-01T15:47:36Z type=track_reacquire_start payload={"type":"track_reacquire_start","ts_ms":1777650456537,"details":{"reason":"lost"}}
2026-05-01T15:47:42Z type=track_reacquire_timeout payload={"type":"track_reacquire_timeout","ts_ms":1777650462594,"details":{"max_lost_sec":6,"lost_ms":6057}}
2026-05-01T15:47:42Z type=track_reacquire_end payload={"type":"track_reacquire_end","ts_ms":1777650462594,"details":{"result":"timeout","reason":"lost","lost_ms":6057,"scan_steps":53}}
2026-05-01T15:54:30Z type=track_reacquire_start payload={"type":"track_reacquire_start","ts_ms":1777650870253,"details":{"reason":"lost"}}
2026-05-01T15:54:31Z type=track_reacquire_end payload={"type":"track_reacquire_end","ts_ms":1777650871744,"details":{"result":"recovered","reason":"lost","lost_ms":1491,"scan_steps":8}}
2026-05-01T15:54:31Z type=track_reacquire_start payload={"type":"track_reacquire_start","ts_ms":1777650871925,"details":{"reason":"lost"}}
2026-05-01T15:54:37Z type=track_reacquire_end payload={"type":"track_reacquire_end","ts_ms":1777650877930,"details":{"result":"timeout","reason":"lost","lost_ms":6005,"scan_steps":53}}
2026-05-01T15:54:37Z type=track_reacquire_timeout payload={"type":"track_reacquire_timeout","ts_ms":1777650877930,"details":{"max_lost_sec":6,"lost_ms":6005}}
2026-05-01T15:55:58Z type=track_reacquire_start payload={"type":"track_reacquire_start","ts_ms":1777650958852,"details":{"reason":"lost"}}
2026-05-01T15:55:59Z type=track_reacquire_end payload={"type":"track_reacquire_end","ts_ms":1777650959901,"details":{"result":"recovered","reason":"lost","lost_ms":1049,"scan_steps":3}}
2026-05-01T15:56:00Z type=track_reacquire_start payload={"type":"track_reacquire_start","ts_ms":1777650960302,"details":{"reason":"lost"}}
2026-05-01T15:56:00Z type=track_reacquire_end payload={"type":"track_reacquire_end","ts_ms":1777650960405,"details":{"result":"recovered","reason":"lost","lost_ms":103,"scan_steps":0}}
2026-05-01T15:56:00Z type=track_reacquire_start payload={"type":"track_reacquire_start","ts_ms":1777650960477,"details":{"reason":"lost"}}
2026-05-01T15:56:00Z type=track_reacquire_end payload={"type":"track_reacquire_end","ts_ms":1777650960606,"details":{"result":"recovered","reason":"lost","lost_ms":129,"scan_steps":0}}
2026-05-01T15:56:00Z type=track_reacquire_start payload={"type":"track_reacquire_start","ts_ms":1777650960801,"details":{"reason":"lost"}}
2026-05-01T15:56:01Z type=track_reacquire_end payload={"type":"track_reacquire_end","ts_ms":1777650961016,"details":{"result":"recovered","reason":"lost","lost_ms":215,"scan_steps":0}}
2026-05-01T15:56:01Z type=track_reacquire_start payload={"type":"track_reacquire_start","ts_ms":1777650961523,"details":{"reason":"lost"}}
2026-05-01T15:56:01Z type=track_reacquire_end payload={"type":"track_reacquire_end","ts_ms":1777650961609,"details":{"result":"recovered","reason":"lost","lost_ms":86,"scan_steps":0}}
2026-05-01T15:56:02Z type=track_reacquire_start payload={"type":"track_reacquire_start","ts_ms":1777650962317,"details":{"reason":"lost"}}
2026-05-01T15:56:02Z type=track_reacquire_end payload={"type":"track_reacquire_end","ts_ms":1777650962718,"details":{"result":"recovered","reason":"lost","lost_ms":402,"scan_steps":0}}
2026-05-01T15:56:02Z type=track_reacquire_start payload={"type":"track_reacquire_start","ts_ms":1777650962943,"details":{"reason":"lost"}}
2026-05-01T15:56:03Z type=track_reacquire_end payload={"type":"track_reacquire_end","ts_ms":1777650963019,"details":{"result":"recovered","reason":"lost","lost_ms":76,"scan_steps":0}}
2026-05-01T15:57:02Z type=track_reacquire_start payload={"type":"track_reacquire_start","ts_ms":1777651022011,"details":{"reason":"lost"}}
2026-05-01T15:57:07Z type=track_reacquire_end payload={"type":"track_reacquire_end","ts_ms":1777651027770,"details":{"result":"recovered","reason":"lost","lost_ms":5759,"scan_steps":98}}
2026-05-01T15:57:07Z type=track_reacquire_start payload={"type":"track_reacquire_start","ts_ms":1777651027871,"details":{"reason":"lost"}}
2026-05-01T15:57:08Z type=track_reacquire_end payload={"type":"track_reacquire_end","ts_ms":1777651028065,"details":{"result":"recovered","reason":"lost","lost_ms":194,"scan_steps":0}}
2026-05-01T15:57:08Z type=track_reacquire_start payload={"type":"track_reacquire_start","ts_ms":1777651028175,"details":{"reason":"lost"}}
2026-05-01T15:57:08Z type=track_reacquire_end payload={"type":"track_reacquire_end","ts_ms":1777651028297,"details":{"result":"recovered","reason":"lost","lost_ms":122,"scan_steps":0}}
2026-05-01T15:57:08Z type=track_reacquire_start payload={"type":"track_reacquire_start","ts_ms":1777651028665,"details":{"reason":"lost"}}
2026-05-01T15:57:08Z type=track_reacquire_end payload={"type":"track_reacquire_end","ts_ms":1777651028774,"details":{"result":"recovered","reason":"lost","lost_ms":109,"scan_steps":0}}
2026-05-01T15:57:19Z type=track_reacquire_start payload={"type":"track_reacquire_start","ts_ms":1777651039041,"details":{"reason":"weak"}}
2026-05-01T15:57:19Z type=track_reacquire_end payload={"type":"track_reacquire_end","ts_ms":1777651039120,"details":{"result":"recovered","reason":"weak","lost_ms":79,"scan_steps":0}}
2026-05-01T15:57:21Z type=track_reacquire_start payload={"type":"track_reacquire_start","ts_ms":1777651041220,"details":{"reason":"lost"}}
2026-05-01T15:57:21Z type=track_reacquire_end payload={"type":"track_reacquire_end","ts_ms":1777651041321,"details":{"result":"recovered","reason":"lost","lost_ms":101,"scan_steps":0}}
2026-05-01T15:57:21Z type=track_reacquire_start payload={"type":"track_reacquire_start","ts_ms":1777651041624,"details":{"reason":"lost"}}
2026-05-01T15:57:21Z type=track_reacquire_end payload={"type":"track_reacquire_end","ts_ms":1777651041758,"details":{"result":"recovered","reason":"lost","lost_ms":134,"scan_steps":0}}
2026-05-01T15:59:40Z type=track_reacquire_start payload={"type":"track_reacquire_start","ts_ms":1777651180525,"details":{"reason":"lost"}}
2026-05-01T15:59:46Z type=track_reacquire_end payload={"type":"track_reacquire_end","ts_ms":1777651186613,"details":{"result":"timeout","reason":"lost","lost_ms":6088,"scan_steps":54}}
2026-05-01T15:59:46Z type=track_reacquire_timeout payload={"type":"track_reacquire_timeout","ts_ms":1777651186613,"details":{"max_lost_sec":6,"lost_ms":6088}}
2026-05-01T16:00:11Z type=track_reacquire_start payload={"type":"track_reacquire_start","ts_ms":1777651211084,"details":{"reason":"lost"}}
2026-05-01T16:00:11Z type=track_reacquire_end payload={"type":"track_reacquire_end","ts_ms":1777651211291,"details":{"result":"recovered","reason":"lost","lost_ms":207,"scan_steps":0}}
2026-05-01T16:00:11Z type=track_reacquire_start payload={"type":"track_reacquire_start","ts_ms":1777651211394,"details":{"reason":"lost"}}
2026-05-01T16:00:17Z type=track_reacquire_end payload={"type":"track_reacquire_end","ts_ms":1777651217439,"details":{"result":"timeout","reason":"lost","lost_ms":6045,"scan_steps":53}}
2026-05-01T16:00:17Z type=track_reacquire_timeout payload={"type":"track_reacquire_timeout","ts_ms":1777651217439,"details":{"max_lost_sec":6,"lost_ms":6045}}
2026-05-01T16:02:35Z type=track_reacquire_start payload={"type":"track_reacquire_start","ts_ms":1777651355703,"details":{"reason":"lost"}}
2026-05-01T16:02:41Z type=track_reacquire_end payload={"type":"track_reacquire_end","ts_ms":1777651361760,"details":{"result":"timeout","reason":"lost","lost_ms":6057,"scan_steps":53}}
2026-05-01T16:02:41Z type=track_reacquire_timeout payload={"type":"track_reacquire_timeout","ts_ms":1777651361760,"details":{"max_lost_sec":6,"lost_ms":6057}}
2026-05-01T16:13:18Z type=video_restored payload={"type":"video_restored","ts_ms":1777651998404,"details":{"lost_for_ms":10}}
2026-05-01T16:13:18Z type=video_lost payload={"type":"video_lost","ts_ms":1777651998571,"details":{"status":"RECONNECTING"}}
2026-05-01T16:13:18Z type=video_retry payload={"type":"video_retry","ts_ms":1777651998573,"details":{"attempt":1,"delay_ms":1000,"mode":"auto"}}
2026-05-01T16:13:18Z type=video_restored payload={"type":"video_restored","ts_ms":1777651998587,"details":{"lost_for_ms":16}}
2026-05-01T16:14:02Z type=video_restored payload={"type":"video_restored","ts_ms":1777652042861,"details":{"lost_for_ms":21}}
2026-05-01T16:14:03Z type=video_lost payload={"type":"video_lost","ts_ms":1777652043001,"details":{"status":"RECONNECTING"}}
2026-05-01T16:14:03Z type=video_retry payload={"type":"video_retry","ts_ms":1777652043002,"details":{"attempt":1,"delay_ms":1000,"mode":"auto"}}
2026-05-01T16:14:03Z type=video_restored payload={"type":"video_restored","ts_ms":1777652043012,"details":{"lost_for_ms":11}}
2026-05-01T16:14:27Z type=video_retry payload={"type":"video_retry","ts_ms":1777652067122,"details":{"attempt":1,"delay_ms":1000,"mode":"auto"}}
2026-05-01T16:14:27Z type=video_restored payload={"type":"video_restored","ts_ms":1777652067130,"details":{"lost_for_ms":801}}
2026-05-01T16:15:33Z type=link_mode_changed payload={"type":"link_mode_changed","ts_ms":1777652133450,"details":{"mode":"normal","reason":"rtt-restored","rtt_ms":69}}
2026-05-01T16:16:40Z type=link_mode_changed payload={"type":"link_mode_changed","ts_ms":1777652200619,"details":{"mode":"safe","reason":"rtt-high","rtt_ms":240}}
2026-05-01T16:16:41Z type=link_mode_changed payload={"type":"link_mode_changed","ts_ms":1777652201452,"details":{"mode":"normal","reason":"rtt-restored","rtt_ms":68}}
2026-05-01T16:16:43Z type=link_mode_changed payload={"type":"link_mode_changed","ts_ms":1777652203688,"details":{"mode":"safe","reason":"rtt-high","rtt_ms":300}}
2026-05-01T16:16:44Z type=link_mode_changed payload={"type":"link_mode_changed","ts_ms":1777652204492,"details":{"mode":"normal","reason":"rtt-restored","rtt_ms":114}}
2026-05-01T16:17:02Z type=link_mode_changed payload={"type":"link_mode_changed","ts_ms":1777652222833,"details":{"mode":"safe","reason":"rtt-high","rtt_ms":454}}
2026-05-01T16:17:03Z type=link_mode_changed payload={"type":"link_mode_changed","ts_ms":1777652223891,"details":{"mode":"critical","reason":"rtt-critical","rtt_ms":500}}
2026-05-01T16:17:03Z type=link_mode_changed payload={"type":"link_mode_changed","ts_ms":1777652223931,"details":{"mode":"safe","reason":"rtt-high","rtt_ms":356}}
2026-05-01T16:17:04Z type=link_mode_changed payload={"type":"link_mode_changed","ts_ms":1777652224434,"details":{"mode":"normal","reason":"rtt-restored","rtt_ms":56}}
2026-05-01T16:17:05Z type=link_mode_changed payload={"type":"link_mode_changed","ts_ms":1777652225704,"details":{"mode":"normal","reason":"rtt-restored","rtt_ms":128}}
2026-05-01T17:23:09Z type=link_mode_changed payload={"type":"link_mode_changed","ts_ms":1777656189494,"details":{"mode":"safe","reason":"rtt-high","rtt_ms":238}}
2026-05-01T17:23:10Z type=link_mode_changed payload={"type":"link_mode_changed","ts_ms":1777656190318,"details":{"mode":"normal","reason":"rtt-restored","rtt_ms":41}}
2026-05-01T17:55:17Z type=video_restored payload={"type":"video_restored","ts_ms":1777658117270,"details":{"lost_for_ms":49}}
2026-05-01T17:55:17Z type=video_retry payload={"type":"video_retry","ts_ms":1777658117472,"details":{"attempt":1,"delay_ms":1000,"mode":"auto"}}
2026-05-01T17:55:17Z type=video_lost payload={"type":"video_lost","ts_ms":1777658117470,"details":{"status":"RECONNECTING"}}
2026-05-01T17:55:17Z type=video_restored payload={"type":"video_restored","ts_ms":1777658117486,"details":{"lost_for_ms":16}}
2026-05-01T17:56:26Z type=track_reacquire_start payload={"type":"track_reacquire_start","ts_ms":1777658186604,"details":{"reason":"lost"}}
2026-05-01T17:56:32Z type=track_reacquire_timeout payload={"type":"track_reacquire_timeout","ts_ms":1777658192619,"details":{"max_lost_sec":6,"lost_ms":6014}}
2026-05-01T17:56:32Z type=track_reacquire_end payload={"type":"track_reacquire_end","ts_ms":1777658192619,"details":{"result":"timeout","reason":"lost","lost_ms":6014,"scan_steps":52}}
2026-05-01T17:58:34Z type=track_reacquire_start payload={"type":"track_reacquire_start","ts_ms":1777658314482,"details":{"reason":"lost"}}
2026-05-01T17:58:34Z type=track_reacquire_end payload={"type":"track_reacquire_end","ts_ms":1777658314586,"details":{"result":"recovered","reason":"lost","lost_ms":104,"scan_steps":0}}
2026-05-01T17:58:34Z type=track_reacquire_start payload={"type":"track_reacquire_start","ts_ms":1777658314711,"details":{"reason":"lost"}}
2026-05-01T17:58:34Z type=track_reacquire_end payload={"type":"track_reacquire_end","ts_ms":1777658314790,"details":{"result":"recovered","reason":"lost","lost_ms":79,"scan_steps":0}}
2026-05-01T17:58:41Z type=track_reacquire_start payload={"type":"track_reacquire_start","ts_ms":1777658321947,"details":{"reason":"lost"}}
2026-05-01T17:58:42Z type=track_reacquire_end payload={"type":"track_reacquire_end","ts_ms":1777658322057,"details":{"result":"recovered","reason":"lost","lost_ms":110,"scan_steps":0}}
2026-05-01T17:58:44Z type=track_reacquire_start payload={"type":"track_reacquire_start","ts_ms":1777658324946,"details":{"reason":"lost"}}
2026-05-01T17:58:45Z type=track_reacquire_end payload={"type":"track_reacquire_end","ts_ms":1777658325150,"details":{"result":"recovered","reason":"lost","lost_ms":204,"scan_steps":0}}
2026-05-01T17:58:46Z type=track_reacquire_start payload={"type":"track_reacquire_start","ts_ms":1777658326680,"details":{"reason":"lost"}}
2026-05-01T17:58:46Z type=track_reacquire_end payload={"type":"track_reacquire_end","ts_ms":1777658326786,"details":{"result":"recovered","reason":"lost","lost_ms":106,"scan_steps":0}}
2026-05-01T17:58:46Z type=track_reacquire_start payload={"type":"track_reacquire_start","ts_ms":1777658326885,"details":{"reason":"lost"}}
2026-05-01T17:58:46Z type=track_reacquire_end payload={"type":"track_reacquire_end","ts_ms":1777658326983,"details":{"result":"recovered","reason":"lost","lost_ms":98,"scan_steps":0}}
2026-05-01T17:58:47Z type=track_reacquire_start payload={"type":"track_reacquire_start","ts_ms":1777658327501,"details":{"reason":"lost"}}
2026-05-01T17:58:47Z type=track_reacquire_end payload={"type":"track_reacquire_end","ts_ms":1777658327605,"details":{"result":"recovered","reason":"lost","lost_ms":104,"scan_steps":0}}
2026-05-01T17:58:48Z type=track_reacquire_start payload={"type":"track_reacquire_start","ts_ms":1777658328325,"details":{"reason":"lost"}}
2026-05-01T17:58:48Z type=track_reacquire_end payload={"type":"track_reacquire_end","ts_ms":1777658328559,"details":{"result":"recovered","reason":"lost","lost_ms":234,"scan_steps":0}}
2026-05-01T17:58:48Z type=track_reacquire_start payload={"type":"track_reacquire_start","ts_ms":1777658328663,"details":{"reason":"lost"}}
2026-05-01T17:58:54Z type=track_reacquire_end payload={"type":"track_reacquire_end","ts_ms":1777658334707,"details":{"result":"timeout","reason":"lost","lost_ms":6044,"scan_steps":51}}
2026-05-01T17:58:54Z type=track_reacquire_timeout payload={"type":"track_reacquire_timeout","ts_ms":1777658334707,"details":{"max_lost_sec":6,"lost_ms":6044}}
2026-05-01T18:02:41Z type=detector_model_switch_start payload={"type":"detector_model_switch_start","model":"model_rknn/yolov8s_1280x1280_9out_fp32.rknn"}
2026-05-01T18:02:43Z type=detector_model_switch_ok payload={"type":"detector_model_switch_ok","model":"model_rknn/yolov8s_1280x1280_9out_fp32.rknn"}
2026-05-01T18:03:23Z type=track_reacquire_start payload={"type":"track_reacquire_start","ts_ms":1777658603034,"details":{"reason":"lost"}}
2026-05-01T18:03:23Z type=track_reacquire_end payload={"type":"track_reacquire_end","ts_ms":1777658603396,"details":{"result":"recovered","reason":"lost","lost_ms":362,"scan_steps":0}}
2026-05-01T18:03:30Z type=track_reacquire_start payload={"type":"track_reacquire_start","ts_ms":1777658610408,"details":{"reason":"lost"}}
2026-05-01T18:03:30Z type=track_reacquire_end payload={"type":"track_reacquire_end","ts_ms":1777658610709,"details":{"result":"recovered","reason":"lost","lost_ms":301,"scan_steps":0}}
2026-05-01T18:03:32Z type=track_reacquire_start payload={"type":"track_reacquire_start","ts_ms":1777658612013,"details":{"reason":"lost"}}
2026-05-01T18:03:32Z type=track_reacquire_end payload={"type":"track_reacquire_end","ts_ms":1777658612689,"details":{"result":"recovered","reason":"lost","lost_ms":676,"scan_steps":0}}
2026-05-01T18:03:33Z type=track_reacquire_start payload={"type":"track_reacquire_start","ts_ms":1777658613713,"details":{"reason":"lost"}}
2026-05-01T18:03:33Z type=track_reacquire_end payload={"type":"track_reacquire_end","ts_ms":1777658613999,"details":{"result":"recovered","reason":"lost","lost_ms":286,"scan_steps":0}}
2026-05-01T18:03:35Z type=track_reacquire_start payload={"type":"track_reacquire_start","ts_ms":1777658615013,"details":{"reason":"lost"}}
2026-05-01T18:03:35Z type=track_reacquire_end payload={"type":"track_reacquire_end","ts_ms":1777658615332,"details":{"result":"recovered","reason":"lost","lost_ms":319,"scan_steps":0}}
2026-05-01T18:03:36Z type=track_reacquire_start payload={"type":"track_reacquire_start","ts_ms":1777658616370,"details":{"reason":"lost"}}
2026-05-01T18:03:42Z type=track_reacquire_end payload={"type":"track_reacquire_end","ts_ms":1777658622588,"details":{"result":"timeout","reason":"lost","lost_ms":6218,"scan_steps":16}}
2026-05-01T18:03:42Z type=track_reacquire_timeout payload={"type":"track_reacquire_timeout","ts_ms":1777658622588,"details":{"max_lost_sec":6,"lost_ms":6218}}
2026-05-01T18:14:10Z type=link_mode_changed payload={"type":"link_mode_changed","ts_ms":1777659250912,"details":{"mode":"normal","reason":"rtt-restored","rtt_ms":66}}
2026-05-01T18:14:12Z type=link_mode_changed payload={"type":"link_mode_changed","ts_ms":1777659252819,"details":{"mode":"safe","reason":"rtt-high","rtt_ms":433}}
2026-05-01T18:14:13Z type=link_mode_changed payload={"type":"link_mode_changed","ts_ms":1777659253439,"details":{"mode":"normal","reason":"rtt-restored","rtt_ms":26}}
2026-05-01T18:48:23Z type=detector_model_switch_start payload={"type":"detector_model_switch_start","model":"model_rknn/yolov8n_1280x1280_9out_fp32.rknn"}
2026-05-01T18:48:24Z type=detector_model_switch_ok payload={"type":"detector_model_switch_ok","model":"model_rknn/yolov8n_1280x1280_9out_fp32.rknn"}
2026-05-01T18:48:28Z type=link_mode_changed payload={"type":"link_mode_changed","ts_ms":1777661308775,"details":{"mode":"critical","reason":"rtt-critical","rtt_ms":777}}
2026-05-01T18:48:29Z type=link_mode_changed payload={"type":"link_mode_changed","ts_ms":1777661309020,"details":{"mode":"normal","reason":"rtt-restored","rtt_ms":18}}
2026-05-01T18:48:37Z type=detector_model_switch_start payload={"type":"detector_model_switch_start","model":"model_rknn/yolov8m_1280x1280_9out_fp32.rknn"}
2026-05-01T18:48:42Z type=detector_model_switch_ok payload={"type":"detector_model_switch_ok","model":"model_rknn/yolov8m_1280x1280_9out_fp32.rknn"}
2026-05-01T18:48:59Z type=detector_model_switch_start payload={"type":"detector_model_switch_start","model":"model_rknn/yolov8l_1280x1280_9out_fp32.rknn"}
2026-05-01T18:49:05Z type=detector_model_switch_ok payload={"type":"detector_model_switch_ok","model":"model_rknn/yolov8l_1280x1280_9out_fp32.rknn"}
2026-05-01T18:49:20Z type=detector_model_switch_start payload={"type":"detector_model_switch_start","model":"model_rknn/yolov8s_800x800_9out_fp32.rknn"}
2026-05-01T18:49:21Z type=detector_model_switch_ok payload={"type":"detector_model_switch_ok","model":"model_rknn/yolov8s_800x800_9out_fp32.rknn"}
2026-05-01T19:31:11Z type=link_mode_changed payload={"type":"link_mode_changed","ts_ms":1777659319991,"details":{"mode":"safe","reason":"rtt-high","rtt_ms":null}}
2026-05-01T19:31:11Z type=link_mode_changed payload={"type":"link_mode_changed","ts_ms":1777663871213,"details":{"mode":"critical","reason":"rtt-critical","rtt_ms":323851}}
2026-05-01T19:31:13Z type=link_mode_changed payload={"type":"link_mode_changed","ts_ms":1777663873111,"details":{"mode":"normal","reason":"rtt-restored","rtt_ms":82}}
2026-05-01T19:31:13Z type=link_mode_changed payload={"type":"link_mode_changed","ts_ms":1777663873733,"details":{"mode":"safe","reason":"rtt-high","rtt_ms":362}}
2026-05-01T19:31:16Z type=link_mode_changed payload={"type":"link_mode_changed","ts_ms":1777663876510,"details":{"mode":"normal","reason":"rtt-restored","rtt_ms":137}}
2026-05-01T19:31:16Z type=link_mode_changed payload={"type":"link_mode_changed","ts_ms":1777663876514,"details":{"mode":"safe","reason":"rtt-high","rtt_ms":485}}
2026-05-01T19:31:17Z type=link_mode_changed payload={"type":"link_mode_changed","ts_ms":1777663877690,"details":{"mode":"critical","reason":"rtt-critical","rtt_ms":660}}
2026-05-01T19:31:19Z type=link_mode_changed payload={"type":"link_mode_changed","ts_ms":1777663879224,"details":{"mode":"safe","reason":"rtt-high","rtt_ms":851}}
2026-05-01T19:31:20Z type=link_mode_changed payload={"type":"link_mode_changed","ts_ms":1777663880062,"details":{"mode":"critical","reason":"rtt-critical","rtt_ms":689}}
2026-05-01T19:31:21Z type=link_mode_changed payload={"type":"link_mode_changed","ts_ms":1777663881231,"details":{"mode":"normal","reason":"rtt-restored","rtt_ms":197}}
2026-05-01T19:31:21Z type=link_mode_changed payload={"type":"link_mode_changed","ts_ms":1777663881695,"details":{"mode":"safe","reason":"rtt-high","rtt_ms":310}}
2026-05-01T19:31:23Z type=link_mode_changed payload={"type":"link_mode_changed","ts_ms":1777663883434,"details":{"mode":"normal","reason":"rtt-restored","rtt_ms":36}}
2026-05-01T19:31:25Z type=link_mode_changed payload={"type":"link_mode_changed","ts_ms":1777663885347,"details":{"mode":"safe","reason":"rtt-high","rtt_ms":305}}
2026-05-01T19:31:25Z type=link_mode_changed payload={"type":"link_mode_changed","ts_ms":1777663885731,"details":{"mode":"safe","reason":"rtt-high","rtt_ms":332}}
2026-05-01T19:31:28Z type=link_mode_changed payload={"type":"link_mode_changed","ts_ms":1777663888220,"details":{"mode":"normal","reason":"rtt-restored","rtt_ms":190}}
2026-05-01T19:31:29Z type=link_mode_changed payload={"type":"link_mode_changed","ts_ms":1777663889522,"details":{"mode":"normal","reason":"rtt-restored","rtt_ms":122}}
2026-05-01T19:31:31Z type=link_mode_changed payload={"type":"link_mode_changed","ts_ms":1777663891591,"details":{"mode":"critical","reason":"rtt-critical","rtt_ms":561}}
2026-05-01T19:31:31Z type=link_mode_changed payload={"type":"link_mode_changed","ts_ms":1777663891820,"details":{"mode":"safe","reason":"rtt-high","rtt_ms":420}}
2026-05-01T19:31:33Z type=link_mode_changed payload={"type":"link_mode_changed","ts_ms":1777663892411,"details":{"mode":"safe","reason":"rtt-high","rtt_ms":378}}
2026-05-01T19:31:33Z type=link_mode_changed payload={"type":"link_mode_changed","ts_ms":1777663893655,"details":{"mode":"normal","reason":"rtt-restored","rtt_ms":215}}
2026-05-01T19:31:35Z type=link_mode_changed payload={"type":"link_mode_changed","ts_ms":1777663895092,"details":{"mode":"normal","reason":"rtt-restored","rtt_ms":62}}
2026-05-01T19:31:38Z type=link_mode_changed payload={"type":"link_mode_changed","ts_ms":1777663898322,"details":{"mode":"critical","reason":"rtt-critical","rtt_ms":881}}
2026-05-01T19:31:38Z type=link_mode_changed payload={"type":"link_mode_changed","ts_ms":1777663898301,"details":{"mode":"critical","reason":"rtt-critical","rtt_ms":1271}}
2026-05-01T19:31:39Z type=link_mode_changed payload={"type":"link_mode_changed","ts_ms":1777663899206,"details":{"mode":"normal","reason":"rtt-restored","rtt_ms":177}}
2026-05-01T19:31:41Z type=link_mode_changed payload={"type":"link_mode_changed","ts_ms":1777663901727,"details":{"mode":"safe","reason":"rtt-high","rtt_ms":284}}
2026-05-01T19:31:41Z type=link_mode_changed payload={"type":"link_mode_changed","ts_ms":1777663901751,"details":{"mode":"critical","reason":"rtt-critical","rtt_ms":719}}
2026-05-01T19:31:42Z type=link_mode_changed payload={"type":"link_mode_changed","ts_ms":1777663902118,"details":{"mode":"normal","reason":"rtt-restored","rtt_ms":89}}
2026-05-01T19:31:43Z type=link_mode_changed payload={"type":"link_mode_changed","ts_ms":1777663903460,"details":{"mode":"normal","reason":"rtt-restored","rtt_ms":17}}
2026-05-01T19:31:45Z type=link_mode_changed payload={"type":"link_mode_changed","ts_ms":1777663905971,"details":{"mode":"safe","reason":"rtt-high","rtt_ms":499}}
2026-05-01T19:31:45Z type=link_mode_changed payload={"type":"link_mode_changed","ts_ms":1777663905963,"details":{"mode":"critical","reason":"rtt-critical","rtt_ms":929}}
2026-05-01T19:31:47Z type=link_mode_changed payload={"type":"link_mode_changed","ts_ms":1777663907178,"details":{"mode":"normal","reason":"rtt-restored","rtt_ms":142}}
2026-05-01T19:31:47Z type=link_mode_changed payload={"type":"link_mode_changed","ts_ms":1777663907517,"details":{"mode":"normal","reason":"rtt-restored","rtt_ms":40}}
2026-05-01T19:31:49Z type=link_mode_changed payload={"type":"link_mode_changed","ts_ms":1777663909359,"details":{"mode":"safe","reason":"rtt-high","rtt_ms":329}}
2026-05-01T19:31:50Z type=link_mode_changed payload={"type":"link_mode_changed","ts_ms":1777663910216,"details":{"mode":"critical","reason":"rtt-critical","rtt_ms":740}}
2026-05-01T19:31:50Z type=link_mode_changed payload={"type":"link_mode_changed","ts_ms":1777663910175,"details":{"mode":"normal","reason":"rtt-restored","rtt_ms":146}}
2026-05-01T19:31:51Z type=link_mode_changed payload={"type":"link_mode_changed","ts_ms":1777663910756,"details":{"mode":"safe","reason":"rtt-high","rtt_ms":278}}
2026-05-01T19:31:51Z type=link_mode_changed payload={"type":"link_mode_changed","ts_ms":1777663911696,"details":{"mode":"normal","reason":"rtt-restored","rtt_ms":218}}
2026-05-01T19:31:52Z type=link_mode_changed payload={"type":"link_mode_changed","ts_ms":1777663912453,"details":{"mode":"safe","reason":"rtt-high","rtt_ms":423}}
2026-05-01T19:31:54Z type=link_mode_changed payload={"type":"link_mode_changed","ts_ms":1777663914202,"details":{"mode":"normal","reason":"rtt-restored","rtt_ms":170}}
2026-05-04T07:47:23Z type=link_mode_changed payload={"type":"link_mode_changed","ts_ms":1777880843480,"details":{"mode":"normal","reason":"rtt-restored","rtt_ms":16}}
2026-05-04T07:48:06Z type=video_restored payload={"type":"video_restored","ts_ms":1777880886159,"details":{"lost_for_ms":60}}
2026-05-04T07:48:06Z type=video_lost payload={"type":"video_lost","ts_ms":1777880886258,"details":{"status":"RECONNECTING"}}
2026-05-04T07:48:06Z type=video_retry payload={"type":"video_retry","ts_ms":1777880886259,"details":{"attempt":1,"delay_ms":1000,"mode":"auto"}}
2026-05-04T07:48:06Z type=video_restored payload={"type":"video_restored","ts_ms":1777880886271,"details":{"lost_for_ms":13}}
2026-05-04T07:59:22Z type=link_mode_changed payload={"type":"link_mode_changed","ts_ms":1777881562398,"details":{"mode":"safe","reason":"rtt-high","rtt_ms":441}}
2026-05-04T07:59:25Z type=link_mode_changed payload={"type":"link_mode_changed","ts_ms":1777881564722,"details":{"mode":"safe","reason":"rtt-high","rtt_ms":762}}
2026-05-04T07:59:26Z type=link_mode_changed payload={"type":"link_mode_changed","ts_ms":1777881565697,"details":{"mode":"critical","reason":"rtt-critical","rtt_ms":736}}
2026-05-04T07:59:27Z type=link_mode_changed payload={"type":"link_mode_changed","ts_ms":1777881566229,"details":{"mode":"critical","reason":"rtt-critical","rtt_ms":846}}
2026-05-04T07:59:31Z type=link_mode_changed payload={"type":"link_mode_changed","ts_ms":1777881571399,"details":{"mode":"safe","reason":"rtt-high","rtt_ms":378}}
2026-05-04T07:59:32Z type=link_mode_changed payload={"type":"link_mode_changed","ts_ms":1777881572041,"details":{"mode":"normal","reason":"rtt-restored","rtt_ms":20}}
2026-05-04T07:59:32Z type=link_mode_changed payload={"type":"link_mode_changed","ts_ms":1777881572417,"details":{"mode":"normal","reason":"rtt-restored","rtt_ms":33}}
2026-05-04T07:59:43Z type=link_mode_changed payload={"type":"link_mode_changed","ts_ms":1777881583593,"details":{"mode":"critical","reason":"rtt-critical","rtt_ms":516}}
2026-05-04T07:59:44Z type=link_mode_changed payload={"type":"link_mode_changed","ts_ms":1777881583906,"details":{"mode":"critical","reason":"rtt-critical","rtt_ms":710}}
2026-05-04T07:59:52Z type=link_mode_changed payload={"type":"link_mode_changed","ts_ms":1777881592224,"details":{"mode":"normal","reason":"rtt-restored","rtt_ms":139}}
2026-05-04T07:59:52Z type=link_mode_changed payload={"type":"link_mode_changed","ts_ms":1777881592547,"details":{"mode":"normal","reason":"rtt-restored","rtt_ms":54}}
2026-05-04T08:01:06Z type=link_mode_changed payload={"type":"link_mode_changed","ts_ms":1777881665808,"details":{"mode":"safe","reason":"rtt-high","rtt_ms":593}}
2026-05-04T08:01:06Z type=link_mode_changed payload={"type":"link_mode_changed","ts_ms":1777881666180,"details":{"mode":"critical","reason":"rtt-critical","rtt_ms":585}}
2026-05-04T08:01:08Z type=link_mode_changed payload={"type":"link_mode_changed","ts_ms":1777881667907,"details":{"mode":"critical","reason":"rtt-critical","rtt_ms":692}}
2026-05-04T08:01:10Z type=link_mode_changed payload={"type":"link_mode_changed","ts_ms":1777881670330,"details":{"mode":"normal","reason":"rtt-restored","rtt_ms":112}}
2026-05-04T08:01:10Z type=link_mode_changed payload={"type":"link_mode_changed","ts_ms":1777881670561,"details":{"mode":"normal","reason":"rtt-restored","rtt_ms":108}}
2026-05-04T08:01:40Z type=link_mode_changed payload={"type":"link_mode_changed","ts_ms":1777881700232,"details":{"mode":"safe","reason":"rtt-high","rtt_ms":246}}
2026-05-04T08:01:41Z type=link_mode_changed payload={"type":"link_mode_changed","ts_ms":1777881701066,"details":{"mode":"normal","reason":"rtt-restored","rtt_ms":9}}
2026-05-04T08:01:58Z type=link_mode_changed payload={"type":"link_mode_changed","ts_ms":1777881718164,"details":{"mode":"critical","reason":"rtt-critical","rtt_ms":477}}
2026-05-04T08:01:58Z type=link_mode_changed payload={"type":"link_mode_changed","ts_ms":1777881718700,"details":{"mode":"normal","reason":"rtt-restored","rtt_ms":11}}
2026-05-04T09:04:09Z type=link_mode_changed payload={"type":"link_mode_changed","ts_ms":1777885449239,"details":{"mode":"safe","reason":"rtt-high","rtt_ms":234}}
2026-05-04T09:04:10Z type=link_mode_changed payload={"type":"link_mode_changed","ts_ms":1777885450023,"details":{"mode":"normal","reason":"rtt-restored","rtt_ms":19}}
2026-05-04T09:55:06Z type=link_mode_changed payload={"type":"link_mode_changed","ts_ms":1777888506175,"details":{"mode":"safe","reason":"rtt-high","rtt_ms":244}}
2026-05-04T09:55:07Z type=link_mode_changed payload={"type":"link_mode_changed","ts_ms":1777888507123,"details":{"mode":"normal","reason":"rtt-restored","rtt_ms":192}}
2026-05-04T09:55:09Z type=link_mode_changed payload={"type":"link_mode_changed","ts_ms":1777888509261,"details":{"mode":"safe","reason":"rtt-high","rtt_ms":270}}
2026-05-04T09:55:10Z type=link_mode_changed payload={"type":"link_mode_changed","ts_ms":1777888510222,"details":{"mode":"normal","reason":"rtt-restored","rtt_ms":215}}
2026-05-04T09:55:57Z type=link_mode_changed payload={"type":"link_mode_changed","ts_ms":1777888557874,"details":{"mode":"critical","reason":"rtt-critical","rtt_ms":2280}}
2026-05-04T09:55:57Z type=link_mode_changed payload={"type":"link_mode_changed","ts_ms":1777888557876,"details":{"mode":"normal","reason":"rtt-restored","rtt_ms":142}}
2026-05-04T11:49:01Z type=link_mode_changed payload={"type":"link_mode_changed","ts_ms":1777895341935,"details":{"mode":"critical","reason":"rtt-critical","rtt_ms":1211}}
2026-05-04T11:49:01Z type=link_mode_changed payload={"type":"link_mode_changed","ts_ms":1777895341962,"details":{"mode":"normal","reason":"rtt-restored","rtt_ms":31}}
2026-05-04T12:51:49Z type=link_mode_changed payload={"type":"link_mode_changed","ts_ms":1777899109347,"details":{"mode":"critical","reason":"rtt-critical","rtt_ms":2919}}
2026-05-04T12:51:49Z type=link_mode_changed payload={"type":"link_mode_changed","ts_ms":1777899109545,"details":{"mode":"normal","reason":"rtt-restored","rtt_ms":75}}
2026-05-04T12:52:51Z type=link_mode_changed payload={"type":"link_mode_changed","ts_ms":1777899171500,"details":{"mode":"critical","reason":"rtt-critical","rtt_ms":26418}}
2026-05-04T12:53:39Z type=link_mode_changed payload={"type":"link_mode_changed","ts_ms":1777899219672,"details":{"mode":"normal","reason":"rtt-restored","rtt_ms":83}}
2026-05-04T12:58:00Z type=link_mode_changed payload={"type":"link_mode_changed","ts_ms":1777899480070,"details":{"mode":"critical","reason":"rtt-critical","rtt_ms":922}}
2026-05-04T12:58:08Z type=link_mode_changed payload={"type":"link_mode_changed","ts_ms":1777899488241,"details":{"mode":"safe","reason":"rtt-high","rtt_ms":238}}
2026-05-04T12:58:10Z type=link_mode_changed payload={"type":"link_mode_changed","ts_ms":1777899490678,"details":{"mode":"normal","reason":"rtt-restored","rtt_ms":77}}
2026-05-04T12:58:47Z type=link_mode_changed payload={"type":"link_mode_changed","ts_ms":1777899527519,"details":{"mode":"critical","reason":"rtt-critical","rtt_ms":1179}}
2026-05-04T12:58:47Z type=link_mode_changed payload={"type":"link_mode_changed","ts_ms":1777899527599,"details":{"mode":"normal","reason":"rtt-restored","rtt_ms":152}}
2026-05-04T12:59:06Z type=link_mode_changed payload={"type":"link_mode_changed","ts_ms":1777899546957,"details":{"mode":"safe","reason":"rtt-high","rtt_ms":9055}}
2026-05-04T12:59:06Z type=link_mode_changed payload={"type":"link_mode_changed","ts_ms":1777899546958,"details":{"mode":"critical","reason":"rtt-critical","rtt_ms":580}}
2026-05-04T12:59:07Z type=link_mode_changed payload={"type":"link_mode_changed","ts_ms":1777899547431,"details":{"mode":"normal","reason":"rtt-restored","rtt_ms":35}}
2026-05-04T13:07:07Z type=link_mode_changed payload={"type":"link_mode_changed","ts_ms":1777900027512,"details":{"mode":"safe","reason":"rtt-high","rtt_ms":384}}
2026-05-04T13:07:08Z type=link_mode_changed payload={"type":"link_mode_changed","ts_ms":1777900028452,"details":{"mode":"normal","reason":"rtt-restored","rtt_ms":71}}
2026-05-04T13:07:50Z type=link_mode_changed payload={"type":"link_mode_changed","ts_ms":1777900070490,"details":{"mode":"safe","reason":"rtt-high","rtt_ms":1705}}
2026-05-04T13:07:50Z type=link_mode_changed payload={"type":"link_mode_changed","ts_ms":1777900070491,"details":{"mode":"normal","reason":"rtt-restored","rtt_ms":137}}
2026-05-04T13:07:56Z type=link_mode_changed payload={"type":"link_mode_changed","ts_ms":1777900076214,"details":{"mode":"critical","reason":"rtt-critical","rtt_ms":2526}}
2026-05-04T13:07:56Z type=link_mode_changed payload={"type":"link_mode_changed","ts_ms":1777900076255,"details":{"mode":"safe","reason":"rtt-high","rtt_ms":302}}
2026-05-04T13:07:57Z type=link_mode_changed payload={"type":"link_mode_changed","ts_ms":1777900077173,"details":{"mode":"normal","reason":"rtt-restored","rtt_ms":34}}
2026-05-04T13:08:01Z type=link_mode_changed payload={"type":"link_mode_changed","ts_ms":1777900081847,"details":{"mode":"critical","reason":"rtt-critical","rtt_ms":1179}}
2026-05-04T13:08:01Z type=link_mode_changed payload={"type":"link_mode_changed","ts_ms":1777900081850,"details":{"mode":"normal","reason":"rtt-restored","rtt_ms":128}}
2026-05-04T13:08:42Z type=link_mode_changed payload={"type":"link_mode_changed","ts_ms":1777900122693,"details":{"mode":"critical","reason":"rtt-critical","rtt_ms":2943}}
2026-05-04T13:08:42Z type=link_mode_changed payload={"type":"link_mode_changed","ts_ms":1777900122737,"details":{"mode":"safe","reason":"rtt-high","rtt_ms":372}}
2026-05-04T13:08:43Z type=link_mode_changed payload={"type":"link_mode_changed","ts_ms":1777900123647,"details":{"mode":"normal","reason":"rtt-restored","rtt_ms":65}}
2026-05-04T13:08:57Z type=link_mode_changed payload={"type":"link_mode_changed","ts_ms":1777900137731,"details":{"mode":"safe","reason":"rtt-high","rtt_ms":291}}
2026-05-04T13:08:58Z type=link_mode_changed payload={"type":"link_mode_changed","ts_ms":1777900138452,"details":{"mode":"normal","reason":"rtt-restored","rtt_ms":8}}
2026-05-04T13:10:54Z type=link_mode_changed payload={"type":"link_mode_changed","ts_ms":1777900254062,"details":{"mode":"critical","reason":"rtt-critical","rtt_ms":1099}}
2026-05-04T13:10:54Z type=link_mode_changed payload={"type":"link_mode_changed","ts_ms":1777900254095,"details":{"mode":"normal","reason":"rtt-restored","rtt_ms":35}}
2026-05-04T13:12:52Z type=link_mode_changed payload={"type":"link_mode_changed","ts_ms":1777900372058,"details":{"mode":"critical","reason":"rtt-critical","rtt_ms":658}}
2026-05-04T13:12:52Z type=link_mode_changed payload={"type":"link_mode_changed","ts_ms":1777900372450,"details":{"mode":"normal","reason":"rtt-restored","rtt_ms":35}}
2026-05-04T13:16:42Z type=link_mode_changed payload={"type":"link_mode_changed","ts_ms":1777900602220,"details":{"mode":"safe","reason":"rtt-high","rtt_ms":334}}
2026-05-04T13:16:42Z type=link_mode_changed payload={"type":"link_mode_changed","ts_ms":1777900602900,"details":{"mode":"normal","reason":"rtt-restored","rtt_ms":11}}
2026-05-04T13:33:19Z type=link_mode_changed payload={"type":"link_mode_changed","ts_ms":1777901599571,"details":{"mode":"safe","reason":"rtt-high","rtt_ms":1113}}
2026-05-04T13:33:20Z type=link_mode_changed payload={"type":"link_mode_changed","ts_ms":1777901600029,"details":{"mode":"critical","reason":"rtt-critical","rtt_ms":461}}
2026-05-04T13:33:24Z type=link_mode_changed payload={"type":"link_mode_changed","ts_ms":1777901604960,"details":{"mode":"safe","reason":"rtt-high","rtt_ms":238}}
2026-05-04T13:33:26Z type=link_mode_changed payload={"type":"link_mode_changed","ts_ms":1777901606010,"details":{"mode":"normal","reason":"rtt-restored","rtt_ms":62}}
2026-05-04T13:33:39Z type=link_mode_changed payload={"type":"link_mode_changed","ts_ms":1777901619690,"details":{"mode":"critical","reason":"rtt-critical","rtt_ms":2349}}
2026-05-04T13:33:39Z type=link_mode_changed payload={"type":"link_mode_changed","ts_ms":1777901619693,"details":{"mode":"normal","reason":"rtt-restored","rtt_ms":106}}
2026-05-04T13:33:56Z type=link_mode_changed payload={"type":"link_mode_changed","ts_ms":1777901636006,"details":{"mode":"safe","reason":"rtt-high","rtt_ms":296}}
2026-05-04T13:33:56Z type=link_mode_changed payload={"type":"link_mode_changed","ts_ms":1777901636767,"details":{"mode":"normal","reason":"rtt-restored","rtt_ms":48}}
2026-05-04T13:34:45Z type=link_mode_changed payload={"type":"link_mode_changed","ts_ms":1777901685813,"details":{"mode":"critical","reason":"rtt-critical","rtt_ms":485}}
2026-05-04T13:34:55Z type=link_mode_changed payload={"type":"link_mode_changed","ts_ms":1777901695331,"details":{"mode":"safe","reason":"rtt-high","rtt_ms":306}}
2026-05-04T13:34:56Z type=link_mode_changed payload={"type":"link_mode_changed","ts_ms":1777901696084,"details":{"mode":"normal","reason":"rtt-restored","rtt_ms":38}}
2026-05-21T13:05:45Z type=video_restored payload={"type":"video_restored","ts_ms":1779368745419,"details":{"lost_for_ms":47}}
2026-05-21T13:05:45Z type=video_lost payload={"type":"video_lost","ts_ms":1779368745533,"details":{"status":"RECONNECTING"}}
2026-05-21T13:05:45Z type=video_retry payload={"type":"video_retry","ts_ms":1779368745534,"details":{"attempt":1,"delay_ms":1000,"mode":"auto"}}
2026-05-21T13:05:45Z type=video_restored payload={"type":"video_restored","ts_ms":1779368745544,"details":{"lost_for_ms":11}}
2026-05-21T13:06:31Z type=link_mode_changed payload={"type":"link_mode_changed","ts_ms":1779368791468,"details":{"mode":"critical","reason":"rtt-critical","rtt_ms":975}}
2026-05-21T13:06:31Z type=link_mode_changed payload={"type":"link_mode_changed","ts_ms":1779368791556,"details":{"mode":"normal","reason":"rtt-restored","rtt_ms":42}}
2026-05-21T13:08:32Z type=link_mode_changed payload={"type":"link_mode_changed","ts_ms":1779368912301,"details":{"mode":"normal","reason":"rtt-restored","rtt_ms":12}}
2026-05-21T13:08:32Z type=link_mode_changed payload={"type":"link_mode_changed","ts_ms":1779368911861,"details":{"mode":"critical","reason":"rtt-critical","rtt_ms":572}}
2026-05-21T13:13:31Z type=link_mode_changed payload={"type":"link_mode_changed","ts_ms":1779369209481,"details":{"mode":"safe","reason":"rtt-high","rtt_ms":700}}
2026-05-21T13:13:32Z type=link_mode_changed payload={"type":"link_mode_changed","ts_ms":1779369212321,"details":{"mode":"critical","reason":"rtt-critical","rtt_ms":2538}}
2026-05-21T13:13:32Z type=link_mode_changed payload={"type":"link_mode_changed","ts_ms":1779369212431,"details":{"mode":"safe","reason":"rtt-high","rtt_ms":237}}
2026-05-21T13:13:33Z type=link_mode_changed payload={"type":"link_mode_changed","ts_ms":1779369213218,"details":{"mode":"normal","reason":"rtt-restored","rtt_ms":24}}
2026-05-21T13:13:50Z type=link_mode_changed payload={"type":"link_mode_changed","ts_ms":1779369230711,"details":{"mode":"safe","reason":"rtt-high","rtt_ms":347}}
2026-05-21T13:13:51Z type=link_mode_changed payload={"type":"link_mode_changed","ts_ms":1779369231548,"details":{"mode":"normal","reason":"rtt-restored","rtt_ms":171}}
2026-05-21T13:15:06Z type=link_mode_changed payload={"type":"link_mode_changed","ts_ms":1779369306398,"details":{"mode":"safe","reason":"rtt-high","rtt_ms":549}}
2026-05-21T13:15:08Z type=link_mode_changed payload={"type":"link_mode_changed","ts_ms":1779369308905,"details":{"mode":"normal","reason":"rtt-restored","rtt_ms":55}}
2026-05-21T15:14:43Z type=video_restored payload={"type":"video_restored","ts_ms":1779376483095,"details":{"lost_for_ms":29}}
2026-05-21T15:14:43Z type=video_lost payload={"type":"video_lost","ts_ms":1779376483434,"details":{"status":"RECONNECTING"}}
2026-05-21T15:14:43Z type=video_retry payload={"type":"video_retry","ts_ms":1779376483436,"details":{"attempt":1,"delay_ms":1000,"mode":"auto"}}
2026-05-21T15:14:43Z type=video_restored payload={"type":"video_restored","ts_ms":1779376483445,"details":{"lost_for_ms":11}}
2026-05-21T15:15:10Z type=video_restored payload={"type":"video_restored","ts_ms":1779376510721,"details":{"lost_for_ms":20}}
2026-05-21T15:15:11Z type=video_lost payload={"type":"video_lost","ts_ms":1779376511038,"details":{"status":"RECONNECTING"}}
2026-05-21T15:15:11Z type=video_retry payload={"type":"video_retry","ts_ms":1779376511039,"details":{"attempt":1,"delay_ms":1000,"mode":"auto"}}
2026-05-21T15:15:11Z type=video_restored payload={"type":"video_restored","ts_ms":1779376511050,"details":{"lost_for_ms":12}}
2026-05-21T15:15:54Z type=video_restored payload={"type":"video_restored","ts_ms":1779376554428,"details":{"lost_for_ms":61}}
2026-05-21T15:15:54Z type=video_lost payload={"type":"video_lost","ts_ms":1779376554717,"details":{"status":"RECONNECTING"}}
2026-05-21T15:15:54Z type=video_retry payload={"type":"video_retry","ts_ms":1779376554719,"details":{"attempt":1,"delay_ms":1000,"mode":"auto"}}
2026-05-21T15:15:54Z type=video_restored payload={"type":"video_restored","ts_ms":1779376554731,"details":{"lost_for_ms":14}}
2026-05-21T15:24:33Z type=link_mode_changed payload={"type":"link_mode_changed","ts_ms":1779377073564,"details":{"mode":"critical","reason":"rtt-critical","rtt_ms":8302}}
2026-05-21T15:24:33Z type=link_mode_changed payload={"type":"link_mode_changed","ts_ms":1779377073542,"details":{"mode":"critical","reason":"rtt-critical","rtt_ms":4266}}
2026-05-21T15:24:33Z type=link_mode_changed payload={"type":"link_mode_changed","ts_ms":1779377073543,"details":{"mode":"safe","reason":"rtt-high","rtt_ms":267}}
2026-05-21T15:24:33Z type=link_mode_changed payload={"type":"link_mode_changed","ts_ms":1779377073566,"details":{"mode":"safe","reason":"rtt-high","rtt_ms":300}}
2026-05-21T15:24:34Z type=link_mode_changed payload={"type":"link_mode_changed","ts_ms":1779377074461,"details":{"mode":"normal","reason":"rtt-restored","rtt_ms":160}}
2026-05-21T15:24:34Z type=link_mode_changed payload={"type":"link_mode_changed","ts_ms":1779377074468,"details":{"mode":"normal","reason":"rtt-restored","rtt_ms":156}}
2026-05-21T16:10:51Z type=track_reacquire_start payload={"type":"track_reacquire_start","ts_ms":1779379851833,"details":{"reason":"lost"}}
2026-05-21T16:10:57Z type=track_reacquire_end payload={"type":"track_reacquire_end","ts_ms":1779379857844,"details":{"result":"timeout","reason":"lost","lost_ms":6011,"scan_steps":34}}
2026-05-21T16:10:57Z type=track_reacquire_timeout payload={"type":"track_reacquire_timeout","ts_ms":1779379857845,"details":{"max_lost_sec":6,"lost_ms":6011}}
2026-05-21T18:10:35Z type=video_restored payload={"type":"video_restored","ts_ms":1779387035490,"details":{"lost_for_ms":46}}
2026-05-21T18:10:35Z type=video_lost payload={"type":"video_lost","ts_ms":1779387035802,"details":{"status":"RECONNECTING"}}
2026-05-21T18:10:35Z type=video_retry payload={"type":"video_retry","ts_ms":1779387035803,"details":{"attempt":1,"delay_ms":1000,"mode":"auto"}}
2026-05-21T18:10:35Z type=video_restored payload={"type":"video_restored","ts_ms":1779387035815,"details":{"lost_for_ms":13}}
2026-05-21T18:10:50Z type=track_reacquire_start payload={"type":"track_reacquire_start","ts_ms":1779387050469,"details":{"reason":"lost"}}
2026-05-21T18:10:51Z type=track_reacquire_end payload={"type":"track_reacquire_end","ts_ms":1779387051500,"details":{"result":"recovered","reason":"lost","lost_ms":1031,"scan_steps":1}}
2026-05-21T18:10:51Z type=track_reacquire_start payload={"type":"track_reacquire_start","ts_ms":1779387051760,"details":{"reason":"lost"}}
2026-05-21T18:10:57Z type=track_reacquire_end payload={"type":"track_reacquire_end","ts_ms":1779387057836,"details":{"result":"timeout","reason":"lost","lost_ms":6075,"scan_steps":36}}
2026-05-21T18:10:57Z type=track_reacquire_timeout payload={"type":"track_reacquire_timeout","ts_ms":1779387057836,"details":{"max_lost_sec":6,"lost_ms":6075}}
2026-05-21T18:14:34Z type=link_mode_changed payload={"type":"link_mode_changed","ts_ms":1779387274557,"details":{"mode":"critical","reason":"rtt-critical","rtt_ms":610}}
2026-05-21T18:14:34Z type=link_mode_changed payload={"type":"link_mode_changed","ts_ms":1779387274957,"details":{"mode":"normal","reason":"rtt-restored","rtt_ms":8}}
2026-05-21T18:37:22Z type=link_mode_changed payload={"type":"link_mode_changed","ts_ms":1779388642551,"details":{"mode":"safe","reason":"rtt-high","rtt_ms":252}}
2026-05-21T18:37:23Z type=link_mode_changed payload={"type":"link_mode_changed","ts_ms":1779388643309,"details":{"mode":"normal","reason":"rtt-restored","rtt_ms":8}}
2026-05-21T18:46:35Z type=link_mode_changed payload={"type":"link_mode_changed","ts_ms":1779389195156,"details":{"mode":"critical","reason":"rtt-critical","rtt_ms":977}}
2026-05-21T18:46:35Z type=link_mode_changed payload={"type":"link_mode_changed","ts_ms":1779389195195,"details":{"mode":"normal","reason":"rtt-restored","rtt_ms":17}}
2026-05-21T18:47:57Z type=link_mode_changed payload={"type":"link_mode_changed","ts_ms":1779389277066,"details":{"mode":"safe","reason":"rtt-high","rtt_ms":380}}
2026-05-21T18:47:57Z type=link_mode_changed payload={"type":"link_mode_changed","ts_ms":1779389277797,"details":{"mode":"normal","reason":"rtt-restored","rtt_ms":86}}
2026-05-21T19:12:21Z type=video_restored payload={"type":"video_restored","ts_ms":1779390741512,"details":{"lost_for_ms":20}}
2026-05-21T19:12:21Z type=video_restored payload={"type":"video_restored","ts_ms":1779390741729,"details":{"lost_for_ms":16}}
2026-05-21T19:12:21Z type=video_restored payload={"type":"video_restored","ts_ms":1779390741912,"details":{"lost_for_ms":14}}
2026-05-21T19:12:22Z type=video_lost payload={"type":"video_lost","ts_ms":1779390742148,"details":{"status":"RECONNECTING"}}
2026-05-21T19:12:22Z type=video_retry payload={"type":"video_retry","ts_ms":1779390742149,"details":{"attempt":1,"delay_ms":1000,"mode":"auto"}}
2026-05-21T19:12:22Z type=video_restored payload={"type":"video_restored","ts_ms":1779390742163,"details":{"lost_for_ms":15}}
2026-05-21T19:12:44Z type=video_restored payload={"type":"video_restored","ts_ms":1779390763982,"details":{"lost_for_ms":20}}
2026-05-21T19:12:44Z type=video_lost payload={"type":"video_lost","ts_ms":1779390764291,"details":{"status":"RECONNECTING"}}
2026-05-21T19:12:44Z type=video_retry payload={"type":"video_retry","ts_ms":1779390764293,"details":{"attempt":1,"delay_ms":1000,"mode":"auto"}}
2026-05-21T19:12:44Z type=video_restored payload={"type":"video_restored","ts_ms":1779390764308,"details":{"lost_for_ms":17}}
2026-05-21T19:18:35Z type=link_mode_changed payload={"type":"link_mode_changed","ts_ms":1779391115737,"details":{"mode":"critical","reason":"rtt-critical","rtt_ms":559}}
2026-05-21T19:18:36Z type=link_mode_changed payload={"type":"link_mode_changed","ts_ms":1779391116192,"details":{"mode":"normal","reason":"rtt-restored","rtt_ms":13}}
2026-05-21T19:18:44Z type=video_restored payload={"type":"video_restored","ts_ms":1779391124130,"details":{"lost_for_ms":46}}
2026-05-21T19:18:44Z type=video_retry payload={"type":"video_retry","ts_ms":1779391124382,"details":{"attempt":1,"delay_ms":1000,"mode":"auto"}}
2026-05-21T19:18:44Z type=video_lost payload={"type":"video_lost","ts_ms":1779391124382,"details":{"status":"RECONNECTING"}}
2026-05-21T19:18:44Z type=video_restored payload={"type":"video_restored","ts_ms":1779391124392,"details":{"lost_for_ms":10}}
2026-05-21T19:19:52Z type=link_mode_changed payload={"type":"link_mode_changed","ts_ms":1779391192365,"details":{"mode":"normal","reason":"rtt-restored","rtt_ms":18}}
2026-05-21T19:20:29Z type=video_restored payload={"type":"video_restored","ts_ms":1779391229045,"details":{"lost_for_ms":33}}
2026-05-21T19:20:29Z type=video_lost payload={"type":"video_lost","ts_ms":1779391229251,"details":{"status":"RECONNECTING"}}
2026-05-21T19:20:29Z type=video_retry payload={"type":"video_retry","ts_ms":1779391229252,"details":{"attempt":1,"delay_ms":1000,"mode":"auto"}}
2026-05-21T19:20:29Z type=video_restored payload={"type":"video_restored","ts_ms":1779391229263,"details":{"lost_for_ms":12}}
2026-05-21T19:24:36Z type=link_mode_changed payload={"type":"link_mode_changed","ts_ms":1779391476452,"details":{"mode":"critical","reason":"rtt-critical","rtt_ms":608}}
2026-05-21T19:24:36Z type=link_mode_changed payload={"type":"link_mode_changed","ts_ms":1779391476856,"details":{"mode":"normal","reason":"rtt-restored","rtt_ms":11}}
2026-05-21T19:26:55Z type=video_restored payload={"type":"video_restored","ts_ms":1779391615876,"details":{"lost_for_ms":21}}
2026-05-21T19:26:56Z type=video_restored payload={"type":"video_restored","ts_ms":1779391616108,"details":{"lost_for_ms":15}}
2026-05-21T19:26:56Z type=video_retry payload={"type":"video_retry","ts_ms":1779391616378,"details":{"attempt":1,"delay_ms":1000,"mode":"auto"}}
2026-05-21T19:26:56Z type=video_lost payload={"type":"video_lost","ts_ms":1779391616377,"details":{"status":"RECONNECTING"}}
2026-05-21T19:26:56Z type=video_restored payload={"type":"video_restored","ts_ms":1779391616386,"details":{"lost_for_ms":9}}
2026-05-21T19:35:36Z type=video_restored payload={"type":"video_restored","ts_ms":1779392136739,"details":{"lost_for_ms":21}}
2026-05-21T19:35:37Z type=video_lost payload={"type":"video_lost","ts_ms":1779392137059,"details":{"status":"RECONNECTING"}}
2026-05-21T19:35:37Z type=video_retry payload={"type":"video_retry","ts_ms":1779392137061,"details":{"attempt":1,"delay_ms":1000,"mode":"auto"}}
2026-05-21T19:35:37Z type=video_restored payload={"type":"video_restored","ts_ms":1779392137087,"details":{"lost_for_ms":28}}
2026-05-21T19:37:35Z type=link_mode_changed payload={"type":"link_mode_changed","ts_ms":1779392255795,"details":{"mode":"critical","reason":"rtt-critical","rtt_ms":1260}}
2026-05-21T19:37:35Z type=link_mode_changed payload={"type":"link_mode_changed","ts_ms":1779392255796,"details":{"mode":"safe","reason":"rtt-high","rtt_ms":260}}
2026-05-21T19:37:36Z type=link_mode_changed payload={"type":"link_mode_changed","ts_ms":1779392256547,"details":{"mode":"normal","reason":"rtt-restored","rtt_ms":11}}
2026-05-21T19:39:36Z type=link_mode_changed payload={"type":"link_mode_changed","ts_ms":1779392376427,"details":{"mode":"critical","reason":"rtt-critical","rtt_ms":1452}}
2026-05-21T19:39:37Z type=link_mode_changed payload={"type":"link_mode_changed","ts_ms":1779392376997,"details":{"mode":"normal","reason":"rtt-restored","rtt_ms":12}}
2026-05-21T19:52:36Z type=link_mode_changed payload={"type":"link_mode_changed","ts_ms":1779393156196,"details":{"mode":"critical","reason":"rtt-critical","rtt_ms":642}}
2026-05-21T19:52:36Z type=link_mode_changed payload={"type":"link_mode_changed","ts_ms":1779393156569,"details":{"mode":"normal","reason":"rtt-restored","rtt_ms":16}}
2026-05-21T19:57:38Z type=video_restored payload={"type":"video_restored","ts_ms":1779393458872,"details":{"lost_for_ms":20}}
2026-05-21T19:57:39Z type=video_lost payload={"type":"video_lost","ts_ms":1779393458997,"details":{"status":"RECONNECTING"}}
2026-05-21T19:57:39Z type=video_retry payload={"type":"video_retry","ts_ms":1779393458998,"details":{"attempt":1,"delay_ms":1000,"mode":"auto"}}
2026-05-21T19:57:39Z type=video_restored payload={"type":"video_restored","ts_ms":1779393459035,"details":{"lost_for_ms":18}}
2026-05-21T19:57:39Z type=video_restored payload={"type":"video_restored","ts_ms":1779393459210,"details":{"lost_for_ms":24}}
2026-05-21T19:57:39Z type=video_lost payload={"type":"video_lost","ts_ms":1779393459508,"details":{"status":"RECONNECTING"}}
2026-05-21T19:57:39Z type=video_retry payload={"type":"video_retry","ts_ms":1779393459509,"details":{"attempt":1,"delay_ms":1000,"mode":"auto"}}
2026-05-21T19:57:39Z type=video_restored payload={"type":"video_restored","ts_ms":1779393459526,"details":{"lost_for_ms":18}}
2026-05-21T20:00:35Z type=link_mode_changed payload={"type":"link_mode_changed","ts_ms":1779393635840,"details":{"mode":"safe","reason":"rtt-high","rtt_ms":396}}
2026-05-21T20:00:36Z type=link_mode_changed payload={"type":"link_mode_changed","ts_ms":1779393636454,"details":{"mode":"normal","reason":"rtt-restored","rtt_ms":9}}
2026-05-21T20:01:45Z type=link_mode_changed payload={"type":"link_mode_changed","ts_ms":1779393705673,"details":{"mode":"normal","reason":"rtt-restored","rtt_ms":15}}
2026-05-21T20:01:55Z type=video_restored payload={"type":"video_restored","ts_ms":1779393715056,"details":{"lost_for_ms":36}}
2026-05-21T20:01:55Z type=video_lost payload={"type":"video_lost","ts_ms":1779393715309,"details":{"status":"RECONNECTING"}}
2026-05-21T20:01:55Z type=video_retry payload={"type":"video_retry","ts_ms":1779393715310,"details":{"attempt":1,"delay_ms":1000,"mode":"auto"}}
2026-05-21T20:01:55Z type=video_restored payload={"type":"video_restored","ts_ms":1779393715322,"details":{"lost_for_ms":13}}
2026-05-21T20:02:35Z type=link_mode_changed payload={"type":"link_mode_changed","ts_ms":1779393755530,"details":{"mode":"safe","reason":"rtt-high","rtt_ms":235}}
2026-05-21T20:02:36Z type=link_mode_changed payload={"type":"link_mode_changed","ts_ms":1779393756304,"details":{"mode":"normal","reason":"rtt-restored","rtt_ms":10}}
2026-05-21T20:18:35Z type=link_mode_changed payload={"type":"link_mode_changed","ts_ms":1779394715811,"details":{"mode":"safe","reason":"rtt-high","rtt_ms":392}}
2026-05-21T20:18:36Z type=link_mode_changed payload={"type":"link_mode_changed","ts_ms":1779394716457,"details":{"mode":"normal","reason":"rtt-restored","rtt_ms":39}}
2026-05-21T20:26:34Z type=link_mode_changed payload={"type":"link_mode_changed","ts_ms":1779395194848,"details":{"mode":"normal","reason":"rtt-restored","rtt_ms":17}}
2026-05-21T20:26:39Z type=video_restored payload={"type":"video_restored","ts_ms":1779395199778,"details":{"lost_for_ms":20}}
2026-05-21T20:26:40Z type=video_lost payload={"type":"video_lost","ts_ms":1779395200216,"details":{"status":"RECONNECTING"}}
2026-05-21T20:26:40Z type=video_retry payload={"type":"video_retry","ts_ms":1779395200217,"details":{"attempt":1,"delay_ms":1000,"mode":"auto"}}
2026-05-21T20:26:40Z type=video_restored payload={"type":"video_restored","ts_ms":1779395200229,"details":{"lost_for_ms":13}}
2026-05-22T07:34:54Z type=video_restored payload={"type":"video_restored","ts_ms":1779435293678,"details":{"lost_for_ms":140}}
2026-05-22T07:34:54Z type=video_lost payload={"type":"video_lost","ts_ms":1779435294949,"details":{"status":"RECONNECTING"}}
2026-05-22T07:34:54Z type=video_retry payload={"type":"video_retry","ts_ms":1779435294951,"details":{"attempt":1,"delay_ms":1000,"mode":"auto"}}
2026-05-22T07:34:55Z type=video_restored payload={"type":"video_restored","ts_ms":1779435294971,"details":{"lost_for_ms":21}}
2026-05-22T08:25:47Z type=video_restored payload={"type":"video_restored","ts_ms":1779438347755,"details":{"lost_for_ms":44}}
2026-05-22T08:25:47Z type=video_lost payload={"type":"video_lost","ts_ms":1779438347855,"details":{"status":"RECONNECTING"}}
2026-05-22T08:25:47Z type=video_retry payload={"type":"video_retry","ts_ms":1779438347856,"details":{"attempt":1,"delay_ms":1000,"mode":"auto"}}
2026-05-22T08:25:47Z type=video_restored payload={"type":"video_restored","ts_ms":1779438347867,"details":{"lost_for_ms":12}}
2026-05-22T08:25:58Z type=video_lost payload={"type":"video_lost","ts_ms":1779438358328,"details":{"status":"RECONNECTING"}}
2026-05-22T08:25:58Z type=video_retry payload={"type":"video_retry","ts_ms":1779438358329,"details":{"attempt":1,"delay_ms":1000,"mode":"auto"}}
2026-05-22T08:25:58Z type=video_restored payload={"type":"video_restored","ts_ms":1779438358336,"details":{"lost_for_ms":8}}
2026-05-22T08:25:58Z type=video_lost payload={"type":"video_lost","ts_ms":1779438358816,"details":{"status":"RECONNECTING"}}
2026-05-22T08:25:58Z type=video_retry payload={"type":"video_retry","ts_ms":1779438358819,"details":{"attempt":1,"delay_ms":1000,"mode":"auto"}}
2026-05-22T08:25:58Z type=video_restored payload={"type":"video_restored","ts_ms":1779438358854,"details":{"lost_for_ms":38}}
2026-05-22T08:25:58Z type=video_lost payload={"type":"video_lost","ts_ms":1779438358991,"details":{"status":"RECONNECTING"}}
2026-05-22T08:25:59Z type=video_retry payload={"type":"video_retry","ts_ms":1779438358992,"details":{"attempt":1,"delay_ms":1000,"mode":"auto"}}
2026-05-22T08:25:59Z type=video_restored payload={"type":"video_restored","ts_ms":1779438359004,"details":{"lost_for_ms":13}}
2026-05-22T08:26:01Z type=video_lost payload={"type":"video_lost","ts_ms":1779438361142,"details":{"status":"RECONNECTING"}}
2026-05-22T08:26:01Z type=video_retry payload={"type":"video_retry","ts_ms":1779438361147,"details":{"attempt":1,"delay_ms":1000,"mode":"auto"}}
2026-05-22T08:26:01Z type=video_retry payload={"type":"video_retry","ts_ms":1779438361566,"details":{"attempt":1,"delay_ms":1000,"mode":"auto"}}
2026-05-22T08:26:01Z type=video_retry payload={"type":"video_retry","ts_ms":1779438361732,"details":{"attempt":1,"delay_ms":1000,"mode":"auto"}}
2026-05-22T08:26:01Z type=video_retry payload={"type":"video_retry","ts_ms":1779438361886,"details":{"attempt":1,"delay_ms":1000,"mode":"auto"}}
2026-05-22T08:26:02Z type=video_retry payload={"type":"video_retry","ts_ms":1779438362043,"details":{"attempt":1,"delay_ms":1000,"mode":"auto"}}
2026-05-22T08:26:02Z type=video_retry payload={"type":"video_retry","ts_ms":1779438362203,"details":{"attempt":1,"delay_ms":1000,"mode":"auto"}}
2026-05-22T08:26:02Z type=video_retry payload={"type":"video_retry","ts_ms":1779438362382,"details":{"attempt":1,"delay_ms":1000,"mode":"auto"}}
2026-05-22T08:26:02Z type=video_retry payload={"type":"video_retry","ts_ms":1779438362538,"details":{"attempt":1,"delay_ms":1000,"mode":"auto"}}
2026-05-22T08:26:02Z type=video_retry payload={"type":"video_retry","ts_ms":1779438362715,"details":{"attempt":1,"delay_ms":1000,"mode":"auto"}}
2026-05-22T08:26:03Z type=video_retry payload={"type":"video_retry","ts_ms":1779438363721,"details":{"attempt":2,"delay_ms":2000,"mode":"auto"}}
2026-05-22T08:26:05Z type=video_retry payload={"type":"video_retry","ts_ms":1779438365727,"details":{"attempt":3,"delay_ms":5000,"mode":"auto"}}
2026-05-22T08:26:10Z type=video_retry payload={"type":"video_retry","ts_ms":1779438370735,"details":{"attempt":4,"delay_ms":10000,"mode":"auto"}}
2026-05-22T08:26:20Z type=video_retry payload={"type":"video_retry","ts_ms":1779438380740,"details":{"attempt":5,"delay_ms":10000,"mode":"auto"}}
2026-05-22T08:26:30Z type=video_retry payload={"type":"video_retry","ts_ms":1779438390745,"details":{"attempt":6,"delay_ms":10000,"mode":"auto"}}
2026-05-22T08:26:40Z type=video_retry payload={"type":"video_retry","ts_ms":1779438400749,"details":{"attempt":7,"delay_ms":10000,"mode":"auto"}}
2026-05-22T08:26:50Z type=video_retry payload={"type":"video_retry","ts_ms":1779438410755,"details":{"attempt":8,"delay_ms":10000,"mode":"auto"}}
2026-05-22T08:27:00Z type=video_retry payload={"type":"video_retry","ts_ms":1779438420760,"details":{"attempt":9,"delay_ms":10000,"mode":"auto"}}
2026-05-22T08:27:10Z type=video_retry payload={"type":"video_retry","ts_ms":1779438430763,"details":{"attempt":10,"delay_ms":10000,"mode":"auto"}}
2026-05-22T08:27:20Z type=video_restored payload={"type":"video_restored","ts_ms":1779438439989,"details":{"lost_for_ms":25}}
2026-05-22T08:27:20Z type=video_lost payload={"type":"video_lost","ts_ms":1779438440085,"details":{"status":"RECONNECTING"}}
2026-05-22T08:27:20Z type=video_retry payload={"type":"video_retry","ts_ms":1779438440090,"details":{"attempt":1,"delay_ms":1000,"mode":"auto"}}
2026-05-22T08:27:20Z type=video_restored payload={"type":"video_restored","ts_ms":1779438440507,"details":{"lost_for_ms":20}}
2026-05-22T08:27:20Z type=video_lost payload={"type":"video_lost","ts_ms":1779438440842,"details":{"status":"RECONNECTING"}}
2026-05-22T08:27:20Z type=video_retry payload={"type":"video_retry","ts_ms":1779438440847,"details":{"attempt":1,"delay_ms":1000,"mode":"auto"}}
2026-05-22T08:27:20Z type=video_restored payload={"type":"video_restored","ts_ms":1779438440967,"details":{"lost_for_ms":23}}
2026-05-22T08:27:21Z type=video_restored payload={"type":"video_restored","ts_ms":1779438441101,"details":{"lost_for_ms":18}}
2026-05-22T08:27:21Z type=video_lost payload={"type":"video_lost","ts_ms":1779438441215,"details":{"status":"RECONNECTING"}}
2026-05-22T08:27:21Z type=video_retry payload={"type":"video_retry","ts_ms":1779438441218,"details":{"attempt":1,"delay_ms":1000,"mode":"auto"}}
2026-05-22T08:27:21Z type=video_restored payload={"type":"video_restored","ts_ms":1779438441287,"details":{"lost_for_ms":21}}
2026-05-22T08:27:21Z type=video_lost payload={"type":"video_lost","ts_ms":1779438441383,"details":{"status":"RECONNECTING"}}
2026-05-22T08:27:21Z type=video_retry payload={"type":"video_retry","ts_ms":1779438441388,"details":{"attempt":1,"delay_ms":1000,"mode":"auto"}}
2026-05-22T08:27:21Z type=video_restored payload={"type":"video_restored","ts_ms":1779438441791,"details":{"lost_for_ms":22}}
2026-05-22T08:27:21Z type=video_restored payload={"type":"video_restored","ts_ms":1779438441910,"details":{"lost_for_ms":20}}
2026-05-22T08:27:22Z type=video_restored payload={"type":"video_restored","ts_ms":1779438442050,"details":{"lost_for_ms":20}}
2026-05-22T08:27:22Z type=video_restored payload={"type":"video_restored","ts_ms":1779438442243,"details":{"lost_for_ms":24}}
2026-05-22T08:27:22Z type=video_lost payload={"type":"video_lost","ts_ms":1779438442382,"details":{"status":"RECONNECTING"}}
2026-05-22T08:27:22Z type=video_retry payload={"type":"video_retry","ts_ms":1779438442387,"details":{"attempt":1,"delay_ms":1000,"mode":"auto"}}
2026-05-22T08:27:23Z type=video_retry payload={"type":"video_retry","ts_ms":1779438443392,"details":{"attempt":2,"delay_ms":2000,"mode":"auto"}}
2026-05-22T08:28:22Z type=video_restored payload={"type":"video_restored","ts_ms":1779438502782,"details":{"lost_for_ms":37}}
2026-05-22T08:28:22Z type=video_lost payload={"type":"video_lost","ts_ms":1779438502899,"details":{"status":"RECONNECTING"}}
2026-05-22T08:28:22Z type=video_retry payload={"type":"video_retry","ts_ms":1779438502902,"details":{"attempt":1,"delay_ms":1000,"mode":"auto"}}
2026-05-22T08:28:23Z type=video_retry payload={"type":"video_retry","ts_ms":1779438503906,"details":{"attempt":2,"delay_ms":2000,"mode":"auto"}}
2026-05-22T08:28:25Z type=video_retry payload={"type":"video_retry","ts_ms":1779438505911,"details":{"attempt":3,"delay_ms":5000,"mode":"auto"}}
2026-05-22T08:28:30Z type=video_retry payload={"type":"video_retry","ts_ms":1779438510913,"details":{"attempt":4,"delay_ms":10000,"mode":"auto"}}
2026-05-22T08:28:40Z type=video_retry payload={"type":"video_retry","ts_ms":1779438520917,"details":{"attempt":5,"delay_ms":10000,"mode":"auto"}}
2026-05-22T08:28:48Z type=video_restored payload={"type":"video_restored","ts_ms":1779438528229,"details":{"lost_for_ms":34}}
2026-05-22T08:28:48Z type=video_lost payload={"type":"video_lost","ts_ms":1779438528370,"details":{"status":"RECONNECTING"}}
2026-05-22T08:28:48Z type=video_retry payload={"type":"video_retry","ts_ms":1779438528391,"details":{"attempt":1,"delay_ms":1000,"mode":"auto"}}
2026-05-22T08:28:49Z type=video_restored payload={"type":"video_restored","ts_ms":1779438529000,"details":{"lost_for_ms":32}}
2026-05-22T08:28:49Z type=video_lost payload={"type":"video_lost","ts_ms":1779438529110,"details":{"status":"RECONNECTING"}}
2026-05-22T08:28:49Z type=video_retry payload={"type":"video_retry","ts_ms":1779438529114,"details":{"attempt":1,"delay_ms":1000,"mode":"auto"}}
2026-05-22T08:28:49Z type=video_restored payload={"type":"video_restored","ts_ms":1779438529274,"details":{"lost_for_ms":23}}
2026-05-22T08:28:49Z type=video_restored payload={"type":"video_restored","ts_ms":1779438529408,"details":{"lost_for_ms":21}}
2026-05-22T08:28:49Z type=video_lost payload={"type":"video_lost","ts_ms":1779438529511,"details":{"status":"RECONNECTING"}}
2026-05-22T08:28:49Z type=video_retry payload={"type":"video_retry","ts_ms":1779438529515,"details":{"attempt":1,"delay_ms":1000,"mode":"auto"}}
2026-05-22T08:28:50Z type=video_retry payload={"type":"video_retry","ts_ms":1779438530517,"details":{"attempt":2,"delay_ms":2000,"mode":"auto"}}
2026-05-22T08:28:52Z type=video_retry payload={"type":"video_retry","ts_ms":1779438532521,"details":{"attempt":3,"delay_ms":5000,"mode":"auto"}}
2026-05-22T08:28:57Z type=video_retry payload={"type":"video_retry","ts_ms":1779438537525,"details":{"attempt":4,"delay_ms":10000,"mode":"auto"}}
2026-05-22T08:29:07Z type=video_retry payload={"type":"video_retry","ts_ms":1779438547529,"details":{"attempt":5,"delay_ms":10000,"mode":"auto"}}
2026-05-22T08:29:17Z type=video_retry payload={"type":"video_retry","ts_ms":1779438557533,"details":{"attempt":6,"delay_ms":10000,"mode":"auto"}}
2026-05-22T08:29:27Z type=video_retry payload={"type":"video_retry","ts_ms":1779438567536,"details":{"attempt":7,"delay_ms":10000,"mode":"auto"}}
2026-05-22T08:29:37Z type=video_retry payload={"type":"video_retry","ts_ms":1779438577539,"details":{"attempt":8,"delay_ms":10000,"mode":"auto"}}
2026-05-22T08:29:47Z type=video_retry payload={"type":"video_retry","ts_ms":1779438587545,"details":{"attempt":9,"delay_ms":10000,"mode":"auto"}}
2026-05-22T08:29:57Z type=video_retry payload={"type":"video_retry","ts_ms":1779438597550,"details":{"attempt":10,"delay_ms":10000,"mode":"auto"}}
2026-05-22T08:30:07Z type=video_retry payload={"type":"video_retry","ts_ms":1779438607554,"details":{"attempt":11,"delay_ms":10000,"mode":"auto"}}
2026-05-22T08:30:17Z type=video_retry payload={"type":"video_retry","ts_ms":1779438617558,"details":{"attempt":12,"delay_ms":10000,"mode":"auto"}}
2026-05-22T08:30:27Z type=video_retry payload={"type":"video_retry","ts_ms":1779438627561,"details":{"attempt":13,"delay_ms":10000,"mode":"auto"}}
2026-05-22T08:30:37Z type=video_retry payload={"type":"video_retry","ts_ms":1779438637566,"details":{"attempt":14,"delay_ms":10000,"mode":"auto"}}
2026-05-22T08:30:47Z type=video_retry payload={"type":"video_retry","ts_ms":1779438647577,"details":{"attempt":15,"delay_ms":10000,"mode":"auto"}}
2026-05-22T08:30:57Z type=video_retry payload={"type":"video_retry","ts_ms":1779438657582,"details":{"attempt":16,"delay_ms":10000,"mode":"auto"}}
2026-05-22T08:31:06Z type=video_restored payload={"type":"video_restored","ts_ms":1779438666088,"details":{"lost_for_ms":23}}
2026-05-22T08:31:06Z type=video_lost payload={"type":"video_lost","ts_ms":1779438666193,"details":{"status":"RECONNECTING"}}
2026-05-22T08:31:06Z type=video_retry payload={"type":"video_retry","ts_ms":1779438666198,"details":{"attempt":1,"delay_ms":1000,"mode":"auto"}}
2026-05-22T08:31:06Z type=video_restored payload={"type":"video_restored","ts_ms":1779438666781,"details":{"lost_for_ms":30}}
2026-05-22T08:31:06Z type=video_lost payload={"type":"video_lost","ts_ms":1779438666891,"details":{"status":"RECONNECTING"}}
2026-05-22T08:31:06Z type=video_retry payload={"type":"video_retry","ts_ms":1779438666895,"details":{"attempt":1,"delay_ms":1000,"mode":"auto"}}
2026-05-22T08:31:07Z type=video_retry payload={"type":"video_retry","ts_ms":1779438667901,"details":{"attempt":2,"delay_ms":2000,"mode":"auto"}}
2026-05-22T08:33:00Z type=video_restored payload={"type":"video_restored","ts_ms":1779438780894,"details":{"lost_for_ms":35}}
2026-05-22T08:33:01Z type=video_lost payload={"type":"video_lost","ts_ms":1779438780995,"details":{"status":"RECONNECTING"}}
2026-05-22T08:33:01Z type=video_retry payload={"type":"video_retry","ts_ms":1779438780999,"details":{"attempt":1,"delay_ms":1000,"mode":"auto"}}
2026-05-22T08:33:02Z type=video_retry payload={"type":"video_retry","ts_ms":1779438782001,"details":{"attempt":2,"delay_ms":2000,"mode":"auto"}}
2026-05-22T08:33:04Z type=video_retry payload={"type":"video_retry","ts_ms":1779438784004,"details":{"attempt":3,"delay_ms":5000,"mode":"auto"}}
2026-05-22T08:33:09Z type=video_retry payload={"type":"video_retry","ts_ms":1779438789007,"details":{"attempt":4,"delay_ms":10000,"mode":"auto"}}
2026-05-22T08:33:09Z type=video_restored payload={"type":"video_restored","ts_ms":1779438789751,"details":{"lost_for_ms":17}}
2026-05-22T08:33:09Z type=video_lost payload={"type":"video_lost","ts_ms":1779438789850,"details":{"status":"RECONNECTING"}}
2026-05-22T08:33:09Z type=video_retry payload={"type":"video_retry","ts_ms":1779438789857,"details":{"attempt":1,"delay_ms":1000,"mode":"auto"}}
2026-05-22T08:33:10Z type=video_restored payload={"type":"video_restored","ts_ms":1779438790343,"details":{"lost_for_ms":20}}
2026-05-22T08:33:10Z type=video_lost payload={"type":"video_lost","ts_ms":1779438790431,"details":{"status":"RECONNECTING"}}
2026-05-22T08:33:10Z type=video_retry payload={"type":"video_retry","ts_ms":1779438790437,"details":{"attempt":1,"delay_ms":1000,"mode":"auto"}}
2026-05-22T08:33:10Z type=video_restored payload={"type":"video_restored","ts_ms":1779438790578,"details":{"lost_for_ms":22}}
2026-05-22T08:33:10Z type=video_restored payload={"type":"video_restored","ts_ms":1779438790780,"details":{"lost_for_ms":26}}
2026-05-22T08:33:10Z type=video_lost payload={"type":"video_lost","ts_ms":1779438790917,"details":{"status":"RECONNECTING"}}
2026-05-22T08:33:10Z type=video_retry payload={"type":"video_retry","ts_ms":1779438790923,"details":{"attempt":1,"delay_ms":1000,"mode":"auto"}}
2026-05-22T08:33:11Z type=video_restored payload={"type":"video_restored","ts_ms":1779438790980,"details":{"lost_for_ms":32}}
2026-05-22T08:33:11Z type=video_lost payload={"type":"video_lost","ts_ms":1779438791109,"details":{"status":"RECONNECTING"}}
2026-05-22T08:33:11Z type=video_retry payload={"type":"video_retry","ts_ms":1779438791114,"details":{"attempt":1,"delay_ms":1000,"mode":"auto"}}
2026-05-22T08:33:12Z type=video_retry payload={"type":"video_retry","ts_ms":1779438792120,"details":{"attempt":2,"delay_ms":2000,"mode":"auto"}}
2026-05-22T08:33:14Z type=video_retry payload={"type":"video_retry","ts_ms":1779438794124,"details":{"attempt":3,"delay_ms":5000,"mode":"auto"}}
2026-05-22T08:33:17Z type=video_retry payload={"type":"video_retry","ts_ms":1779438797055,"details":{"attempt":1,"delay_ms":1000,"mode":"auto"}}
2026-05-22T08:33:17Z type=video_retry payload={"type":"video_retry","ts_ms":1779438797494,"details":{"attempt":1,"delay_ms":1000,"mode":"auto"}}
2026-05-22T08:33:17Z type=video_retry payload={"type":"video_retry","ts_ms":1779438797677,"details":{"attempt":1,"delay_ms":1000,"mode":"auto"}}
2026-05-22T08:33:18Z type=video_retry payload={"type":"video_retry","ts_ms":1779438798680,"details":{"attempt":2,"delay_ms":2000,"mode":"auto"}}
2026-05-22T08:33:20Z type=video_retry payload={"type":"video_retry","ts_ms":1779438800529,"details":{"attempt":1,"delay_ms":1000,"mode":"auto"}}
2026-05-22T08:33:20Z type=video_restored payload={"type":"video_restored","ts_ms":1779438800540,"details":{"lost_for_ms":9431}}
2026-05-22T08:33:20Z type=video_lost payload={"type":"video_lost","ts_ms":1779438800830,"details":{"status":"RECONNECTING"}}
2026-05-22T08:33:20Z type=video_retry payload={"type":"video_retry","ts_ms":1779438800833,"details":{"attempt":1,"delay_ms":1000,"mode":"auto"}}
2026-05-22T08:33:20Z type=video_restored payload={"type":"video_restored","ts_ms":1779438800868,"details":{"lost_for_ms":38}}
2026-05-22T08:33:21Z type=video_lost payload={"type":"video_lost","ts_ms":1779438801282,"details":{"status":"RECONNECTING"}}
2026-05-22T08:33:21Z type=video_retry payload={"type":"video_retry","ts_ms":1779438801283,"details":{"attempt":1,"delay_ms":1000,"mode":"auto"}}
2026-05-22T08:33:21Z type=video_restored payload={"type":"video_restored","ts_ms":1779438801302,"details":{"lost_for_ms":20}}
2026-05-22T08:33:21Z type=video_lost payload={"type":"video_lost","ts_ms":1779438801484,"details":{"status":"RECONNECTING"}}
2026-05-22T08:33:21Z type=video_retry payload={"type":"video_retry","ts_ms":1779438801486,"details":{"attempt":1,"delay_ms":1000,"mode":"auto"}}
2026-05-22T08:33:21Z type=video_restored payload={"type":"video_restored","ts_ms":1779438801509,"details":{"lost_for_ms":25}}
2026-05-22T08:33:21Z type=video_lost payload={"type":"video_lost","ts_ms":1779438801653,"details":{"status":"RECONNECTING"}}
2026-05-22T08:33:21Z type=video_retry payload={"type":"video_retry","ts_ms":1779438801656,"details":{"attempt":1,"delay_ms":1000,"mode":"auto"}}
2026-05-22T08:33:21Z type=video_restored payload={"type":"video_restored","ts_ms":1779438801673,"details":{"lost_for_ms":20}}
2026-05-22T08:33:24Z type=video_lost payload={"type":"video_lost","ts_ms":1779438804091,"details":{"status":"RECONNECTING"}}
2026-05-22T08:33:24Z type=video_retry payload={"type":"video_retry","ts_ms":1779438804094,"details":{"attempt":1,"delay_ms":1000,"mode":"auto"}}
2026-05-22T08:33:24Z type=video_restored payload={"type":"video_restored","ts_ms":1779438804112,"details":{"lost_for_ms":21}}
2026-05-22T08:33:24Z type=video_lost payload={"type":"video_lost","ts_ms":1779438804497,"details":{"status":"RECONNECTING"}}
2026-05-22T08:33:24Z type=video_retry payload={"type":"video_retry","ts_ms":1779438804499,"details":{"attempt":1,"delay_ms":1000,"mode":"auto"}}
2026-05-22T08:33:24Z type=video_restored payload={"type":"video_restored","ts_ms":1779438804514,"details":{"lost_for_ms":17}}
2026-05-22T08:33:31Z type=video_retry payload={"type":"video_retry","ts_ms":1779438811900,"details":{"attempt":1,"delay_ms":1000,"mode":"auto"}}
2026-05-22T08:33:31Z type=video_lost payload={"type":"video_lost","ts_ms":1779438811898,"details":{"status":"RECONNECTING"}}
2026-05-22T08:33:31Z type=video_restored payload={"type":"video_restored","ts_ms":1779438811906,"details":{"lost_for_ms":8}}
2026-05-22T08:33:31Z type=track_reacquire_start payload={"type":"track_reacquire_start","ts_ms":1779438811950,"details":{"reason":"lost"}}
2026-05-22T08:34:05Z type=video_restored payload={"type":"video_restored","ts_ms":1779438845590,"details":{"lost_for_ms":26}}
2026-05-22T08:34:05Z type=video_lost payload={"type":"video_lost","ts_ms":1779438845683,"details":{"status":"RECONNECTING"}}
2026-05-22T08:34:05Z type=video_retry payload={"type":"video_retry","ts_ms":1779438845685,"details":{"attempt":1,"delay_ms":1000,"mode":"auto"}}
2026-05-22T08:34:05Z type=track_reacquire_start payload={"type":"track_reacquire_start","ts_ms":1779438845688,"details":{"reason":"lost"}}
2026-05-22T08:34:05Z type=video_restored payload={"type":"video_restored","ts_ms":1779438845696,"details":{"lost_for_ms":13}}
2026-05-22T08:34:06Z type=video_restored payload={"type":"video_restored","ts_ms":1779438846652,"details":{"lost_for_ms":34}}
2026-05-22T08:34:06Z type=video_lost payload={"type":"video_lost","ts_ms":1779438846748,"details":{"status":"RECONNECTING"}}
2026-05-22T08:34:06Z type=video_retry payload={"type":"video_retry","ts_ms":1779438846750,"details":{"attempt":1,"delay_ms":1000,"mode":"auto"}}
2026-05-22T08:34:06Z type=track_reacquire_start payload={"type":"track_reacquire_start","ts_ms":1779438846753,"details":{"reason":"lost"}}
2026-05-22T08:34:06Z type=video_restored payload={"type":"video_restored","ts_ms":1779438846762,"details":{"lost_for_ms":14}}
2026-05-22T08:37:10Z type=video_restored payload={"type":"video_restored","ts_ms":1779439030342,"details":{"lost_for_ms":23}}
2026-05-22T08:37:10Z type=track_reacquire_start payload={"type":"track_reacquire_start","ts_ms":1779439030445,"details":{"reason":"lost"}}
2026-05-22T08:37:10Z type=video_lost payload={"type":"video_lost","ts_ms":1779439030547,"details":{"status":"RECONNECTING"}}
2026-05-22T08:37:10Z type=video_retry payload={"type":"video_retry","ts_ms":1779439030548,"details":{"attempt":1,"delay_ms":1000,"mode":"auto"}}
2026-05-22T08:37:10Z type=video_restored payload={"type":"video_restored","ts_ms":1779439030564,"details":{"lost_for_ms":17}}
2026-05-22T08:37:20Z type=track_reacquire_end payload={"type":"track_reacquire_end","ts_ms":1779439040448,"details":{"result":"timeout","reason":"lost","lost_ms":10003,"scan_steps":59}}
2026-05-22T08:37:20Z type=track_reacquire_timeout payload={"type":"track_reacquire_timeout","ts_ms":1779439040448,"details":{"max_lost_sec":10,"lost_ms":10003}}
2026-05-22T08:55:52Z type=video_restored payload={"type":"video_restored","ts_ms":1779440152487,"details":{"lost_for_ms":31}}
2026-05-22T08:55:52Z type=video_lost payload={"type":"video_lost","ts_ms":1779440152705,"details":{"status":"RECONNECTING"}}
2026-05-22T08:55:52Z type=video_retry payload={"type":"video_retry","ts_ms":1779440152708,"details":{"attempt":1,"delay_ms":1000,"mode":"auto"}}
2026-05-22T08:55:52Z type=video_restored payload={"type":"video_restored","ts_ms":1779440152742,"details":{"lost_for_ms":37}}
2026-05-22T08:56:29Z type=track_reacquire_start payload={"type":"track_reacquire_start","ts_ms":1779440189876,"details":{"reason":"lost"}}
2026-05-22T08:56:30Z type=track_reacquire_end payload={"type":"track_reacquire_end","ts_ms":1779440190029,"details":{"result":"recovered","reason":"lost","lost_ms":153,"scan_steps":0}}
2026-05-22T08:56:31Z type=track_reacquire_start payload={"type":"track_reacquire_start","ts_ms":1779440191207,"details":{"reason":"lost"}}
2026-05-22T08:56:31Z type=track_reacquire_end payload={"type":"track_reacquire_end","ts_ms":1779440191562,"details":{"result":"recovered","reason":"lost","lost_ms":355,"scan_steps":0}}
2026-05-22T08:56:38Z type=track_reacquire_start payload={"type":"track_reacquire_start","ts_ms":1779440198010,"details":{"reason":"lost"}}
2026-05-22T08:56:38Z type=track_reacquire_end payload={"type":"track_reacquire_end","ts_ms":1779440198153,"details":{"result":"recovered","reason":"lost","lost_ms":143,"scan_steps":0}}
2026-05-22T08:56:38Z type=track_reacquire_start payload={"type":"track_reacquire_start","ts_ms":1779440198606,"details":{"reason":"lost"}}
2026-05-22T08:56:38Z type=track_reacquire_end payload={"type":"track_reacquire_end","ts_ms":1779440198751,"details":{"result":"recovered","reason":"lost","lost_ms":145,"scan_steps":0}}
2026-05-22T08:56:54Z type=track_reacquire_start payload={"type":"track_reacquire_start","ts_ms":1779440214807,"details":{"reason":"lost"}}
2026-05-22T08:56:55Z type=track_reacquire_end payload={"type":"track_reacquire_end","ts_ms":1779440215091,"details":{"result":"recovered","reason":"lost","lost_ms":284,"scan_steps":0}}
2026-05-22T08:57:06Z type=track_reacquire_start payload={"type":"track_reacquire_start","ts_ms":1779440226373,"details":{"reason":"lost"}}
2026-05-22T08:57:06Z type=track_reacquire_end payload={"type":"track_reacquire_end","ts_ms":1779440226505,"details":{"result":"recovered","reason":"lost","lost_ms":132,"scan_steps":0}}
2026-05-22T08:57:10Z type=track_reacquire_start payload={"type":"track_reacquire_start","ts_ms":1779440230486,"details":{"reason":"lost"}}
2026-05-22T08:57:20Z type=track_reacquire_timeout payload={"type":"track_reacquire_timeout","ts_ms":1779440240527,"details":{"max_lost_sec":10,"lost_ms":10041}}
2026-05-22T08:57:20Z type=track_reacquire_end payload={"type":"track_reacquire_end","ts_ms":1779440240527,"details":{"result":"timeout","reason":"lost","lost_ms":10041,"scan_steps":59}}
2026-05-22T08:57:39Z type=track_reacquire_start payload={"type":"track_reacquire_start","ts_ms":1779440259799,"details":{"reason":"lost"}}
2026-05-22T08:57:41Z type=track_reacquire_end payload={"type":"track_reacquire_end","ts_ms":1779440261639,"details":{"result":"recovered","reason":"lost","lost_ms":1840,"scan_steps":6}}
2026-05-22T08:57:42Z type=track_reacquire_start payload={"type":"track_reacquire_start","ts_ms":1779440262388,"details":{"reason":"lost"}}
2026-05-22T08:57:42Z type=track_reacquire_end payload={"type":"track_reacquire_end","ts_ms":1779440262622,"details":{"result":"recovered","reason":"lost","lost_ms":234,"scan_steps":0}}
2026-05-22T08:57:46Z type=track_reacquire_start payload={"type":"track_reacquire_start","ts_ms":1779440266812,"details":{"reason":"lost"}}
2026-05-22T08:57:51Z type=track_reacquire_end payload={"type":"track_reacquire_end","ts_ms":1779440271227,"details":{"result":"recovered","reason":"lost","lost_ms":4415,"scan_steps":24}}
2026-05-22T08:57:51Z type=track_reacquire_start payload={"type":"track_reacquire_start","ts_ms":1779440271367,"details":{"reason":"lost"}}
2026-05-22T08:57:51Z type=track_reacquire_end payload={"type":"track_reacquire_end","ts_ms":1779440271664,"details":{"result":"recovered","reason":"lost","lost_ms":297,"scan_steps":0}}
2026-05-22T08:57:53Z type=track_reacquire_start payload={"type":"track_reacquire_start","ts_ms":1779440273805,"details":{"reason":"lost"}}
2026-05-22T08:57:54Z type=track_reacquire_end payload={"type":"track_reacquire_end","ts_ms":1779440274094,"details":{"result":"recovered","reason":"lost","lost_ms":289,"scan_steps":0}}
2026-05-22T08:57:59Z type=track_reacquire_start payload={"type":"track_reacquire_start","ts_ms":1779440279149,"details":{"reason":"lost"}}
2026-05-22T08:58:00Z type=track_reacquire_end payload={"type":"track_reacquire_end","ts_ms":1779440280343,"details":{"result":"recovered","reason":"lost","lost_ms":1194,"scan_steps":2}}
2026-05-22T08:58:00Z type=track_reacquire_start payload={"type":"track_reacquire_start","ts_ms":1779440280646,"details":{"reason":"lost"}}
2026-05-22T08:58:00Z type=track_reacquire_end payload={"type":"track_reacquire_end","ts_ms":1779440280947,"details":{"result":"recovered","reason":"lost","lost_ms":301,"scan_steps":0}}
2026-05-22T08:58:01Z type=track_reacquire_start payload={"type":"track_reacquire_start","ts_ms":1779440281251,"details":{"reason":"lost"}}
2026-05-22T08:58:01Z type=track_reacquire_end payload={"type":"track_reacquire_end","ts_ms":1779440281698,"details":{"result":"recovered","reason":"lost","lost_ms":447,"scan_steps":0}}
2026-05-22T08:58:13Z type=detector_model_switch_start payload={"type":"detector_model_switch_start","model":"model_rknn/yolov8s_640x640_9out_fp32.rknn"}
2026-05-22T08:58:14Z type=detector_model_switch_ok payload={"type":"detector_model_switch_ok","model":"model_rknn/yolov8s_640x640_9out_fp32.rknn"}
2026-05-22T08:58:20Z type=track_reacquire_start payload={"type":"track_reacquire_start","ts_ms":1779440300342,"details":{"reason":"lost"}}
2026-05-22T08:58:20Z type=track_reacquire_end payload={"type":"track_reacquire_end","ts_ms":1779440300412,"details":{"result":"recovered","reason":"lost","lost_ms":70,"scan_steps":0}}
2026-05-22T08:58:20Z type=track_reacquire_start payload={"type":"track_reacquire_start","ts_ms":1779440300538,"details":{"reason":"lost"}}
2026-05-22T08:58:20Z type=track_reacquire_end payload={"type":"track_reacquire_end","ts_ms":1779440300816,"details":{"result":"recovered","reason":"lost","lost_ms":278,"scan_steps":0}}
2026-05-22T08:58:20Z type=track_reacquire_start payload={"type":"track_reacquire_start","ts_ms":1779440300921,"details":{"reason":"lost"}}
2026-05-22T08:58:21Z type=track_reacquire_end payload={"type":"track_reacquire_end","ts_ms":1779440301017,"details":{"result":"recovered","reason":"lost","lost_ms":96,"scan_steps":0}}
2026-05-22T08:58:21Z type=track_reacquire_start payload={"type":"track_reacquire_start","ts_ms":1779440301115,"details":{"reason":"lost"}}
2026-05-22T08:58:24Z type=track_reacquire_end payload={"type":"track_reacquire_end","ts_ms":1779440304121,"details":{"result":"recovered","reason":"lost","lost_ms":3006,"scan_steps":22}}
2026-05-22T08:58:29Z type=track_reacquire_start payload={"type":"track_reacquire_start","ts_ms":1779440309928,"details":{"reason":"lost"}}
2026-05-22T08:58:31Z type=track_reacquire_end payload={"type":"track_reacquire_end","ts_ms":1779440311859,"details":{"result":"recovered","reason":"lost","lost_ms":1931,"scan_steps":11}}
2026-05-22T08:58:31Z type=track_reacquire_start payload={"type":"track_reacquire_start","ts_ms":1779440311995,"details":{"reason":"lost"}}
2026-05-22T08:58:33Z type=track_reacquire_end payload={"type":"track_reacquire_end","ts_ms":1779440313276,"details":{"result":"recovered","reason":"lost","lost_ms":1281,"scan_steps":4}}
2026-05-22T08:58:33Z type=track_reacquire_start payload={"type":"track_reacquire_start","ts_ms":1779440313350,"details":{"reason":"lost"}}
2026-05-22T08:58:33Z type=track_reacquire_end payload={"type":"track_reacquire_end","ts_ms":1779440313467,"details":{"result":"recovered","reason":"lost","lost_ms":117,"scan_steps":0}}
2026-05-22T08:58:33Z type=track_reacquire_start payload={"type":"track_reacquire_start","ts_ms":1779440313557,"details":{"reason":"lost"}}
2026-05-22T08:58:34Z type=track_reacquire_end payload={"type":"track_reacquire_end","ts_ms":1779440314373,"details":{"result":"recovered","reason":"lost","lost_ms":816,"scan_steps":0}}
2026-05-22T08:58:34Z type=track_reacquire_start payload={"type":"track_reacquire_start","ts_ms":1779440314479,"details":{"reason":"lost"}}
2026-05-22T08:58:40Z type=track_reacquire_end payload={"type":"track_reacquire_end","ts_ms":1779440320414,"details":{"result":"recovered","reason":"lost","lost_ms":5935,"scan_steps":50}}
2026-05-22T08:58:55Z type=track_reacquire_start payload={"type":"track_reacquire_start","ts_ms":1779440335151,"details":{"reason":"lost"}}
2026-05-22T08:58:55Z type=track_reacquire_end payload={"type":"track_reacquire_end","ts_ms":1779440335352,"details":{"result":"recovered","reason":"lost","lost_ms":201,"scan_steps":0}}
2026-05-22T08:59:53Z type=detector_model_switch_start payload={"type":"detector_model_switch_start","model":"model_rknn/yolov8s_800x800_9out_fp32.rknn"}
2026-05-22T08:59:53Z type=detector_model_switch_ok payload={"type":"detector_model_switch_ok","model":"model_rknn/yolov8s_800x800_9out_fp32.rknn"}
2026-05-22T09:02:48Z type=track_reacquire_start payload={"type":"track_reacquire_start","ts_ms":1779440568320,"details":{"reason":"lost"}}
2026-05-22T09:02:49Z type=track_reacquire_end payload={"type":"track_reacquire_end","ts_ms":1779440569205,"details":{"result":"recovered","reason":"lost","lost_ms":885,"scan_steps":0}}
2026-05-22T09:02:49Z type=track_reacquire_start payload={"type":"track_reacquire_start","ts_ms":1779440569510,"details":{"reason":"lost"}}
2026-05-22T09:02:49Z type=track_reacquire_end payload={"type":"track_reacquire_end","ts_ms":1779440569802,"details":{"result":"recovered","reason":"lost","lost_ms":292,"scan_steps":0}}
2026-05-22T09:02:51Z type=track_reacquire_start payload={"type":"track_reacquire_start","ts_ms":1779440571738,"details":{"reason":"lost"}}
2026-05-22T09:02:56Z type=track_reacquire_end payload={"type":"track_reacquire_end","ts_ms":1779440576315,"details":{"result":"recovered","reason":"lost","lost_ms":4577,"scan_steps":24}}
2026-05-22T09:08:28Z type=video_lost payload={"type":"video_lost","ts_ms":1779440908615,"details":{"status":"RECONNECTING"}}
2026-05-22T09:08:28Z type=video_retry payload={"type":"video_retry","ts_ms":1779440908618,"details":{"attempt":1,"delay_ms":1000,"mode":"auto"}}
2026-05-22T09:08:29Z type=video_retry payload={"type":"video_retry","ts_ms":1779440909621,"details":{"attempt":2,"delay_ms":2000,"mode":"auto"}}
2026-05-22T09:08:31Z type=video_retry payload={"type":"video_retry","ts_ms":1779440911271,"details":{"attempt":1,"delay_ms":1000,"mode":"auto"}}
2026-05-22T09:08:31Z type=video_restored payload={"type":"video_restored","ts_ms":1779440911276,"details":{"lost_for_ms":2661}}
2026-05-22T09:51:00Z type=video_restored payload={"type":"video_restored","ts_ms":1779443460506,"details":{"lost_for_ms":10}}
2026-05-22T09:51:00Z type=video_lost payload={"type":"video_lost","ts_ms":1779443460723,"details":{"status":"RECONNECTING"}}
2026-05-22T09:51:00Z type=video_retry payload={"type":"video_retry","ts_ms":1779443460724,"details":{"attempt":1,"delay_ms":1000,"mode":"auto"}}
2026-05-22T09:51:00Z type=video_restored payload={"type":"video_restored","ts_ms":1779443460735,"details":{"lost_for_ms":12}}
2026-05-22T10:05:33Z type=link_mode_changed payload={"type":"link_mode_changed","ts_ms":1779444333163,"details":{"mode":"normal","reason":"rtt-restored","rtt_ms":17}}
2026-05-22T10:05:35Z type=video_restored payload={"type":"video_restored","ts_ms":1779444335724,"details":{"lost_for_ms":20}}
2026-05-22T10:05:35Z type=video_lost payload={"type":"video_lost","ts_ms":1779444335959,"details":{"status":"RECONNECTING"}}
2026-05-22T10:05:35Z type=video_retry payload={"type":"video_retry","ts_ms":1779444335960,"details":{"attempt":1,"delay_ms":1000,"mode":"auto"}}
2026-05-22T10:05:36Z type=video_restored payload={"type":"video_restored","ts_ms":1779444335976,"details":{"lost_for_ms":17}}
2026-05-22T10:30:43Z type=video_restored payload={"type":"video_restored","ts_ms":1779445843527,"details":{"lost_for_ms":67}}
2026-05-22T10:30:43Z type=video_lost payload={"type":"video_lost","ts_ms":1779445843780,"details":{"status":"RECONNECTING"}}
2026-05-22T10:30:43Z type=video_retry payload={"type":"video_retry","ts_ms":1779445843781,"details":{"attempt":1,"delay_ms":1000,"mode":"auto"}}
2026-05-22T10:30:43Z type=video_restored payload={"type":"video_restored","ts_ms":1779445843793,"details":{"lost_for_ms":13}}
2026-05-22T10:58:06Z type=video_restored payload={"type":"video_restored","ts_ms":1779447486160,"details":{"lost_for_ms":28}}
2026-05-22T10:58:06Z type=video_lost payload={"type":"video_lost","ts_ms":1779447486482,"details":{"status":"RECONNECTING"}}
2026-05-22T10:58:06Z type=video_retry payload={"type":"video_retry","ts_ms":1779447486483,"details":{"attempt":1,"delay_ms":1000,"mode":"auto"}}
2026-05-22T10:58:06Z type=video_restored payload={"type":"video_restored","ts_ms":1779447486488,"details":{"lost_for_ms":6}}
2026-05-22T10:59:04Z type=track_reacquire_start payload={"type":"track_reacquire_start","ts_ms":1779447544837,"details":{"reason":"lost"}}
2026-05-22T10:59:05Z type=track_reacquire_end payload={"type":"track_reacquire_end","ts_ms":1779447544990,"details":{"result":"recovered","reason":"lost","lost_ms":153,"scan_steps":0}}
2026-05-22T10:59:06Z type=track_reacquire_start payload={"type":"track_reacquire_start","ts_ms":1779447546507,"details":{"reason":"lost"}}
2026-05-22T10:59:08Z type=track_reacquire_end payload={"type":"track_reacquire_end","ts_ms":1779447548717,"details":{"result":"recovered","reason":"lost","lost_ms":2210,"scan_steps":9}}
2026-05-22T10:59:17Z type=track_reacquire_start payload={"type":"track_reacquire_start","ts_ms":1779447557590,"details":{"reason":"lost"}}
2026-05-22T10:59:18Z type=track_reacquire_end payload={"type":"track_reacquire_end","ts_ms":1779447558039,"details":{"result":"recovered","reason":"lost","lost_ms":449,"scan_steps":0}}
2026-05-22T10:59:32Z type=track_reacquire_start payload={"type":"track_reacquire_start","ts_ms":1779447572307,"details":{"reason":"lost"}}
2026-05-22T10:59:42Z type=track_reacquire_end payload={"type":"track_reacquire_end","ts_ms":1779447582434,"details":{"result":"timeout","reason":"lost","lost_ms":10127,"scan_steps":61}}
2026-05-22T10:59:42Z type=track_reacquire_timeout payload={"type":"track_reacquire_timeout","ts_ms":1779447582434,"details":{"max_lost_sec":10,"lost_ms":10127}}
2026-05-22T11:03:42Z type=detector_model_switch_start payload={"type":"detector_model_switch_start","model":"model_rknn/yolov8s_1280x1280_9out_fp32.rknn"}
2026-05-22T11:03:42Z type=detector_model_switch_ok payload={"type":"detector_model_switch_ok","model":"model_rknn/yolov8s_1280x1280_9out_fp32.rknn"}
2026-05-22T11:04:03Z type=detector_model_switch_start payload={"type":"detector_model_switch_start","model":"model_rknn/yolov8s_640x640_9out_fp32.rknn"}
2026-05-22T11:04:03Z type=detector_model_switch_ok payload={"type":"detector_model_switch_ok","model":"model_rknn/yolov8s_640x640_9out_fp32.rknn"}
2026-05-22T11:04:53Z type=detector_model_switch_start payload={"type":"detector_model_switch_start","model":"model_rknn/yolov8s_800x800_9out_fp32.rknn"}
2026-05-22T11:04:53Z type=detector_model_switch_ok payload={"type":"detector_model_switch_ok","model":"model_rknn/yolov8s_800x800_9out_fp32.rknn"}
2026-05-22T13:13:19Z type=video_restored payload={"type":"video_restored","ts_ms":1779455599464,"details":{"lost_for_ms":27}}
2026-05-22T13:13:19Z type=video_lost payload={"type":"video_lost","ts_ms":1779455599762,"details":{"status":"RECONNECTING"}}
2026-05-22T13:13:19Z type=video_retry payload={"type":"video_retry","ts_ms":1779455599764,"details":{"attempt":1,"delay_ms":1000,"mode":"auto"}}
2026-05-22T13:13:19Z type=video_restored payload={"type":"video_restored","ts_ms":1779455599780,"details":{"lost_for_ms":18}}
2026-05-22T13:14:46Z type=video_lost payload={"type":"video_lost","ts_ms":1779455686604,"details":{"status":"RECONNECTING"}}
2026-05-22T13:14:46Z type=video_retry payload={"type":"video_retry","ts_ms":1779455686604,"details":{"attempt":1,"delay_ms":1000,"mode":"auto"}}
2026-05-22T13:14:46Z type=video_restored payload={"type":"video_restored","ts_ms":1779455686615,"details":{"lost_for_ms":11}}
2026-05-22T13:18:48Z type=video_restored payload={"type":"video_restored","ts_ms":1779455928309,"details":{"lost_for_ms":26}}
2026-05-22T13:18:48Z type=video_retry payload={"type":"video_retry","ts_ms":1779455928490,"details":{"attempt":1,"delay_ms":1000,"mode":"auto"}}
2026-05-22T13:18:48Z type=video_lost payload={"type":"video_lost","ts_ms":1779455928489,"details":{"status":"RECONNECTING"}}
2026-05-22T13:18:48Z type=video_restored payload={"type":"video_restored","ts_ms":1779455928518,"details":{"lost_for_ms":29}}
2026-05-22T13:19:03Z type=video_restored payload={"type":"video_restored","ts_ms":1779455942986,"details":{"lost_for_ms":27}}
2026-05-22T13:19:03Z type=video_lost payload={"type":"video_lost","ts_ms":1779455943202,"details":{"status":"RECONNECTING"}}
2026-05-22T13:19:03Z type=video_retry payload={"type":"video_retry","ts_ms":1779455943203,"details":{"attempt":1,"delay_ms":1000,"mode":"auto"}}
2026-05-22T13:19:03Z type=video_restored payload={"type":"video_restored","ts_ms":1779455943226,"details":{"lost_for_ms":24}}
2026-05-22T13:25:46Z type=video_restored payload={"type":"video_restored","ts_ms":1779456346284,"details":{"lost_for_ms":24}}
2026-05-22T13:25:46Z type=video_lost payload={"type":"video_lost","ts_ms":1779456346559,"details":{"status":"RECONNECTING"}}
2026-05-22T13:25:46Z type=video_retry payload={"type":"video_retry","ts_ms":1779456346560,"details":{"attempt":1,"delay_ms":1000,"mode":"auto"}}
2026-05-22T13:25:46Z type=video_restored payload={"type":"video_restored","ts_ms":1779456346666,"details":{"lost_for_ms":22}}
2026-05-22T13:25:46Z type=video_lost payload={"type":"video_lost","ts_ms":1779456346876,"details":{"status":"RECONNECTING"}}
2026-05-22T13:25:46Z type=video_retry payload={"type":"video_retry","ts_ms":1779456346877,"details":{"attempt":1,"delay_ms":1000,"mode":"auto"}}
2026-05-22T13:25:46Z type=video_restored payload={"type":"video_restored","ts_ms":1779456346937,"details":{"lost_for_ms":61}}
2026-05-22T13:27:48Z type=video_restored payload={"type":"video_restored","ts_ms":1779456468338,"details":{"lost_for_ms":44}}
2026-05-22T13:27:48Z type=video_lost payload={"type":"video_lost","ts_ms":1779456468669,"details":{"status":"RECONNECTING"}}
2026-05-22T13:27:48Z type=video_retry payload={"type":"video_retry","ts_ms":1779456468671,"details":{"attempt":1,"delay_ms":1000,"mode":"auto"}}
2026-05-22T13:27:48Z type=video_restored payload={"type":"video_restored","ts_ms":1779456468733,"details":{"lost_for_ms":64}}
2026-05-22T13:45:27Z type=video_restored payload={"type":"video_restored","ts_ms":1779457527050,"details":{"lost_for_ms":62}}
2026-05-22T13:45:27Z type=video_lost payload={"type":"video_lost","ts_ms":1779457527565,"details":{"status":"RECONNECTING"}}
2026-05-22T13:45:27Z type=video_retry payload={"type":"video_retry","ts_ms":1779457527568,"details":{"attempt":1,"delay_ms":1000,"mode":"auto"}}
2026-05-22T13:45:27Z type=video_restored payload={"type":"video_restored","ts_ms":1779457527621,"details":{"lost_for_ms":56}}
2026-05-22T13:50:52Z type=video_restored payload={"type":"video_restored","ts_ms":1779457852610,"details":{"lost_for_ms":12}}
2026-05-22T13:50:52Z type=video_lost payload={"type":"video_lost","ts_ms":1779457852918,"details":{"status":"RECONNECTING"}}
2026-05-22T13:50:52Z type=video_retry payload={"type":"video_retry","ts_ms":1779457852919,"details":{"attempt":1,"delay_ms":1000,"mode":"auto"}}
2026-05-22T13:50:52Z type=video_restored payload={"type":"video_restored","ts_ms":1779457852947,"details":{"lost_for_ms":29}}
                                                                                                                                                                                                                                                                                                                                         2026-05-22T17:39:08Z type=video_restored payload={"type":"video_restored","ts_ms":1779471548271,"details":{"lost_for_ms":29}}
2026-05-22T17:39:08Z type=video_lost payload={"type":"video_lost","ts_ms":1779471548474,"details":{"status":"RECONNECTING"}}
2026-05-22T17:39:08Z type=video_retry payload={"type":"video_retry","ts_ms":1779471548475,"details":{"attempt":1,"delay_ms":1000,"mode":"auto"}}
2026-05-22T17:39:08Z type=video_restored payload={"type":"video_restored","ts_ms":1779471548487,"details":{"lost_for_ms":13}}
2026-05-22T18:24:06Z type=video_restored payload={"type":"video_restored","ts_ms":1779474246484,"details":{"lost_for_ms":21}}
2026-05-22T18:24:06Z type=video_lost payload={"type":"video_lost","ts_ms":1779474246682,"details":{"status":"RECONNECTING"}}
2026-05-22T18:24:06Z type=video_retry payload={"type":"video_retry","ts_ms":1779474246683,"details":{"attempt":1,"delay_ms":1000,"mode":"auto"}}
2026-05-22T18:24:06Z type=video_restored payload={"type":"video_restored","ts_ms":1779474246726,"details":{"lost_for_ms":20}}
2026-05-22T18:24:06Z type=video_restored payload={"type":"video_restored","ts_ms":1779474246918,"details":{"lost_for_ms":24}}
2026-05-22T18:24:07Z type=video_lost payload={"type":"video_lost","ts_ms":1779474247215,"details":{"status":"RECONNECTING"}}
2026-05-22T18:24:07Z type=video_retry payload={"type":"video_retry","ts_ms":1779474247218,"details":{"attempt":1,"delay_ms":1000,"mode":"auto"}}
2026-05-22T18:24:07Z type=video_restored payload={"type":"video_restored","ts_ms":1779474247259,"details":{"lost_for_ms":44}}
2026-05-23T07:41:56Z type=video_restored payload={"type":"video_restored","ts_ms":1779522116191,"details":{"lost_for_ms":21}}
2026-05-23T07:41:56Z type=video_lost payload={"type":"video_lost","ts_ms":1779522116528,"details":{"status":"RECONNECTING"}}
2026-05-23T07:41:56Z type=video_retry payload={"type":"video_retry","ts_ms":1779522116529,"details":{"attempt":1,"delay_ms":1000,"mode":"auto"}}
2026-05-23T07:41:56Z type=video_restored payload={"type":"video_restored","ts_ms":1779522116536,"details":{"lost_for_ms":8}}
2026-05-23T07:42:00Z type=link_mode_changed payload={"type":"link_mode_changed","ts_ms":1779522120110,"details":{"mode":"critical","reason":"rtt-critical","rtt_ms":936}}
2026-05-23T07:42:00Z type=link_mode_changed payload={"type":"link_mode_changed","ts_ms":1779522120196,"details":{"mode":"normal","reason":"rtt-restored","rtt_ms":21}}
2026-05-23T09:07:09Z type=video_restored payload={"type":"video_restored","ts_ms":1779527229156,"details":{"lost_for_ms":9}}
2026-05-23T09:07:09Z type=video_lost payload={"type":"video_lost","ts_ms":1779527229463,"details":{"status":"RECONNECTING"}}
2026-05-23T09:07:09Z type=video_retry payload={"type":"video_retry","ts_ms":1779527229464,"details":{"attempt":1,"delay_ms":1000,"mode":"auto"}}
2026-05-23T09:07:09Z type=video_restored payload={"type":"video_restored","ts_ms":1779527229475,"details":{"lost_for_ms":12}}
2026-05-23T09:07:10Z type=video_restored payload={"type":"video_restored","ts_ms":1779527230145,"details":{"lost_for_ms":26}}
2026-05-23T09:07:10Z type=video_lost payload={"type":"video_lost","ts_ms":1779527230414,"details":{"status":"RECONNECTING"}}
2026-05-23T09:07:10Z type=video_retry payload={"type":"video_retry","ts_ms":1779527230415,"details":{"attempt":1,"delay_ms":1000,"mode":"auto"}}
2026-05-23T09:07:10Z type=video_restored payload={"type":"video_restored","ts_ms":1779527230428,"details":{"lost_for_ms":14}}
2026-05-23T09:43:43Z type=video_restored payload={"type":"video_restored","ts_ms":1779529423148,"details":{"lost_for_ms":35}}
2026-05-23T09:43:43Z type=video_lost payload={"type":"video_lost","ts_ms":1779529423367,"details":{"status":"RECONNECTING"}}
2026-05-23T09:43:43Z type=video_retry payload={"type":"video_retry","ts_ms":1779529423368,"details":{"attempt":1,"delay_ms":1000,"mode":"auto"}}
2026-05-23T09:43:43Z type=video_restored payload={"type":"video_restored","ts_ms":1779529423376,"details":{"lost_for_ms":10}}
2026-05-23T09:44:00Z type=link_mode_changed payload={"type":"link_mode_changed","ts_ms":1779529440670,"details":{"mode":"critical","reason":"rtt-critical","rtt_ms":496}}
2026-05-23T09:44:01Z type=link_mode_changed payload={"type":"link_mode_changed","ts_ms":1779529441185,"details":{"mode":"normal","reason":"rtt-restored","rtt_ms":10}}
2026-05-23T10:18:26Z type=link_mode_changed payload={"type":"link_mode_changed","ts_ms":1779531506010,"details":{"mode":"normal","reason":"rtt-restored","rtt_ms":12}}
2026-05-23T10:24:25Z type=video_restored payload={"type":"video_restored","ts_ms":1779531865641,"details":{"lost_for_ms":31}}
2026-05-23T10:24:25Z type=video_lost payload={"type":"video_lost","ts_ms":1779531865875,"details":{"status":"RECONNECTING"}}
2026-05-23T10:24:25Z type=video_retry payload={"type":"video_retry","ts_ms":1779531865876,"details":{"attempt":1,"delay_ms":1000,"mode":"auto"}}
2026-05-23T10:24:25Z type=video_restored payload={"type":"video_restored","ts_ms":1779531865889,"details":{"lost_for_ms":14}}
2026-05-23T10:25:56Z type=video_restored payload={"type":"video_restored","ts_ms":1779531956782,"details":{"lost_for_ms":23}}
2026-05-23T10:25:57Z type=video_lost payload={"type":"video_lost","ts_ms":1779531957093,"details":{"status":"RECONNECTING"}}
2026-05-23T10:25:57Z type=video_retry payload={"type":"video_retry","ts_ms":1779531957093,"details":{"attempt":1,"delay_ms":1000,"mode":"auto"}}
2026-05-23T10:25:57Z type=video_restored payload={"type":"video_restored","ts_ms":1779531957106,"details":{"lost_for_ms":13}}
2026-05-23T10:26:12Z type=detector_model_switch_start payload={"type":"detector_model_switch_start","model":"model_rknn/yolov8s_640x480_9out_fp32.rknn"}
2026-05-23T10:26:13Z type=detector_model_switch_ok payload={"type":"detector_model_switch_ok","model":"model_rknn/yolov8s_640x480_9out_fp32.rknn"}
2026-05-23T10:26:13Z type=detector_model_switch_fail payload={"type":"detector_model_switch_fail","model":"model_rknn/yolov8s_640x480_9out_fp32.rknn","reason":"cooldown"}
2026-05-23T10:37:37Z type=video_restored payload={"type":"video_restored","ts_ms":1779532657869,"details":{"lost_for_ms":51}}
2026-05-23T10:37:38Z type=video_lost payload={"type":"video_lost","ts_ms":1779532658010,"details":{"status":"RECONNECTING"}}
2026-05-23T10:37:38Z type=video_retry payload={"type":"video_retry","ts_ms":1779532658011,"details":{"attempt":1,"delay_ms":1000,"mode":"auto"}}
2026-05-23T10:37:38Z type=video_restored payload={"type":"video_restored","ts_ms":1779532658021,"details":{"lost_for_ms":11}}
2026-05-23T10:39:00Z type=link_mode_changed payload={"type":"link_mode_changed","ts_ms":1779532740853,"details":{"mode":"critical","reason":"rtt-critical","rtt_ms":1332}}
2026-05-23T10:39:00Z type=link_mode_changed payload={"type":"link_mode_changed","ts_ms":1779532740854,"details":{"mode":"normal","reason":"rtt-restored","rtt_ms":14}}
2026-05-23T10:44:02Z type=video_restored payload={"type":"video_restored","ts_ms":1779533041978,"details":{"lost_for_ms":598}}
2026-05-23T10:44:02Z type=video_retry payload={"type":"video_retry","ts_ms":1779533041970,"details":{"attempt":1,"delay_ms":1000,"mode":"auto"}}
2026-05-23T11:57:19Z type=video_restored payload={"type":"video_restored","ts_ms":1779537439359,"details":{"lost_for_ms":32}}
2026-05-23T11:57:19Z type=video_lost payload={"type":"video_lost","ts_ms":1779537439542,"details":{"status":"RECONNECTING"}}
2026-05-23T11:57:19Z type=video_retry payload={"type":"video_retry","ts_ms":1779537439543,"details":{"attempt":1,"delay_ms":1000,"mode":"auto"}}
2026-05-23T11:57:19Z type=video_restored payload={"type":"video_restored","ts_ms":1779537439554,"details":{"lost_for_ms":12}}
2026-05-23T11:58:04Z type=video_retry payload={"type":"video_retry","ts_ms":1779537484259,"details":{"attempt":1,"delay_ms":1000,"mode":"auto"}}
2026-05-23T11:58:04Z type=video_restored payload={"type":"video_restored","ts_ms":1779537484266,"details":{"lost_for_ms":524}}
2026-05-23T12:00:03Z type=link_mode_changed payload={"type":"link_mode_changed","ts_ms":1779537603276,"details":{"mode":"critical","reason":"rtt-critical","rtt_ms":518}}
2026-05-23T12:00:04Z type=link_mode_changed payload={"type":"link_mode_changed","ts_ms":1779537603951,"details":{"mode":"normal","reason":"rtt-restored","rtt_ms":196}}
2026-05-23T12:00:09Z type=link_mode_changed payload={"type":"link_mode_changed","ts_ms":1779537608894,"details":{"mode":"safe","reason":"rtt-high","rtt_ms":388}}
2026-05-23T12:00:32Z type=link_mode_changed payload={"type":"link_mode_changed","ts_ms":1779537631615,"details":{"mode":"normal","reason":"rtt-restored","rtt_ms":69}}
2026-05-23T12:00:32Z type=link_mode_changed payload={"type":"link_mode_changed","ts_ms":1779537632134,"details":{"mode":"safe","reason":"rtt-high","rtt_ms":20378}}
2026-05-23T12:00:32Z type=link_mode_changed payload={"type":"link_mode_changed","ts_ms":1779537631758,"details":{"mode":"critical","reason":"rtt-critical","rtt_ms":17251}}
2026-05-23T12:00:33Z type=link_mode_changed payload={"type":"link_mode_changed","ts_ms":1779537633230,"details":{"mode":"critical","reason":"rtt-critical","rtt_ms":20468}}
2026-05-23T12:00:37Z type=link_mode_changed payload={"type":"link_mode_changed","ts_ms":1779537637852,"details":{"mode":"normal","reason":"rtt-restored","rtt_ms":93}}
2026-05-23T12:10:59Z type=video_restored payload={"type":"video_restored","ts_ms":1779538259857,"details":{"lost_for_ms":32}}
2026-05-23T12:11:00Z type=video_lost payload={"type":"video_lost","ts_ms":1779538260109,"details":{"status":"RECONNECTING"}}
2026-05-23T12:11:00Z type=video_retry payload={"type":"video_retry","ts_ms":1779538260111,"details":{"attempt":1,"delay_ms":1000,"mode":"auto"}}
2026-05-23T12:11:00Z type=video_restored payload={"type":"video_restored","ts_ms":1779538260129,"details":{"lost_for_ms":20}}
2026-05-23T12:11:28Z type=video_restored payload={"type":"video_restored","ts_ms":1779538288654,"details":{"lost_for_ms":492}}
2026-05-23T12:11:28Z type=video_retry payload={"type":"video_retry","ts_ms":1779538288648,"details":{"attempt":1,"delay_ms":1000,"mode":"auto"}}
2026-05-23T12:22:03Z type=video_restored payload={"type":"video_restored","ts_ms":1779538923509,"details":{"lost_for_ms":56}}
2026-05-23T12:22:03Z type=video_lost payload={"type":"video_lost","ts_ms":1779538923663,"details":{"status":"RECONNECTING"}}
2026-05-23T12:22:03Z type=video_retry payload={"type":"video_retry","ts_ms":1779538923663,"details":{"attempt":1,"delay_ms":1000,"mode":"auto"}}
2026-05-23T12:22:03Z type=video_restored payload={"type":"video_restored","ts_ms":1779538923673,"details":{"lost_for_ms":10}}
2026-05-23T12:22:27Z type=video_retry payload={"type":"video_retry","ts_ms":1779538947275,"details":{"attempt":1,"delay_ms":1000,"mode":"auto"}}
2026-05-23T12:22:27Z type=video_restored payload={"type":"video_restored","ts_ms":1779538947283,"details":{"lost_for_ms":421}}
2026-05-23T12:49:07Z type=video_restored payload={"type":"video_restored","ts_ms":1779540547463,"details":{"lost_for_ms":20}}
2026-05-23T12:49:07Z type=video_lost payload={"type":"video_lost","ts_ms":1779540547584,"details":{"status":"RECONNECTING"}}
2026-05-23T12:49:07Z type=video_retry payload={"type":"video_retry","ts_ms":1779540547585,"details":{"attempt":1,"delay_ms":1000,"mode":"auto"}}
2026-05-23T12:49:07Z type=video_restored payload={"type":"video_restored","ts_ms":1779540547594,"details":{"lost_for_ms":9}}
2026-05-23T12:49:07Z type=video_restored payload={"type":"video_restored","ts_ms":1779540547805,"details":{"lost_for_ms":17}}
2026-05-23T12:49:07Z type=video_lost payload={"type":"video_lost","ts_ms":1779540547982,"details":{"status":"RECONNECTING"}}
2026-05-23T12:49:08Z type=video_retry payload={"type":"video_retry","ts_ms":1779540547983,"details":{"attempt":1,"delay_ms":1000,"mode":"auto"}}
2026-05-23T12:49:08Z type=video_restored payload={"type":"video_restored","ts_ms":1779540547993,"details":{"lost_for_ms":11}}
2026-05-23T12:51:22Z type=video_retry payload={"type":"video_retry","ts_ms":1779540682415,"details":{"attempt":1,"delay_ms":1000,"mode":"auto"}}
2026-05-23T12:51:22Z type=video_restored payload={"type":"video_restored","ts_ms":1779540682420,"details":{"lost_for_ms":572}}
2026-05-23T12:51:46Z type=link_mode_changed payload={"type":"link_mode_changed","ts_ms":1779540706151,"details":{"mode":"safe","reason":"rtt-high","rtt_ms":288}}
2026-05-23T12:51:47Z type=link_mode_changed payload={"type":"link_mode_changed","ts_ms":1779540707073,"details":{"mode":"normal","reason":"rtt-restored","rtt_ms":204}}
2026-05-23T12:52:42Z type=link_mode_changed payload={"type":"link_mode_changed","ts_ms":1779540762247,"details":{"mode":"safe","reason":"rtt-high","rtt_ms":232}}
2026-05-23T12:52:42Z type=link_mode_changed payload={"type":"link_mode_changed","ts_ms":1779540762297,"details":{"mode":"safe","reason":"rtt-high","rtt_ms":427}}
2026-05-23T12:52:44Z type=link_mode_changed payload={"type":"link_mode_changed","ts_ms":1779540764349,"details":{"mode":"critical","reason":"rtt-critical","rtt_ms":487}}
2026-05-23T12:52:45Z type=link_mode_changed payload={"type":"link_mode_changed","ts_ms":1779540765254,"details":{"mode":"safe","reason":"rtt-high","rtt_ms":390}}
2026-05-23T12:52:47Z type=link_mode_changed payload={"type":"link_mode_changed","ts_ms":1779540767019,"details":{"mode":"normal","reason":"rtt-restored","rtt_ms":156}}
2026-05-23T12:52:47Z type=link_mode_changed payload={"type":"link_mode_changed","ts_ms":1779540767116,"details":{"mode":"normal","reason":"rtt-restored","rtt_ms":82}}
2026-05-23T12:52:58Z type=link_mode_changed payload={"type":"link_mode_changed","ts_ms":1779540778145,"details":{"mode":"safe","reason":"rtt-high","rtt_ms":280}}
2026-05-23T12:52:58Z type=link_mode_changed payload={"type":"link_mode_changed","ts_ms":1779540778397,"details":{"mode":"safe","reason":"rtt-high","rtt_ms":304}}
2026-05-23T12:53:00Z type=link_mode_changed payload={"type":"link_mode_changed","ts_ms":1779540780335,"details":{"mode":"critical","reason":"rtt-critical","rtt_ms":469}}
2026-05-23T12:53:01Z type=link_mode_changed payload={"type":"link_mode_changed","ts_ms":1779540781271,"details":{"mode":"normal","reason":"rtt-restored","rtt_ms":178}}
2026-05-23T12:53:01Z type=link_mode_changed payload={"type":"link_mode_changed","ts_ms":1779540781249,"details":{"mode":"safe","reason":"rtt-high","rtt_ms":385}}
2026-05-23T12:53:03Z type=link_mode_changed payload={"type":"link_mode_changed","ts_ms":1779540783980,"details":{"mode":"safe","reason":"rtt-high","rtt_ms":886}}
2026-05-23T12:53:04Z type=link_mode_changed payload={"type":"link_mode_changed","ts_ms":1779540784138,"details":{"mode":"normal","reason":"rtt-restored","rtt_ms":44}}
2026-05-23T12:53:07Z type=link_mode_changed payload={"type":"link_mode_changed","ts_ms":1779540787127,"details":{"mode":"critical","reason":"rtt-critical","rtt_ms":1032}}
2026-05-23T12:53:07Z type=link_mode_changed payload={"type":"link_mode_changed","ts_ms":1779540787146,"details":{"mode":"normal","reason":"rtt-restored","rtt_ms":50}}
2026-05-23T12:53:07Z type=link_mode_changed payload={"type":"link_mode_changed","ts_ms":1779540787115,"details":{"mode":"critical","reason":"rtt-critical","rtt_ms":1253}}
2026-05-23T12:53:08Z type=link_mode_changed payload={"type":"link_mode_changed","ts_ms":1779540788196,"details":{"mode":"safe","reason":"rtt-high","rtt_ms":334}}
2026-05-23T12:53:10Z type=link_mode_changed payload={"type":"link_mode_changed","ts_ms":1779540789949,"details":{"mode":"normal","reason":"rtt-restored","rtt_ms":88}}
2026-05-23T12:53:10Z type=link_mode_changed payload={"type":"link_mode_changed","ts_ms":1779540790830,"details":{"mode":"safe","reason":"rtt-high","rtt_ms":735}}
2026-05-23T12:53:12Z type=link_mode_changed payload={"type":"link_mode_changed","ts_ms":1779540791681,"details":{"mode":"critical","reason":"rtt-critical","rtt_ms":585}}
2026-05-23T12:53:12Z type=link_mode_changed payload={"type":"link_mode_changed","ts_ms":1779540792148,"details":{"mode":"normal","reason":"rtt-restored","rtt_ms":48}}
2026-05-23T12:53:12Z type=link_mode_changed payload={"type":"link_mode_changed","ts_ms":1779540792275,"details":{"mode":"safe","reason":"rtt-high","rtt_ms":414}}
2026-05-23T12:53:15Z type=link_mode_changed payload={"type":"link_mode_changed","ts_ms":1779540795379,"details":{"mode":"safe","reason":"rtt-high","rtt_ms":278}}
2026-05-23T12:53:16Z type=link_mode_changed payload={"type":"link_mode_changed","ts_ms":1779540795589,"details":{"mode":"critical","reason":"rtt-critical","rtt_ms":716}}
2026-05-23T12:53:20Z type=link_mode_changed payload={"type":"link_mode_changed","ts_ms":1779540797647,"details":{"mode":"critical","reason":"rtt-critical","rtt_ms":546}}
2026-05-23T12:53:22Z type=link_mode_changed payload={"type":"link_mode_changed","ts_ms":1779540802324,"details":{"mode":"normal","reason":"rtt-restored","rtt_ms":174}}
2026-05-23T12:53:23Z type=link_mode_changed payload={"type":"link_mode_changed","ts_ms":1779540803219,"details":{"mode":"safe","reason":"rtt-high","rtt_ms":358}}
2026-05-23T12:53:25Z type=link_mode_changed payload={"type":"link_mode_changed","ts_ms":1779540805485,"details":{"mode":"critical","reason":"rtt-critical","rtt_ms":624}}
2026-05-23T12:53:25Z type=link_mode_changed payload={"type":"link_mode_changed","ts_ms":1779540805912,"details":{"mode":"normal","reason":"rtt-restored","rtt_ms":43}}
2026-05-23T12:53:48Z type=link_mode_changed payload={"type":"link_mode_changed","ts_ms":1779540828101,"details":{"mode":"safe","reason":"rtt-high","rtt_ms":232}}
2026-05-23T12:53:49Z type=link_mode_changed payload={"type":"link_mode_changed","ts_ms":1779540829035,"details":{"mode":"normal","reason":"rtt-restored","rtt_ms":174}}
2026-05-23T12:53:51Z type=link_mode_changed payload={"type":"link_mode_changed","ts_ms":1779540831135,"details":{"mode":"safe","reason":"rtt-high","rtt_ms":272}}
2026-05-23T12:53:51Z type=link_mode_changed payload={"type":"link_mode_changed","ts_ms":1779540831883,"details":{"mode":"critical","reason":"rtt-critical","rtt_ms":472}}
2026-05-23T12:53:53Z type=link_mode_changed payload={"type":"link_mode_changed","ts_ms":1779540833025,"details":{"mode":"normal","reason":"rtt-restored","rtt_ms":161}}
2026-05-23T12:53:53Z type=link_mode_changed payload={"type":"link_mode_changed","ts_ms":1779540833760,"details":{"mode":"safe","reason":"rtt-high","rtt_ms":331}}
2026-05-23T12:53:54Z type=link_mode_changed payload={"type":"link_mode_changed","ts_ms":1779540834626,"details":{"mode":"normal","reason":"rtt-restored","rtt_ms":198}}
2026-05-23T12:54:07Z type=link_mode_changed payload={"type":"link_mode_changed","ts_ms":1779540847776,"details":{"mode":"safe","reason":"rtt-high","rtt_ms":253}}
2026-05-23T12:54:08Z type=link_mode_changed payload={"type":"link_mode_changed","ts_ms":1779540848689,"details":{"mode":"normal","reason":"rtt-restored","rtt_ms":165}}
2026-05-23T12:54:09Z type=link_mode_changed payload={"type":"link_mode_changed","ts_ms":1779540849087,"details":{"mode":"safe","reason":"rtt-high","rtt_ms":226}}
2026-05-23T12:54:10Z type=link_mode_changed payload={"type":"link_mode_changed","ts_ms":1779540850805,"details":{"mode":"safe","reason":"rtt-high","rtt_ms":281}}
2026-05-23T12:54:13Z type=link_mode_changed payload={"type":"link_mode_changed","ts_ms":1779540853716,"details":{"mode":"normal","reason":"rtt-restored","rtt_ms":186}}
2026-05-23T12:54:16Z type=link_mode_changed payload={"type":"link_mode_changed","ts_ms":1779540856078,"details":{"mode":"normal","reason":"rtt-restored","rtt_ms":208}}
2026-05-23T12:54:18Z type=link_mode_changed payload={"type":"link_mode_changed","ts_ms":1779540858085,"details":{"mode":"safe","reason":"rtt-high","rtt_ms":547}}
2026-05-23T12:54:18Z type=link_mode_changed payload={"type":"link_mode_changed","ts_ms":1779540858313,"details":{"mode":"safe","reason":"rtt-high","rtt_ms":451}}
2026-05-23T12:54:21Z type=link_mode_changed payload={"type":"link_mode_changed","ts_ms":1779540861752,"details":{"mode":"normal","reason":"rtt-restored","rtt_ms":175}}
2026-05-23T12:54:22Z type=link_mode_changed payload={"type":"link_mode_changed","ts_ms":1779540862007,"details":{"mode":"normal","reason":"rtt-restored","rtt_ms":146}}
2026-05-23T12:54:27Z type=link_mode_changed payload={"type":"link_mode_changed","ts_ms":1779540867092,"details":{"mode":"safe","reason":"rtt-high","rtt_ms":231}}
2026-05-23T12:54:29Z type=link_mode_changed payload={"type":"link_mode_changed","ts_ms":1779540868952,"details":{"mode":"normal","reason":"rtt-restored","rtt_ms":90}}
2026-05-23T12:54:32Z type=link_mode_changed payload={"type":"link_mode_changed","ts_ms":1779540872307,"details":{"mode":"safe","reason":"rtt-high","rtt_ms":438}}
2026-05-23T12:54:33Z type=link_mode_changed payload={"type":"link_mode_changed","ts_ms":1779540873033,"details":{"mode":"normal","reason":"rtt-restored","rtt_ms":172}}
2026-05-23T12:54:46Z type=link_mode_changed payload={"type":"link_mode_changed","ts_ms":1779540886468,"details":{"mode":"critical","reason":"rtt-critical","rtt_ms":855}}
2026-05-23T12:54:46Z type=link_mode_changed payload={"type":"link_mode_changed","ts_ms":1779540886540,"details":{"mode":"safe","reason":"rtt-high","rtt_ms":679}}
2026-05-23T12:54:47Z type=link_mode_changed payload={"type":"link_mode_changed","ts_ms":1779540887007,"details":{"mode":"safe","reason":"rtt-high","rtt_ms":393}}
2026-05-23T12:54:48Z type=link_mode_changed payload={"type":"link_mode_changed","ts_ms":1779540887818,"details":{"mode":"normal","reason":"rtt-restored","rtt_ms":202}}
2026-05-23T12:54:49Z type=link_mode_changed payload={"type":"link_mode_changed","ts_ms":1779540889495,"details":{"mode":"critical","reason":"rtt-critical","rtt_ms":633}}
2026-05-23T12:54:49Z type=link_mode_changed payload={"type":"link_mode_changed","ts_ms":1779540889915,"details":{"mode":"safe","reason":"rtt-high","rtt_ms":299}}
2026-05-23T12:54:50Z type=link_mode_changed payload={"type":"link_mode_changed","ts_ms":1779540889982,"details":{"mode":"normal","reason":"rtt-restored","rtt_ms":116}}
2026-05-23T12:54:52Z type=link_mode_changed payload={"type":"link_mode_changed","ts_ms":1779540892246,"details":{"mode":"safe","reason":"rtt-high","rtt_ms":377}}
2026-05-23T12:54:53Z type=link_mode_changed payload={"type":"link_mode_changed","ts_ms":1779540893741,"details":{"mode":"normal","reason":"rtt-restored","rtt_ms":119}}
2026-05-23T12:54:55Z type=link_mode_changed payload={"type":"link_mode_changed","ts_ms":1779540894998,"details":{"mode":"normal","reason":"rtt-restored","rtt_ms":137}}
2026-05-23T12:54:56Z type=link_mode_changed payload={"type":"link_mode_changed","ts_ms":1779540895979,"details":{"mode":"safe","reason":"rtt-high","rtt_ms":356}}
2026-05-23T12:54:57Z type=link_mode_changed payload={"type":"link_mode_changed","ts_ms":1779540897880,"details":{"mode":"normal","reason":"rtt-restored","rtt_ms":209}}
2026-05-23T12:55:00Z type=link_mode_changed payload={"type":"link_mode_changed","ts_ms":1779540900268,"details":{"mode":"safe","reason":"rtt-high","rtt_ms":585}}
2026-05-23T12:55:00Z type=link_mode_changed payload={"type":"link_mode_changed","ts_ms":1779540900236,"details":{"mode":"safe","reason":"rtt-high","rtt_ms":374}}
2026-05-23T12:55:00Z type=link_mode_changed payload={"type":"link_mode_changed","ts_ms":1779540900754,"details":{"mode":"normal","reason":"rtt-restored","rtt_ms":55}}
2026-05-23T12:55:01Z type=link_mode_changed payload={"type":"link_mode_changed","ts_ms":1779540900943,"details":{"mode":"normal","reason":"rtt-restored","rtt_ms":79}}
2026-05-23T12:55:04Z type=link_mode_changed payload={"type":"link_mode_changed","ts_ms":1779540903979,"details":{"mode":"safe","reason":"rtt-high","rtt_ms":256}}
2026-05-23T12:55:04Z type=link_mode_changed payload={"type":"link_mode_changed","ts_ms":1779540904148,"details":{"mode":"safe","reason":"rtt-high","rtt_ms":286}}
2026-05-23T12:55:05Z type=link_mode_changed payload={"type":"link_mode_changed","ts_ms":1779540905828,"details":{"mode":"normal","reason":"rtt-restored","rtt_ms":106}}
2026-05-23T12:55:08Z type=link_mode_changed payload={"type":"link_mode_changed","ts_ms":1779540908047,"details":{"mode":"safe","reason":"rtt-high","rtt_ms":323}}
2026-05-23T12:55:08Z type=link_mode_changed payload={"type":"link_mode_changed","ts_ms":1779540908048,"details":{"mode":"normal","reason":"rtt-restored","rtt_ms":186}}
2026-05-23T12:55:08Z type=link_mode_changed payload={"type":"link_mode_changed","ts_ms":1779540908827,"details":{"mode":"normal","reason":"rtt-restored","rtt_ms":105}}
2026-05-23T12:55:18Z type=link_mode_changed payload={"type":"link_mode_changed","ts_ms":1779540918166,"details":{"mode":"safe","reason":"rtt-high","rtt_ms":304}}
2026-05-23T12:55:20Z type=link_mode_changed payload={"type":"link_mode_changed","ts_ms":1779540920199,"details":{"mode":"safe","reason":"rtt-high","rtt_ms":351}}
2026-05-23T12:55:20Z type=link_mode_changed payload={"type":"link_mode_changed","ts_ms":1779540920961,"details":{"mode":"normal","reason":"rtt-restored","rtt_ms":113}}
2026-05-23T12:55:21Z type=link_mode_changed payload={"type":"link_mode_changed","ts_ms":1779540920940,"details":{"mode":"normal","reason":"rtt-restored","rtt_ms":76}}
2026-05-23T12:55:59Z type=detector_model_switch_start payload={"type":"detector_model_switch_start","model":"model_rknn/yolov8s_800x800_9out_fp32.rknn"}
2026-05-23T12:56:00Z type=detector_model_switch_ok payload={"type":"detector_model_switch_ok","model":"model_rknn/yolov8s_800x800_9out_fp32.rknn"}
2026-05-23T12:56:18Z type=video_retry payload={"type":"video_retry","ts_ms":1779540978353,"details":{"attempt":1,"delay_ms":1000,"mode":"auto"}}
2026-05-23T12:56:18Z type=video_restored payload={"type":"video_restored","ts_ms":1779540978360,"details":{"lost_for_ms":742}}
2026-05-23T12:57:25Z type=link_mode_changed payload={"type":"link_mode_changed","ts_ms":1779541044864,"details":{"mode":"safe","reason":"rtt-high","rtt_ms":234}}
2026-05-23T12:57:26Z type=link_mode_changed payload={"type":"link_mode_changed","ts_ms":1779541046835,"details":{"mode":"safe","reason":"rtt-high","rtt_ms":281}}
2026-05-23T12:57:26Z type=link_mode_changed payload={"type":"link_mode_changed","ts_ms":1779541046808,"details":{"mode":"normal","reason":"rtt-restored","rtt_ms":175}}
2026-05-23T12:57:27Z type=link_mode_changed payload={"type":"link_mode_changed","ts_ms":1779541047582,"details":{"mode":"normal","reason":"rtt-restored","rtt_ms":28}}
2026-05-23T12:57:42Z type=link_mode_changed payload={"type":"link_mode_changed","ts_ms":1779541062957,"details":{"mode":"safe","reason":"rtt-high","rtt_ms":327}}
2026-05-23T12:57:43Z type=link_mode_changed payload={"type":"link_mode_changed","ts_ms":1779541062964,"details":{"mode":"safe","reason":"rtt-high","rtt_ms":337}}
2026-05-23T12:57:43Z type=link_mode_changed payload={"type":"link_mode_changed","ts_ms":1779541063761,"details":{"mode":"normal","reason":"rtt-restored","rtt_ms":131}}
2026-05-23T12:57:44Z type=link_mode_changed payload={"type":"link_mode_changed","ts_ms":1779541063842,"details":{"mode":"normal","reason":"rtt-restored","rtt_ms":204}}
2026-05-23T12:58:43Z type=link_mode_changed payload={"type":"link_mode_changed","ts_ms":1779541123017,"details":{"mode":"safe","reason":"rtt-high","rtt_ms":390}}
2026-05-23T12:58:43Z type=link_mode_changed payload={"type":"link_mode_changed","ts_ms":1779541123724,"details":{"mode":"normal","reason":"rtt-restored","rtt_ms":94}}
2026-05-23T12:58:48Z type=link_mode_changed payload={"type":"link_mode_changed","ts_ms":1779541128637,"details":{"mode":"safe","reason":"rtt-high","rtt_ms":676}}
2026-05-23T12:58:50Z type=link_mode_changed payload={"type":"link_mode_changed","ts_ms":1779541129389,"details":{"mode":"safe","reason":"rtt-high","rtt_ms":762}}
2026-05-23T12:58:50Z type=link_mode_changed payload={"type":"link_mode_changed","ts_ms":1779541130093,"details":{"mode":"normal","reason":"rtt-restored","rtt_ms":130}}
2026-05-23T12:58:50Z type=link_mode_changed payload={"type":"link_mode_changed","ts_ms":1779541130343,"details":{"mode":"critical","reason":"rtt-critical","rtt_ms":707}}
2026-05-23T12:58:51Z type=link_mode_changed payload={"type":"link_mode_changed","ts_ms":1779541131064,"details":{"mode":"safe","reason":"rtt-high","rtt_ms":436}}
2026-05-23T12:58:52Z type=link_mode_changed payload={"type":"link_mode_changed","ts_ms":1779541132856,"details":{"mode":"critical","reason":"rtt-critical","rtt_ms":893}}
2026-05-23T12:58:53Z type=link_mode_changed payload={"type":"link_mode_changed","ts_ms":1779541133170,"details":{"mode":"normal","reason":"rtt-restored","rtt_ms":209}}
2026-05-23T12:58:54Z type=link_mode_changed payload={"type":"link_mode_changed","ts_ms":1779541134203,"details":{"mode":"critical","reason":"rtt-critical","rtt_ms":574}}
2026-05-23T12:58:56Z type=link_mode_changed payload={"type":"link_mode_changed","ts_ms":1779541135885,"details":{"mode":"safe","reason":"rtt-high","rtt_ms":249}}
2026-05-23T12:58:58Z type=link_mode_changed payload={"type":"link_mode_changed","ts_ms":1779541138452,"details":{"mode":"critical","reason":"rtt-critical","rtt_ms":825}}
2026-05-23T12:59:00Z type=link_mode_changed payload={"type":"link_mode_changed","ts_ms":1779541140255,"details":{"mode":"safe","reason":"rtt-high","rtt_ms":289}}
2026-05-23T12:59:01Z type=link_mode_changed payload={"type":"link_mode_changed","ts_ms":1779541140910,"details":{"mode":"safe","reason":"rtt-high","rtt_ms":272}}
2026-05-23T12:59:03Z type=link_mode_changed payload={"type":"link_mode_changed","ts_ms":1779541143107,"details":{"mode":"normal","reason":"rtt-restored","rtt_ms":141}}
2026-05-23T12:59:04Z type=link_mode_changed payload={"type":"link_mode_changed","ts_ms":1779541144455,"details":{"mode":"critical","reason":"rtt-critical","rtt_ms":826}}
2026-05-23T12:59:05Z type=link_mode_changed payload={"type":"link_mode_changed","ts_ms":1779541144893,"details":{"mode":"safe","reason":"rtt-high","rtt_ms":265}}
2026-05-23T12:59:08Z type=link_mode_changed payload={"type":"link_mode_changed","ts_ms":1779541148783,"details":{"mode":"normal","reason":"rtt-restored","rtt_ms":155}}
2026-05-23T13:00:01Z type=detector_model_switch_start payload={"type":"detector_model_switch_start","model":"model_rknn/yolov8s_640x480_9out_fp32.rknn"}
2026-05-23T13:00:01Z type=link_mode_changed payload={"type":"link_mode_changed","ts_ms":1779541201437,"details":{"mode":"safe","reason":"rtt-high","rtt_ms":269}}
2026-05-23T13:00:01Z type=detector_model_switch_ok payload={"type":"detector_model_switch_ok","model":"model_rknn/yolov8s_640x480_9out_fp32.rknn"}
2026-05-23T13:00:02Z type=link_mode_changed payload={"type":"link_mode_changed","ts_ms":1779541202072,"details":{"mode":"safe","reason":"rtt-high","rtt_ms":445}}
2026-05-23T13:00:03Z type=link_mode_changed payload={"type":"link_mode_changed","ts_ms":1779541202770,"details":{"mode":"normal","reason":"rtt-restored","rtt_ms":138}}
2026-05-23T13:00:03Z type=link_mode_changed payload={"type":"link_mode_changed","ts_ms":1779541203263,"details":{"mode":"normal","reason":"rtt-restored","rtt_ms":95}}
2026-05-23T13:00:11Z type=detector_model_switch_start payload={"type":"detector_model_switch_start","model":"model_rknn/yolov8s_1280x1280_9out_fp32.rknn"}
2026-05-23T13:00:14Z type=detector_model_switch_ok payload={"type":"detector_model_switch_ok","model":"model_rknn/yolov8s_1280x1280_9out_fp32.rknn"}
2026-05-23T13:00:33Z type=detector_model_switch_start payload={"type":"detector_model_switch_start","model":"model_rknn/yolov8s_800x800_9out_fp32.rknn"}
2026-05-23T13:00:34Z type=detector_model_switch_ok payload={"type":"detector_model_switch_ok","model":"model_rknn/yolov8s_800x800_9out_fp32.rknn"}
2026-05-23T13:00:41Z type=link_mode_changed payload={"type":"link_mode_changed","ts_ms":1779541240922,"details":{"mode":"safe","reason":"rtt-high","rtt_ms":294}}
2026-05-23T13:00:41Z type=link_mode_changed payload={"type":"link_mode_changed","ts_ms":1779541241844,"details":{"mode":"normal","reason":"rtt-restored","rtt_ms":217}}
2026-05-23T13:03:01Z type=link_mode_changed payload={"type":"link_mode_changed","ts_ms":1779541381750,"details":{"mode":"safe","reason":"rtt-high","rtt_ms":233}}
2026-05-23T13:03:02Z type=link_mode_changed payload={"type":"link_mode_changed","ts_ms":1779541382532,"details":{"mode":"normal","reason":"rtt-restored","rtt_ms":15}}
2026-05-23T13:22:13Z type=video_restored payload={"type":"video_restored","ts_ms":1779542533126,"details":{"lost_for_ms":24}}
2026-05-23T13:22:13Z type=video_lost payload={"type":"video_lost","ts_ms":1779542533239,"details":{"status":"RECONNECTING"}}
2026-05-23T13:22:13Z type=video_retry payload={"type":"video_retry","ts_ms":1779542533241,"details":{"attempt":1,"delay_ms":1000,"mode":"auto"}}
2026-05-23T13:22:13Z type=video_restored payload={"type":"video_restored","ts_ms":1779542533257,"details":{"lost_for_ms":18}}
2026-05-23T13:25:38Z type=detector_model_switch_start payload={"type":"detector_model_switch_start","model":"model_rknn/yolov8s_640x480_9out_fp32.rknn"}
2026-05-23T13:25:38Z type=detector_model_switch_ok payload={"type":"detector_model_switch_ok","model":"model_rknn/yolov8s_640x480_9out_fp32.rknn"}
2026-05-23T13:30:07Z type=video_retry payload={"type":"video_retry","ts_ms":1779543007959,"details":{"attempt":1,"delay_ms":1000,"mode":"auto"}}
2026-05-23T13:30:07Z type=video_restored payload={"type":"video_restored","ts_ms":1779543007966,"details":{"lost_for_ms":184}}
2026-05-23T13:35:10Z type=link_mode_changed payload={"type":"link_mode_changed","ts_ms":1779543310585,"details":{"mode":"critical","reason":"rtt-critical","rtt_ms":4534}}
2026-05-23T13:35:11Z type=link_mode_changed payload={"type":"link_mode_changed","ts_ms":1779543311001,"details":{"mode":"normal","reason":"rtt-restored","rtt_ms":202}}
2026-05-23T14:01:14Z type=video_restored payload={"type":"video_restored","ts_ms":1779544874611,"details":{"lost_for_ms":20}}
2026-05-23T14:01:14Z type=video_restored payload={"type":"video_restored","ts_ms":1779544874836,"details":{"lost_for_ms":23}}
2026-05-23T14:01:14Z type=video_lost payload={"type":"video_lost","ts_ms":1779544874931,"details":{"status":"RECONNECTING"}}
2026-05-23T14:01:14Z type=video_retry payload={"type":"video_retry","ts_ms":1779544874932,"details":{"attempt":1,"delay_ms":1000,"mode":"auto"}}
2026-05-23T14:01:14Z type=video_restored payload={"type":"video_restored","ts_ms":1779544874943,"details":{"lost_for_ms":12}}
2026-05-23T14:01:15Z type=video_restored payload={"type":"video_restored","ts_ms":1779544875162,"details":{"lost_for_ms":19}}
2026-05-23T14:01:15Z type=video_lost payload={"type":"video_lost","ts_ms":1779544875248,"details":{"status":"RECONNECTING"}}
2026-05-23T14:01:15Z type=video_retry payload={"type":"video_retry","ts_ms":1779544875249,"details":{"attempt":1,"delay_ms":1000,"mode":"auto"}}
2026-05-23T14:01:15Z type=video_restored payload={"type":"video_restored","ts_ms":1779544875258,"details":{"lost_for_ms":10}}
2026-05-23T15:27:48Z type=link_mode_changed payload={"type":"link_mode_changed","ts_ms":1779550068748,"details":{"mode":"normal","reason":"rtt-restored","rtt_ms":17}}
2026-05-23T15:27:57Z type=video_restored payload={"type":"video_restored","ts_ms":1779550077867,"details":{"lost_for_ms":31}}
2026-05-23T15:27:58Z type=video_lost payload={"type":"video_lost","ts_ms":1779550078078,"details":{"status":"RECONNECTING"}}
2026-05-23T15:27:58Z type=video_retry payload={"type":"video_retry","ts_ms":1779550078079,"details":{"attempt":1,"delay_ms":1000,"mode":"auto"}}
2026-05-23T15:27:58Z type=video_restored payload={"type":"video_restored","ts_ms":1779550078112,"details":{"lost_for_ms":34}}
2026-05-23T15:44:34Z type=link_mode_changed payload={"type":"link_mode_changed","ts_ms":1779551074316,"details":{"mode":"normal","reason":"rtt-restored","rtt_ms":16}}
2026-05-23T15:48:30Z type=video_restored payload={"type":"video_restored","ts_ms":1779551310745,"details":{"lost_for_ms":10}}
2026-05-23T15:48:30Z type=video_lost payload={"type":"video_lost","ts_ms":1779551310882,"details":{"status":"RECONNECTING"}}
2026-05-23T15:48:30Z type=video_retry payload={"type":"video_retry","ts_ms":1779551310882,"details":{"attempt":1,"delay_ms":1000,"mode":"auto"}}
2026-05-23T15:48:30Z type=video_restored payload={"type":"video_restored","ts_ms":1779551310896,"details":{"lost_for_ms":14}}
2026-05-23T15:54:05Z type=video_restored payload={"type":"video_restored","ts_ms":1779551645915,"details":{"lost_for_ms":24}}
2026-05-23T15:54:06Z type=video_lost payload={"type":"video_lost","ts_ms":1779551646035,"details":{"status":"RECONNECTING"}}
2026-05-23T15:54:06Z type=video_retry payload={"type":"video_retry","ts_ms":1779551646037,"details":{"attempt":1,"delay_ms":1000,"mode":"auto"}}
2026-05-23T15:54:06Z type=video_restored payload={"type":"video_restored","ts_ms":1779551646047,"details":{"lost_for_ms":12}}
2026-05-23T15:55:00Z type=video_restored payload={"type":"video_restored","ts_ms":1779551700809,"details":{"lost_for_ms":31}}
2026-05-23T15:55:00Z type=video_lost payload={"type":"video_lost","ts_ms":1779551700913,"details":{"status":"RECONNECTING"}}
2026-05-23T15:55:00Z type=video_retry payload={"type":"video_retry","ts_ms":1779551700914,"details":{"attempt":1,"delay_ms":1000,"mode":"auto"}}
2026-05-23T15:55:00Z type=video_restored payload={"type":"video_restored","ts_ms":1779551700921,"details":{"lost_for_ms":8}}
2026-05-23T15:55:01Z type=video_restored payload={"type":"video_restored","ts_ms":1779551701340,"details":{"lost_for_ms":21}}
2026-05-23T15:55:01Z type=video_lost payload={"type":"video_lost","ts_ms":1779551701447,"details":{"status":"RECONNECTING"}}
2026-05-23T15:55:01Z type=video_retry payload={"type":"video_retry","ts_ms":1779551701447,"details":{"attempt":1,"delay_ms":1000,"mode":"auto"}}
2026-05-23T15:55:01Z type=video_restored payload={"type":"video_restored","ts_ms":1779551701455,"details":{"lost_for_ms":8}}
2026-05-23T16:03:33Z type=link_mode_changed payload={"type":"link_mode_changed","ts_ms":1779552213098,"details":{"mode":"normal","reason":"rtt-restored","rtt_ms":8}}
2026-05-23T16:03:35Z type=video_restored payload={"type":"video_restored","ts_ms":1779552215692,"details":{"lost_for_ms":27}}
2026-05-23T16:03:35Z type=video_lost payload={"type":"video_lost","ts_ms":1779552215865,"details":{"status":"RECONNECTING"}}
2026-05-23T16:03:35Z type=video_retry payload={"type":"video_retry","ts_ms":1779552215865,"details":{"attempt":1,"delay_ms":1000,"mode":"auto"}}
2026-05-23T16:03:35Z type=video_restored payload={"type":"video_restored","ts_ms":1779552215875,"details":{"lost_for_ms":10}}
2026-05-23T16:13:15Z type=detector_model_switch_start payload={"type":"detector_model_switch_start","model":"model_rknn/yolov8s_800x800_9out_fp32.rknn"}
2026-05-23T16:13:15Z type=detector_model_switch_ok payload={"type":"detector_model_switch_ok","model":"model_rknn/yolov8s_800x800_9out_fp32.rknn"}
2026-05-23T16:21:40Z type=video_restored payload={"type":"video_restored","ts_ms":1779553300626,"details":{"lost_for_ms":22}}
2026-05-23T16:21:40Z type=video_restored payload={"type":"video_restored","ts_ms":1779553300818,"details":{"lost_for_ms":20}}
2026-05-23T16:21:40Z type=video_lost payload={"type":"video_lost","ts_ms":1779553300908,"details":{"status":"RECONNECTING"}}
2026-05-23T16:21:40Z type=video_retry payload={"type":"video_retry","ts_ms":1779553300909,"details":{"attempt":1,"delay_ms":1000,"mode":"auto"}}
2026-05-23T16:21:40Z type=video_restored payload={"type":"video_restored","ts_ms":1779553300989,"details":{"lost_for_ms":39}}
2026-05-23T16:21:41Z type=video_lost payload={"type":"video_lost","ts_ms":1779553301173,"details":{"status":"RECONNECTING"}}
2026-05-23T16:21:41Z type=video_retry payload={"type":"video_retry","ts_ms":1779553301176,"details":{"attempt":1,"delay_ms":1000,"mode":"auto"}}
2026-05-23T16:21:41Z type=video_restored payload={"type":"video_restored","ts_ms":1779553301193,"details":{"lost_for_ms":20}}
2026-05-23T16:22:56Z type=link_mode_changed payload={"type":"link_mode_changed","ts_ms":1779553376305,"details":{"mode":"normal","reason":"rtt-restored","rtt_ms":11}}
2026-05-23T16:23:04Z type=video_restored payload={"type":"video_restored","ts_ms":1779553384898,"details":{"lost_for_ms":31}}
2026-05-23T16:23:05Z type=video_lost payload={"type":"video_lost","ts_ms":1779553385071,"details":{"status":"RECONNECTING"}}
2026-05-23T16:23:05Z type=video_retry payload={"type":"video_retry","ts_ms":1779553385071,"details":{"attempt":1,"delay_ms":1000,"mode":"auto"}}
2026-05-23T16:23:05Z type=video_restored payload={"type":"video_restored","ts_ms":1779553385083,"details":{"lost_for_ms":12}}
2026-05-23T17:01:08Z type=link_mode_changed payload={"type":"link_mode_changed","ts_ms":1779555668138,"details":{"mode":"normal","reason":"rtt-restored","rtt_ms":16}}
2026-05-23T17:01:24Z type=video_restored payload={"type":"video_restored","ts_ms":1779555683990,"details":{"lost_for_ms":32}}
2026-05-23T17:01:24Z type=video_lost payload={"type":"video_lost","ts_ms":1779555684112,"details":{"status":"RECONNECTING"}}
2026-05-23T17:01:24Z type=video_retry payload={"type":"video_retry","ts_ms":1779555684113,"details":{"attempt":1,"delay_ms":1000,"mode":"auto"}}
2026-05-23T17:01:24Z type=video_restored payload={"type":"video_restored","ts_ms":1779555684121,"details":{"lost_for_ms":9}}
2026-05-23T17:05:18Z type=video_restored payload={"type":"video_restored","ts_ms":1779555918038,"details":{"lost_for_ms":21}}
2026-05-23T17:05:18Z type=video_lost payload={"type":"video_lost","ts_ms":1779555918246,"details":{"status":"RECONNECTING"}}
2026-05-23T17:05:18Z type=video_retry payload={"type":"video_retry","ts_ms":1779555918247,"details":{"attempt":1,"delay_ms":1000,"mode":"auto"}}
2026-05-23T17:05:18Z type=video_restored payload={"type":"video_restored","ts_ms":1779555918260,"details":{"lost_for_ms":14}}
2026-05-23T17:05:18Z type=video_restored payload={"type":"video_restored","ts_ms":1779555918462,"details":{"lost_for_ms":43}}
2026-05-23T17:05:18Z type=video_lost payload={"type":"video_lost","ts_ms":1779555918577,"details":{"status":"RECONNECTING"}}
2026-05-23T17:05:18Z type=video_retry payload={"type":"video_retry","ts_ms":1779555918578,"details":{"attempt":1,"delay_ms":1000,"mode":"auto"}}
2026-05-23T17:05:18Z type=video_restored payload={"type":"video_restored","ts_ms":1779555918592,"details":{"lost_for_ms":15}}
2026-05-23T17:40:04Z type=video_restored payload={"type":"video_restored","ts_ms":1779558004193,"details":{"lost_for_ms":22}}
2026-05-23T17:40:04Z type=video_lost payload={"type":"video_lost","ts_ms":1779558004285,"details":{"status":"RECONNECTING"}}
2026-05-23T17:40:04Z type=video_retry payload={"type":"video_retry","ts_ms":1779558004286,"details":{"attempt":1,"delay_ms":1000,"mode":"auto"}}
2026-05-23T17:40:04Z type=video_restored payload={"type":"video_restored","ts_ms":1779558004295,"details":{"lost_for_ms":10}}
2026-05-23T17:59:54Z type=link_mode_changed payload={"type":"link_mode_changed","ts_ms":1779559194326,"details":{"mode":"critical","reason":"rtt-critical","rtt_ms":33114}}
2026-05-23T17:59:56Z type=link_mode_changed payload={"type":"link_mode_changed","ts_ms":1779559195961,"details":{"mode":"safe","reason":"rtt-high","rtt_ms":390}}
2026-05-23T17:59:56Z type=link_mode_changed payload={"type":"link_mode_changed","ts_ms":1779559196788,"details":{"mode":"normal","reason":"rtt-restored","rtt_ms":217}}
2026-05-23T18:04:23Z type=video_restored payload={"type":"video_restored","ts_ms":1779559463607,"details":{"lost_for_ms":48}}
2026-05-23T18:04:23Z type=video_lost payload={"type":"video_lost","ts_ms":1779559463807,"details":{"status":"RECONNECTING"}}
2026-05-23T18:04:23Z type=video_retry payload={"type":"video_retry","ts_ms":1779559463808,"details":{"attempt":1,"delay_ms":1000,"mode":"auto"}}
2026-05-23T18:04:23Z type=video_restored payload={"type":"video_restored","ts_ms":1779559463822,"details":{"lost_for_ms":15}}
2026-05-23T18:06:03Z type=video_restored payload={"type":"video_restored","ts_ms":1779559563002,"details":{"lost_for_ms":40}}
2026-05-23T18:06:03Z type=video_lost payload={"type":"video_lost","ts_ms":1779559563085,"details":{"status":"RECONNECTING"}}
2026-05-23T18:06:03Z type=video_retry payload={"type":"video_retry","ts_ms":1779559563085,"details":{"attempt":1,"delay_ms":1000,"mode":"auto"}}
2026-05-23T18:06:03Z type=video_restored payload={"type":"video_restored","ts_ms":1779559563093,"details":{"lost_for_ms":8}}
2026-05-23T18:15:12Z type=link_mode_changed payload={"type":"link_mode_changed","ts_ms":1779560112228,"details":{"mode":"normal","reason":"rtt-restored","rtt_ms":14}}
2026-05-23T18:25:22Z type=video_restored payload={"type":"video_restored","ts_ms":1779560722061,"details":{"lost_for_ms":38}}
2026-05-23T18:25:22Z type=video_lost payload={"type":"video_lost","ts_ms":1779560722215,"details":{"status":"RECONNECTING"}}
2026-05-23T18:25:22Z type=video_retry payload={"type":"video_retry","ts_ms":1779560722216,"details":{"attempt":1,"delay_ms":1000,"mode":"auto"}}
2026-05-23T18:25:22Z type=video_restored payload={"type":"video_restored","ts_ms":1779560722228,"details":{"lost_for_ms":13}}
2026-05-23T18:31:05Z type=link_mode_changed payload={"type":"link_mode_changed","ts_ms":1779561065253,"details":{"mode":"normal","reason":"rtt-restored","rtt_ms":16}}
2026-05-23T18:31:20Z type=video_restored payload={"type":"video_restored","ts_ms":1779561080936,"details":{"lost_for_ms":36}}
2026-05-23T18:31:21Z type=video_lost payload={"type":"video_lost","ts_ms":1779561081137,"details":{"status":"RECONNECTING"}}
2026-05-23T18:31:21Z type=video_retry payload={"type":"video_retry","ts_ms":1779561081138,"details":{"attempt":1,"delay_ms":1000,"mode":"auto"}}
2026-05-23T18:31:21Z type=video_restored payload={"type":"video_restored","ts_ms":1779561081152,"details":{"lost_for_ms":15}}
2026-05-23T18:38:31Z type=link_mode_changed payload={"type":"link_mode_changed","ts_ms":1779561511518,"details":{"mode":"normal","reason":"rtt-restored","rtt_ms":14}}
2026-05-23T18:38:37Z type=video_restored payload={"type":"video_restored","ts_ms":1779561517301,"details":{"lost_for_ms":25}}
2026-05-23T18:38:37Z type=video_lost payload={"type":"video_lost","ts_ms":1779561517417,"details":{"status":"RECONNECTING"}}
2026-05-23T18:38:37Z type=video_retry payload={"type":"video_retry","ts_ms":1779561517418,"details":{"attempt":1,"delay_ms":1000,"mode":"auto"}}
2026-05-23T18:38:37Z type=video_restored payload={"type":"video_restored","ts_ms":1779561517428,"details":{"lost_for_ms":11}}
2026-05-23T18:38:48Z type=link_mode_changed payload={"type":"link_mode_changed","ts_ms":1779561528662,"details":{"mode":"safe","reason":"rtt-high","rtt_ms":359}}
2026-05-23T18:38:49Z type=link_mode_changed payload={"type":"link_mode_changed","ts_ms":1779561529315,"details":{"mode":"normal","reason":"rtt-restored","rtt_ms":9}}
2026-05-23T18:38:59Z type=video_restored payload={"type":"video_restored","ts_ms":1779561539100,"details":{"lost_for_ms":23}}
2026-05-23T18:38:59Z type=video_retry payload={"type":"video_retry","ts_ms":1779561539282,"details":{"attempt":1,"delay_ms":1000,"mode":"auto"}}
2026-05-23T18:38:59Z type=video_lost payload={"type":"video_lost","ts_ms":1779561539282,"details":{"status":"RECONNECTING"}}
2026-05-23T18:38:59Z type=video_restored payload={"type":"video_restored","ts_ms":1779561539292,"details":{"lost_for_ms":10}}
2026-05-23T18:55:23Z type=video_restored payload={"type":"video_restored","ts_ms":1779562523025,"details":{"lost_for_ms":31}}
2026-05-23T18:55:23Z type=video_lost payload={"type":"video_lost","ts_ms":1779562523169,"details":{"status":"RECONNECTING"}}
2026-05-23T18:55:23Z type=video_retry payload={"type":"video_retry","ts_ms":1779562523171,"details":{"attempt":1,"delay_ms":1000,"mode":"auto"}}
2026-05-23T18:55:23Z type=video_restored payload={"type":"video_restored","ts_ms":1779562523227,"details":{"lost_for_ms":58}}
2026-05-23T18:56:21Z type=video_restored payload={"type":"video_restored","ts_ms":1779562581178,"details":{"lost_for_ms":23}}
2026-05-23T18:56:21Z type=video_lost payload={"type":"video_lost","ts_ms":1779562581332,"details":{"status":"RECONNECTING"}}
2026-05-23T18:56:21Z type=video_retry payload={"type":"video_retry","ts_ms":1779562581333,"details":{"attempt":1,"delay_ms":1000,"mode":"auto"}}
2026-05-23T18:56:21Z type=video_restored payload={"type":"video_restored","ts_ms":1779562581343,"details":{"lost_for_ms":11}}
2026-05-23T18:56:22Z type=video_restored payload={"type":"video_restored","ts_ms":1779562582133,"details":{"lost_for_ms":18}}
2026-05-23T18:56:22Z type=video_lost payload={"type":"video_lost","ts_ms":1779562582229,"details":{"status":"RECONNECTING"}}
2026-05-23T18:56:22Z type=video_retry payload={"type":"video_retry","ts_ms":1779562582231,"details":{"attempt":1,"delay_ms":1000,"mode":"auto"}}
2026-05-23T18:56:22Z type=video_restored payload={"type":"video_restored","ts_ms":1779562582246,"details":{"lost_for_ms":17}}
2026-05-23T18:57:45Z type=video_restored payload={"type":"video_restored","ts_ms":1779562665758,"details":{"lost_for_ms":26}}
2026-05-23T18:57:45Z type=video_lost payload={"type":"video_lost","ts_ms":1779562665851,"details":{"status":"RECONNECTING"}}
2026-05-23T18:57:45Z type=video_retry payload={"type":"video_retry","ts_ms":1779562665852,"details":{"attempt":1,"delay_ms":1000,"mode":"auto"}}
2026-05-23T18:57:45Z type=video_restored payload={"type":"video_restored","ts_ms":1779562665864,"details":{"lost_for_ms":13}}
2026-05-23T18:59:22Z type=video_restored payload={"type":"video_restored","ts_ms":1779562762013,"details":{"lost_for_ms":28}}
2026-05-23T18:59:22Z type=video_lost payload={"type":"video_lost","ts_ms":1779562762243,"details":{"status":"RECONNECTING"}}
2026-05-23T18:59:22Z type=video_retry payload={"type":"video_retry","ts_ms":1779562762244,"details":{"attempt":1,"delay_ms":1000,"mode":"auto"}}
2026-05-23T18:59:22Z type=video_restored payload={"type":"video_restored","ts_ms":1779562762255,"details":{"lost_for_ms":12}}
2026-05-23T18:59:22Z type=video_restored payload={"type":"video_restored","ts_ms":1779562762510,"details":{"lost_for_ms":29}}
2026-05-23T18:59:22Z type=video_lost payload={"type":"video_lost","ts_ms":1779562762618,"details":{"status":"RECONNECTING"}}
2026-05-23T18:59:22Z type=video_retry payload={"type":"video_retry","ts_ms":1779562762619,"details":{"attempt":1,"delay_ms":1000,"mode":"auto"}}
2026-05-23T18:59:22Z type=video_restored payload={"type":"video_restored","ts_ms":1779562762632,"details":{"lost_for_ms":14}}
2026-05-23T19:04:04Z type=video_restored payload={"type":"video_restored","ts_ms":1779563044879,"details":{"lost_for_ms":35}}
2026-05-23T19:04:05Z type=video_lost payload={"type":"video_lost","ts_ms":1779563045175,"details":{"status":"RECONNECTING"}}
2026-05-23T19:04:05Z type=video_retry payload={"type":"video_retry","ts_ms":1779563045176,"details":{"attempt":1,"delay_ms":1000,"mode":"auto"}}
2026-05-23T19:04:05Z type=video_restored payload={"type":"video_restored","ts_ms":1779563045191,"details":{"lost_for_ms":16}}
2026-05-23T19:05:39Z type=video_restored payload={"type":"video_restored","ts_ms":1779563139429,"details":{"lost_for_ms":118}}
2026-05-23T19:05:39Z type=video_retry payload={"type":"video_retry","ts_ms":1779563139676,"details":{"attempt":1,"delay_ms":1000,"mode":"auto"}}
2026-05-23T19:05:39Z type=video_lost payload={"type":"video_lost","ts_ms":1779563139675,"details":{"status":"RECONNECTING"}}
2026-05-23T19:05:39Z type=video_restored payload={"type":"video_restored","ts_ms":1779563139687,"details":{"lost_for_ms":12}}
2026-05-23T19:07:55Z type=video_restored payload={"type":"video_restored","ts_ms":1779563275903,"details":{"lost_for_ms":35}}
2026-05-23T19:07:56Z type=video_lost payload={"type":"video_lost","ts_ms":1779563276142,"details":{"status":"RECONNECTING"}}
2026-05-23T19:07:56Z type=video_retry payload={"type":"video_retry","ts_ms":1779563276143,"details":{"attempt":1,"delay_ms":1000,"mode":"auto"}}
2026-05-23T19:07:56Z type=video_restored payload={"type":"video_restored","ts_ms":1779563276156,"details":{"lost_for_ms":14}}
2026-05-23T19:08:28Z type=video_restored payload={"type":"video_restored","ts_ms":1779563308876,"details":{"lost_for_ms":28}}
2026-05-23T19:08:29Z type=video_retry payload={"type":"video_retry","ts_ms":1779563309077,"details":{"attempt":1,"delay_ms":1000,"mode":"auto"}}
2026-05-23T19:08:29Z type=video_lost payload={"type":"video_lost","ts_ms":1779563309076,"details":{"status":"RECONNECTING"}}
2026-05-23T19:08:29Z type=video_restored payload={"type":"video_restored","ts_ms":1779563309087,"details":{"lost_for_ms":11}}
2026-05-23T19:09:30Z type=video_restored payload={"type":"video_restored","ts_ms":1779563370418,"details":{"lost_for_ms":30}}
2026-05-23T19:09:30Z type=video_restored payload={"type":"video_restored","ts_ms":1779563370559,"details":{"lost_for_ms":28}}
2026-05-23T19:09:30Z type=video_lost payload={"type":"video_lost","ts_ms":1779563370748,"details":{"status":"RECONNECTING"}}
2026-05-23T19:09:30Z type=video_retry payload={"type":"video_retry","ts_ms":1779563370750,"details":{"attempt":1,"delay_ms":1000,"mode":"auto"}}
2026-05-23T19:09:30Z type=video_restored payload={"type":"video_restored","ts_ms":1779563370769,"details":{"lost_for_ms":21}}
2026-05-23T19:09:30Z type=video_restored payload={"type":"video_restored","ts_ms":1779563370971,"details":{"lost_for_ms":38}}
2026-05-23T19:09:31Z type=video_restored payload={"type":"video_restored","ts_ms":1779563371117,"details":{"lost_for_ms":30}}
2026-05-23T19:09:31Z type=video_lost payload={"type":"video_lost","ts_ms":1779563371316,"details":{"status":"RECONNECTING"}}
2026-05-23T19:09:31Z type=video_restored payload={"type":"video_restored","ts_ms":1779563371482,"details":{"lost_for_ms":24}}
2026-05-23T19:09:31Z type=video_lost payload={"type":"video_lost","ts_ms":1779563371628,"details":{"status":"RECONNECTING"}}
2026-05-23T19:09:31Z type=video_retry payload={"type":"video_retry","ts_ms":1779563371628,"details":{"attempt":1,"delay_ms":1000,"mode":"auto"}}
2026-05-23T19:09:31Z type=video_restored payload={"type":"video_restored","ts_ms":1779563371642,"details":{"lost_for_ms":14}}
2026-05-23T19:15:13Z type=video_restored payload={"type":"video_restored","ts_ms":1779563713307,"details":{"lost_for_ms":35}}
2026-05-23T19:15:13Z type=video_restored payload={"type":"video_restored","ts_ms":1779563713620,"details":{"lost_for_ms":26}}
2026-05-23T19:15:13Z type=video_lost payload={"type":"video_lost","ts_ms":1779563713786,"details":{"status":"RECONNECTING"}}
2026-05-23T19:15:13Z type=video_retry payload={"type":"video_retry","ts_ms":1779563713787,"details":{"attempt":1,"delay_ms":1000,"mode":"auto"}}
2026-05-23T19:15:13Z type=video_restored payload={"type":"video_restored","ts_ms":1779563713795,"details":{"lost_for_ms":9}}
2026-05-23T19:15:13Z type=video_restored payload={"type":"video_restored","ts_ms":1779563713909,"details":{"lost_for_ms":26}}
2026-05-23T19:15:14Z type=video_lost payload={"type":"video_lost","ts_ms":1779563714106,"details":{"status":"RECONNECTING"}}
2026-05-23T19:15:14Z type=video_retry payload={"type":"video_retry","ts_ms":1779563714108,"details":{"attempt":1,"delay_ms":1000,"mode":"auto"}}
2026-05-23T19:15:14Z type=video_restored payload={"type":"video_restored","ts_ms":1779563714121,"details":{"lost_for_ms":15}}
2026-05-23T19:19:14Z type=video_restored payload={"type":"video_restored","ts_ms":1779563954838,"details":{"lost_for_ms":24}}
2026-05-23T19:19:15Z type=video_lost payload={"type":"video_lost","ts_ms":1779563954989,"details":{"status":"RECONNECTING"}}
2026-05-23T19:19:15Z type=video_retry payload={"type":"video_retry","ts_ms":1779563954990,"details":{"attempt":1,"delay_ms":1000,"mode":"auto"}}
2026-05-23T19:19:15Z type=video_restored payload={"type":"video_restored","ts_ms":1779563954999,"details":{"lost_for_ms":10}}
2026-05-23T19:19:36Z type=video_restored payload={"type":"video_restored","ts_ms":1779563976710,"details":{"lost_for_ms":21}}
2026-05-23T19:19:36Z type=video_lost payload={"type":"video_lost","ts_ms":1779563976886,"details":{"status":"RECONNECTING"}}
2026-05-23T19:19:36Z type=video_retry payload={"type":"video_retry","ts_ms":1779563976887,"details":{"attempt":1,"delay_ms":1000,"mode":"auto"}}
2026-05-23T19:19:36Z type=video_restored payload={"type":"video_restored","ts_ms":1779563976896,"details":{"lost_for_ms":10}}
2026-05-23T19:19:37Z type=video_restored payload={"type":"video_restored","ts_ms":1779563977095,"details":{"lost_for_ms":21}}
2026-05-23T19:19:37Z type=video_lost payload={"type":"video_lost","ts_ms":1779563977193,"details":{"status":"RECONNECTING"}}
2026-05-23T19:19:37Z type=video_retry payload={"type":"video_retry","ts_ms":1779563977194,"details":{"attempt":1,"delay_ms":1000,"mode":"auto"}}
2026-05-23T19:19:37Z type=video_restored payload={"type":"video_restored","ts_ms":1779563977207,"details":{"lost_for_ms":14}}
2026-05-23T19:55:03Z type=video_restored payload={"type":"video_restored","ts_ms":1779566103365,"details":{"lost_for_ms":23}}
2026-05-23T19:55:03Z type=video_lost payload={"type":"video_lost","ts_ms":1779566103564,"details":{"status":"RECONNECTING"}}
2026-05-23T19:55:03Z type=video_retry payload={"type":"video_retry","ts_ms":1779566103565,"details":{"attempt":1,"delay_ms":1000,"mode":"auto"}}
2026-05-23T19:55:03Z type=video_restored payload={"type":"video_restored","ts_ms":1779566103576,"details":{"lost_for_ms":12}}
2026-05-23T19:55:43Z type=video_restored payload={"type":"video_restored","ts_ms":1779566143534,"details":{"lost_for_ms":27}}
2026-05-23T19:55:43Z type=video_lost payload={"type":"video_lost","ts_ms":1779566143679,"details":{"status":"RECONNECTING"}}
2026-05-23T19:55:43Z type=video_retry payload={"type":"video_retry","ts_ms":1779566143680,"details":{"attempt":1,"delay_ms":1000,"mode":"auto"}}
2026-05-23T19:55:43Z type=video_restored payload={"type":"video_restored","ts_ms":1779566143688,"details":{"lost_for_ms":9}}
2026-05-23T20:00:03Z type=video_restored payload={"type":"video_restored","ts_ms":1779566403750,"details":{"lost_for_ms":30}}
2026-05-23T20:00:04Z type=video_lost payload={"type":"video_lost","ts_ms":1779566404017,"details":{"status":"RECONNECTING"}}
2026-05-23T20:00:04Z type=video_retry payload={"type":"video_retry","ts_ms":1779566404020,"details":{"attempt":1,"delay_ms":1000,"mode":"auto"}}
2026-05-23T20:00:04Z type=video_restored payload={"type":"video_restored","ts_ms":1779566404050,"details":{"lost_for_ms":33}}
2026-05-23T20:26:40Z type=video_restored payload={"type":"video_restored","ts_ms":1779568000809,"details":{"lost_for_ms":20}}
2026-05-23T20:26:40Z type=video_lost payload={"type":"video_lost","ts_ms":1779568000913,"details":{"status":"RECONNECTING"}}
2026-05-23T20:26:40Z type=video_retry payload={"type":"video_retry","ts_ms":1779568000914,"details":{"attempt":1,"delay_ms":1000,"mode":"auto"}}
2026-05-23T20:26:40Z type=video_restored payload={"type":"video_restored","ts_ms":1779568000927,"details":{"lost_for_ms":14}}
2026-05-23T20:26:41Z type=video_restored payload={"type":"video_restored","ts_ms":1779568001014,"details":{"lost_for_ms":21}}
2026-05-23T20:26:41Z type=video_lost payload={"type":"video_lost","ts_ms":1779568001145,"details":{"status":"RECONNECTING"}}
2026-05-23T20:26:41Z type=video_retry payload={"type":"video_retry","ts_ms":1779568001146,"details":{"attempt":1,"delay_ms":1000,"mode":"auto"}}
2026-05-23T20:26:41Z type=video_restored payload={"type":"video_restored","ts_ms":1779568001160,"details":{"lost_for_ms":15}}
2026-05-23T20:26:41Z type=video_restored payload={"type":"video_restored","ts_ms":1779568001257,"details":{"lost_for_ms":24}}
2026-05-23T20:26:41Z type=video_retry payload={"type":"video_retry","ts_ms":1779568001475,"details":{"attempt":1,"delay_ms":1000,"mode":"auto"}}
2026-05-23T20:26:41Z type=video_lost payload={"type":"video_lost","ts_ms":1779568001474,"details":{"status":"RECONNECTING"}}
2026-05-23T20:26:41Z type=video_restored payload={"type":"video_restored","ts_ms":1779568001481,"details":{"lost_for_ms":7}}
2026-05-23T20:48:11Z type=video_restored payload={"type":"video_restored","ts_ms":1779569290948,"details":{"lost_for_ms":12}}
2026-05-23T20:48:11Z type=video_lost payload={"type":"video_lost","ts_ms":1779569291231,"details":{"status":"RECONNECTING"}}
2026-05-23T20:48:11Z type=video_retry payload={"type":"video_retry","ts_ms":1779569291232,"details":{"attempt":1,"delay_ms":1000,"mode":"auto"}}
2026-05-23T20:48:11Z type=video_restored payload={"type":"video_restored","ts_ms":1779569291248,"details":{"lost_for_ms":17}}
2026-05-23T21:08:50Z type=video_restored payload={"type":"video_restored","ts_ms":1779570530936,"details":{"lost_for_ms":26}}
2026-05-23T21:08:51Z type=video_lost payload={"type":"video_lost","ts_ms":1779570531049,"details":{"status":"RECONNECTING"}}
2026-05-23T21:08:51Z type=video_retry payload={"type":"video_retry","ts_ms":1779570531050,"details":{"attempt":1,"delay_ms":1000,"mode":"auto"}}
2026-05-23T21:08:51Z type=video_restored payload={"type":"video_restored","ts_ms":1779570531061,"details":{"lost_for_ms":12}}
2026-05-24T07:37:29Z type=video_restored payload={"type":"video_restored","ts_ms":1779608249303,"details":{"lost_for_ms":54}}
2026-05-24T07:37:29Z type=video_lost payload={"type":"video_lost","ts_ms":1779608249532,"details":{"status":"RECONNECTING"}}
2026-05-24T07:37:29Z type=video_retry payload={"type":"video_retry","ts_ms":1779608249534,"details":{"attempt":1,"delay_ms":1000,"mode":"auto"}}
2026-05-24T07:37:29Z type=video_restored payload={"type":"video_restored","ts_ms":1779608249543,"details":{"lost_for_ms":11}}
2026-05-24T07:44:14Z type=link_mode_changed payload={"type":"link_mode_changed","ts_ms":1779608654598,"details":{"mode":"critical","reason":"rtt-critical","rtt_ms":804}}
2026-05-24T07:44:14Z type=link_mode_changed payload={"type":"link_mode_changed","ts_ms":1779608654812,"details":{"mode":"normal","reason":"rtt-restored","rtt_ms":16}}
2026-05-24T08:24:24Z type=video_restored payload={"type":"video_restored","ts_ms":1779611064685,"details":{"lost_for_ms":22}}
2026-05-24T08:24:24Z type=video_lost payload={"type":"video_lost","ts_ms":1779611064797,"details":{"status":"RECONNECTING"}}
2026-05-24T08:24:24Z type=video_retry payload={"type":"video_retry","ts_ms":1779611064798,"details":{"attempt":1,"delay_ms":1000,"mode":"auto"}}
2026-05-24T08:24:24Z type=video_restored payload={"type":"video_restored","ts_ms":1779611064809,"details":{"lost_for_ms":12}}
2026-05-24T09:34:50Z type=video_restored payload={"type":"video_restored","ts_ms":1779615290467,"details":{"lost_for_ms":24}}
2026-05-24T09:34:50Z type=video_lost payload={"type":"video_lost","ts_ms":1779615290633,"details":{"status":"RECONNECTING"}}
2026-05-24T09:34:50Z type=video_retry payload={"type":"video_retry","ts_ms":1779615290634,"details":{"attempt":1,"delay_ms":1000,"mode":"auto"}}
2026-05-24T09:34:50Z type=video_restored payload={"type":"video_restored","ts_ms":1779615290649,"details":{"lost_for_ms":16}}
2026-05-24T09:34:50Z type=video_restored payload={"type":"video_restored","ts_ms":1779615290704,"details":{"lost_for_ms":29}}
2026-05-24T09:34:51Z type=video_restored payload={"type":"video_restored","ts_ms":1779615290991,"details":{"lost_for_ms":24}}
2026-05-24T09:34:51Z type=video_retry payload={"type":"video_retry","ts_ms":1779615291227,"details":{"attempt":1,"delay_ms":1000,"mode":"auto"}}
2026-05-24T09:34:51Z type=video_lost payload={"type":"video_lost","ts_ms":1779615291224,"details":{"status":"RECONNECTING"}}
2026-05-24T09:34:51Z type=video_restored payload={"type":"video_restored","ts_ms":1779615291244,"details":{"lost_for_ms":20}}
2026-05-24T09:50:15Z type=video_restored payload={"type":"video_restored","ts_ms":1779616215346,"details":{"lost_for_ms":8}}
2026-05-24T09:50:15Z type=video_lost payload={"type":"video_lost","ts_ms":1779616215575,"details":{"status":"RECONNECTING"}}
2026-05-24T09:50:15Z type=video_retry payload={"type":"video_retry","ts_ms":1779616215576,"details":{"attempt":1,"delay_ms":1000,"mode":"auto"}}
2026-05-24T09:50:15Z type=video_restored payload={"type":"video_restored","ts_ms":1779616215585,"details":{"lost_for_ms":10}}
2026-05-24T09:57:20Z type=link_mode_changed payload={"type":"link_mode_changed","ts_ms":1779616640167,"details":{"mode":"normal","reason":"rtt-restored","rtt_ms":13}}
2026-05-24T09:58:54Z type=video_restored payload={"type":"video_restored","ts_ms":1779616734647,"details":{"lost_for_ms":33}}
2026-05-24T09:58:54Z type=video_lost payload={"type":"video_lost","ts_ms":1779616734827,"details":{"status":"RECONNECTING"}}
2026-05-24T09:58:54Z type=video_retry payload={"type":"video_retry","ts_ms":1779616734828,"details":{"attempt":1,"delay_ms":1000,"mode":"auto"}}
2026-05-24T09:58:54Z type=video_restored payload={"type":"video_restored","ts_ms":1779616734841,"details":{"lost_for_ms":14}}
2026-05-24T10:44:13Z type=video_restored payload={"type":"video_restored","ts_ms":1779619453318,"details":{"lost_for_ms":22}}
2026-05-24T10:44:13Z type=video_restored payload={"type":"video_restored","ts_ms":1779619453499,"details":{"lost_for_ms":21}}
2026-05-24T10:44:13Z type=video_restored payload={"type":"video_restored","ts_ms":1779619453669,"details":{"lost_for_ms":19}}
2026-05-24T10:44:13Z type=video_lost payload={"type":"video_lost","ts_ms":1779619453904,"details":{"status":"RECONNECTING"}}
2026-05-24T10:44:13Z type=video_retry payload={"type":"video_retry","ts_ms":1779619453906,"details":{"attempt":1,"delay_ms":1000,"mode":"auto"}}
2026-05-24T10:44:13Z type=video_restored payload={"type":"video_restored","ts_ms":1779619453918,"details":{"lost_for_ms":14}}
2026-05-24T10:44:28Z type=video_restored payload={"type":"video_restored","ts_ms":1779619468523,"details":{"lost_for_ms":22}}
2026-05-24T10:44:28Z type=video_lost payload={"type":"video_lost","ts_ms":1779619468721,"details":{"status":"RECONNECTING"}}
2026-05-24T10:44:28Z type=video_retry payload={"type":"video_retry","ts_ms":1779619468721,"details":{"attempt":1,"delay_ms":1000,"mode":"auto"}}
2026-05-24T10:44:28Z type=video_restored payload={"type":"video_restored","ts_ms":1779619468735,"details":{"lost_for_ms":14}}
2026-05-24T11:19:12Z type=video_restored payload={"type":"video_restored","ts_ms":1779621552252,"details":{"lost_for_ms":24}}
2026-05-24T11:19:12Z type=video_lost payload={"type":"video_lost","ts_ms":1779621552348,"details":{"status":"RECONNECTING"}}
2026-05-24T11:19:12Z type=video_retry payload={"type":"video_retry","ts_ms":1779621552349,"details":{"attempt":1,"delay_ms":1000,"mode":"auto"}}
2026-05-24T11:19:12Z type=video_restored payload={"type":"video_restored","ts_ms":1779621552361,"details":{"lost_for_ms":13}}
2026-05-24T11:19:12Z type=video_restored payload={"type":"video_restored","ts_ms":1779621552705,"details":{"lost_for_ms":21}}
2026-05-24T11:19:12Z type=video_retry payload={"type":"video_retry","ts_ms":1779621552825,"details":{"attempt":1,"delay_ms":1000,"mode":"auto"}}
2026-05-24T11:19:12Z type=video_lost payload={"type":"video_lost","ts_ms":1779621552824,"details":{"status":"RECONNECTING"}}
2026-05-24T11:19:12Z type=video_restored payload={"type":"video_restored","ts_ms":1779621552833,"details":{"lost_for_ms":9}}
2026-05-24T12:05:36Z type=video_restored payload={"type":"video_restored","ts_ms":1779624336637,"details":{"lost_for_ms":23}}
2026-05-24T12:05:36Z type=video_lost payload={"type":"video_lost","ts_ms":1779624336797,"details":{"status":"RECONNECTING"}}
2026-05-24T12:05:36Z type=video_retry payload={"type":"video_retry","ts_ms":1779624336798,"details":{"attempt":1,"delay_ms":1000,"mode":"auto"}}
2026-05-24T12:05:36Z type=video_restored payload={"type":"video_restored","ts_ms":1779624336812,"details":{"lost_for_ms":15}}
2026-05-24T12:09:51Z type=link_mode_changed payload={"type":"link_mode_changed","ts_ms":1779624591432,"details":{"mode":"safe","reason":"rtt-high","rtt_ms":359}}
2026-05-24T12:09:53Z type=link_mode_changed payload={"type":"link_mode_changed","ts_ms":1779624593102,"details":{"mode":"normal","reason":"rtt-restored","rtt_ms":29}}
2026-05-24T12:48:22Z type=video_restored payload={"type":"video_restored","ts_ms":1779626902802,"details":{"lost_for_ms":28}}
2026-05-24T12:48:23Z type=video_lost payload={"type":"video_lost","ts_ms":1779626903000,"details":{"status":"RECONNECTING"}}
2026-05-24T12:48:23Z type=video_retry payload={"type":"video_retry","ts_ms":1779626903001,"details":{"attempt":1,"delay_ms":1000,"mode":"auto"}}
2026-05-24T12:48:23Z type=video_restored payload={"type":"video_restored","ts_ms":1779626903008,"details":{"lost_for_ms":8}}
2026-05-24T13:16:30Z type=video_restored payload={"type":"video_restored","ts_ms":1779628590126,"details":{"lost_for_ms":39}}
2026-05-24T13:16:30Z type=video_lost payload={"type":"video_lost","ts_ms":1779628590248,"details":{"status":"RECONNECTING"}}
2026-05-24T13:16:30Z type=video_retry payload={"type":"video_retry","ts_ms":1779628590249,"details":{"attempt":1,"delay_ms":1000,"mode":"auto"}}
2026-05-24T13:16:30Z type=video_restored payload={"type":"video_restored","ts_ms":1779628590320,"details":{"lost_for_ms":37}}
2026-05-24T13:16:30Z type=video_restored payload={"type":"video_restored","ts_ms":1779628590483,"details":{"lost_for_ms":26}}
2026-05-24T13:16:30Z type=video_lost payload={"type":"video_lost","ts_ms":1779628590723,"details":{"status":"RECONNECTING"}}
2026-05-24T13:16:30Z type=video_retry payload={"type":"video_retry","ts_ms":1779628590727,"details":{"attempt":1,"delay_ms":1000,"mode":"auto"}}
2026-05-24T13:16:30Z type=video_restored payload={"type":"video_restored","ts_ms":1779628590754,"details":{"lost_for_ms":31}}
2026-05-24T13:34:37Z type=detector_model_switch_start payload={"type":"detector_model_switch_start","model":"model_rknn/yolov8s_640x640_9out_fp32.rknn"}
2026-05-24T13:34:37Z type=detector_model_switch_ok payload={"type":"detector_model_switch_ok","model":"model_rknn/yolov8s_640x640_9out_fp32.rknn"}
2026-05-24T13:49:18Z type=video_restored payload={"type":"video_restored","ts_ms":1779630558347,"details":{"lost_for_ms":30}}
2026-05-24T13:49:18Z type=video_lost payload={"type":"video_lost","ts_ms":1779630558505,"details":{"status":"RECONNECTING"}}
2026-05-24T13:49:18Z type=video_retry payload={"type":"video_retry","ts_ms":1779630558506,"details":{"attempt":1,"delay_ms":1000,"mode":"auto"}}
2026-05-24T13:49:18Z type=video_restored payload={"type":"video_restored","ts_ms":1779630558518,"details":{"lost_for_ms":13}}
2026-05-24T13:56:02Z type=detector_model_switch_start payload={"type":"detector_model_switch_start","model":"model_rknn/yolov8s_800x800_9out_fp32.rknn"}
2026-05-24T13:56:03Z type=detector_model_switch_ok payload={"type":"detector_model_switch_ok","model":"model_rknn/yolov8s_800x800_9out_fp32.rknn"}
2026-05-24T17:35:44Z type=video_retry payload={"type":"video_retry","ts_ms":1779644144825,"details":{"attempt":1,"delay_ms":1000,"mode":"auto"}}
2026-05-24T17:35:44Z type=video_restored payload={"type":"video_restored","ts_ms":1779644144835,"details":{"lost_for_ms":391}}
2026-05-24T17:47:50Z type=video_restored payload={"type":"video_restored","ts_ms":1779644870226,"details":{"lost_for_ms":37}}
2026-05-24T17:47:50Z type=video_lost payload={"type":"video_lost","ts_ms":1779644870386,"details":{"status":"RECONNECTING"}}
2026-05-24T17:47:50Z type=video_retry payload={"type":"video_retry","ts_ms":1779644870388,"details":{"attempt":1,"delay_ms":1000,"mode":"auto"}}
2026-05-24T17:47:50Z type=video_restored payload={"type":"video_restored","ts_ms":1779644870405,"details":{"lost_for_ms":19}}
2026-05-24T17:58:13Z type=video_restored payload={"type":"video_restored","ts_ms":1779645493106,"details":{"lost_for_ms":19}}
2026-05-24T17:58:13Z type=video_lost payload={"type":"video_lost","ts_ms":1779645493244,"details":{"status":"RECONNECTING"}}
2026-05-24T17:58:13Z type=video_retry payload={"type":"video_retry","ts_ms":1779645493245,"details":{"attempt":1,"delay_ms":1000,"mode":"auto"}}
2026-05-24T17:58:13Z type=video_restored payload={"type":"video_restored","ts_ms":1779645493257,"details":{"lost_for_ms":13}}
2026-05-24T18:36:42Z type=video_restored payload={"type":"video_restored","ts_ms":1779647802875,"details":{"lost_for_ms":33}}
2026-05-24T18:36:43Z type=video_lost payload={"type":"video_lost","ts_ms":1779647803020,"details":{"status":"RECONNECTING"}}
2026-05-24T18:36:43Z type=video_retry payload={"type":"video_retry","ts_ms":1779647803020,"details":{"attempt":1,"delay_ms":1000,"mode":"auto"}}
2026-05-24T18:36:43Z type=video_restored payload={"type":"video_restored","ts_ms":1779647803035,"details":{"lost_for_ms":15}}
2026-05-24T18:36:45Z type=video_restored payload={"type":"video_restored","ts_ms":1779647805468,"details":{"lost_for_ms":25}}
2026-05-24T18:36:45Z type=video_lost payload={"type":"video_lost","ts_ms":1779647805660,"details":{"status":"RECONNECTING"}}
2026-05-24T18:36:45Z type=video_retry payload={"type":"video_retry","ts_ms":1779647805662,"details":{"attempt":1,"delay_ms":1000,"mode":"auto"}}
2026-05-24T18:36:45Z type=video_restored payload={"type":"video_restored","ts_ms":1779647805695,"details":{"lost_for_ms":35}}
2026-05-24T18:38:03Z type=video_restored payload={"type":"video_restored","ts_ms":1779647883022,"details":{"lost_for_ms":26}}
2026-05-24T18:38:03Z type=video_lost payload={"type":"video_lost","ts_ms":1779647883125,"details":{"status":"RECONNECTING"}}
2026-05-24T18:38:03Z type=video_retry payload={"type":"video_retry","ts_ms":1779647883126,"details":{"attempt":1,"delay_ms":1000,"mode":"auto"}}
2026-05-24T18:38:03Z type=video_restored payload={"type":"video_restored","ts_ms":1779647883138,"details":{"lost_for_ms":13}}
2026-05-24T18:38:39Z type=video_restored payload={"type":"video_restored","ts_ms":1779647919863,"details":{"lost_for_ms":45}}
2026-05-24T18:38:40Z type=video_lost payload={"type":"video_lost","ts_ms":1779647920070,"details":{"status":"RECONNECTING"}}
2026-05-24T18:38:40Z type=video_retry payload={"type":"video_retry","ts_ms":1779647920072,"details":{"attempt":1,"delay_ms":1000,"mode":"auto"}}
2026-05-24T18:38:40Z type=video_restored payload={"type":"video_restored","ts_ms":1779647920104,"details":{"lost_for_ms":35}}
2026-05-24T18:38:51Z type=video_restored payload={"type":"video_restored","ts_ms":1779647931604,"details":{"lost_for_ms":28}}
2026-05-24T18:38:51Z type=video_lost payload={"type":"video_lost","ts_ms":1779647931745,"details":{"status":"RECONNECTING"}}
2026-05-24T18:38:51Z type=video_retry payload={"type":"video_retry","ts_ms":1779647931745,"details":{"attempt":1,"delay_ms":1000,"mode":"auto"}}
2026-05-24T18:38:51Z type=video_restored payload={"type":"video_restored","ts_ms":1779647931759,"details":{"lost_for_ms":14}}
2026-05-24T18:39:38Z type=video_restored payload={"type":"video_restored","ts_ms":1779647978872,"details":{"lost_for_ms":35}}
2026-05-24T18:39:39Z type=video_lost payload={"type":"video_lost","ts_ms":1779647979063,"details":{"status":"RECONNECTING"}}
2026-05-24T18:39:39Z type=video_retry payload={"type":"video_retry","ts_ms":1779647979065,"details":{"attempt":1,"delay_ms":1000,"mode":"auto"}}
2026-05-24T18:39:39Z type=video_restored payload={"type":"video_restored","ts_ms":1779647979090,"details":{"lost_for_ms":27}}
2026-05-24T18:39:39Z type=video_restored payload={"type":"video_restored","ts_ms":1779647979820,"details":{"lost_for_ms":31}}
2026-05-24T18:39:39Z type=video_restored payload={"type":"video_restored","ts_ms":1779647979964,"details":{"lost_for_ms":24}}
2026-05-24T18:39:40Z type=video_lost payload={"type":"video_lost","ts_ms":1779647980172,"details":{"status":"RECONNECTING"}}
2026-05-24T18:39:40Z type=video_retry payload={"type":"video_retry","ts_ms":1779647980173,"details":{"attempt":1,"delay_ms":1000,"mode":"auto"}}
2026-05-24T18:39:40Z type=video_restored payload={"type":"video_restored","ts_ms":1779647980183,"details":{"lost_for_ms":11}}
2026-05-24T19:33:23Z type=link_mode_changed payload={"type":"link_mode_changed","ts_ms":1779651203027,"details":{"mode":"normal","reason":"rtt-restored","rtt_ms":18}}
2026-05-24T19:33:26Z type=video_restored payload={"type":"video_restored","ts_ms":1779651206573,"details":{"lost_for_ms":34}}
2026-05-24T19:33:26Z type=video_lost payload={"type":"video_lost","ts_ms":1779651206775,"details":{"status":"RECONNECTING"}}
2026-05-24T19:33:26Z type=video_retry payload={"type":"video_retry","ts_ms":1779651206777,"details":{"attempt":1,"delay_ms":1000,"mode":"auto"}}
2026-05-24T19:33:26Z type=video_restored payload={"type":"video_restored","ts_ms":1779651206803,"details":{"lost_for_ms":28}}
2026-05-24T19:38:58Z type=link_mode_changed payload={"type":"link_mode_changed","ts_ms":1779651532280,"details":{"mode":"critical","reason":"rtt-critical","rtt_ms":null}}
2026-05-24T19:38:59Z type=link_mode_changed payload={"type":"link_mode_changed","ts_ms":1779651539194,"details":{"mode":"normal","reason":"rtt-restored","rtt_ms":201}}
2026-05-24T19:50:18Z type=video_restored payload={"type":"video_restored","ts_ms":1779652218196,"details":{"lost_for_ms":39}}
2026-05-24T19:50:18Z type=video_lost payload={"type":"video_lost","ts_ms":1779652218405,"details":{"status":"RECONNECTING"}}
2026-05-24T19:50:18Z type=video_retry payload={"type":"video_retry","ts_ms":1779652218406,"details":{"attempt":1,"delay_ms":1000,"mode":"auto"}}
2026-05-24T19:50:18Z type=video_restored payload={"type":"video_restored","ts_ms":1779652218420,"details":{"lost_for_ms":15}}
2026-05-25T07:26:16Z type=video_restored payload={"type":"video_restored","ts_ms":1779693976800,"details":{"lost_for_ms":72}}
2026-05-25T07:26:17Z type=video_lost payload={"type":"video_lost","ts_ms":1779693976997,"details":{"status":"RECONNECTING"}}
2026-05-25T07:26:17Z type=video_retry payload={"type":"video_retry","ts_ms":1779693976998,"details":{"attempt":1,"delay_ms":1000,"mode":"auto"}}
2026-05-25T07:26:17Z type=video_restored payload={"type":"video_restored","ts_ms":1779693977007,"details":{"lost_for_ms":10}}
2026-05-25T07:50:39Z type=video_restored payload={"type":"video_restored","ts_ms":1779695439868,"details":{"lost_for_ms":9}}
2026-05-25T07:50:40Z type=video_restored payload={"type":"video_restored","ts_ms":1779695440024,"details":{"lost_for_ms":28}}
2026-05-25T07:50:40Z type=video_restored payload={"type":"video_restored","ts_ms":1779695440232,"details":{"lost_for_ms":41}}
2026-05-25T07:50:40Z type=video_lost payload={"type":"video_lost","ts_ms":1779695440482,"details":{"status":"RECONNECTING"}}
2026-05-25T07:50:40Z type=video_retry payload={"type":"video_retry","ts_ms":1779695440485,"details":{"attempt":1,"delay_ms":1000,"mode":"auto"}}
2026-05-25T07:50:40Z type=video_restored payload={"type":"video_restored","ts_ms":1779695440505,"details":{"lost_for_ms":23}}
2026-05-25T09:00:22Z type=video_restored payload={"type":"video_restored","ts_ms":1779699622846,"details":{"lost_for_ms":37}}
2026-05-25T09:00:23Z type=video_lost payload={"type":"video_lost","ts_ms":1779699623051,"details":{"status":"RECONNECTING"}}
2026-05-25T09:00:23Z type=video_retry payload={"type":"video_retry","ts_ms":1779699623052,"details":{"attempt":1,"delay_ms":1000,"mode":"auto"}}
2026-05-25T09:00:23Z type=video_restored payload={"type":"video_restored","ts_ms":1779699623066,"details":{"lost_for_ms":15}}
2026-05-25T09:10:36Z type=link_mode_changed payload={"type":"link_mode_changed","ts_ms":1779700236516,"details":{"mode":"critical","reason":"rtt-critical","rtt_ms":1200}}
2026-05-25T09:10:37Z type=link_mode_changed payload={"type":"link_mode_changed","ts_ms":1779700237527,"details":{"mode":"normal","reason":"rtt-restored","rtt_ms":39}}
2026-05-25T09:10:55Z type=link_mode_changed payload={"type":"link_mode_changed","ts_ms":1779700255889,"details":{"mode":"critical","reason":"rtt-critical","rtt_ms":1964}}
2026-05-25T09:10:55Z type=link_mode_changed payload={"type":"link_mode_changed","ts_ms":1779700255890,"details":{"mode":"normal","reason":"rtt-restored","rtt_ms":32}}
2026-05-25T09:11:00Z type=link_mode_changed payload={"type":"link_mode_changed","ts_ms":1779700260497,"details":{"mode":"safe","reason":"rtt-high","rtt_ms":411}}
2026-05-25T09:11:01Z type=link_mode_changed payload={"type":"link_mode_changed","ts_ms":1779700261131,"details":{"mode":"normal","reason":"rtt-restored","rtt_ms":19}}
2026-05-25T09:11:14Z type=link_mode_changed payload={"type":"link_mode_changed","ts_ms":1779700274577,"details":{"mode":"critical","reason":"rtt-critical","rtt_ms":1735}}
2026-05-25T09:11:14Z type=link_mode_changed payload={"type":"link_mode_changed","ts_ms":1779700274603,"details":{"mode":"normal","reason":"rtt-restored","rtt_ms":61}}
2026-05-25T09:11:16Z type=link_mode_changed payload={"type":"link_mode_changed","ts_ms":1779700276909,"details":{"mode":"safe","reason":"rtt-high","rtt_ms":279}}
2026-05-25T09:11:18Z type=link_mode_changed payload={"type":"link_mode_changed","ts_ms":1779700278886,"details":{"mode":"normal","reason":"rtt-restored","rtt_ms":17}}
2026-05-25T09:33:43Z type=video_restored payload={"type":"video_restored","ts_ms":1779701623007,"details":{"lost_for_ms":59}}
2026-05-25T09:33:43Z type=video_lost payload={"type":"video_lost","ts_ms":1779701623507,"details":{"status":"RECONNECTING"}}
2026-05-25T09:33:43Z type=video_retry payload={"type":"video_retry","ts_ms":1779701623508,"details":{"attempt":1,"delay_ms":1000,"mode":"auto"}}
2026-05-25T09:33:43Z type=video_restored payload={"type":"video_restored","ts_ms":1779701623526,"details":{"lost_for_ms":19}}
2026-05-25T10:26:17Z type=link_mode_changed payload={"type":"link_mode_changed","ts_ms":1779704777988,"details":{"mode":"normal","reason":"rtt-restored","rtt_ms":16}}
2026-05-25T10:26:34Z type=video_restored payload={"type":"video_restored","ts_ms":1779704794084,"details":{"lost_for_ms":48}}
2026-05-25T10:26:34Z type=video_retry payload={"type":"video_retry","ts_ms":1779704794298,"details":{"attempt":1,"delay_ms":1000,"mode":"auto"}}
2026-05-25T10:26:34Z type=video_lost payload={"type":"video_lost","ts_ms":1779704794297,"details":{"status":"RECONNECTING"}}
2026-05-25T10:26:34Z type=video_restored payload={"type":"video_restored","ts_ms":1779704794314,"details":{"lost_for_ms":17}}
2026-05-25T10:33:17Z type=video_restored payload={"type":"video_restored","ts_ms":1779705197490,"details":{"lost_for_ms":28}}
2026-05-25T10:33:17Z type=video_restored payload={"type":"video_restored","ts_ms":1779705197672,"details":{"lost_for_ms":34}}
2026-05-25T10:33:17Z type=video_lost payload={"type":"video_lost","ts_ms":1779705197815,"details":{"status":"RECONNECTING"}}
2026-05-25T10:33:17Z type=video_retry payload={"type":"video_retry","ts_ms":1779705197816,"details":{"attempt":1,"delay_ms":1000,"mode":"auto"}}
2026-05-25T10:33:17Z type=video_restored payload={"type":"video_restored","ts_ms":1779705197826,"details":{"lost_for_ms":10}}
2026-05-25T10:33:17Z type=video_restored payload={"type":"video_restored","ts_ms":1779705197945,"details":{"lost_for_ms":31}}
2026-05-25T10:33:18Z type=video_lost payload={"type":"video_lost","ts_ms":1779705198077,"details":{"status":"RECONNECTING"}}
2026-05-25T10:33:18Z type=video_retry payload={"type":"video_retry","ts_ms":1779705198078,"details":{"attempt":1,"delay_ms":1000,"mode":"auto"}}
2026-05-25T10:33:18Z type=video_restored payload={"type":"video_restored","ts_ms":1779705198095,"details":{"lost_for_ms":18}}
2026-05-25T10:57:21Z type=video_retry payload={"type":"video_retry","ts_ms":1779706641565,"details":{"attempt":1,"delay_ms":1000,"mode":"auto"}}
2026-05-25T10:57:22Z type=video_retry payload={"type":"video_retry","ts_ms":1779706642575,"details":{"attempt":2,"delay_ms":2000,"mode":"auto"}}
2026-05-25T10:57:23Z type=video_retry payload={"type":"video_retry","ts_ms":1779706643901,"details":{"attempt":1,"delay_ms":1000,"mode":"auto"}}
2026-05-25T10:57:24Z type=video_retry payload={"type":"video_retry","ts_ms":1779706644939,"details":{"attempt":2,"delay_ms":2000,"mode":"auto"}}
2026-05-25T10:57:26Z type=video_retry payload={"type":"video_retry","ts_ms":1779706646969,"details":{"attempt":3,"delay_ms":5000,"mode":"auto"}}
2026-05-25T10:57:27Z type=video_retry payload={"type":"video_retry","ts_ms":1779706647345,"details":{"attempt":1,"delay_ms":1000,"mode":"auto"}}
2026-05-25T10:57:28Z type=video_retry payload={"type":"video_retry","ts_ms":1779706648089,"details":{"attempt":1,"delay_ms":1000,"mode":"auto"}}
2026-05-25T10:57:29Z type=video_retry payload={"type":"video_retry","ts_ms":1779706649098,"details":{"attempt":2,"delay_ms":2000,"mode":"auto"}}
2026-05-25T10:57:31Z type=video_retry payload={"type":"video_retry","ts_ms":1779706651088,"details":{"attempt":1,"delay_ms":1000,"mode":"auto"}}
2026-05-25T10:57:32Z type=video_retry payload={"type":"video_retry","ts_ms":1779706652176,"details":{"attempt":2,"delay_ms":2000,"mode":"auto"}}
2026-05-25T10:57:34Z type=video_retry payload={"type":"video_retry","ts_ms":1779706654213,"details":{"attempt":3,"delay_ms":5000,"mode":"auto"}}
2026-05-25T10:57:39Z type=video_retry payload={"type":"video_retry","ts_ms":1779706659216,"details":{"attempt":4,"delay_ms":10000,"mode":"auto"}}
2026-05-25T11:00:21Z type=video_retry payload={"type":"video_retry","ts_ms":1779706821085,"details":{"attempt":5,"delay_ms":10000,"mode":"auto"}}
2026-05-25T11:05:44Z type=video_restored payload={"type":"video_restored","ts_ms":1779707144339,"details":{"lost_for_ms":46}}
2026-05-25T11:05:44Z type=video_lost payload={"type":"video_lost","ts_ms":1779707144628,"details":{"status":"RECONNECTING"}}
2026-05-25T11:05:44Z type=video_retry payload={"type":"video_retry","ts_ms":1779707144629,"details":{"attempt":1,"delay_ms":1000,"mode":"auto"}}
2026-05-25T11:05:44Z type=video_restored payload={"type":"video_restored","ts_ms":1779707144640,"details":{"lost_for_ms":12}}
2026-05-25T11:23:11Z type=link_mode_changed payload={"type":"link_mode_changed","ts_ms":1779708191562,"details":{"mode":"safe","reason":"rtt-high","rtt_ms":364}}
2026-05-25T11:23:14Z type=link_mode_changed payload={"type":"link_mode_changed","ts_ms":1779708194281,"details":{"mode":"normal","reason":"rtt-restored","rtt_ms":40}}
2026-05-25T11:23:17Z type=link_mode_changed payload={"type":"link_mode_changed","ts_ms":1779708196907,"details":{"mode":"safe","reason":"rtt-high","rtt_ms":471}}
2026-05-25T11:23:19Z type=link_mode_changed payload={"type":"link_mode_changed","ts_ms":1779708199004,"details":{"mode":"critical","reason":"rtt-critical","rtt_ms":1569}}
2026-05-25T11:23:23Z type=link_mode_changed payload={"type":"link_mode_changed","ts_ms":1779708203513,"details":{"mode":"normal","reason":"rtt-restored","rtt_ms":100}}
2026-05-25T11:23:30Z type=link_mode_changed payload={"type":"link_mode_changed","ts_ms":1779708210391,"details":{"mode":"critical","reason":"rtt-critical","rtt_ms":652}}
2026-05-25T11:23:31Z type=link_mode_changed payload={"type":"link_mode_changed","ts_ms":1779708211190,"details":{"mode":"safe","reason":"rtt-high","rtt_ms":363}}
2026-05-25T11:23:35Z type=link_mode_changed payload={"type":"link_mode_changed","ts_ms":1779708214529,"details":{"mode":"critical","reason":"rtt-critical","rtt_ms":1068}}
2026-05-25T11:23:36Z type=link_mode_changed payload={"type":"link_mode_changed","ts_ms":1779708215964,"details":{"mode":"safe","reason":"rtt-high","rtt_ms":356}}
2026-05-25T11:23:37Z type=link_mode_changed payload={"type":"link_mode_changed","ts_ms":1779708217898,"details":{"mode":"normal","reason":"rtt-restored","rtt_ms":53}}
2026-05-25T11:24:27Z type=link_mode_changed payload={"type":"link_mode_changed","ts_ms":1779708267349,"details":{"mode":"safe","reason":"rtt-high","rtt_ms":242}}
2026-05-25T11:24:28Z type=link_mode_changed payload={"type":"link_mode_changed","ts_ms":1779708268180,"details":{"mode":"normal","reason":"rtt-restored","rtt_ms":52}}
2026-05-25T11:24:33Z type=link_mode_changed payload={"type":"link_mode_changed","ts_ms":1779708272865,"details":{"mode":"critical","reason":"rtt-critical","rtt_ms":492}}
2026-05-25T11:24:34Z type=link_mode_changed payload={"type":"link_mode_changed","ts_ms":1779708274739,"details":{"mode":"normal","reason":"rtt-restored","rtt_ms":50}}
2026-05-25T11:25:00Z type=link_mode_changed payload={"type":"link_mode_changed","ts_ms":1779708299981,"details":{"mode":"critical","reason":"rtt-critical","rtt_ms":556}}
2026-05-25T11:25:00Z type=link_mode_changed payload={"type":"link_mode_changed","ts_ms":1779708300489,"details":{"mode":"normal","reason":"rtt-restored","rtt_ms":35}}
2026-05-25T11:25:05Z type=link_mode_changed payload={"type":"link_mode_changed","ts_ms":1779708305406,"details":{"mode":"critical","reason":"rtt-critical","rtt_ms":747}}
2026-05-25T11:25:05Z type=link_mode_changed payload={"type":"link_mode_changed","ts_ms":1779708305933,"details":{"mode":"normal","reason":"rtt-restored","rtt_ms":201}}
2026-05-25T11:25:12Z type=link_mode_changed payload={"type":"link_mode_changed","ts_ms":1779708312094,"details":{"mode":"safe","reason":"rtt-high","rtt_ms":231}}
2026-05-25T11:25:14Z type=link_mode_changed payload={"type":"link_mode_changed","ts_ms":1779708314052,"details":{"mode":"normal","reason":"rtt-restored","rtt_ms":36}}
2026-05-25T11:25:22Z type=link_mode_changed payload={"type":"link_mode_changed","ts_ms":1779708322723,"details":{"mode":"safe","reason":"rtt-high","rtt_ms":372}}
2026-05-25T11:25:23Z type=link_mode_changed payload={"type":"link_mode_changed","ts_ms":1779708323536,"details":{"mode":"normal","reason":"rtt-restored","rtt_ms":160}}
2026-05-25T11:25:42Z type=link_mode_changed payload={"type":"link_mode_changed","ts_ms":1779708342429,"details":{"mode":"critical","reason":"rtt-critical","rtt_ms":863}}
2026-05-25T11:25:43Z type=link_mode_changed payload={"type":"link_mode_changed","ts_ms":1779708343647,"details":{"mode":"normal","reason":"rtt-restored","rtt_ms":76}}
2026-05-25T11:25:56Z type=link_mode_changed payload={"type":"link_mode_changed","ts_ms":1779708356682,"details":{"mode":"critical","reason":"rtt-critical","rtt_ms":786}}
2026-05-25T11:25:59Z type=link_mode_changed payload={"type":"link_mode_changed","ts_ms":1779708359682,"details":{"mode":"safe","reason":"rtt-high","rtt_ms":365}}
2026-05-25T11:26:00Z type=link_mode_changed payload={"type":"link_mode_changed","ts_ms":1779708360455,"details":{"mode":"normal","reason":"rtt-restored","rtt_ms":138}}
2026-05-25T11:26:08Z type=link_mode_changed payload={"type":"link_mode_changed","ts_ms":1779708368095,"details":{"mode":"critical","reason":"rtt-critical","rtt_ms":510}}
2026-05-25T11:26:15Z type=link_mode_changed payload={"type":"link_mode_changed","ts_ms":1779708374620,"details":{"mode":"safe","reason":"rtt-high","rtt_ms":282}}
2026-05-25T11:26:17Z type=link_mode_changed payload={"type":"link_mode_changed","ts_ms":1779708377634,"details":{"mode":"normal","reason":"rtt-restored","rtt_ms":113}}
2026-05-25T11:26:38Z type=link_mode_changed payload={"type":"link_mode_changed","ts_ms":1779708397950,"details":{"mode":"critical","reason":"rtt-critical","rtt_ms":568}}
2026-05-25T11:26:40Z type=link_mode_changed payload={"type":"link_mode_changed","ts_ms":1779708399970,"details":{"mode":"normal","reason":"rtt-restored","rtt_ms":115}}
2026-05-25T11:27:08Z type=link_mode_changed payload={"type":"link_mode_changed","ts_ms":1779708428549,"details":{"mode":"critical","reason":"rtt-critical","rtt_ms":621}}
2026-05-25T11:27:09Z type=link_mode_changed payload={"type":"link_mode_changed","ts_ms":1779708429396,"details":{"mode":"safe","reason":"rtt-high","rtt_ms":375}}
2026-05-25T11:27:10Z type=link_mode_changed payload={"type":"link_mode_changed","ts_ms":1779708430175,"details":{"mode":"normal","reason":"rtt-restored","rtt_ms":44}}
2026-05-25T11:27:14Z type=link_mode_changed payload={"type":"link_mode_changed","ts_ms":1779708433428,"details":{"mode":"critical","reason":"rtt-critical","rtt_ms":1155}}
2026-05-25T11:27:16Z type=link_mode_changed payload={"type":"link_mode_changed","ts_ms":1779708436034,"details":{"mode":"safe","reason":"rtt-high","rtt_ms":400}}
2026-05-25T11:27:17Z type=link_mode_changed payload={"type":"link_mode_changed","ts_ms":1779708437889,"details":{"mode":"normal","reason":"rtt-restored","rtt_ms":202}}
2026-05-25T11:27:27Z type=link_mode_changed payload={"type":"link_mode_changed","ts_ms":1779708446713,"details":{"mode":"safe","reason":"rtt-high","rtt_ms":590}}
2026-05-25T11:27:29Z type=link_mode_changed payload={"type":"link_mode_changed","ts_ms":1779708449172,"details":{"mode":"critical","reason":"rtt-critical","rtt_ms":2032}}
2026-05-25T11:27:32Z type=link_mode_changed payload={"type":"link_mode_changed","ts_ms":1779708452712,"details":{"mode":"safe","reason":"rtt-high","rtt_ms":250}}
2026-05-25T11:27:33Z type=link_mode_changed payload={"type":"link_mode_changed","ts_ms":1779708453695,"details":{"mode":"normal","reason":"rtt-restored","rtt_ms":195}}
2026-05-25T13:10:58Z type=video_restored payload={"type":"video_restored","ts_ms":1779714658773,"details":{"lost_for_ms":49}}
2026-05-25T13:10:59Z type=video_lost payload={"type":"video_lost","ts_ms":1779714659105,"details":{"status":"RECONNECTING"}}
2026-05-25T13:10:59Z type=video_retry payload={"type":"video_retry","ts_ms":1779714659105,"details":{"attempt":1,"delay_ms":1000,"mode":"auto"}}
2026-05-25T13:10:59Z type=video_restored payload={"type":"video_restored","ts_ms":1779714659119,"details":{"lost_for_ms":14}}
2026-05-25T13:11:00Z type=video_restored payload={"type":"video_restored","ts_ms":1779714660043,"details":{"lost_for_ms":27}}
2026-05-25T13:11:00Z type=video_lost payload={"type":"video_lost","ts_ms":1779714660222,"details":{"status":"RECONNECTING"}}
2026-05-25T13:11:00Z type=video_retry payload={"type":"video_retry","ts_ms":1779714660223,"details":{"attempt":1,"delay_ms":1000,"mode":"auto"}}
2026-05-25T13:11:00Z type=video_restored payload={"type":"video_restored","ts_ms":1779714660235,"details":{"lost_for_ms":14}}
2026-05-25T13:36:37Z type=link_mode_changed payload={"type":"link_mode_changed","ts_ms":1779716197663,"details":{"mode":"normal","reason":"rtt-restored","rtt_ms":11}}
2026-05-25T13:36:46Z type=video_restored payload={"type":"video_restored","ts_ms":1779716206515,"details":{"lost_for_ms":57}}
2026-05-25T13:36:46Z type=video_lost payload={"type":"video_lost","ts_ms":1779716206786,"details":{"status":"RECONNECTING"}}
2026-05-25T13:36:46Z type=video_retry payload={"type":"video_retry","ts_ms":1779716206788,"details":{"attempt":1,"delay_ms":1000,"mode":"auto"}}
2026-05-25T13:36:46Z type=video_restored payload={"type":"video_restored","ts_ms":1779716206819,"details":{"lost_for_ms":33}}
2026-05-25T13:37:25Z type=video_restored payload={"type":"video_restored","ts_ms":1779716245639,"details":{"lost_for_ms":33}}
2026-05-25T13:37:26Z type=video_lost payload={"type":"video_lost","ts_ms":1779716246185,"details":{"status":"RECONNECTING"}}
2026-05-25T13:37:26Z type=video_retry payload={"type":"video_retry","ts_ms":1779716246188,"details":{"attempt":1,"delay_ms":1000,"mode":"auto"}}
2026-05-25T13:37:26Z type=video_restored payload={"type":"video_restored","ts_ms":1779716246203,"details":{"lost_for_ms":18}}
2026-05-25T13:37:26Z type=video_restored payload={"type":"video_restored","ts_ms":1779716246465,"details":{"lost_for_ms":23}}
2026-05-25T13:37:26Z type=video_restored payload={"type":"video_restored","ts_ms":1779716246855,"details":{"lost_for_ms":37}}
2026-05-25T13:37:27Z type=video_lost payload={"type":"video_lost","ts_ms":1779716247192,"details":{"status":"RECONNECTING"}}
2026-05-25T13:37:27Z type=video_retry payload={"type":"video_retry","ts_ms":1779716247193,"details":{"attempt":1,"delay_ms":1000,"mode":"auto"}}
2026-05-25T13:37:27Z type=video_restored payload={"type":"video_restored","ts_ms":1779716247206,"details":{"lost_for_ms":14}}
2026-05-25T13:45:26Z type=link_mode_changed payload={"type":"link_mode_changed","ts_ms":1779716726882,"details":{"mode":"critical","reason":"rtt-critical","rtt_ms":4361}}
2026-05-25T13:45:26Z type=link_mode_changed payload={"type":"link_mode_changed","ts_ms":1779716726883,"details":{"mode":"normal","reason":"rtt-restored","rtt_ms":173}}
2026-05-25T13:47:15Z type=link_mode_changed payload={"type":"link_mode_changed","ts_ms":1779716835990,"details":{"mode":"normal","reason":"rtt-restored","rtt_ms":11}}
2026-05-25T13:53:04Z type=video_restored payload={"type":"video_restored","ts_ms":1779717184478,"details":{"lost_for_ms":85}}
2026-05-25T13:53:05Z type=video_lost payload={"type":"video_lost","ts_ms":1779717185193,"details":{"status":"RECONNECTING"}}
2026-05-25T13:53:05Z type=video_retry payload={"type":"video_retry","ts_ms":1779717185194,"details":{"attempt":1,"delay_ms":1000,"mode":"auto"}}
2026-05-25T13:53:05Z type=video_restored payload={"type":"video_restored","ts_ms":1779717185260,"details":{"lost_for_ms":67}}
2026-05-25T14:03:49Z type=link_mode_changed payload={"type":"link_mode_changed","ts_ms":1779717829613,"details":{"mode":"safe","reason":"rtt-high","rtt_ms":222}}
2026-05-25T14:03:50Z type=link_mode_changed payload={"type":"link_mode_changed","ts_ms":1779717830430,"details":{"mode":"normal","reason":"rtt-restored","rtt_ms":39}}
2026-05-25T14:10:14Z type=link_mode_changed payload={"type":"link_mode_changed","ts_ms":1779718214939,"details":{"mode":"normal","reason":"rtt-restored","rtt_ms":18}}
2026-05-25T14:10:57Z type=video_restored payload={"type":"video_restored","ts_ms":1779718257705,"details":{"lost_for_ms":64}}
2026-05-25T14:10:58Z type=video_lost payload={"type":"video_lost","ts_ms":1779718258032,"details":{"status":"RECONNECTING"}}
2026-05-25T14:10:58Z type=video_retry payload={"type":"video_retry","ts_ms":1779718258033,"details":{"attempt":1,"delay_ms":1000,"mode":"auto"}}
2026-05-25T14:10:58Z type=video_restored payload={"type":"video_restored","ts_ms":1779718258045,"details":{"lost_for_ms":13}}
2026-05-25T14:12:35Z type=link_mode_changed payload={"type":"link_mode_changed","ts_ms":1779718355984,"details":{"mode":"normal","reason":"rtt-restored","rtt_ms":9}}
2026-05-25T14:14:32Z type=video_restored payload={"type":"video_restored","ts_ms":1779718472798,"details":{"lost_for_ms":33}}
2026-05-25T14:14:32Z type=video_restored payload={"type":"video_restored","ts_ms":1779718472970,"details":{"lost_for_ms":42}}
2026-05-25T14:14:33Z type=video_lost payload={"type":"video_lost","ts_ms":1779718473224,"details":{"status":"RECONNECTING"}}
2026-05-25T14:14:33Z type=video_retry payload={"type":"video_retry","ts_ms":1779718473225,"details":{"attempt":1,"delay_ms":1000,"mode":"auto"}}
2026-05-25T14:14:33Z type=video_restored payload={"type":"video_restored","ts_ms":1779718473252,"details":{"lost_for_ms":28}}
2026-05-25T14:34:47Z type=video_restored payload={"type":"video_restored","ts_ms":1779719687121,"details":{"lost_for_ms":43}}
2026-05-25T14:34:47Z type=video_lost payload={"type":"video_lost","ts_ms":1779719687371,"details":{"status":"RECONNECTING"}}
2026-05-25T14:34:47Z type=video_retry payload={"type":"video_retry","ts_ms":1779719687372,"details":{"attempt":1,"delay_ms":1000,"mode":"auto"}}
2026-05-25T14:34:47Z type=video_restored payload={"type":"video_restored","ts_ms":1779719687381,"details":{"lost_for_ms":10}}
2026-05-25T14:41:52Z type=video_restored payload={"type":"video_restored","ts_ms":1779720112010,"details":{"lost_for_ms":73}}
2026-05-25T14:41:52Z type=video_lost payload={"type":"video_lost","ts_ms":1779720112420,"details":{"status":"RECONNECTING"}}
2026-05-25T14:41:52Z type=video_retry payload={"type":"video_retry","ts_ms":1779720112421,"details":{"attempt":1,"delay_ms":1000,"mode":"auto"}}
2026-05-25T14:41:52Z type=video_restored payload={"type":"video_restored","ts_ms":1779720112435,"details":{"lost_for_ms":15}}
2026-05-25T14:42:36Z type=link_mode_changed payload={"type":"link_mode_changed","ts_ms":1779720155788,"details":{"mode":"critical","reason":"rtt-critical","rtt_ms":3179}}
2026-05-25T14:42:39Z type=link_mode_changed payload={"type":"link_mode_changed","ts_ms":1779720159069,"details":{"mode":"safe","reason":"rtt-high","rtt_ms":220}}
2026-05-25T14:42:40Z type=link_mode_changed payload={"type":"link_mode_changed","ts_ms":1779720160009,"details":{"mode":"normal","reason":"rtt-restored","rtt_ms":154}}
2026-05-25T14:44:21Z type=link_mode_changed payload={"type":"link_mode_changed","ts_ms":1779720261180,"details":{"mode":"safe","reason":"rtt-high","rtt_ms":434}}
2026-05-25T14:44:21Z type=link_mode_changed payload={"type":"link_mode_changed","ts_ms":1779720261817,"details":{"mode":"normal","reason":"rtt-restored","rtt_ms":40}}
2026-05-25T15:00:55Z type=video_restored payload={"type":"video_restored","ts_ms":1779721255276,"details":{"lost_for_ms":30}}
2026-05-25T15:00:55Z type=video_lost payload={"type":"video_lost","ts_ms":1779721255454,"details":{"status":"RECONNECTING"}}
2026-05-25T15:00:55Z type=video_retry payload={"type":"video_retry","ts_ms":1779721255454,"details":{"attempt":1,"delay_ms":1000,"mode":"auto"}}
2026-05-25T15:00:55Z type=video_restored payload={"type":"video_restored","ts_ms":1779721255463,"details":{"lost_for_ms":9}}
2026-05-25T15:02:12Z type=video_lost payload={"type":"video_lost","ts_ms":1779721332565,"details":{"status":"RECONNECTING"}}
2026-05-25T15:02:12Z type=video_retry payload={"type":"video_retry","ts_ms":1779721332567,"details":{"attempt":1,"delay_ms":1000,"mode":"auto"}}
2026-05-25T15:02:12Z type=video_restored payload={"type":"video_restored","ts_ms":1779721332596,"details":{"lost_for_ms":31}}
2026-05-25T15:02:14Z type=video_lost payload={"type":"video_lost","ts_ms":1779721334865,"details":{"status":"RECONNECTING"}}
2026-05-25T15:02:14Z type=video_retry payload={"type":"video_retry","ts_ms":1779721334865,"details":{"attempt":1,"delay_ms":1000,"mode":"auto"}}
2026-05-25T15:02:14Z type=video_restored payload={"type":"video_restored","ts_ms":1779721334879,"details":{"lost_for_ms":14}}
2026-05-25T15:02:17Z type=video_lost payload={"type":"video_lost","ts_ms":1779721337942,"details":{"status":"RECONNECTING"}}
2026-05-25T15:02:17Z type=video_retry payload={"type":"video_retry","ts_ms":1779721337945,"details":{"attempt":1,"delay_ms":1000,"mode":"auto"}}
2026-05-25T15:02:18Z type=video_retry payload={"type":"video_retry","ts_ms":1779721338964,"details":{"attempt":2,"delay_ms":2000,"mode":"auto"}}
2026-05-25T15:02:21Z type=video_retry payload={"type":"video_retry","ts_ms":1779721341334,"details":{"attempt":1,"delay_ms":1000,"mode":"auto"}}
2026-05-25T15:02:21Z type=video_restored payload={"type":"video_restored","ts_ms":1779721341393,"details":{"lost_for_ms":3451}}
2026-05-25T15:02:21Z type=video_lost payload={"type":"video_lost","ts_ms":1779721341499,"details":{"status":"RECONNECTING"}}
2026-05-25T15:02:21Z type=video_retry payload={"type":"video_retry","ts_ms":1779721341500,"details":{"attempt":1,"delay_ms":1000,"mode":"auto"}}
2026-05-25T15:02:21Z type=video_restored payload={"type":"video_restored","ts_ms":1779721341513,"details":{"lost_for_ms":14}}
2026-05-25T15:02:24Z type=video_lost payload={"type":"video_lost","ts_ms":1779721344145,"details":{"status":"RECONNECTING"}}
2026-05-25T15:02:24Z type=video_retry payload={"type":"video_retry","ts_ms":1779721344147,"details":{"attempt":1,"delay_ms":1000,"mode":"auto"}}
2026-05-25T15:02:24Z type=video_restored payload={"type":"video_restored","ts_ms":1779721344162,"details":{"lost_for_ms":17}}
2026-05-25T15:04:12Z type=link_mode_changed payload={"type":"link_mode_changed","ts_ms":1779721452349,"details":{"mode":"critical","reason":"rtt-critical","rtt_ms":599}}
2026-05-25T15:04:13Z type=link_mode_changed payload={"type":"link_mode_changed","ts_ms":1779721453071,"details":{"mode":"safe","reason":"rtt-high","rtt_ms":241}}
2026-05-25T15:04:13Z type=link_mode_changed payload={"type":"link_mode_changed","ts_ms":1779721453869,"details":{"mode":"normal","reason":"rtt-restored","rtt_ms":37}}
2026-05-25T15:44:47Z type=link_mode_changed payload={"type":"link_mode_changed","ts_ms":1779723887823,"details":{"mode":"safe","reason":"rtt-high","rtt_ms":237}}
2026-05-25T15:44:48Z type=link_mode_changed payload={"type":"link_mode_changed","ts_ms":1779723888823,"details":{"mode":"normal","reason":"rtt-restored","rtt_ms":201}}
2026-05-25T15:54:12Z type=link_mode_changed payload={"type":"link_mode_changed","ts_ms":1779724452202,"details":{"mode":"critical","reason":"rtt-critical","rtt_ms":208265}}
2026-05-25T15:55:17Z type=link_mode_changed payload={"type":"link_mode_changed","ts_ms":1779724517846,"details":{"mode":"safe","reason":"rtt-high","rtt_ms":266}}
2026-05-25T15:55:18Z type=link_mode_changed payload={"type":"link_mode_changed","ts_ms":1779724518601,"details":{"mode":"normal","reason":"rtt-restored","rtt_ms":11}}
2026-05-25T18:30:58Z type=link_mode_changed payload={"type":"link_mode_changed","ts_ms":1779733858458,"details":{"mode":"safe","reason":"rtt-high","rtt_ms":312}}
2026-05-25T18:31:01Z type=link_mode_changed payload={"type":"link_mode_changed","ts_ms":1779733861310,"details":{"mode":"normal","reason":"rtt-restored","rtt_ms":75}}
2026-05-25T18:31:08Z type=link_mode_changed payload={"type":"link_mode_changed","ts_ms":1779733868109,"details":{"mode":"safe","reason":"rtt-high","rtt_ms":289}}
2026-05-25T18:31:13Z type=link_mode_changed payload={"type":"link_mode_changed","ts_ms":1779733873341,"details":{"mode":"critical","reason":"rtt-critical","rtt_ms":909}}
2026-05-25T18:31:13Z type=link_mode_changed payload={"type":"link_mode_changed","ts_ms":1779733873503,"details":{"mode":"normal","reason":"rtt-restored","rtt_ms":44}}
2026-05-25T18:34:04Z type=link_mode_changed payload={"type":"link_mode_changed","ts_ms":1779734044946,"details":{"mode":"safe","reason":"rtt-high","rtt_ms":311}}
2026-05-25T18:34:05Z type=link_mode_changed payload={"type":"link_mode_changed","ts_ms":1779734045885,"details":{"mode":"normal","reason":"rtt-restored","rtt_ms":118}}
2026-05-25T18:34:11Z type=link_mode_changed payload={"type":"link_mode_changed","ts_ms":1779734051203,"details":{"mode":"critical","reason":"rtt-critical","rtt_ms":706}}
2026-05-25T18:34:14Z type=link_mode_changed payload={"type":"link_mode_changed","ts_ms":1779734053989,"details":{"mode":"safe","reason":"rtt-high","rtt_ms":262}}
2026-05-25T18:34:14Z type=link_mode_changed payload={"type":"link_mode_changed","ts_ms":1779734054791,"details":{"mode":"normal","reason":"rtt-restored","rtt_ms":37}}
2026-05-25T18:34:28Z type=link_mode_changed payload={"type":"link_mode_changed","ts_ms":1779734068205,"details":{"mode":"critical","reason":"rtt-critical","rtt_ms":2238}}
2026-05-25T18:35:05Z type=link_mode_changed payload={"type":"link_mode_changed","ts_ms":1779734105479,"details":{"mode":"safe","reason":"rtt-high","rtt_ms":242}}
2026-05-25T18:35:06Z type=link_mode_changed payload={"type":"link_mode_changed","ts_ms":1779734106493,"details":{"mode":"normal","reason":"rtt-restored","rtt_ms":216}}
2026-05-25T18:35:19Z type=link_mode_changed payload={"type":"link_mode_changed","ts_ms":1779734119796,"details":{"mode":"safe","reason":"rtt-high","rtt_ms":235}}
2026-05-25T18:35:23Z type=link_mode_changed payload={"type":"link_mode_changed","ts_ms":1779734123275,"details":{"mode":"critical","reason":"rtt-critical","rtt_ms":515}}
2026-05-25T18:35:23Z type=link_mode_changed payload={"type":"link_mode_changed","ts_ms":1779734123913,"details":{"mode":"normal","reason":"rtt-restored","rtt_ms":119}}
2026-05-25T18:35:26Z type=link_mode_changed payload={"type":"link_mode_changed","ts_ms":1779734126197,"details":{"mode":"safe","reason":"rtt-high","rtt_ms":357}}
2026-05-25T18:35:27Z type=link_mode_changed payload={"type":"link_mode_changed","ts_ms":1779734127038,"details":{"mode":"normal","reason":"rtt-restored","rtt_ms":163}}
2026-05-25T18:35:29Z type=link_mode_changed payload={"type":"link_mode_changed","ts_ms":1779734129483,"details":{"mode":"safe","reason":"rtt-high","rtt_ms":445}}
2026-05-25T18:35:31Z type=link_mode_changed payload={"type":"link_mode_changed","ts_ms":1779734131680,"details":{"mode":"critical","reason":"rtt-critical","rtt_ms":559}}
2026-05-25T18:35:32Z type=link_mode_changed payload={"type":"link_mode_changed","ts_ms":1779734132599,"details":{"mode":"safe","reason":"rtt-high","rtt_ms":363}}
2026-05-25T18:35:34Z type=link_mode_changed payload={"type":"link_mode_changed","ts_ms":1779734134758,"details":{"mode":"critical","reason":"rtt-critical","rtt_ms":476}}
2026-05-25T18:35:35Z type=link_mode_changed payload={"type":"link_mode_changed","ts_ms":1779734135556,"details":{"mode":"normal","reason":"rtt-restored","rtt_ms":82}}
2026-05-25T18:35:38Z type=link_mode_changed payload={"type":"link_mode_changed","ts_ms":1779734138398,"details":{"mode":"safe","reason":"rtt-high","rtt_ms":763}}
2026-05-25T18:35:38Z type=link_mode_changed payload={"type":"link_mode_changed","ts_ms":1779734138888,"details":{"mode":"normal","reason":"rtt-restored","rtt_ms":207}}
2026-05-25T18:35:43Z type=link_mode_changed payload={"type":"link_mode_changed","ts_ms":1779734143233,"details":{"mode":"safe","reason":"rtt-high","rtt_ms":513}}
2026-05-25T18:35:44Z type=link_mode_changed payload={"type":"link_mode_changed","ts_ms":1779734143933,"details":{"mode":"normal","reason":"rtt-restored","rtt_ms":173}}
2026-05-25T18:35:58Z type=link_mode_changed payload={"type":"link_mode_changed","ts_ms":1779734158746,"details":{"mode":"critical","reason":"rtt-critical","rtt_ms":6675}}
2026-05-25T18:36:03Z type=link_mode_changed payload={"type":"link_mode_changed","ts_ms":1779734163721,"details":{"mode":"normal","reason":"rtt-restored","rtt_ms":172}}
2026-05-25T18:36:08Z type=link_mode_changed payload={"type":"link_mode_changed","ts_ms":1779734168600,"details":{"mode":"critical","reason":"rtt-critical","rtt_ms":720}}
2026-05-25T18:36:10Z type=link_mode_changed payload={"type":"link_mode_changed","ts_ms":1779734170362,"details":{"mode":"safe","reason":"rtt-high","rtt_ms":403}}
2026-05-25T18:36:13Z type=link_mode_changed payload={"type":"link_mode_changed","ts_ms":1779734173394,"details":{"mode":"normal","reason":"rtt-restored","rtt_ms":150}}
2026-05-25T18:36:15Z type=link_mode_changed payload={"type":"link_mode_changed","ts_ms":1779734175956,"details":{"mode":"safe","reason":"rtt-high","rtt_ms":517}}
2026-05-25T18:36:16Z type=link_mode_changed payload={"type":"link_mode_changed","ts_ms":1779734176560,"details":{"mode":"normal","reason":"rtt-restored","rtt_ms":113}}
2026-05-25T18:36:26Z type=link_mode_changed payload={"type":"link_mode_changed","ts_ms":1779734186917,"details":{"mode":"critical","reason":"rtt-critical","rtt_ms":1563}}
2026-05-25T18:44:12Z type=video_restored payload={"type":"video_restored","ts_ms":1779734652528,"details":{"lost_for_ms":24}}
2026-05-25T18:44:12Z type=video_lost payload={"type":"video_lost","ts_ms":1779734652628,"details":{"status":"RECONNECTING"}}
2026-05-25T18:44:12Z type=video_retry payload={"type":"video_retry","ts_ms":1779734652631,"details":{"attempt":1,"delay_ms":1000,"mode":"auto"}}
2026-05-25T18:44:12Z type=video_restored payload={"type":"video_restored","ts_ms":1779734652644,"details":{"lost_for_ms":16}}
2026-05-25T18:45:58Z type=video_restored payload={"type":"video_restored","ts_ms":1779734758556,"details":{"lost_for_ms":44}}
2026-05-25T18:45:58Z type=video_lost payload={"type":"video_lost","ts_ms":1779734758826,"details":{"status":"RECONNECTING"}}
2026-05-25T18:45:58Z type=video_retry payload={"type":"video_retry","ts_ms":1779734758828,"details":{"attempt":1,"delay_ms":1000,"mode":"auto"}}
2026-05-25T18:45:58Z type=video_restored payload={"type":"video_restored","ts_ms":1779734758844,"details":{"lost_for_ms":18}}
2026-05-25T19:25:36Z type=video_restored payload={"type":"video_restored","ts_ms":1779737136900,"details":{"lost_for_ms":13}}
2026-05-25T19:25:37Z type=video_lost payload={"type":"video_lost","ts_ms":1779737137003,"details":{"status":"RECONNECTING"}}
2026-05-25T19:25:37Z type=video_retry payload={"type":"video_retry","ts_ms":1779737137005,"details":{"attempt":1,"delay_ms":1000,"mode":"auto"}}
2026-05-25T19:25:37Z type=video_restored payload={"type":"video_restored","ts_ms":1779737137023,"details":{"lost_for_ms":20}}
2026-05-25T19:26:59Z type=video_retry payload={"type":"video_retry","ts_ms":1779737219682,"details":{"attempt":1,"delay_ms":1000,"mode":"auto"}}
2026-05-25T19:26:59Z type=video_restored payload={"type":"video_restored","ts_ms":1779737219694,"details":{"lost_for_ms":218}}
2026-05-25T19:47:27Z type=video_restored payload={"type":"video_restored","ts_ms":1779738447362,"details":{"lost_for_ms":58}}
2026-05-25T19:47:27Z type=video_lost payload={"type":"video_lost","ts_ms":1779738447696,"details":{"status":"RECONNECTING"}}
2026-05-25T19:47:27Z type=video_retry payload={"type":"video_retry","ts_ms":1779738447697,"details":{"attempt":1,"delay_ms":1000,"mode":"auto"}}
2026-05-25T19:47:27Z type=video_restored payload={"type":"video_restored","ts_ms":1779738447729,"details":{"lost_for_ms":33}}
2026-05-25T20:18:02Z type=video_restored payload={"type":"video_restored","ts_ms":1779740282928,"details":{"lost_for_ms":33}}
2026-05-25T20:18:03Z type=video_lost payload={"type":"video_lost","ts_ms":1779740283072,"details":{"status":"RECONNECTING"}}
2026-05-25T20:18:03Z type=video_retry payload={"type":"video_retry","ts_ms":1779740283073,"details":{"attempt":1,"delay_ms":1000,"mode":"auto"}}
2026-05-25T20:18:03Z type=video_restored payload={"type":"video_restored","ts_ms":1779740283089,"details":{"lost_for_ms":17}}
2026-05-25T20:24:18Z type=video_restored payload={"type":"video_restored","ts_ms":1779740658951,"details":{"lost_for_ms":23}}
2026-05-25T20:24:19Z type=video_lost payload={"type":"video_lost","ts_ms":1779740659021,"details":{"status":"RECONNECTING"}}
2026-05-25T20:24:19Z type=video_retry payload={"type":"video_retry","ts_ms":1779740659023,"details":{"attempt":1,"delay_ms":1000,"mode":"auto"}}
2026-05-25T20:24:19Z type=video_restored payload={"type":"video_restored","ts_ms":1779740659044,"details":{"lost_for_ms":23}}
2026-05-25T20:24:34Z type=video_restored payload={"type":"video_restored","ts_ms":1779740674342,"details":{"lost_for_ms":24}}
2026-05-25T20:24:34Z type=video_lost payload={"type":"video_lost","ts_ms":1779740674424,"details":{"status":"RECONNECTING"}}
2026-05-25T20:24:34Z type=video_retry payload={"type":"video_retry","ts_ms":1779740674425,"details":{"attempt":1,"delay_ms":1000,"mode":"auto"}}
2026-05-25T20:24:34Z type=video_restored payload={"type":"video_restored","ts_ms":1779740674442,"details":{"lost_for_ms":18}}
2026-05-25T20:25:43Z type=link_mode_changed payload={"type":"link_mode_changed","ts_ms":1779740743046,"details":{"mode":"critical","reason":"rtt-critical","rtt_ms":1328}}
2026-05-25T20:25:43Z type=link_mode_changed payload={"type":"link_mode_changed","ts_ms":1779740743063,"details":{"mode":"normal","reason":"rtt-restored","rtt_ms":44}}
2026-05-25T20:26:42Z type=link_mode_changed payload={"type":"link_mode_changed","ts_ms":1779740802125,"details":{"mode":"safe","reason":"rtt-high","rtt_ms":1323}}
2026-05-25T20:26:42Z type=link_mode_changed payload={"type":"link_mode_changed","ts_ms":1779740802818,"details":{"mode":"normal","reason":"rtt-restored","rtt_ms":15}}
2026-05-25T20:29:27Z type=video_restored payload={"type":"video_restored","ts_ms":1779740967255,"details":{"lost_for_ms":27}}
2026-05-25T20:29:27Z type=video_lost payload={"type":"video_lost","ts_ms":1779740967322,"details":{"status":"RECONNECTING"}}
2026-05-25T20:29:27Z type=video_retry payload={"type":"video_retry","ts_ms":1779740967323,"details":{"attempt":1,"delay_ms":1000,"mode":"auto"}}
2026-05-25T20:29:27Z type=video_restored payload={"type":"video_restored","ts_ms":1779740967341,"details":{"lost_for_ms":19}}
2026-05-25T20:29:43Z type=link_mode_changed payload={"type":"link_mode_changed","ts_ms":1779740983215,"details":{"mode":"critical","reason":"rtt-critical","rtt_ms":850}}
2026-05-25T20:29:43Z type=link_mode_changed payload={"type":"link_mode_changed","ts_ms":1779740983390,"details":{"mode":"normal","reason":"rtt-restored","rtt_ms":21}}
2026-05-25T20:30:15Z type=video_restored payload={"type":"video_restored","ts_ms":1779741015992,"details":{"lost_for_ms":27}}
2026-05-25T20:30:16Z type=video_lost payload={"type":"video_lost","ts_ms":1779741016077,"details":{"status":"RECONNECTING"}}
2026-05-25T20:30:16Z type=video_retry payload={"type":"video_retry","ts_ms":1779741016078,"details":{"attempt":1,"delay_ms":1000,"mode":"auto"}}
2026-05-25T20:30:16Z type=video_restored payload={"type":"video_restored","ts_ms":1779741016096,"details":{"lost_for_ms":19}}
2026-05-25T20:30:16Z type=video_restored payload={"type":"video_restored","ts_ms":1779741016433,"details":{"lost_for_ms":39}}
2026-05-25T20:30:16Z type=video_lost payload={"type":"video_lost","ts_ms":1779741016594,"details":{"status":"RECONNECTING"}}
2026-05-25T20:30:16Z type=video_retry payload={"type":"video_retry","ts_ms":1779741016595,"details":{"attempt":1,"delay_ms":1000,"mode":"auto"}}
2026-05-25T20:30:16Z type=video_restored payload={"type":"video_restored","ts_ms":1779741016611,"details":{"lost_for_ms":17}}
2026-05-25T20:30:42Z type=link_mode_changed payload={"type":"link_mode_changed","ts_ms":1779741042044,"details":{"mode":"safe","reason":"rtt-high","rtt_ms":232}}
2026-05-25T20:30:42Z type=link_mode_changed payload={"type":"link_mode_changed","ts_ms":1779741042827,"details":{"mode":"normal","reason":"rtt-restored","rtt_ms":13}}
2026-05-25T20:31:42Z type=link_mode_changed payload={"type":"link_mode_changed","ts_ms":1779741102978,"details":{"mode":"safe","reason":"rtt-high","rtt_ms":1423}}
2026-05-25T20:31:43Z type=link_mode_changed payload={"type":"link_mode_changed","ts_ms":1779741103639,"details":{"mode":"normal","reason":"rtt-restored","rtt_ms":83}}
2026-05-25T20:33:52Z type=video_restored payload={"type":"video_restored","ts_ms":1779741232437,"details":{"lost_for_ms":54}}
2026-05-25T20:33:52Z type=video_lost payload={"type":"video_lost","ts_ms":1779741232845,"details":{"status":"RECONNECTING"}}
2026-05-25T20:33:52Z type=video_retry payload={"type":"video_retry","ts_ms":1779741232848,"details":{"attempt":1,"delay_ms":1000,"mode":"auto"}}
2026-05-25T20:33:52Z type=video_restored payload={"type":"video_restored","ts_ms":1779741232875,"details":{"lost_for_ms":30}}
2026-05-25T20:35:43Z type=link_mode_changed payload={"type":"link_mode_changed","ts_ms":1779741343119,"details":{"mode":"critical","reason":"rtt-critical","rtt_ms":947}}
2026-05-25T20:35:43Z type=link_mode_changed payload={"type":"link_mode_changed","ts_ms":1779741343189,"details":{"mode":"normal","reason":"rtt-restored","rtt_ms":17}}
2026-05-25T20:36:43Z type=link_mode_changed payload={"type":"link_mode_changed","ts_ms":1779741403187,"details":{"mode":"critical","reason":"rtt-critical","rtt_ms":1283}}
2026-05-25T20:36:43Z type=link_mode_changed payload={"type":"link_mode_changed","ts_ms":1779741403227,"details":{"mode":"normal","reason":"rtt-restored","rtt_ms":130}}
2026-05-25T20:39:44Z type=link_mode_changed payload={"type":"link_mode_changed","ts_ms":1779741584113,"details":{"mode":"critical","reason":"rtt-critical","rtt_ms":463}}
2026-05-25T20:39:44Z type=link_mode_changed payload={"type":"link_mode_changed","ts_ms":1779741584667,"details":{"mode":"normal","reason":"rtt-restored","rtt_ms":15}}
2026-05-25T20:41:10Z type=video_restored payload={"type":"video_restored","ts_ms":1779741670111,"details":{"lost_for_ms":51}}
2026-05-25T20:41:10Z type=video_restored payload={"type":"video_restored","ts_ms":1779741670599,"details":{"lost_for_ms":78}}
2026-05-25T20:41:11Z type=video_lost payload={"type":"video_lost","ts_ms":1779741670992,"details":{"status":"RECONNECTING"}}
2026-05-25T20:41:11Z type=video_retry payload={"type":"video_retry","ts_ms":1779741670996,"details":{"attempt":1,"delay_ms":1000,"mode":"auto"}}
2026-05-25T20:41:11Z type=video_restored payload={"type":"video_restored","ts_ms":1779741671034,"details":{"lost_for_ms":42}}
2026-05-25T20:44:44Z type=link_mode_changed payload={"type":"link_mode_changed","ts_ms":1779741884263,"details":{"mode":"critical","reason":"rtt-critical","rtt_ms":950}}
2026-05-25T20:44:44Z type=link_mode_changed payload={"type":"link_mode_changed","ts_ms":1779741884342,"details":{"mode":"normal","reason":"rtt-restored","rtt_ms":29}}
2026-05-25T20:46:43Z type=link_mode_changed payload={"type":"link_mode_changed","ts_ms":1779742003956,"details":{"mode":"critical","reason":"rtt-critical","rtt_ms":880}}
2026-05-25T20:46:44Z type=link_mode_changed payload={"type":"link_mode_changed","ts_ms":1779742004111,"details":{"mode":"normal","reason":"rtt-restored","rtt_ms":31}}
2026-05-25T20:48:25Z type=link_mode_changed payload={"type":"link_mode_changed","ts_ms":1779742105009,"details":{"mode":"safe","reason":"rtt-high","rtt_ms":338}}
2026-05-25T20:48:29Z type=link_mode_changed payload={"type":"link_mode_changed","ts_ms":1779742109020,"details":{"mode":"normal","reason":"rtt-restored","rtt_ms":217}}
2026-05-25T20:48:43Z type=link_mode_changed payload={"type":"link_mode_changed","ts_ms":1779742123864,"details":{"mode":"critical","reason":"rtt-critical","rtt_ms":865}}
2026-05-25T20:48:44Z type=link_mode_changed payload={"type":"link_mode_changed","ts_ms":1779742124031,"details":{"mode":"normal","reason":"rtt-restored","rtt_ms":33}}
2026-05-25T20:48:52Z type=link_mode_changed payload={"type":"link_mode_changed","ts_ms":1779742132782,"details":{"mode":"safe","reason":"rtt-high","rtt_ms":364}}
2026-05-25T20:48:53Z type=link_mode_changed payload={"type":"link_mode_changed","ts_ms":1779742133703,"details":{"mode":"normal","reason":"rtt-restored","rtt_ms":114}}
2026-05-25T20:53:27Z type=video_restored payload={"type":"video_restored","ts_ms":1779742407449,"details":{"lost_for_ms":59}}
2026-05-25T20:53:27Z type=video_restored payload={"type":"video_restored","ts_ms":1779742407932,"details":{"lost_for_ms":89}}
2026-05-25T20:53:28Z type=video_lost payload={"type":"video_lost","ts_ms":1779742408238,"details":{"status":"RECONNECTING"}}
2026-05-25T20:53:28Z type=video_retry payload={"type":"video_retry","ts_ms":1779742408240,"details":{"attempt":1,"delay_ms":1000,"mode":"auto"}}
2026-05-25T20:53:28Z type=video_restored payload={"type":"video_restored","ts_ms":1779742408274,"details":{"lost_for_ms":36}}
2026-05-25T20:53:46Z type=link_mode_changed payload={"type":"link_mode_changed","ts_ms":1779742426162,"details":{"mode":"safe","reason":"rtt-high","rtt_ms":268}}
2026-05-25T20:53:47Z type=link_mode_changed payload={"type":"link_mode_changed","ts_ms":1779742427003,"details":{"mode":"normal","reason":"rtt-restored","rtt_ms":96}}
2026-05-25T20:54:44Z type=link_mode_changed payload={"type":"link_mode_changed","ts_ms":1779742484438,"details":{"mode":"safe","reason":"rtt-high","rtt_ms":242}}
2026-05-25T20:54:45Z type=link_mode_changed payload={"type":"link_mode_changed","ts_ms":1779742485269,"details":{"mode":"normal","reason":"rtt-restored","rtt_ms":70}}
2026-05-25T20:58:44Z type=link_mode_changed payload={"type":"link_mode_changed","ts_ms":1779742724580,"details":{"mode":"critical","reason":"rtt-critical","rtt_ms":819}}
2026-05-25T20:58:44Z type=link_mode_changed payload={"type":"link_mode_changed","ts_ms":1779742724823,"details":{"mode":"normal","reason":"rtt-restored","rtt_ms":46}}
2026-05-25T21:03:44Z type=link_mode_changed payload={"type":"link_mode_changed","ts_ms":1779743024568,"details":{"mode":"critical","reason":"rtt-critical","rtt_ms":null}}
2026-05-25T21:03:45Z type=video_restored payload={"type":"video_restored","ts_ms":1779743025672,"details":{"lost_for_ms":58}}
2026-05-25T21:03:46Z type=video_lost payload={"type":"video_lost","ts_ms":1779743026803,"details":{"status":"RECONNECTING"}}
2026-05-25T21:03:46Z type=video_retry payload={"type":"video_retry","ts_ms":1779743026807,"details":{"attempt":1,"delay_ms":1000,"mode":"auto"}}
2026-05-25T21:03:47Z type=video_restored payload={"type":"video_restored","ts_ms":1779743026872,"details":{"lost_for_ms":69}}
2026-05-25T21:04:44Z type=link_mode_changed payload={"type":"link_mode_changed","ts_ms":1779743084201,"details":{"mode":"safe","reason":"rtt-high","rtt_ms":356}}
2026-05-25T21:04:44Z type=link_mode_changed payload={"type":"link_mode_changed","ts_ms":1779743084880,"details":{"mode":"normal","reason":"rtt-restored","rtt_ms":36}}
2026-05-25T21:06:44Z type=link_mode_changed payload={"type":"link_mode_changed","ts_ms":1779743204917,"details":{"mode":"critical","reason":"rtt-critical","rtt_ms":673}}
2026-05-25T21:06:45Z type=link_mode_changed payload={"type":"link_mode_changed","ts_ms":1779743205271,"details":{"mode":"normal","reason":"rtt-restored","rtt_ms":25}}
2026-05-25T21:11:14Z type=link_mode_changed payload={"type":"link_mode_changed","ts_ms":1779743474990,"details":{"mode":"normal","reason":"rtt-restored","rtt_ms":17}}
2026-05-25T21:16:47Z type=video_restored payload={"type":"video_restored","ts_ms":1779743807579,"details":{"lost_for_ms":95}}
2026-05-25T21:16:48Z type=video_lost payload={"type":"video_lost","ts_ms":1779743807995,"details":{"status":"RECONNECTING"}}
2026-05-25T21:16:48Z type=video_retry payload={"type":"video_retry","ts_ms":1779743807998,"details":{"attempt":1,"delay_ms":1000,"mode":"auto"}}
2026-05-25T21:16:48Z type=video_restored payload={"type":"video_restored","ts_ms":1779743808036,"details":{"lost_for_ms":41}}
2026-05-25T21:17:00Z type=link_mode_changed payload={"type":"link_mode_changed","ts_ms":1779743820874,"details":{"mode":"safe","reason":"rtt-high","rtt_ms":278}}
2026-05-25T21:17:01Z type=link_mode_changed payload={"type":"link_mode_changed","ts_ms":1779743821630,"details":{"mode":"normal","reason":"rtt-restored","rtt_ms":35}}
2026-05-25T21:23:16Z type=link_mode_changed payload={"type":"link_mode_changed","ts_ms":1779744195027,"details":{"mode":"critical","reason":"rtt-critical","rtt_ms":3274}}
2026-05-25T21:23:17Z type=link_mode_changed payload={"type":"link_mode_changed","ts_ms":1779744197844,"details":{"mode":"normal","reason":"rtt-restored","rtt_ms":94}}
2026-05-25T21:26:45Z type=link_mode_changed payload={"type":"link_mode_changed","ts_ms":1779744405403,"details":{"mode":"critical","reason":"rtt-critical","rtt_ms":1481}}
2026-05-25T21:26:45Z type=link_mode_changed payload={"type":"link_mode_changed","ts_ms":1779744405407,"details":{"mode":"normal","reason":"rtt-restored","rtt_ms":118}}
2026-05-25T21:30:15Z type=video_restored payload={"type":"video_restored","ts_ms":1779744615587,"details":{"lost_for_ms":52}}
2026-05-25T21:30:16Z type=video_lost payload={"type":"video_lost","ts_ms":1779744615953,"details":{"status":"RECONNECTING"}}
2026-05-25T21:30:16Z type=video_retry payload={"type":"video_retry","ts_ms":1779744615956,"details":{"attempt":1,"delay_ms":1000,"mode":"auto"}}
2026-05-25T21:30:16Z type=video_restored payload={"type":"video_restored","ts_ms":1779744615995,"details":{"lost_for_ms":42}}
2026-05-25T21:33:44Z type=link_mode_changed payload={"type":"link_mode_changed","ts_ms":1779744824894,"details":{"mode":"critical","reason":"rtt-critical","rtt_ms":1067}}
2026-05-25T21:33:44Z type=link_mode_changed payload={"type":"link_mode_changed","ts_ms":1779744824895,"details":{"mode":"normal","reason":"rtt-restored","rtt_ms":45}}
2026-05-25T21:38:32Z type=video_restored payload={"type":"video_restored","ts_ms":1779745112869,"details":{"lost_for_ms":23}}
2026-05-25T21:38:32Z type=video_lost payload={"type":"video_lost","ts_ms":1779745112985,"details":{"status":"RECONNECTING"}}
2026-05-25T21:38:32Z type=video_retry payload={"type":"video_retry","ts_ms":1779745112987,"details":{"attempt":1,"delay_ms":1000,"mode":"auto"}}
2026-05-25T21:38:33Z type=video_restored payload={"type":"video_restored","ts_ms":1779745112996,"details":{"lost_for_ms":11}}
2026-05-25T21:38:33Z type=video_restored payload={"type":"video_restored","ts_ms":1779745113107,"details":{"lost_for_ms":30}}
2026-05-25T21:38:33Z type=video_lost payload={"type":"video_lost","ts_ms":1779745113230,"details":{"status":"RECONNECTING"}}
2026-05-25T21:38:33Z type=video_retry payload={"type":"video_retry","ts_ms":1779745113231,"details":{"attempt":1,"delay_ms":1000,"mode":"auto"}}
2026-05-25T21:38:33Z type=video_restored payload={"type":"video_restored","ts_ms":1779745113262,"details":{"lost_for_ms":32}}
2026-05-25T21:38:44Z type=link_mode_changed payload={"type":"link_mode_changed","ts_ms":1779745124582,"details":{"mode":"safe","reason":"rtt-high","rtt_ms":436}}
2026-05-25T21:38:45Z type=link_mode_changed payload={"type":"link_mode_changed","ts_ms":1779745125177,"details":{"mode":"normal","reason":"rtt-restored","rtt_ms":30}}
2026-05-25T21:41:45Z type=link_mode_changed payload={"type":"link_mode_changed","ts_ms":1779745305109,"details":{"mode":"safe","reason":"rtt-high","rtt_ms":227}}
2026-05-25T21:41:45Z type=link_mode_changed payload={"type":"link_mode_changed","ts_ms":1779745305909,"details":{"mode":"normal","reason":"rtt-restored","rtt_ms":12}}
2026-05-25T21:42:45Z type=link_mode_changed payload={"type":"link_mode_changed","ts_ms":1779745365041,"details":{"mode":"critical","reason":"rtt-critical","rtt_ms":916}}
2026-05-25T21:42:45Z type=link_mode_changed payload={"type":"link_mode_changed","ts_ms":1779745365191,"details":{"mode":"normal","reason":"rtt-restored","rtt_ms":37}}
2026-05-25T21:45:45Z type=link_mode_changed payload={"type":"link_mode_changed","ts_ms":1779745545282,"details":{"mode":"critical","reason":"rtt-critical","rtt_ms":1956}}
2026-05-25T21:45:45Z type=link_mode_changed payload={"type":"link_mode_changed","ts_ms":1779745545355,"details":{"mode":"normal","reason":"rtt-restored","rtt_ms":30}}
2026-05-25T21:50:44Z type=link_mode_changed payload={"type":"link_mode_changed","ts_ms":1779745844775,"details":{"mode":"safe","reason":"rtt-high","rtt_ms":1447}}
2026-05-25T21:50:45Z type=link_mode_changed payload={"type":"link_mode_changed","ts_ms":1779745845354,"details":{"mode":"normal","reason":"rtt-restored","rtt_ms":26}}
2026-05-25T21:53:06Z type=link_mode_changed payload={"type":"link_mode_changed","ts_ms":1779745986361,"details":{"mode":"critical","reason":"rtt-critical","rtt_ms":3630}}
2026-05-25T21:53:06Z type=link_mode_changed payload={"type":"link_mode_changed","ts_ms":1779745986364,"details":{"mode":"normal","reason":"rtt-restored","rtt_ms":111}}
2026-05-25T21:53:44Z type=link_mode_changed payload={"type":"link_mode_changed","ts_ms":1779746024329,"details":{"mode":"safe","reason":"rtt-high","rtt_ms":666}}
2026-05-25T21:53:44Z type=link_mode_changed payload={"type":"link_mode_changed","ts_ms":1779746024689,"details":{"mode":"normal","reason":"rtt-restored","rtt_ms":10}}
2026-05-25T21:56:46Z type=video_restored payload={"type":"video_restored","ts_ms":1779746206499,"details":{"lost_for_ms":35}}
2026-05-25T21:56:46Z type=video_lost payload={"type":"video_lost","ts_ms":1779746206584,"details":{"status":"RECONNECTING"}}
2026-05-25T21:56:46Z type=video_retry payload={"type":"video_retry","ts_ms":1779746206595,"details":{"attempt":1,"delay_ms":1000,"mode":"auto"}}
2026-05-25T21:56:46Z type=video_restored payload={"type":"video_restored","ts_ms":1779746206611,"details":{"lost_for_ms":27}}
2026-05-25T21:59:21Z type=link_mode_changed payload={"type":"link_mode_changed","ts_ms":1779746361006,"details":{"mode":"critical","reason":"rtt-critical","rtt_ms":20961}}
2026-05-25T21:59:21Z type=link_mode_changed payload={"type":"link_mode_changed","ts_ms":1779746361452,"details":{"mode":"safe","reason":"rtt-high","rtt_ms":318}}
2026-05-25T21:59:22Z type=link_mode_changed payload={"type":"link_mode_changed","ts_ms":1779746362336,"details":{"mode":"normal","reason":"rtt-restored","rtt_ms":202}}
2026-05-25T22:01:32Z type=link_mode_changed payload={"type":"link_mode_changed","ts_ms":1779746492241,"details":{"mode":"safe","reason":"rtt-high","rtt_ms":631}}
2026-05-25T22:01:33Z type=link_mode_changed payload={"type":"link_mode_changed","ts_ms":1779746493941,"details":{"mode":"normal","reason":"rtt-restored","rtt_ms":80}}
2026-05-25T22:14:20Z type=link_mode_changed payload={"type":"link_mode_changed","ts_ms":1779747260152,"details":{"mode":"critical","reason":"rtt-critical","rtt_ms":4599}}
2026-05-25T22:14:20Z type=link_mode_changed payload={"type":"link_mode_changed","ts_ms":1779747260156,"details":{"mode":"normal","reason":"rtt-restored","rtt_ms":112}}
2026-05-25T22:14:26Z type=link_mode_changed payload={"type":"link_mode_changed","ts_ms":1779747266365,"details":{"mode":"safe","reason":"rtt-high","rtt_ms":310}}
2026-05-25T22:14:27Z type=link_mode_changed payload={"type":"link_mode_changed","ts_ms":1779747267117,"details":{"mode":"normal","reason":"rtt-restored","rtt_ms":36}}
2026-05-25T22:24:04Z type=video_restored payload={"type":"video_restored","ts_ms":1779747844285,"details":{"lost_for_ms":13}}
2026-05-25T22:24:04Z type=video_lost payload={"type":"video_lost","ts_ms":1779747844700,"details":{"status":"RECONNECTING"}}
2026-05-25T22:24:04Z type=video_retry payload={"type":"video_retry","ts_ms":1779747844702,"details":{"attempt":1,"delay_ms":1000,"mode":"auto"}}
2026-05-25T22:24:04Z type=video_restored payload={"type":"video_restored","ts_ms":1779747844734,"details":{"lost_for_ms":34}}
2026-05-25T22:27:53Z type=link_mode_changed payload={"type":"link_mode_changed","ts_ms":1779748072874,"details":{"mode":"critical","reason":"rtt-critical","rtt_ms":748}}
2026-05-25T22:27:53Z type=link_mode_changed payload={"type":"link_mode_changed","ts_ms":1779748073325,"details":{"mode":"normal","reason":"rtt-restored","rtt_ms":200}}
2026-05-25T22:28:28Z type=link_mode_changed payload={"type":"link_mode_changed","ts_ms":1779748108692,"details":{"mode":"critical","reason":"rtt-critical","rtt_ms":30522}}
2026-05-25T22:28:29Z type=link_mode_changed payload={"type":"link_mode_changed","ts_ms":1779748109431,"details":{"mode":"safe","reason":"rtt-high","rtt_ms":251}}
2026-05-25T22:28:30Z type=link_mode_changed payload={"type":"link_mode_changed","ts_ms":1779748110193,"details":{"mode":"normal","reason":"rtt-restored","rtt_ms":12}}
2026-05-25T22:28:44Z type=link_mode_changed payload={"type":"link_mode_changed","ts_ms":1779748124457,"details":{"mode":"safe","reason":"rtt-high","rtt_ms":237}}
2026-05-25T22:28:45Z type=link_mode_changed payload={"type":"link_mode_changed","ts_ms":1779748125254,"details":{"mode":"normal","reason":"rtt-restored","rtt_ms":32}}
2026-05-25T22:32:45Z type=link_mode_changed payload={"type":"link_mode_changed","ts_ms":1779748365149,"details":{"mode":"critical","reason":"rtt-critical","rtt_ms":1194}}
2026-05-25T22:32:45Z type=link_mode_changed payload={"type":"link_mode_changed","ts_ms":1779748365150,"details":{"mode":"normal","reason":"rtt-restored","rtt_ms":19}}
2026-05-25T22:34:43Z type=video_lost payload={"type":"video_lost","ts_ms":1779748483063,"details":{"status":"RECONNECTING"}}
2026-05-25T22:34:43Z type=video_retry payload={"type":"video_retry","ts_ms":1779748483064,"details":{"attempt":1,"delay_ms":1000,"mode":"auto"}}
2026-05-25T22:34:43Z type=video_restored payload={"type":"video_restored","ts_ms":1779748483083,"details":{"lost_for_ms":20}}
2026-05-25T22:35:44Z type=link_mode_changed payload={"type":"link_mode_changed","ts_ms":1779748544610,"details":{"mode":"critical","reason":"rtt-critical","rtt_ms":453}}
2026-05-25T22:35:45Z type=link_mode_changed payload={"type":"link_mode_changed","ts_ms":1779748545170,"details":{"mode":"normal","reason":"rtt-restored","rtt_ms":13}}
2026-05-25T22:38:45Z type=link_mode_changed payload={"type":"link_mode_changed","ts_ms":1779748725685,"details":{"mode":"critical","reason":"rtt-critical","rtt_ms":1001}}
2026-05-25T22:38:45Z type=link_mode_changed payload={"type":"link_mode_changed","ts_ms":1779748725718,"details":{"mode":"normal","reason":"rtt-restored","rtt_ms":31}}
2026-05-25T22:41:44Z type=link_mode_changed payload={"type":"link_mode_changed","ts_ms":1779748904640,"details":{"mode":"critical","reason":"rtt-critical","rtt_ms":754}}
2026-05-25T22:41:44Z type=link_mode_changed payload={"type":"link_mode_changed","ts_ms":1779748904905,"details":{"mode":"normal","reason":"rtt-restored","rtt_ms":18}}
2026-05-25T22:43:42Z type=link_mode_changed payload={"type":"link_mode_changed","ts_ms":1779749022562,"details":{"mode":"safe","reason":"rtt-high","rtt_ms":228}}
2026-05-25T22:43:44Z type=link_mode_changed payload={"type":"link_mode_changed","ts_ms":1779749024917,"details":{"mode":"normal","reason":"rtt-restored","rtt_ms":67}}
2026-05-26T05:45:02Z type=video_restored payload={"type":"video_restored","ts_ms":1779774302824,"details":{"lost_for_ms":33}}
2026-05-26T05:45:02Z type=video_lost payload={"type":"video_lost","ts_ms":1779774302979,"details":{"status":"RECONNECTING"}}
2026-05-26T05:45:02Z type=video_retry payload={"type":"video_retry","ts_ms":1779774302981,"details":{"attempt":1,"delay_ms":1000,"mode":"auto"}}
2026-05-26T05:45:02Z type=video_restored payload={"type":"video_restored","ts_ms":1779774302996,"details":{"lost_for_ms":17}}
2026-05-26T05:45:46Z type=link_mode_changed payload={"type":"link_mode_changed","ts_ms":1779774346901,"details":{"mode":"safe","reason":"rtt-high","rtt_ms":463}}
2026-05-26T05:45:47Z type=link_mode_changed payload={"type":"link_mode_changed","ts_ms":1779774347546,"details":{"mode":"normal","reason":"rtt-restored","rtt_ms":80}}
2026-05-26T05:46:27Z type=link_mode_changed payload={"type":"link_mode_changed","ts_ms":1779774387596,"details":{"mode":"critical","reason":"rtt-critical","rtt_ms":548}}
2026-05-26T05:46:28Z type=link_mode_changed payload={"type":"link_mode_changed","ts_ms":1779774388591,"details":{"mode":"safe","reason":"rtt-high","rtt_ms":247}}
2026-05-26T05:46:29Z type=link_mode_changed payload={"type":"link_mode_changed","ts_ms":1779774389468,"details":{"mode":"normal","reason":"rtt-restored","rtt_ms":77}}
2026-05-26T05:55:37Z type=video_restored payload={"type":"video_restored","ts_ms":1779774937382,"details":{"lost_for_ms":38}}
2026-05-26T05:55:37Z type=video_lost payload={"type":"video_lost","ts_ms":1779774937563,"details":{"status":"RECONNECTING"}}
2026-05-26T05:55:37Z type=video_retry payload={"type":"video_retry","ts_ms":1779774937565,"details":{"attempt":1,"delay_ms":1000,"mode":"auto"}}
2026-05-26T05:55:37Z type=video_restored payload={"type":"video_restored","ts_ms":1779774937594,"details":{"lost_for_ms":31}}
2026-05-26T05:57:01Z type=link_mode_changed payload={"type":"link_mode_changed","ts_ms":1779775021279,"details":{"mode":"safe","reason":"rtt-high","rtt_ms":281}}
2026-05-26T05:57:02Z type=link_mode_changed payload={"type":"link_mode_changed","ts_ms":1779775022168,"details":{"mode":"normal","reason":"rtt-restored","rtt_ms":85}}
2026-05-26T05:57:12Z type=link_mode_changed payload={"type":"link_mode_changed","ts_ms":1779775032079,"details":{"mode":"safe","reason":"rtt-high","rtt_ms":282}}
2026-05-26T05:57:13Z type=link_mode_changed payload={"type":"link_mode_changed","ts_ms":1779775033158,"details":{"mode":"normal","reason":"rtt-restored","rtt_ms":194}}
2026-05-26T05:57:18Z type=link_mode_changed payload={"type":"link_mode_changed","ts_ms":1779775038804,"details":{"mode":"safe","reason":"rtt-high","rtt_ms":759}}
2026-05-26T05:57:19Z type=link_mode_changed payload={"type":"link_mode_changed","ts_ms":1779775039238,"details":{"mode":"normal","reason":"rtt-restored","rtt_ms":157}}
2026-05-26T05:57:57Z type=link_mode_changed payload={"type":"link_mode_changed","ts_ms":1779775077323,"details":{"mode":"safe","reason":"rtt-high","rtt_ms":400}}
2026-05-26T05:57:58Z type=link_mode_changed payload={"type":"link_mode_changed","ts_ms":1779775078086,"details":{"mode":"normal","reason":"rtt-restored","rtt_ms":45}}
2026-05-26T05:58:15Z type=link_mode_changed payload={"type":"link_mode_changed","ts_ms":1779775095804,"details":{"mode":"critical","reason":"rtt-critical","rtt_ms":517}}
2026-05-26T05:58:17Z type=link_mode_changed payload={"type":"link_mode_changed","ts_ms":1779775097441,"details":{"mode":"normal","reason":"rtt-restored","rtt_ms":119}}
2026-05-26T05:58:33Z type=link_mode_changed payload={"type":"link_mode_changed","ts_ms":1779775113367,"details":{"mode":"safe","reason":"rtt-high","rtt_ms":280}}
2026-05-26T05:58:34Z type=link_mode_changed payload={"type":"link_mode_changed","ts_ms":1779775114288,"details":{"mode":"normal","reason":"rtt-restored","rtt_ms":166}}
2026-05-26T06:03:32Z type=link_mode_changed payload={"type":"link_mode_changed","ts_ms":1779775412286,"details":{"mode":"safe","reason":"rtt-high","rtt_ms":797}}
2026-05-26T06:03:32Z type=link_mode_changed payload={"type":"link_mode_changed","ts_ms":1779775412569,"details":{"mode":"normal","reason":"rtt-restored","rtt_ms":74}}
2026-05-26T06:03:54Z type=link_mode_changed payload={"type":"link_mode_changed","ts_ms":1779775434408,"details":{"mode":"safe","reason":"rtt-high","rtt_ms":277}}
2026-05-26T06:03:55Z type=link_mode_changed payload={"type":"link_mode_changed","ts_ms":1779775435247,"details":{"mode":"normal","reason":"rtt-restored","rtt_ms":78}}
2026-05-26T06:04:31Z type=link_mode_changed payload={"type":"link_mode_changed","ts_ms":1779775471164,"details":{"mode":"safe","reason":"rtt-high","rtt_ms":266}}
2026-05-26T06:04:32Z type=link_mode_changed payload={"type":"link_mode_changed","ts_ms":1779775472011,"details":{"mode":"normal","reason":"rtt-restored","rtt_ms":81}}
2026-05-26T06:04:42Z type=link_mode_changed payload={"type":"link_mode_changed","ts_ms":1779775482373,"details":{"mode":"safe","reason":"rtt-high","rtt_ms":244}}
2026-05-26T06:04:43Z type=link_mode_changed payload={"type":"link_mode_changed","ts_ms":1779775483253,"details":{"mode":"normal","reason":"rtt-restored","rtt_ms":120}}
2026-05-26T06:06:18Z type=link_mode_changed payload={"type":"link_mode_changed","ts_ms":1779775578848,"details":{"mode":"safe","reason":"rtt-high","rtt_ms":637}}
2026-05-26T06:06:19Z type=link_mode_changed payload={"type":"link_mode_changed","ts_ms":1779775579375,"details":{"mode":"normal","reason":"rtt-restored","rtt_ms":155}}
2026-05-26T06:06:44Z type=link_mode_changed payload={"type":"link_mode_changed","ts_ms":1779775604735,"details":{"mode":"safe","reason":"rtt-high","rtt_ms":242}}
2026-05-26T06:06:45Z type=link_mode_changed payload={"type":"link_mode_changed","ts_ms":1779775605768,"details":{"mode":"normal","reason":"rtt-restored","rtt_ms":38}}
2026-05-26T06:07:57Z type=link_mode_changed payload={"type":"link_mode_changed","ts_ms":1779775677688,"details":{"mode":"safe","reason":"rtt-high","rtt_ms":223}}
2026-05-26T06:07:58Z type=link_mode_changed payload={"type":"link_mode_changed","ts_ms":1779775678536,"details":{"mode":"normal","reason":"rtt-restored","rtt_ms":36}}
2026-05-26T06:09:13Z type=link_mode_changed payload={"type":"link_mode_changed","ts_ms":1779775753975,"details":{"mode":"safe","reason":"rtt-high","rtt_ms":361}}
2026-05-26T06:09:14Z type=link_mode_changed payload={"type":"link_mode_changed","ts_ms":1779775754695,"details":{"mode":"normal","reason":"rtt-restored","rtt_ms":45}}
2026-05-26T06:12:35Z type=video_restored payload={"type":"video_restored","ts_ms":1779775955688,"details":{"lost_for_ms":27}}
2026-05-26T06:12:35Z type=video_lost payload={"type":"video_lost","ts_ms":1779775955956,"details":{"status":"RECONNECTING"}}
2026-05-26T06:12:35Z type=video_retry payload={"type":"video_retry","ts_ms":1779775955957,"details":{"attempt":1,"delay_ms":1000,"mode":"auto"}}
2026-05-26T06:12:36Z type=video_restored payload={"type":"video_restored","ts_ms":1779775956037,"details":{"lost_for_ms":81}}
2026-05-26T06:13:00Z type=link_mode_changed payload={"type":"link_mode_changed","ts_ms":1779775980180,"details":{"mode":"safe","reason":"rtt-high","rtt_ms":231}}
2026-05-26T06:13:01Z type=link_mode_changed payload={"type":"link_mode_changed","ts_ms":1779775981181,"details":{"mode":"normal","reason":"rtt-restored","rtt_ms":217}}
2026-05-26T06:27:49Z type=link_mode_changed payload={"type":"link_mode_changed","ts_ms":1779776869794,"details":{"mode":"critical","reason":"rtt-critical","rtt_ms":890}}
2026-05-26T06:27:49Z type=link_mode_changed payload={"type":"link_mode_changed","ts_ms":1779776869937,"details":{"mode":"normal","reason":"rtt-restored","rtt_ms":32}}
2026-05-26T06:28:37Z type=link_mode_changed payload={"type":"link_mode_changed","ts_ms":1779776917739,"details":{"mode":"safe","reason":"rtt-high","rtt_ms":275}}
2026-05-26T06:28:38Z type=link_mode_changed payload={"type":"link_mode_changed","ts_ms":1779776918500,"details":{"mode":"normal","reason":"rtt-restored","rtt_ms":35}}
                                                                                                                                                                                                                                                                                                                                                                                                                                                                        2026-05-26T11:11:04Z type=link_mode_changed payload={"type":"link_mode_changed","ts_ms":1779793864410,"details":{"mode":"normal","reason":"rtt-restored","rtt_ms":14}}
2026-05-26T11:19:12Z type=link_mode_changed payload={"type":"link_mode_changed","ts_ms":1779794351905,"details":{"mode":"critical","reason":"rtt-critical","rtt_ms":null}}
2026-05-26T11:19:12Z type=video_restored payload={"type":"video_restored","ts_ms":1779794352667,"details":{"lost_for_ms":268}}
2026-05-26T11:19:13Z type=video_lost payload={"type":"video_lost","ts_ms":1779794353399,"details":{"status":"RECONNECTING"}}
2026-05-26T11:19:13Z type=video_retry payload={"type":"video_retry","ts_ms":1779794353402,"details":{"attempt":1,"delay_ms":1000,"mode":"auto"}}
2026-05-26T11:19:13Z type=video_restored payload={"type":"video_restored","ts_ms":1779794353503,"details":{"lost_for_ms":104}}
2026-05-26T11:19:13Z type=link_mode_changed payload={"type":"link_mode_changed","ts_ms":1779794353698,"details":{"mode":"safe","reason":"rtt-high","rtt_ms":290}}
2026-05-26T11:19:14Z type=link_mode_changed payload={"type":"link_mode_changed","ts_ms":1779794354443,"details":{"mode":"normal","reason":"rtt-restored","rtt_ms":34}}
2026-05-26T11:21:04Z type=link_mode_changed payload={"type":"link_mode_changed","ts_ms":1779794464705,"details":{"mode":"critical","reason":"rtt-critical","rtt_ms":469}}
2026-05-26T11:21:05Z type=link_mode_changed payload={"type":"link_mode_changed","ts_ms":1779794465307,"details":{"mode":"normal","reason":"rtt-restored","rtt_ms":51}}
2026-05-26T11:26:17Z type=link_mode_changed payload={"type":"link_mode_changed","ts_ms":1779794777143,"details":{"mode":"critical","reason":"rtt-critical","rtt_ms":1267}}
2026-05-26T11:26:17Z type=link_mode_changed payload={"type":"link_mode_changed","ts_ms":1779794777145,"details":{"mode":"normal","reason":"rtt-restored","rtt_ms":99}}
2026-05-26T11:28:24Z type=video_restored payload={"type":"video_restored","ts_ms":1779794904396,"details":{"lost_for_ms":44}}
2026-05-26T11:28:24Z type=video_lost payload={"type":"video_lost","ts_ms":1779794904793,"details":{"status":"RECONNECTING"}}
2026-05-26T11:28:24Z type=video_retry payload={"type":"video_retry","ts_ms":1779794904795,"details":{"attempt":1,"delay_ms":1000,"mode":"auto"}}
2026-05-26T11:28:24Z type=video_restored payload={"type":"video_restored","ts_ms":1779794904814,"details":{"lost_for_ms":21}}
2026-05-26T11:32:18Z type=video_restored payload={"type":"video_restored","ts_ms":1779795138690,"details":{"lost_for_ms":68}}
2026-05-26T11:32:19Z type=video_lost payload={"type":"video_lost","ts_ms":1779795139050,"details":{"status":"RECONNECTING"}}
2026-05-26T11:32:19Z type=video_retry payload={"type":"video_retry","ts_ms":1779795139053,"details":{"attempt":1,"delay_ms":1000,"mode":"auto"}}
2026-05-26T11:32:19Z type=video_restored payload={"type":"video_restored","ts_ms":1779795139092,"details":{"lost_for_ms":42}}
2026-05-26T11:49:36Z type=video_restored payload={"type":"video_restored","ts_ms":1779796176121,"details":{"lost_for_ms":45}}
2026-05-26T11:49:36Z type=video_lost payload={"type":"video_lost","ts_ms":1779796176281,"details":{"status":"RECONNECTING"}}
2026-05-26T11:49:36Z type=video_retry payload={"type":"video_retry","ts_ms":1779796176282,"details":{"attempt":1,"delay_ms":1000,"mode":"auto"}}
2026-05-26T11:49:36Z type=video_restored payload={"type":"video_restored","ts_ms":1779796176291,"details":{"lost_for_ms":10}}
2026-05-26T12:04:29Z type=link_mode_changed payload={"type":"link_mode_changed","ts_ms":1779797069618,"details":{"mode":"critical","reason":"rtt-critical","rtt_ms":639}}
2026-05-26T12:04:30Z type=link_mode_changed payload={"type":"link_mode_changed","ts_ms":1779797070012,"details":{"mode":"normal","reason":"rtt-restored","rtt_ms":24}}
2026-05-26T12:12:33Z type=link_mode_changed payload={"type":"link_mode_changed","ts_ms":1779797553110,"details":{"mode":"critical","reason":"rtt-critical","rtt_ms":1032}}
2026-05-26T12:12:33Z type=link_mode_changed payload={"type":"link_mode_changed","ts_ms":1779797553145,"details":{"mode":"normal","reason":"rtt-restored","rtt_ms":37}}
2026-05-26T13:45:10Z type=video_restored payload={"type":"video_restored","ts_ms":1779803110842,"details":{"lost_for_ms":58}}
2026-05-26T13:45:11Z type=video_lost payload={"type":"video_lost","ts_ms":1779803111035,"details":{"status":"RECONNECTING"}}
2026-05-26T13:45:11Z type=video_retry payload={"type":"video_retry","ts_ms":1779803111036,"details":{"attempt":1,"delay_ms":1000,"mode":"auto"}}
2026-05-26T13:45:11Z type=video_restored payload={"type":"video_restored","ts_ms":1779803111052,"details":{"lost_for_ms":17}}
2026-05-26T14:00:54Z type=link_mode_changed payload={"type":"link_mode_changed","ts_ms":1779804054557,"details":{"mode":"normal","reason":"rtt-restored","rtt_ms":22}}
2026-05-26T14:07:23Z type=link_mode_changed payload={"type":"link_mode_changed","ts_ms":1779804443286,"details":{"mode":"normal","reason":"rtt-restored","rtt_ms":11}}
2026-05-26T14:15:00Z type=video_restored payload={"type":"video_restored","ts_ms":1779804900951,"details":{"lost_for_ms":29}}
2026-05-26T14:15:01Z type=video_lost payload={"type":"video_lost","ts_ms":1779804901147,"details":{"status":"RECONNECTING"}}
2026-05-26T14:15:01Z type=video_retry payload={"type":"video_retry","ts_ms":1779804901149,"details":{"attempt":1,"delay_ms":1000,"mode":"auto"}}
2026-05-26T14:15:01Z type=video_restored payload={"type":"video_restored","ts_ms":1779804901161,"details":{"lost_for_ms":14}}
2026-05-26T14:22:10Z type=link_mode_changed payload={"type":"link_mode_changed","ts_ms":1779805330371,"details":{"mode":"safe","reason":"rtt-high","rtt_ms":261}}
2026-05-26T14:22:12Z type=link_mode_changed payload={"type":"link_mode_changed","ts_ms":1779805332120,"details":{"mode":"normal","reason":"rtt-restored","rtt_ms":10}}
2026-05-26T14:22:38Z type=video_restored payload={"type":"video_restored","ts_ms":1779805358856,"details":{"lost_for_ms":39}}
2026-05-26T14:22:38Z type=video_lost payload={"type":"video_lost","ts_ms":1779805358963,"details":{"status":"RECONNECTING"}}
2026-05-26T14:22:38Z type=video_retry payload={"type":"video_retry","ts_ms":1779805358964,"details":{"attempt":1,"delay_ms":1000,"mode":"auto"}}
2026-05-26T14:22:39Z type=video_restored payload={"type":"video_restored","ts_ms":1779805358991,"details":{"lost_for_ms":28}}
2026-05-26T14:24:28Z type=link_mode_changed payload={"type":"link_mode_changed","ts_ms":1779805468877,"details":{"mode":"safe","reason":"rtt-high","rtt_ms":546}}
2026-05-26T14:24:29Z type=link_mode_changed payload={"type":"link_mode_changed","ts_ms":1779805469441,"details":{"mode":"normal","reason":"rtt-restored","rtt_ms":71}}
2026-05-26T15:07:28Z type=video_restored payload={"type":"video_restored","ts_ms":1779808048432,"details":{"lost_for_ms":36}}
2026-05-26T15:07:28Z type=video_lost payload={"type":"video_lost","ts_ms":1779808048528,"details":{"status":"RECONNECTING"}}
2026-05-26T15:07:28Z type=video_retry payload={"type":"video_retry","ts_ms":1779808048529,"details":{"attempt":1,"delay_ms":1000,"mode":"auto"}}
2026-05-26T15:07:28Z type=video_restored payload={"type":"video_restored","ts_ms":1779808048557,"details":{"lost_for_ms":29}}
2026-05-26T15:07:28Z type=video_restored payload={"type":"video_restored","ts_ms":1779808048643,"details":{"lost_for_ms":40}}
2026-05-26T15:07:28Z type=video_restored payload={"type":"video_restored","ts_ms":1779808048774,"details":{"lost_for_ms":33}}
2026-05-26T15:07:28Z type=video_lost payload={"type":"video_lost","ts_ms":1779808048858,"details":{"status":"RECONNECTING"}}
2026-05-26T15:07:28Z type=video_retry payload={"type":"video_retry","ts_ms":1779808048859,"details":{"attempt":1,"delay_ms":1000,"mode":"auto"}}
2026-05-26T15:07:28Z type=video_restored payload={"type":"video_restored","ts_ms":1779808048879,"details":{"lost_for_ms":21}}
2026-05-26T19:09:52Z type=link_mode_changed payload={"type":"link_mode_changed","ts_ms":1779822592470,"details":{"mode":"safe","reason":"rtt-high","rtt_ms":224}}
2026-05-26T19:09:54Z type=link_mode_changed payload={"type":"link_mode_changed","ts_ms":1779822594262,"details":{"mode":"normal","reason":"rtt-restored","rtt_ms":17}}
2026-05-26T19:13:46Z type=link_mode_changed payload={"type":"link_mode_changed","ts_ms":1779822826690,"details":{"mode":"safe","reason":"rtt-high","rtt_ms":412}}
2026-05-26T19:13:47Z type=link_mode_changed payload={"type":"link_mode_changed","ts_ms":1779822827506,"details":{"mode":"normal","reason":"rtt-restored","rtt_ms":73}}
2026-05-26T19:13:54Z type=link_mode_changed payload={"type":"link_mode_changed","ts_ms":1779822834944,"details":{"mode":"safe","reason":"rtt-high","rtt_ms":343}}
2026-05-26T19:13:58Z type=link_mode_changed payload={"type":"link_mode_changed","ts_ms":1779822838056,"details":{"mode":"normal","reason":"rtt-restored","rtt_ms":14}}
2026-05-26T19:14:49Z type=link_mode_changed payload={"type":"link_mode_changed","ts_ms":1779822888899,"details":{"mode":"critical","reason":"rtt-critical","rtt_ms":1453}}
2026-05-26T19:14:51Z type=link_mode_changed payload={"type":"link_mode_changed","ts_ms":1779822891781,"details":{"mode":"safe","reason":"rtt-high","rtt_ms":291}}
2026-05-26T19:14:52Z type=link_mode_changed payload={"type":"link_mode_changed","ts_ms":1779822892619,"details":{"mode":"normal","reason":"rtt-restored","rtt_ms":11}}
2026-05-26T19:15:26Z type=link_mode_changed payload={"type":"link_mode_changed","ts_ms":1779822926529,"details":{"mode":"critical","reason":"rtt-critical","rtt_ms":806}}
2026-05-26T19:15:28Z type=link_mode_changed payload={"type":"link_mode_changed","ts_ms":1779822928055,"details":{"mode":"normal","reason":"rtt-restored","rtt_ms":169}}
2026-05-26T19:16:10Z type=link_mode_changed payload={"type":"link_mode_changed","ts_ms":1779822970110,"details":{"mode":"critical","reason":"rtt-critical","rtt_ms":703}}
2026-05-26T19:16:13Z type=link_mode_changed payload={"type":"link_mode_changed","ts_ms":1779822973045,"details":{"mode":"safe","reason":"rtt-high","rtt_ms":380}}
2026-05-26T19:16:13Z type=link_mode_changed payload={"type":"link_mode_changed","ts_ms":1779822973817,"details":{"mode":"normal","reason":"rtt-restored","rtt_ms":75}}
2026-05-26T19:16:25Z type=link_mode_changed payload={"type":"link_mode_changed","ts_ms":1779822985404,"details":{"mode":"safe","reason":"rtt-high","rtt_ms":281}}
2026-05-26T19:16:27Z type=link_mode_changed payload={"type":"link_mode_changed","ts_ms":1779822987288,"details":{"mode":"normal","reason":"rtt-restored","rtt_ms":11}}
2026-05-26T19:17:04Z type=link_mode_changed payload={"type":"link_mode_changed","ts_ms":1779823023886,"details":{"mode":"critical","reason":"rtt-critical","rtt_ms":583}}
2026-05-26T19:17:04Z type=link_mode_changed payload={"type":"link_mode_changed","ts_ms":1779823024712,"details":{"mode":"safe","reason":"rtt-high","rtt_ms":311}}
2026-05-26T19:17:06Z type=link_mode_changed payload={"type":"link_mode_changed","ts_ms":1779823026676,"details":{"mode":"normal","reason":"rtt-restored","rtt_ms":17}}
2026-05-26T19:18:06Z type=link_mode_changed payload={"type":"link_mode_changed","ts_ms":1779823086584,"details":{"mode":"safe","reason":"rtt-high","rtt_ms":234}}
2026-05-26T19:18:07Z type=link_mode_changed payload={"type":"link_mode_changed","ts_ms":1779823087439,"details":{"mode":"normal","reason":"rtt-restored","rtt_ms":90}}
2026-05-26T19:18:13Z type=link_mode_changed payload={"type":"link_mode_changed","ts_ms":1779823093186,"details":{"mode":"safe","reason":"rtt-high","rtt_ms":495}}
2026-05-26T19:18:14Z type=link_mode_changed payload={"type":"link_mode_changed","ts_ms":1779823094854,"details":{"mode":"normal","reason":"rtt-restored","rtt_ms":161}}
2026-05-26T19:18:20Z type=link_mode_changed payload={"type":"link_mode_changed","ts_ms":1779823099853,"details":{"mode":"critical","reason":"rtt-critical","rtt_ms":778}}
2026-05-26T19:18:22Z type=link_mode_changed payload={"type":"link_mode_changed","ts_ms":1779823102300,"details":{"mode":"normal","reason":"rtt-restored","rtt_ms":191}}
2026-05-26T19:18:48Z type=link_mode_changed payload={"type":"link_mode_changed","ts_ms":1779823128122,"details":{"mode":"critical","reason":"rtt-critical","rtt_ms":999}}
2026-05-26T19:18:50Z type=link_mode_changed payload={"type":"link_mode_changed","ts_ms":1779823130511,"details":{"mode":"normal","reason":"rtt-restored","rtt_ms":212}}
2026-05-26T19:19:33Z type=link_mode_changed payload={"type":"link_mode_changed","ts_ms":1779823172925,"details":{"mode":"safe","reason":"rtt-high","rtt_ms":428}}
2026-05-26T19:19:34Z type=link_mode_changed payload={"type":"link_mode_changed","ts_ms":1779823174576,"details":{"mode":"normal","reason":"rtt-restored","rtt_ms":12}}
2026-05-26T19:22:05Z type=video_restored payload={"type":"video_restored","ts_ms":1779823325292,"details":{"lost_for_ms":30}}
2026-05-26T19:22:05Z type=video_lost payload={"type":"video_lost","ts_ms":1779823325395,"details":{"status":"RECONNECTING"}}
2026-05-26T19:22:05Z type=video_retry payload={"type":"video_retry","ts_ms":1779823325396,"details":{"attempt":1,"delay_ms":1000,"mode":"auto"}}
2026-05-26T19:22:05Z type=video_restored payload={"type":"video_restored","ts_ms":1779823325420,"details":{"lost_for_ms":25}}
2026-05-26T19:38:03Z type=video_restored payload={"type":"video_restored","ts_ms":1779824283212,"details":{"lost_for_ms":24}}
2026-05-26T19:38:03Z type=video_lost payload={"type":"video_lost","ts_ms":1779824283302,"details":{"status":"RECONNECTING"}}
2026-05-26T19:38:03Z type=video_retry payload={"type":"video_retry","ts_ms":1779824283303,"details":{"attempt":1,"delay_ms":1000,"mode":"auto"}}
2026-05-26T19:38:03Z type=video_restored payload={"type":"video_restored","ts_ms":1779824283313,"details":{"lost_for_ms":11}}
2026-05-26T19:38:03Z type=video_restored payload={"type":"video_restored","ts_ms":1779824283641,"details":{"lost_for_ms":26}}
2026-05-26T19:38:03Z type=video_lost payload={"type":"video_lost","ts_ms":1779824283806,"details":{"status":"RECONNECTING"}}
2026-05-26T19:38:03Z type=video_retry payload={"type":"video_retry","ts_ms":1779824283808,"details":{"attempt":1,"delay_ms":1000,"mode":"auto"}}
2026-05-26T19:38:03Z type=video_restored payload={"type":"video_restored","ts_ms":1779824283816,"details":{"lost_for_ms":10}}
2026-05-30T13:02:01Z type=video_restored payload={"type":"video_restored","ts_ms":1780146121591,"details":{"lost_for_ms":46}}
2026-05-30T13:02:01Z type=video_lost payload={"type":"video_lost","ts_ms":1780146121713,"details":{"status":"RECONNECTING"}}
2026-05-30T13:02:01Z type=video_retry payload={"type":"video_retry","ts_ms":1780146121714,"details":{"attempt":1,"delay_ms":1000,"mode":"auto"}}
2026-05-30T13:02:01Z type=video_restored payload={"type":"video_restored","ts_ms":1780146121729,"details":{"lost_for_ms":16}}
2026-05-30T13:02:01Z type=video_restored payload={"type":"video_restored","ts_ms":1780146121829,"details":{"lost_for_ms":26}}
2026-05-30T13:02:01Z type=video_lost payload={"type":"video_lost","ts_ms":1780146121912,"details":{"status":"RECONNECTING"}}
2026-05-30T13:02:01Z type=video_retry payload={"type":"video_retry","ts_ms":1780146121914,"details":{"attempt":1,"delay_ms":1000,"mode":"auto"}}
2026-05-30T13:02:01Z type=video_restored payload={"type":"video_restored","ts_ms":1780146121922,"details":{"lost_for_ms":10}}
2026-05-30T13:24:25Z type=video_restored payload={"type":"video_restored","ts_ms":1780147465027,"details":{"lost_for_ms":23}}
2026-05-30T13:24:25Z type=video_restored payload={"type":"video_restored","ts_ms":1780147465324,"details":{"lost_for_ms":227}}
2026-05-30T13:24:25Z type=video_restored payload={"type":"video_restored","ts_ms":1780147465504,"details":{"lost_for_ms":25}}
2026-05-30T13:24:25Z type=video_lost payload={"type":"video_lost","ts_ms":1780147465593,"details":{"status":"RECONNECTING"}}
2026-05-30T13:24:25Z type=video_retry payload={"type":"video_retry","ts_ms":1780147465595,"details":{"attempt":1,"delay_ms":1000,"mode":"auto"}}
2026-05-30T13:24:25Z type=video_restored payload={"type":"video_restored","ts_ms":1780147465633,"details":{"lost_for_ms":40}}
2026-05-30T13:37:14Z type=video_restored payload={"type":"video_restored","ts_ms":1780148234640,"details":{"lost_for_ms":26}}
2026-05-30T13:37:14Z type=video_lost payload={"type":"video_lost","ts_ms":1780148234815,"details":{"status":"RECONNECTING"}}
2026-05-30T13:37:14Z type=video_retry payload={"type":"video_retry","ts_ms":1780148234817,"details":{"attempt":1,"delay_ms":1000,"mode":"auto"}}
2026-05-30T13:37:14Z type=video_restored payload={"type":"video_restored","ts_ms":1780148234834,"details":{"lost_for_ms":19}}
2026-05-30T14:25:58Z type=link_mode_changed payload={"type":"link_mode_changed","ts_ms":1780151158145,"details":{"mode":"normal","reason":"rtt-restored","rtt_ms":16}}
2026-05-30T14:26:02Z type=video_restored payload={"type":"video_restored","ts_ms":1780151162027,"details":{"lost_for_ms":23}}
2026-05-30T14:26:02Z type=video_lost payload={"type":"video_lost","ts_ms":1780151162244,"details":{"status":"RECONNECTING"}}
2026-05-30T14:26:02Z type=video_retry payload={"type":"video_retry","ts_ms":1780151162245,"details":{"attempt":1,"delay_ms":1000,"mode":"auto"}}
2026-05-30T14:26:02Z type=video_restored payload={"type":"video_restored","ts_ms":1780151162263,"details":{"lost_for_ms":19}}
2026-05-30T14:33:01Z type=link_mode_changed payload={"type":"link_mode_changed","ts_ms":1780151581999,"details":{"mode":"safe","reason":"rtt-high","rtt_ms":244}}
2026-05-30T14:33:02Z type=link_mode_changed payload={"type":"link_mode_changed","ts_ms":1780151582768,"details":{"mode":"normal","reason":"rtt-restored","rtt_ms":12}}
2026-05-30T16:06:06Z type=video_retry payload={"type":"video_retry","ts_ms":1780157165769,"details":{"attempt":1,"delay_ms":1000,"mode":"auto"}}
2026-05-30T16:06:06Z type=video_restored payload={"type":"video_restored","ts_ms":1780157165778,"details":{"lost_for_ms":435}}
2026-05-30T18:20:37Z type=link_mode_changed payload={"type":"link_mode_changed","ts_ms":1780165237064,"details":{"mode":"safe","reason":"rtt-high","rtt_ms":451}}
2026-05-30T18:20:38Z type=link_mode_changed payload={"type":"link_mode_changed","ts_ms":1780165238423,"details":{"mode":"critical","reason":"rtt-critical","rtt_ms":809}}
2026-05-30T18:20:39Z type=link_mode_changed payload={"type":"link_mode_changed","ts_ms":1780165239070,"details":{"mode":"safe","reason":"rtt-high","rtt_ms":422}}
2026-05-30T18:20:40Z type=link_mode_changed payload={"type":"link_mode_changed","ts_ms":1780165240711,"details":{"mode":"normal","reason":"rtt-restored","rtt_ms":33}}
2026-05-30T18:22:11Z type=link_mode_changed payload={"type":"link_mode_changed","ts_ms":1780165331634,"details":{"mode":"safe","reason":"rtt-high","rtt_ms":386}}
2026-05-30T18:22:14Z type=link_mode_changed payload={"type":"link_mode_changed","ts_ms":1780165334451,"details":{"mode":"normal","reason":"rtt-restored","rtt_ms":153}}
2026-05-30T19:12:09Z type=link_mode_changed payload={"type":"link_mode_changed","ts_ms":1780168329716,"details":{"mode":"safe","reason":"rtt-high","rtt_ms":415}}
2026-05-30T19:12:12Z type=link_mode_changed payload={"type":"link_mode_changed","ts_ms":1780168332093,"details":{"mode":"critical","reason":"rtt-critical","rtt_ms":733}}
2026-05-30T19:12:12Z type=link_mode_changed payload={"type":"link_mode_changed","ts_ms":1780168332599,"details":{"mode":"normal","reason":"rtt-restored","rtt_ms":178}}
2026-05-30T19:26:40Z type=link_mode_changed payload={"type":"link_mode_changed","ts_ms":1780169199902,"details":{"mode":"critical","reason":"rtt-critical","rtt_ms":793}}
2026-05-30T19:26:41Z type=link_mode_changed payload={"type":"link_mode_changed","ts_ms":1780169201127,"details":{"mode":"normal","reason":"rtt-restored","rtt_ms":16}}
2026-05-30T19:26:47Z type=link_mode_changed payload={"type":"link_mode_changed","ts_ms":1780169207422,"details":{"mode":"critical","reason":"rtt-critical","rtt_ms":1293}}
2026-05-30T19:26:47Z type=link_mode_changed payload={"type":"link_mode_changed","ts_ms":1780169207573,"details":{"mode":"safe","reason":"rtt-high","rtt_ms":443}}
2026-05-30T19:26:48Z type=link_mode_changed payload={"type":"link_mode_changed","ts_ms":1780169208400,"details":{"mode":"normal","reason":"rtt-restored","rtt_ms":216}}
2026-05-30T19:27:39Z type=link_mode_changed payload={"type":"link_mode_changed","ts_ms":1780169259636,"details":{"mode":"safe","reason":"rtt-high","rtt_ms":492}}
2026-05-30T19:27:40Z type=link_mode_changed payload={"type":"link_mode_changed","ts_ms":1780169260337,"details":{"mode":"normal","reason":"rtt-restored","rtt_ms":108}}
2026-05-30T19:27:50Z type=link_mode_changed payload={"type":"link_mode_changed","ts_ms":1780169269232,"details":{"mode":"critical","reason":"rtt-critical","rtt_ms":1772}}
2026-05-30T19:27:56Z type=link_mode_changed payload={"type":"link_mode_changed","ts_ms":1780169276238,"details":{"mode":"normal","reason":"rtt-restored","rtt_ms":117}}
2026-05-30T19:35:33Z type=link_mode_changed payload={"type":"link_mode_changed","ts_ms":1780169733079,"details":{"mode":"safe","reason":"rtt-high","rtt_ms":255}}
2026-05-30T19:35:34Z type=link_mode_changed payload={"type":"link_mode_changed","ts_ms":1780169734835,"details":{"mode":"normal","reason":"rtt-restored","rtt_ms":10}}
2026-05-30T19:37:29Z type=link_mode_changed payload={"type":"link_mode_changed","ts_ms":1780169849609,"details":{"mode":"safe","reason":"rtt-high","rtt_ms":276}}
2026-05-30T19:37:30Z type=link_mode_changed payload={"type":"link_mode_changed","ts_ms":1780169850398,"details":{"mode":"normal","reason":"rtt-restored","rtt_ms":38}}
2026-05-30T19:43:36Z type=link_mode_changed payload={"type":"link_mode_changed","ts_ms":1780170216390,"details":{"mode":"safe","reason":"rtt-high","rtt_ms":281}}
2026-05-30T19:43:38Z type=link_mode_changed payload={"type":"link_mode_changed","ts_ms":1780170218122,"details":{"mode":"normal","reason":"rtt-restored","rtt_ms":13}}
2026-05-30T20:05:18Z type=link_mode_changed payload={"type":"link_mode_changed","ts_ms":1780171518303,"details":{"mode":"safe","reason":"rtt-high","rtt_ms":243}}
2026-05-30T20:05:19Z type=link_mode_changed payload={"type":"link_mode_changed","ts_ms":1780171519106,"details":{"mode":"normal","reason":"rtt-restored","rtt_ms":11}}
2026-05-30T20:28:03Z type=video_restored payload={"type":"video_restored","ts_ms":1780172883036,"details":{"lost_for_ms":45}}
2026-05-30T20:28:03Z type=video_lost payload={"type":"video_lost","ts_ms":1780172883222,"details":{"status":"RECONNECTING"}}
2026-05-30T20:28:03Z type=video_retry payload={"type":"video_retry","ts_ms":1780172883223,"details":{"attempt":1,"delay_ms":1000,"mode":"auto"}}
2026-05-30T20:28:03Z type=video_restored payload={"type":"video_restored","ts_ms":1780172883259,"details":{"lost_for_ms":37}}
2026-05-30T20:28:03Z type=link_mode_changed payload={"type":"link_mode_changed","ts_ms":1780172883663,"details":{"mode":"normal","reason":"rtt-restored","rtt_ms":11}}
2026-05-30T20:37:42Z type=link_mode_changed payload={"type":"link_mode_changed","ts_ms":1780173462334,"details":{"mode":"critical","reason":"rtt-critical","rtt_ms":835}}
2026-05-30T20:37:42Z type=link_mode_changed payload={"type":"link_mode_changed","ts_ms":1780173462521,"details":{"mode":"normal","reason":"rtt-restored","rtt_ms":22}}
2026-05-30T20:44:43Z type=link_mode_changed payload={"type":"link_mode_changed","ts_ms":1780173883173,"details":{"mode":"critical","reason":"rtt-critical","rtt_ms":591}}
2026-05-30T20:44:43Z type=link_mode_changed payload={"type":"link_mode_changed","ts_ms":1780173883596,"details":{"mode":"normal","reason":"rtt-restored","rtt_ms":13}}
2026-05-30T21:17:43Z type=link_mode_changed payload={"type":"link_mode_changed","ts_ms":1780175862982,"details":{"mode":"critical","reason":"rtt-critical","rtt_ms":885}}
2026-05-30T21:17:43Z type=link_mode_changed payload={"type":"link_mode_changed","ts_ms":1780175863107,"details":{"mode":"normal","reason":"rtt-restored","rtt_ms":10}}
2026-05-30T21:30:42Z type=link_mode_changed payload={"type":"link_mode_changed","ts_ms":1780176642907,"details":{"mode":"critical","reason":"rtt-critical","rtt_ms":487}}
2026-05-30T21:30:44Z type=link_mode_changed payload={"type":"link_mode_changed","ts_ms":1780176644433,"details":{"mode":"normal","reason":"rtt-restored","rtt_ms":13}}
2026-05-30T21:31:44Z type=link_mode_changed payload={"type":"link_mode_changed","ts_ms":1780176704277,"details":{"mode":"critical","reason":"rtt-critical","rtt_ms":2259}}
2026-05-30T21:31:44Z type=link_mode_changed payload={"type":"link_mode_changed","ts_ms":1780176704441,"details":{"mode":"normal","reason":"rtt-restored","rtt_ms":195}}
2026-05-30T21:40:43Z type=link_mode_changed payload={"type":"link_mode_changed","ts_ms":1780177243360,"details":{"mode":"critical","reason":"rtt-critical","rtt_ms":761}}
2026-05-30T21:40:43Z type=link_mode_changed payload={"type":"link_mode_changed","ts_ms":1780177243633,"details":{"mode":"normal","reason":"rtt-restored","rtt_ms":15}}
2026-05-30T21:44:43Z type=link_mode_changed payload={"type":"link_mode_changed","ts_ms":1780177483152,"details":{"mode":"critical","reason":"rtt-critical","rtt_ms":1058}}
2026-05-30T21:44:43Z type=link_mode_changed payload={"type":"link_mode_changed","ts_ms":1780177483160,"details":{"mode":"normal","reason":"rtt-restored","rtt_ms":11}}
2026-05-30T21:45:17Z type=video_restored payload={"type":"video_restored","ts_ms":1780177517590,"details":{"lost_for_ms":32}}
2026-05-30T21:45:17Z type=video_lost payload={"type":"video_lost","ts_ms":1780177517652,"details":{"status":"RECONNECTING"}}
2026-05-30T21:45:17Z type=video_retry payload={"type":"video_retry","ts_ms":1780177517653,"details":{"attempt":1,"delay_ms":1000,"mode":"auto"}}
2026-05-30T21:45:17Z type=video_restored payload={"type":"video_restored","ts_ms":1780177517670,"details":{"lost_for_ms":18}}
2026-05-30T21:46:06Z type=video_lost payload={"type":"video_lost","ts_ms":1780177566281,"details":{"status":"RECONNECTING"}}
2026-05-30T21:46:06Z type=video_retry payload={"type":"video_retry","ts_ms":1780177566282,"details":{"attempt":1,"delay_ms":1000,"mode":"auto"}}
2026-05-30T21:46:06Z type=video_restored payload={"type":"video_restored","ts_ms":1780177566294,"details":{"lost_for_ms":13}}
2026-05-30T21:56:06Z type=link_mode_changed payload={"type":"link_mode_changed","ts_ms":1780178166808,"details":{"mode":"critical","reason":"rtt-critical","rtt_ms":812}}
2026-05-30T21:56:07Z type=link_mode_changed payload={"type":"link_mode_changed","ts_ms":1780178167451,"details":{"mode":"normal","reason":"rtt-restored","rtt_ms":18}}
2026-05-30T21:56:07Z type=link_mode_changed payload={"type":"link_mode_changed","ts_ms":1780178167488,"details":{"mode":"critical","reason":"rtt-critical","rtt_ms":1443}}
2026-05-30T21:56:07Z type=link_mode_changed payload={"type":"link_mode_changed","ts_ms":1780178167570,"details":{"mode":"normal","reason":"rtt-restored","rtt_ms":81}}
2026-06-30T16:03:09Z type=video_restored payload={"type":"video_restored","ts_ms":1782835389636,"details":{"lost_for_ms":33}}
2026-06-30T16:03:09Z type=video_lost payload={"type":"video_lost","ts_ms":1782835389826,"details":{"status":"RECONNECTING"}}
2026-06-30T16:03:09Z type=video_retry payload={"type":"video_retry","ts_ms":1782835389827,"details":{"attempt":1,"delay_ms":1000,"mode":"auto"}}
2026-06-30T16:03:09Z type=video_restored payload={"type":"video_restored","ts_ms":1782835389834,"details":{"lost_for_ms":8}}
2026-06-30T16:04:42Z type=video_restored payload={"type":"video_restored","ts_ms":1782835482121,"details":{"lost_for_ms":19}}
2026-06-30T16:04:42Z type=video_lost payload={"type":"video_lost","ts_ms":1782835482208,"details":{"status":"RECONNECTING"}}
2026-06-30T16:04:42Z type=video_retry payload={"type":"video_retry","ts_ms":1782835482209,"details":{"attempt":1,"delay_ms":1000,"mode":"auto"}}
2026-06-30T16:04:42Z type=video_restored payload={"type":"video_restored","ts_ms":1782835482228,"details":{"lost_for_ms":20}}
2026-06-30T16:04:51Z type=video_restored payload={"type":"video_restored","ts_ms":1782835491008,"details":{"lost_for_ms":30}}
2026-06-30T16:04:51Z type=video_lost payload={"type":"video_lost","ts_ms":1782835491119,"details":{"status":"RECONNECTING"}}
2026-06-30T16:04:51Z type=video_retry payload={"type":"video_retry","ts_ms":1782835491120,"details":{"attempt":1,"delay_ms":1000,"mode":"auto"}}
2026-06-30T16:04:51Z type=video_restored payload={"type":"video_restored","ts_ms":1782835491133,"details":{"lost_for_ms":14}}
2026-06-30T16:06:24Z type=video_restored payload={"type":"video_restored","ts_ms":1782835584926,"details":{"lost_for_ms":24}}
2026-06-30T16:06:25Z type=video_lost payload={"type":"video_lost","ts_ms":1782835585048,"details":{"status":"RECONNECTING"}}
2026-06-30T16:06:25Z type=video_retry payload={"type":"video_retry","ts_ms":1782835585050,"details":{"attempt":1,"delay_ms":1000,"mode":"auto"}}
2026-06-30T16:06:25Z type=video_restored payload={"type":"video_restored","ts_ms":1782835585064,"details":{"lost_for_ms":16}}
2026-06-30T16:13:17Z type=video_lost payload={"type":"video_lost","ts_ms":1782835997163,"details":{"status":"RECONNECTING"}}
2026-06-30T16:13:17Z type=video_retry payload={"type":"video_retry","ts_ms":1782835997163,"details":{"attempt":1,"delay_ms":1000,"mode":"auto"}}
2026-06-30T16:13:17Z type=video_restored payload={"type":"video_restored","ts_ms":1782835997172,"details":{"lost_for_ms":9}}
2026-06-30T16:13:17Z type=video_lost payload={"type":"video_lost","ts_ms":1782835997770,"details":{"status":"RECONNECTING"}}
2026-06-30T16:13:17Z type=video_retry payload={"type":"video_retry","ts_ms":1782835997771,"details":{"attempt":1,"delay_ms":1000,"mode":"auto"}}
2026-06-30T16:13:17Z type=video_restored payload={"type":"video_restored","ts_ms":1782835997781,"details":{"lost_for_ms":11}}
2026-06-30T16:13:58Z type=detector_model_switch_start payload={"type":"detector_model_switch_start","model":"model_rknn/yolov8s_800x800_9out_fp32.rknn"}
2026-06-30T16:13:58Z type=detector_model_switch_ok payload={"type":"detector_model_switch_ok","model":"model_rknn/yolov8s_800x800_9out_fp32.rknn"}
2026-06-30T16:24:22Z type=video_restored payload={"type":"video_restored","ts_ms":1782836662393,"details":{"lost_for_ms":22}}
2026-06-30T16:24:22Z type=video_lost payload={"type":"video_lost","ts_ms":1782836662592,"details":{"status":"RECONNECTING"}}
2026-06-30T16:24:22Z type=video_retry payload={"type":"video_retry","ts_ms":1782836662593,"details":{"attempt":1,"delay_ms":1000,"mode":"auto"}}
2026-06-30T16:24:22Z type=video_restored payload={"type":"video_restored","ts_ms":1782836662610,"details":{"lost_for_ms":17}}
2026-06-30T16:34:24Z type=video_restored payload={"type":"video_restored","ts_ms":1782837264083,"details":{"lost_for_ms":29}}
2026-06-30T16:34:24Z type=video_lost payload={"type":"video_lost","ts_ms":1782837264255,"details":{"status":"RECONNECTING"}}
2026-06-30T16:34:24Z type=video_retry payload={"type":"video_retry","ts_ms":1782837264256,"details":{"attempt":1,"delay_ms":1000,"mode":"auto"}}
2026-06-30T16:34:24Z type=video_restored payload={"type":"video_restored","ts_ms":1782837264265,"details":{"lost_for_ms":10}}
2026-06-30T16:35:49Z type=video_restored payload={"type":"video_restored","ts_ms":1782837349592,"details":{"lost_for_ms":31}}
2026-06-30T16:35:49Z type=video_lost payload={"type":"video_lost","ts_ms":1782837349732,"details":{"status":"RECONNECTING"}}
2026-06-30T16:35:49Z type=video_retry payload={"type":"video_retry","ts_ms":1782837349733,"details":{"attempt":1,"delay_ms":1000,"mode":"auto"}}
2026-06-30T16:35:49Z type=video_restored payload={"type":"video_restored","ts_ms":1782837349750,"details":{"lost_for_ms":18}}
2026-06-30T16:37:00Z type=video_restored payload={"type":"video_restored","ts_ms":1782837420611,"details":{"lost_for_ms":24}}
2026-06-30T16:37:00Z type=video_retry payload={"type":"video_retry","ts_ms":1782837420729,"details":{"attempt":1,"delay_ms":1000,"mode":"auto"}}
2026-06-30T16:37:00Z type=video_lost payload={"type":"video_lost","ts_ms":1782837420728,"details":{"status":"RECONNECTING"}}
2026-06-30T16:37:00Z type=video_restored payload={"type":"video_restored","ts_ms":1782837420740,"details":{"lost_for_ms":12}}
2026-06-30T16:39:09Z type=link_mode_changed payload={"type":"link_mode_changed","ts_ms":1782837543023,"details":{"mode":"critical","reason":"rtt-critical","rtt_ms":null}}
2026-06-30T16:39:09Z type=link_mode_changed payload={"type":"link_mode_changed","ts_ms":1782837543018,"details":{"mode":"safe","reason":"rtt-high","rtt_ms":null}}
2026-06-30T16:39:09Z type=link_mode_changed payload={"type":"link_mode_changed","ts_ms":1782837549948,"details":{"mode":"normal","reason":"rtt-restored","rtt_ms":21}}
2026-06-30T16:39:10Z type=video_restored payload={"type":"video_restored","ts_ms":1782837550267,"details":{"lost_for_ms":21}}
2026-06-30T16:39:10Z type=video_lost payload={"type":"video_lost","ts_ms":1782837550383,"details":{"status":"RECONNECTING"}}
2026-06-30T16:39:10Z type=video_retry payload={"type":"video_retry","ts_ms":1782837550384,"details":{"attempt":1,"delay_ms":1000,"mode":"auto"}}
2026-06-30T16:39:10Z type=video_restored payload={"type":"video_restored","ts_ms":1782837550394,"details":{"lost_for_ms":11}}
2026-06-30T16:39:20Z type=video_restored payload={"type":"video_restored","ts_ms":1782837560218,"details":{"lost_for_ms":21}}
2026-06-30T16:39:20Z type=video_lost payload={"type":"video_lost","ts_ms":1782837560387,"details":{"status":"RECONNECTING"}}
2026-06-30T16:39:20Z type=video_retry payload={"type":"video_retry","ts_ms":1782837560387,"details":{"attempt":1,"delay_ms":1000,"mode":"auto"}}
2026-06-30T16:39:20Z type=video_restored payload={"type":"video_restored","ts_ms":1782837560395,"details":{"lost_for_ms":8}}
2026-06-30T16:45:23Z type=link_mode_changed payload={"type":"link_mode_changed","ts_ms":1782837918577,"details":{"mode":"critical","reason":"rtt-critical","rtt_ms":null}}
2026-06-30T16:45:23Z type=video_restored payload={"type":"video_restored","ts_ms":1782837923349,"details":{"lost_for_ms":25}}
2026-06-30T16:45:23Z type=video_lost payload={"type":"video_lost","ts_ms":1782837923509,"details":{"status":"RECONNECTING"}}
2026-06-30T16:45:23Z type=video_retry payload={"type":"video_retry","ts_ms":1782837923510,"details":{"attempt":1,"delay_ms":1000,"mode":"auto"}}
2026-06-30T16:45:23Z type=video_restored payload={"type":"video_restored","ts_ms":1782837923524,"details":{"lost_for_ms":15}}
2026-06-30T17:07:32Z type=video_restored payload={"type":"video_restored","ts_ms":1782839252861,"details":{"lost_for_ms":25}}
2026-06-30T17:07:33Z type=video_lost payload={"type":"video_lost","ts_ms":1782839253004,"details":{"status":"RECONNECTING"}}
2026-06-30T17:07:33Z type=video_retry payload={"type":"video_retry","ts_ms":1782839253004,"details":{"attempt":1,"delay_ms":1000,"mode":"auto"}}
2026-06-30T17:07:33Z type=video_restored payload={"type":"video_restored","ts_ms":1782839253020,"details":{"lost_for_ms":16}}
2026-06-30T17:07:44Z type=video_restored payload={"type":"video_restored","ts_ms":1782839264345,"details":{"lost_for_ms":22}}
2026-06-30T17:07:44Z type=video_lost payload={"type":"video_lost","ts_ms":1782839264437,"details":{"status":"RECONNECTING"}}
2026-06-30T17:07:44Z type=video_retry payload={"type":"video_retry","ts_ms":1782839264439,"details":{"attempt":1,"delay_ms":1000,"mode":"auto"}}
2026-06-30T17:07:44Z type=video_restored payload={"type":"video_restored","ts_ms":1782839264459,"details":{"lost_for_ms":22}}
2026-06-30T18:05:22Z type=link_mode_changed payload={"type":"link_mode_changed","ts_ms":1782842722478,"details":{"mode":"critical","reason":"rtt-critical","rtt_ms":899}}
2026-06-30T18:05:22Z type=link_mode_changed payload={"type":"link_mode_changed","ts_ms":1782842722743,"details":{"mode":"normal","reason":"rtt-restored","rtt_ms":22}}
2026-06-30T18:19:33Z type=link_mode_changed payload={"type":"link_mode_changed","ts_ms":1782843573976,"details":{"mode":"critical","reason":"rtt-critical","rtt_ms":1942}}
2026-06-30T18:19:33Z type=link_mode_changed payload={"type":"link_mode_changed","ts_ms":1782843573979,"details":{"mode":"normal","reason":"rtt-restored","rtt_ms":28}}
2026-06-30T18:53:23Z type=link_mode_changed payload={"type":"link_mode_changed","ts_ms":1782845602994,"details":{"mode":"safe","reason":"rtt-high","rtt_ms":242}}
2026-06-30T18:53:27Z type=link_mode_changed payload={"type":"link_mode_changed","ts_ms":1782845607273,"details":{"mode":"normal","reason":"rtt-restored","rtt_ms":184}}
2026-06-30T18:54:11Z type=link_mode_changed payload={"type":"link_mode_changed","ts_ms":1782845651081,"details":{"mode":"safe","reason":"rtt-high","rtt_ms":274}}
2026-06-30T18:54:12Z type=link_mode_changed payload={"type":"link_mode_changed","ts_ms":1782845652027,"details":{"mode":"normal","reason":"rtt-restored","rtt_ms":116}}
2026-06-30T18:55:06Z type=link_mode_changed payload={"type":"link_mode_changed","ts_ms":1782845706318,"details":{"mode":"safe","reason":"rtt-high","rtt_ms":267}}
2026-06-30T18:55:07Z type=link_mode_changed payload={"type":"link_mode_changed","ts_ms":1782845707143,"details":{"mode":"normal","reason":"rtt-restored","rtt_ms":14}}
2026-06-30T19:30:57Z type=link_mode_changed payload={"type":"link_mode_changed","ts_ms":1782847857071,"details":{"mode":"critical","reason":"rtt-critical","rtt_ms":8767}}
2026-06-30T19:30:57Z type=link_mode_changed payload={"type":"link_mode_changed","ts_ms":1782847857657,"details":{"mode":"normal","reason":"rtt-restored","rtt_ms":18}}
2026-06-30T19:34:50Z type=link_mode_changed payload={"type":"link_mode_changed","ts_ms":1782848090790,"details":{"mode":"safe","reason":"rtt-high","rtt_ms":263}}
2026-06-30T19:34:51Z type=link_mode_changed payload={"type":"link_mode_changed","ts_ms":1782848091644,"details":{"mode":"normal","reason":"rtt-restored","rtt_ms":59}}
2026-06-30T19:34:54Z type=link_mode_changed payload={"type":"link_mode_changed","ts_ms":1782848093981,"details":{"mode":"safe","reason":"rtt-high","rtt_ms":389}}
2026-06-30T19:34:55Z type=link_mode_changed payload={"type":"link_mode_changed","ts_ms":1782848095730,"details":{"mode":"normal","reason":"rtt-restored","rtt_ms":112}}
2026-06-30T19:38:51Z type=link_mode_changed payload={"type":"link_mode_changed","ts_ms":1782848330993,"details":{"mode":"safe","reason":"rtt-high","rtt_ms":321}}
2026-06-30T19:38:57Z type=link_mode_changed payload={"type":"link_mode_changed","ts_ms":1782848337154,"details":{"mode":"normal","reason":"rtt-restored","rtt_ms":91}}
2026-06-30T19:38:59Z type=link_mode_changed payload={"type":"link_mode_changed","ts_ms":1782848339849,"details":{"mode":"safe","reason":"rtt-high","rtt_ms":769}}
2026-06-30T19:39:00Z type=link_mode_changed payload={"type":"link_mode_changed","ts_ms":1782848340299,"details":{"mode":"normal","reason":"rtt-restored","rtt_ms":218}}
2026-06-30T19:39:06Z type=link_mode_changed payload={"type":"link_mode_changed","ts_ms":1782848346736,"details":{"mode":"safe","reason":"rtt-high","rtt_ms":489}}
2026-06-30T19:39:09Z type=link_mode_changed payload={"type":"link_mode_changed","ts_ms":1782848348798,"details":{"mode":"critical","reason":"rtt-critical","rtt_ms":552}}
2026-06-30T19:39:09Z type=link_mode_changed payload={"type":"link_mode_changed","ts_ms":1782848349262,"details":{"mode":"normal","reason":"rtt-restored","rtt_ms":14}}
2026-06-30T19:43:15Z type=link_mode_changed payload={"type":"link_mode_changed","ts_ms":1782848595135,"details":{"mode":"critical","reason":"rtt-critical","rtt_ms":744}}
2026-06-30T19:43:16Z type=link_mode_changed payload={"type":"link_mode_changed","ts_ms":1782848596180,"details":{"mode":"safe","reason":"rtt-high","rtt_ms":447}}
2026-06-30T19:43:17Z type=link_mode_changed payload={"type":"link_mode_changed","ts_ms":1782848597753,"details":{"mode":"normal","reason":"rtt-restored","rtt_ms":20}}
2026-06-30T19:43:33Z type=link_mode_changed payload={"type":"link_mode_changed","ts_ms":1782848613803,"details":{"mode":"safe","reason":"rtt-high","rtt_ms":372}}
2026-06-30T19:43:34Z type=link_mode_changed payload={"type":"link_mode_changed","ts_ms":1782848614573,"details":{"mode":"normal","reason":"rtt-restored","rtt_ms":140}}
2026-06-30T21:05:06Z type=link_mode_changed payload={"type":"link_mode_changed","ts_ms":1782853506551,"details":{"mode":"critical","reason":"rtt-critical","rtt_ms":35368}}
2026-06-30T21:05:07Z type=link_mode_changed payload={"type":"link_mode_changed","ts_ms":1782853507771,"details":{"mode":"safe","reason":"rtt-high","rtt_ms":243}}
2026-06-30T21:05:09Z type=link_mode_changed payload={"type":"link_mode_changed","ts_ms":1782853509739,"details":{"mode":"normal","reason":"rtt-restored","rtt_ms":13}}
2026-06-30T21:05:10Z type=link_mode_changed payload={"type":"link_mode_changed","ts_ms":1782853510634,"details":{"mode":"critical","reason":"rtt-critical","rtt_ms":2002}}
2026-06-30T21:05:10Z type=link_mode_changed payload={"type":"link_mode_changed","ts_ms":1782853510739,"details":{"mode":"normal","reason":"rtt-restored","rtt_ms":13}}
2026-07-01T05:51:13Z type=video_restored payload={"type":"video_restored","ts_ms":1782885073035,"details":{"lost_for_ms":113}}
2026-07-01T05:51:13Z type=video_lost payload={"type":"video_lost","ts_ms":1782885073194,"details":{"status":"RECONNECTING"}}
2026-07-01T05:51:13Z type=video_retry payload={"type":"video_retry","ts_ms":1782885073196,"details":{"attempt":1,"delay_ms":1000,"mode":"auto"}}
2026-07-01T05:51:13Z type=video_restored payload={"type":"video_restored","ts_ms":1782885073215,"details":{"lost_for_ms":21}}
2026-07-01T05:51:13Z type=link_mode_changed payload={"type":"link_mode_changed","ts_ms":1782885073932,"details":{"mode":"normal","reason":"rtt-restored","rtt_ms":41}}
2026-07-01T05:56:52Z type=link_mode_changed payload={"type":"link_mode_changed","ts_ms":1782885412973,"details":{"mode":"normal","reason":"rtt-restored","rtt_ms":14}}
2026-07-01T05:56:53Z type=video_restored payload={"type":"video_restored","ts_ms":1782885413394,"details":{"lost_for_ms":68}}
2026-07-01T05:56:53Z type=video_lost payload={"type":"video_lost","ts_ms":1782885413505,"details":{"status":"RECONNECTING"}}
2026-07-01T05:56:53Z type=video_retry payload={"type":"video_retry","ts_ms":1782885413506,"details":{"attempt":1,"delay_ms":1000,"mode":"auto"}}
2026-07-01T05:56:53Z type=video_restored payload={"type":"video_restored","ts_ms":1782885413546,"details":{"lost_for_ms":41}}
2026-07-01T08:09:09Z type=video_restored payload={"type":"video_restored","ts_ms":1782893349531,"details":{"lost_for_ms":130}}
2026-07-01T08:09:09Z type=video_lost payload={"type":"video_lost","ts_ms":1782893349777,"details":{"status":"RECONNECTING"}}
2026-07-01T08:09:09Z type=video_retry payload={"type":"video_retry","ts_ms":1782893349779,"details":{"attempt":1,"delay_ms":1000,"mode":"auto"}}
2026-07-01T08:09:09Z type=link_mode_changed payload={"type":"link_mode_changed","ts_ms":1782893349823,"details":{"mode":"normal","reason":"rtt-restored","rtt_ms":73}}
2026-07-01T08:09:09Z type=video_restored payload={"type":"video_restored","ts_ms":1782893349841,"details":{"lost_for_ms":64}}
2026-07-01T08:09:09Z type=link_mode_changed payload={"type":"link_mode_changed","ts_ms":1782893349958,"details":{"mode":"normal","reason":"rtt-restored","rtt_ms":61}}
2026-07-01T08:09:21Z type=link_mode_changed payload={"type":"link_mode_changed","ts_ms":1782893361240,"details":{"mode":"critical","reason":"rtt-critical","rtt_ms":472}}
2026-07-01T08:09:21Z type=link_mode_changed payload={"type":"link_mode_changed","ts_ms":1782893361835,"details":{"mode":"normal","reason":"rtt-restored","rtt_ms":27}}
2026-07-01T08:11:14Z type=link_mode_changed payload={"type":"link_mode_changed","ts_ms":1782893474692,"details":{"mode":"safe","reason":"rtt-high","rtt_ms":252}}
2026-07-01T08:11:16Z type=link_mode_changed payload={"type":"link_mode_changed","ts_ms":1782893476663,"details":{"mode":"normal","reason":"rtt-restored","rtt_ms":20}}
2026-07-01T08:12:33Z type=link_mode_changed payload={"type":"link_mode_changed","ts_ms":1782893553878,"details":{"mode":"safe","reason":"rtt-high","rtt_ms":279}}
2026-07-01T08:12:34Z type=link_mode_changed payload={"type":"link_mode_changed","ts_ms":1782893554753,"details":{"mode":"normal","reason":"rtt-restored","rtt_ms":34}}
2026-07-01T08:12:39Z type=link_mode_changed payload={"type":"link_mode_changed","ts_ms":1782893559965,"details":{"mode":"safe","reason":"rtt-high","rtt_ms":544}}
2026-07-01T08:12:40Z type=link_mode_changed payload={"type":"link_mode_changed","ts_ms":1782893560504,"details":{"mode":"normal","reason":"rtt-restored","rtt_ms":17}}
2026-07-01T08:12:48Z type=link_mode_changed payload={"type":"link_mode_changed","ts_ms":1782893568888,"details":{"mode":"safe","reason":"rtt-high","rtt_ms":267}}
2026-07-01T08:12:49Z type=link_mode_changed payload={"type":"link_mode_changed","ts_ms":1782893569721,"details":{"mode":"normal","reason":"rtt-restored","rtt_ms":15}}
2026-07-01T08:13:16Z type=link_mode_changed payload={"type":"link_mode_changed","ts_ms":1782893596530,"details":{"mode":"safe","reason":"rtt-high","rtt_ms":277}}
2026-07-01T08:13:17Z type=link_mode_changed payload={"type":"link_mode_changed","ts_ms":1782893597367,"details":{"mode":"normal","reason":"rtt-restored","rtt_ms":21}}
2026-07-01T08:13:30Z type=link_mode_changed payload={"type":"link_mode_changed","ts_ms":1782893610979,"details":{"mode":"safe","reason":"rtt-high","rtt_ms":292}}
2026-07-01T08:13:31Z type=link_mode_changed payload={"type":"link_mode_changed","ts_ms":1782893611775,"details":{"mode":"normal","reason":"rtt-restored","rtt_ms":21}}
2026-07-01T08:13:47Z type=link_mode_changed payload={"type":"link_mode_changed","ts_ms":1782893627633,"details":{"mode":"critical","reason":"rtt-critical","rtt_ms":1374}}
2026-07-01T08:13:47Z type=link_mode_changed payload={"type":"link_mode_changed","ts_ms":1782893627922,"details":{"mode":"safe","reason":"rtt-high","rtt_ms":286}}
2026-07-01T08:13:48Z type=link_mode_changed payload={"type":"link_mode_changed","ts_ms":1782893628748,"details":{"mode":"normal","reason":"rtt-restored","rtt_ms":22}}
2026-07-01T08:14:53Z type=link_mode_changed payload={"type":"link_mode_changed","ts_ms":1782893693034,"details":{"mode":"safe","reason":"rtt-high","rtt_ms":312}}
2026-07-01T08:14:53Z type=link_mode_changed payload={"type":"link_mode_changed","ts_ms":1782893693917,"details":{"mode":"normal","reason":"rtt-restored","rtt_ms":18}}
2026-07-01T08:15:33Z type=link_mode_changed payload={"type":"link_mode_changed","ts_ms":1782893733540,"details":{"mode":"safe","reason":"rtt-high","rtt_ms":273}}
2026-07-01T08:15:34Z type=link_mode_changed payload={"type":"link_mode_changed","ts_ms":1782893734333,"details":{"mode":"normal","reason":"rtt-restored","rtt_ms":20}}
2026-07-01T08:16:18Z type=link_mode_changed payload={"type":"link_mode_changed","ts_ms":1782893778104,"details":{"mode":"safe","reason":"rtt-high","rtt_ms":261}}
2026-07-01T08:16:19Z type=link_mode_changed payload={"type":"link_mode_changed","ts_ms":1782893779011,"details":{"mode":"normal","reason":"rtt-restored","rtt_ms":28}}
2026-07-01T08:18:14Z type=link_mode_changed payload={"type":"link_mode_changed","ts_ms":1782893894082,"details":{"mode":"safe","reason":"rtt-high","rtt_ms":274}}
2026-07-01T08:18:16Z type=link_mode_changed payload={"type":"link_mode_changed","ts_ms":1782893896067,"details":{"mode":"normal","reason":"rtt-restored","rtt_ms":24}}
2026-07-01T08:18:37Z type=link_mode_changed payload={"type":"link_mode_changed","ts_ms":1782893917041,"details":{"mode":"safe","reason":"rtt-high","rtt_ms":289}}
2026-07-01T08:18:40Z type=link_mode_changed payload={"type":"link_mode_changed","ts_ms":1782893920173,"details":{"mode":"normal","reason":"rtt-restored","rtt_ms":21}}
2026-07-01T08:18:43Z type=link_mode_changed payload={"type":"link_mode_changed","ts_ms":1782893923858,"details":{"mode":"safe","reason":"rtt-high","rtt_ms":292}}
2026-07-01T08:18:46Z type=link_mode_changed payload={"type":"link_mode_changed","ts_ms":1782893926966,"details":{"mode":"normal","reason":"rtt-restored","rtt_ms":23}}
2026-07-01T08:18:54Z type=link_mode_changed payload={"type":"link_mode_changed","ts_ms":1782893934074,"details":{"mode":"safe","reason":"rtt-high","rtt_ms":258}}
2026-07-01T08:18:59Z type=link_mode_changed payload={"type":"link_mode_changed","ts_ms":1782893939163,"details":{"mode":"critical","reason":"rtt-critical","rtt_ms":777}}
2026-07-01T08:18:59Z type=link_mode_changed payload={"type":"link_mode_changed","ts_ms":1782893939751,"details":{"mode":"safe","reason":"rtt-high","rtt_ms":257}}
2026-07-01T08:19:00Z type=link_mode_changed payload={"type":"link_mode_changed","ts_ms":1782893940594,"details":{"mode":"normal","reason":"rtt-restored","rtt_ms":22}}
2026-07-01T08:19:04Z type=link_mode_changed payload={"type":"link_mode_changed","ts_ms":1782893944386,"details":{"mode":"safe","reason":"rtt-high","rtt_ms":309}}
2026-07-01T08:19:06Z type=link_mode_changed payload={"type":"link_mode_changed","ts_ms":1782893946302,"details":{"mode":"normal","reason":"rtt-restored","rtt_ms":18}}
2026-07-01T08:19:15Z type=link_mode_changed payload={"type":"link_mode_changed","ts_ms":1782893955879,"details":{"mode":"safe","reason":"rtt-high","rtt_ms":585}}
2026-07-01T08:19:17Z type=link_mode_changed payload={"type":"link_mode_changed","ts_ms":1782893957636,"details":{"mode":"critical","reason":"rtt-critical","rtt_ms":1122}}
2026-07-01T08:19:19Z type=link_mode_changed payload={"type":"link_mode_changed","ts_ms":1782893959100,"details":{"mode":"safe","reason":"rtt-high","rtt_ms":306}}
2026-07-01T08:19:23Z type=link_mode_changed payload={"type":"link_mode_changed","ts_ms":1782893963313,"details":{"mode":"critical","reason":"rtt-critical","rtt_ms":2457}}
2026-07-01T08:19:23Z type=link_mode_changed payload={"type":"link_mode_changed","ts_ms":1782893963315,"details":{"mode":"safe","reason":"rtt-high","rtt_ms":265}}
2026-07-01T08:19:24Z type=link_mode_changed payload={"type":"link_mode_changed","ts_ms":1782893964251,"details":{"mode":"normal","reason":"rtt-restored","rtt_ms":27}}
2026-07-01T08:19:44Z type=link_mode_changed payload={"type":"link_mode_changed","ts_ms":1782893984373,"details":{"mode":"safe","reason":"rtt-high","rtt_ms":574}}
2026-07-01T08:19:46Z type=link_mode_changed payload={"type":"link_mode_changed","ts_ms":1782893986063,"details":{"mode":"normal","reason":"rtt-restored","rtt_ms":31}}
2026-07-01T08:21:08Z type=link_mode_changed payload={"type":"link_mode_changed","ts_ms":1782894068397,"details":{"mode":"safe","reason":"rtt-high","rtt_ms":237}}
2026-07-01T08:21:09Z type=link_mode_changed payload={"type":"link_mode_changed","ts_ms":1782894069242,"details":{"mode":"normal","reason":"rtt-restored","rtt_ms":21}}
2026-07-01T08:26:22Z type=link_mode_changed payload={"type":"link_mode_changed","ts_ms":1782894382730,"details":{"mode":"safe","reason":"rtt-high","rtt_ms":1335}}
2026-07-01T08:26:23Z type=link_mode_changed payload={"type":"link_mode_changed","ts_ms":1782894383663,"details":{"mode":"normal","reason":"rtt-restored","rtt_ms":15}}
2026-07-01T08:31:22Z type=link_mode_changed payload={"type":"link_mode_changed","ts_ms":1782894682709,"details":{"mode":"safe","reason":"rtt-high","rtt_ms":282}}
2026-07-01T08:31:23Z type=link_mode_changed payload={"type":"link_mode_changed","ts_ms":1782894683625,"details":{"mode":"normal","reason":"rtt-restored","rtt_ms":18}}
2026-07-01T08:42:58Z type=video_restored payload={"type":"video_restored","ts_ms":1782895378901,"details":{"lost_for_ms":38}}
2026-07-01T08:42:59Z type=video_lost payload={"type":"video_lost","ts_ms":1782895379237,"details":{"status":"RECONNECTING"}}
2026-07-01T08:42:59Z type=video_retry payload={"type":"video_retry","ts_ms":1782895379238,"details":{"attempt":1,"delay_ms":1000,"mode":"auto"}}
2026-07-01T08:42:59Z type=video_restored payload={"type":"video_restored","ts_ms":1782895379259,"details":{"lost_for_ms":22}}
2026-07-01T08:43:11Z type=link_mode_changed payload={"type":"link_mode_changed","ts_ms":1782895391661,"details":{"mode":"safe","reason":"rtt-high","rtt_ms":264}}
2026-07-01T08:43:12Z type=link_mode_changed payload={"type":"link_mode_changed","ts_ms":1782895392470,"details":{"mode":"normal","reason":"rtt-restored","rtt_ms":41}}
2026-07-01T08:43:17Z type=video_restored payload={"type":"video_restored","ts_ms":1782895397087,"details":{"lost_for_ms":36}}
2026-07-01T08:43:18Z type=video_lost payload={"type":"video_lost","ts_ms":1782895398431,"details":{"status":"RECONNECTING"}}
2026-07-01T08:43:18Z type=video_retry payload={"type":"video_retry","ts_ms":1782895398432,"details":{"attempt":1,"delay_ms":1000,"mode":"auto"}}
2026-07-01T08:43:18Z type=video_restored payload={"type":"video_restored","ts_ms":1782895398503,"details":{"lost_for_ms":72}}
2026-07-01T08:43:28Z type=link_mode_changed payload={"type":"link_mode_changed","ts_ms":1782895408384,"details":{"mode":"safe","reason":"rtt-high","rtt_ms":235}}
2026-07-01T08:43:29Z type=link_mode_changed payload={"type":"link_mode_changed","ts_ms":1782895409343,"details":{"mode":"normal","reason":"rtt-restored","rtt_ms":165}}
2026-07-01T08:43:32Z type=link_mode_changed payload={"type":"link_mode_changed","ts_ms":1782895412982,"details":{"mode":"safe","reason":"rtt-high","rtt_ms":317}}
2026-07-01T08:43:33Z type=link_mode_changed payload={"type":"link_mode_changed","ts_ms":1782895413822,"details":{"mode":"normal","reason":"rtt-restored","rtt_ms":157}}
2026-07-01T08:43:49Z type=link_mode_changed payload={"type":"link_mode_changed","ts_ms":1782895429105,"details":{"mode":"safe","reason":"rtt-high","rtt_ms":320}}
2026-07-01T08:43:52Z type=link_mode_changed payload={"type":"link_mode_changed","ts_ms":1782895432906,"details":{"mode":"normal","reason":"rtt-restored","rtt_ms":37}}
2026-07-01T08:43:57Z type=link_mode_changed payload={"type":"link_mode_changed","ts_ms":1782895437468,"details":{"mode":"safe","reason":"rtt-high","rtt_ms":318}}
2026-07-01T08:43:58Z type=link_mode_changed payload={"type":"link_mode_changed","ts_ms":1782895438227,"details":{"mode":"normal","reason":"rtt-restored","rtt_ms":41}}
2026-07-01T08:44:11Z type=link_mode_changed payload={"type":"link_mode_changed","ts_ms":1782895451945,"details":{"mode":"safe","reason":"rtt-high","rtt_ms":313}}
2026-07-01T08:44:12Z type=link_mode_changed payload={"type":"link_mode_changed","ts_ms":1782895452864,"details":{"mode":"normal","reason":"rtt-restored","rtt_ms":187}}
2026-07-01T08:44:15Z type=link_mode_changed payload={"type":"link_mode_changed","ts_ms":1782895455021,"details":{"mode":"safe","reason":"rtt-high","rtt_ms":313}}
2026-07-01T08:44:15Z type=link_mode_changed payload={"type":"link_mode_changed","ts_ms":1782895455821,"details":{"mode":"normal","reason":"rtt-restored","rtt_ms":85}}
2026-07-01T08:44:55Z type=link_mode_changed payload={"type":"link_mode_changed","ts_ms":1782895495390,"details":{"mode":"safe","reason":"rtt-high","rtt_ms":396}}
2026-07-01T08:44:56Z type=link_mode_changed payload={"type":"link_mode_changed","ts_ms":1782895496064,"details":{"mode":"normal","reason":"rtt-restored","rtt_ms":37}}
2026-07-01T08:44:58Z type=link_mode_changed payload={"type":"link_mode_changed","ts_ms":1782895498306,"details":{"mode":"safe","reason":"rtt-high","rtt_ms":271}}
2026-07-01T08:44:59Z type=link_mode_changed payload={"type":"link_mode_changed","ts_ms":1782895499225,"details":{"mode":"normal","reason":"rtt-restored","rtt_ms":84}}
2026-07-01T08:45:08Z type=video_restored payload={"type":"video_restored","ts_ms":1782895508559,"details":{"lost_for_ms":46}}
2026-07-01T08:45:09Z type=video_lost payload={"type":"video_lost","ts_ms":1782895509590,"details":{"status":"RECONNECTING"}}
2026-07-01T08:45:09Z type=video_retry payload={"type":"video_retry","ts_ms":1782895509592,"details":{"attempt":1,"delay_ms":1000,"mode":"auto"}}
2026-07-01T08:45:09Z type=video_restored payload={"type":"video_restored","ts_ms":1782895509612,"details":{"lost_for_ms":22}}
2026-07-01T08:45:47Z type=link_mode_changed payload={"type":"link_mode_changed","ts_ms":1782895547915,"details":{"mode":"normal","reason":"rtt-restored","rtt_ms":56}}
2026-07-01T08:45:47Z type=video_restored payload={"type":"video_restored","ts_ms":1782895547979,"details":{"lost_for_ms":39}}
2026-07-01T08:45:48Z type=video_restored payload={"type":"video_restored","ts_ms":1782895548226,"details":{"lost_for_ms":60}}
2026-07-01T08:45:48Z type=video_lost payload={"type":"video_lost","ts_ms":1782895548446,"details":{"status":"RECONNECTING"}}
2026-07-01T08:45:48Z type=video_retry payload={"type":"video_retry","ts_ms":1782895548447,"details":{"attempt":1,"delay_ms":1000,"mode":"auto"}}
2026-07-01T08:45:48Z type=video_restored payload={"type":"video_restored","ts_ms":1782895548457,"details":{"lost_for_ms":11}}
2026-07-01T08:45:49Z type=link_mode_changed payload={"type":"link_mode_changed","ts_ms":1782895549569,"details":{"mode":"normal","reason":"rtt-restored","rtt_ms":15}}
2026-07-01T08:47:38Z type=link_mode_changed payload={"type":"link_mode_changed","ts_ms":1782895658387,"details":{"mode":"normal","reason":"rtt-restored","rtt_ms":16}}
2026-07-01T08:47:38Z type=link_mode_changed payload={"type":"link_mode_changed","ts_ms":1782895658869,"details":{"mode":"normal","reason":"rtt-restored","rtt_ms":15}}
2026-07-01T08:47:39Z type=link_mode_changed payload={"type":"link_mode_changed","ts_ms":1782895659028,"details":{"mode":"normal","reason":"rtt-restored","rtt_ms":15}}
2026-07-01T08:52:05Z type=video_restored payload={"type":"video_restored","ts_ms":1782895925455,"details":{"lost_for_ms":44}}
2026-07-01T08:52:05Z type=video_lost payload={"type":"video_lost","ts_ms":1782895925636,"details":{"status":"RECONNECTING"}}
2026-07-01T08:52:05Z type=video_retry payload={"type":"video_retry","ts_ms":1782895925637,"details":{"attempt":1,"delay_ms":1000,"mode":"auto"}}
2026-07-01T08:52:05Z type=video_restored payload={"type":"video_restored","ts_ms":1782895925649,"details":{"lost_for_ms":13}}
2026-07-01T08:59:01Z type=link_mode_changed payload={"type":"link_mode_changed","ts_ms":1782896341959,"details":{"mode":"normal","reason":"rtt-restored","rtt_ms":46}}
2026-07-01T08:59:02Z type=video_restored payload={"type":"video_restored","ts_ms":1782896342037,"details":{"lost_for_ms":33}}
2026-07-01T08:59:02Z type=video_lost payload={"type":"video_lost","ts_ms":1782896342214,"details":{"status":"RECONNECTING"}}
2026-07-01T08:59:02Z type=video_retry payload={"type":"video_retry","ts_ms":1782896342215,"details":{"attempt":1,"delay_ms":1000,"mode":"auto"}}
2026-07-01T08:59:02Z type=video_restored payload={"type":"video_restored","ts_ms":1782896342231,"details":{"lost_for_ms":17}}
2026-07-01T08:59:02Z type=link_mode_changed payload={"type":"link_mode_changed","ts_ms":1782896342437,"details":{"mode":"normal","reason":"rtt-restored","rtt_ms":21}}
2026-07-01T08:59:03Z type=link_mode_changed payload={"type":"link_mode_changed","ts_ms":1782896343869,"details":{"mode":"normal","reason":"rtt-restored","rtt_ms":14}}
2026-07-01T09:02:57Z type=video_restored payload={"type":"video_restored","ts_ms":1782896577817,"details":{"lost_for_ms":46}}
2026-07-01T09:02:58Z type=video_lost payload={"type":"video_lost","ts_ms":1782896578075,"details":{"status":"RECONNECTING"}}
2026-07-01T09:02:58Z type=video_retry payload={"type":"video_retry","ts_ms":1782896578077,"details":{"attempt":1,"delay_ms":1000,"mode":"auto"}}
2026-07-01T09:02:58Z type=video_restored payload={"type":"video_restored","ts_ms":1782896578132,"details":{"lost_for_ms":57}}
2026-07-01T09:05:50Z type=video_restored payload={"type":"video_restored","ts_ms":1782896750264,"details":{"lost_for_ms":54}}
2026-07-01T09:05:50Z type=video_lost payload={"type":"video_lost","ts_ms":1782896750438,"details":{"status":"RECONNECTING"}}
2026-07-01T09:05:50Z type=video_retry payload={"type":"video_retry","ts_ms":1782896750439,"details":{"attempt":1,"delay_ms":1000,"mode":"auto"}}
2026-07-01T09:05:50Z type=video_restored payload={"type":"video_restored","ts_ms":1782896750459,"details":{"lost_for_ms":21}}
2026-07-01T09:06:07Z type=link_mode_changed payload={"type":"link_mode_changed","ts_ms":1782896767126,"details":{"mode":"normal","reason":"rtt-restored","rtt_ms":20}}
2026-07-01T09:06:07Z type=link_mode_changed payload={"type":"link_mode_changed","ts_ms":1782896767253,"details":{"mode":"normal","reason":"rtt-restored","rtt_ms":10}}
2026-07-01T09:06:07Z type=link_mode_changed payload={"type":"link_mode_changed","ts_ms":1782896767644,"details":{"mode":"normal","reason":"rtt-restored","rtt_ms":16}}
2026-07-01T09:06:17Z type=video_restored payload={"type":"video_restored","ts_ms":1782896777805,"details":{"lost_for_ms":49}}
2026-07-01T09:06:18Z type=video_lost payload={"type":"video_lost","ts_ms":1782896778002,"details":{"status":"RECONNECTING"}}
2026-07-01T09:06:18Z type=video_retry payload={"type":"video_retry","ts_ms":1782896778004,"details":{"attempt":1,"delay_ms":1000,"mode":"auto"}}
2026-07-01T09:06:18Z type=video_restored payload={"type":"video_restored","ts_ms":1782896778024,"details":{"lost_for_ms":22}}
2026-07-01T09:13:30Z type=link_mode_changed payload={"type":"link_mode_changed","ts_ms":1782897210861,"details":{"mode":"normal","reason":"rtt-restored","rtt_ms":21}}
2026-07-01T09:13:31Z type=link_mode_changed payload={"type":"link_mode_changed","ts_ms":1782897211047,"details":{"mode":"normal","reason":"rtt-restored","rtt_ms":14}}
2026-07-01T09:13:31Z type=link_mode_changed payload={"type":"link_mode_changed","ts_ms":1782897211166,"details":{"mode":"normal","reason":"rtt-restored","rtt_ms":20}}
2026-07-01T09:14:23Z type=video_restored payload={"type":"video_restored","ts_ms":1782897263262,"details":{"lost_for_ms":25}}
2026-07-01T09:14:23Z type=video_lost payload={"type":"video_lost","ts_ms":1782897263421,"details":{"status":"RECONNECTING"}}
2026-07-01T09:14:23Z type=video_retry payload={"type":"video_retry","ts_ms":1782897263422,"details":{"attempt":1,"delay_ms":1000,"mode":"auto"}}
2026-07-01T09:14:23Z type=video_restored payload={"type":"video_restored","ts_ms":1782897263437,"details":{"lost_for_ms":16}}
2026-07-01T09:43:40Z type=link_mode_changed payload={"type":"link_mode_changed","ts_ms":1782899020363,"details":{"mode":"normal","reason":"rtt-restored","rtt_ms":10}}
2026-07-01T09:43:40Z type=link_mode_changed payload={"type":"link_mode_changed","ts_ms":1782899020914,"details":{"mode":"normal","reason":"rtt-restored","rtt_ms":11}}
2026-07-01T09:55:14Z type=link_mode_changed payload={"type":"link_mode_changed","ts_ms":1782899714221,"details":{"mode":"normal","reason":"rtt-restored","rtt_ms":21}}
2026-07-01T09:55:14Z type=link_mode_changed payload={"type":"link_mode_changed","ts_ms":1782899714606,"details":{"mode":"normal","reason":"rtt-restored","rtt_ms":16}}
2026-07-01T09:58:38Z type=link_mode_changed payload={"type":"link_mode_changed","ts_ms":1782899918789,"details":{"mode":"normal","reason":"rtt-restored","rtt_ms":19}}
2026-07-01T09:58:39Z type=link_mode_changed payload={"type":"link_mode_changed","ts_ms":1782899919284,"details":{"mode":"normal","reason":"rtt-restored","rtt_ms":17}}
2026-07-01T10:02:43Z type=link_mode_changed payload={"type":"link_mode_changed","ts_ms":1782900163428,"details":{"mode":"normal","reason":"rtt-restored","rtt_ms":20}}
2026-07-01T10:02:43Z type=link_mode_changed payload={"type":"link_mode_changed","ts_ms":1782900163436,"details":{"mode":"normal","reason":"rtt-restored","rtt_ms":13}}
2026-07-01T10:04:37Z type=link_mode_changed payload={"type":"link_mode_changed","ts_ms":1782900277860,"details":{"mode":"safe","reason":"rtt-high","rtt_ms":384}}
2026-07-01T10:04:39Z type=link_mode_changed payload={"type":"link_mode_changed","ts_ms":1782900279534,"details":{"mode":"normal","reason":"rtt-restored","rtt_ms":57}}
2026-07-01T10:26:19Z type=link_mode_changed payload={"type":"link_mode_changed","ts_ms":1782901579239,"details":{"mode":"normal","reason":"rtt-restored","rtt_ms":9}}
2026-07-01T10:26:19Z type=link_mode_changed payload={"type":"link_mode_changed","ts_ms":1782901579881,"details":{"mode":"normal","reason":"rtt-restored","rtt_ms":14}}
2026-07-01T11:20:20Z type=link_mode_changed payload={"type":"link_mode_changed","ts_ms":1782904820012,"details":{"mode":"normal","reason":"rtt-restored","rtt_ms":18}}
2026-07-01T11:31:45Z type=link_mode_changed payload={"type":"link_mode_changed","ts_ms":1782905505729,"details":{"mode":"normal","reason":"rtt-restored","rtt_ms":10}}
2026-07-01T11:33:01Z type=link_mode_changed payload={"type":"link_mode_changed","ts_ms":1782905581859,"details":{"mode":"normal","reason":"rtt-restored","rtt_ms":20}}
2026-07-01T11:35:11Z type=link_mode_changed payload={"type":"link_mode_changed","ts_ms":1782905711278,"details":{"mode":"normal","reason":"rtt-restored","rtt_ms":24}}
2026-07-01T11:43:00Z type=link_mode_changed payload={"type":"link_mode_changed","ts_ms":1782906180239,"details":{"mode":"normal","reason":"rtt-restored","rtt_ms":19}}
2026-07-01T12:03:52Z type=link_mode_changed payload={"type":"link_mode_changed","ts_ms":1782907432048,"details":{"mode":"normal","reason":"rtt-restored","rtt_ms":36}}
2026-07-01T12:20:43Z type=link_mode_changed payload={"type":"link_mode_changed","ts_ms":1782908443500,"details":{"mode":"normal","reason":"rtt-restored","rtt_ms":17}}
2026-07-01T12:22:56Z type=link_mode_changed payload={"type":"link_mode_changed","ts_ms":1782908576193,"details":{"mode":"normal","reason":"rtt-restored","rtt_ms":11}}
2026-07-01T12:32:06Z type=link_mode_changed payload={"type":"link_mode_changed","ts_ms":1782909126171,"details":{"mode":"normal","reason":"rtt-restored","rtt_ms":10}}
2026-07-01T12:34:18Z type=link_mode_changed payload={"type":"link_mode_changed","ts_ms":1782909258912,"details":{"mode":"normal","reason":"rtt-restored","rtt_ms":18}}
2026-07-01T12:39:59Z type=link_mode_changed payload={"type":"link_mode_changed","ts_ms":1782909599310,"details":{"mode":"normal","reason":"rtt-restored","rtt_ms":10}}
2026-07-01T12:46:21Z type=link_mode_changed payload={"type":"link_mode_changed","ts_ms":1782909981663,"details":{"mode":"normal","reason":"rtt-restored","rtt_ms":9}}
2026-07-01T12:47:59Z type=link_mode_changed payload={"type":"link_mode_changed","ts_ms":1782910079813,"details":{"mode":"normal","reason":"rtt-restored","rtt_ms":10}}
2026-07-01T12:51:49Z type=link_mode_changed payload={"type":"link_mode_changed","ts_ms":1782910309841,"details":{"mode":"normal","reason":"rtt-restored","rtt_ms":10}}
2026-07-01T13:02:34Z type=link_mode_changed payload={"type":"link_mode_changed","ts_ms":1782910954011,"details":{"mode":"normal","reason":"rtt-restored","rtt_ms":10}}
2026-07-01T13:06:17Z type=link_mode_changed payload={"type":"link_mode_changed","ts_ms":1782911177631,"details":{"mode":"normal","reason":"rtt-restored","rtt_ms":12}}
2026-07-01T13:15:57Z type=link_mode_changed payload={"type":"link_mode_changed","ts_ms":1782911757615,"details":{"mode":"normal","reason":"rtt-restored","rtt_ms":16}}
2026-07-01T13:34:59Z type=link_mode_changed payload={"type":"link_mode_changed","ts_ms":1782912899926,"details":{"mode":"normal","reason":"rtt-restored","rtt_ms":9}}
2026-07-01T14:34:57Z type=link_mode_changed payload={"type":"link_mode_changed","ts_ms":1782916497537,"details":{"mode":"normal","reason":"rtt-restored","rtt_ms":19}}
2026-07-01T14:42:50Z type=link_mode_changed payload={"type":"link_mode_changed","ts_ms":1782916970300,"details":{"mode":"safe","reason":"rtt-high","rtt_ms":638}}
2026-07-01T14:42:50Z type=link_mode_changed payload={"type":"link_mode_changed","ts_ms":1782916970679,"details":{"mode":"normal","reason":"rtt-restored","rtt_ms":17}}
2026-07-01T15:27:17Z type=link_mode_changed payload={"type":"link_mode_changed","ts_ms":1782919637151,"details":{"mode":"normal","reason":"rtt-restored","rtt_ms":10}}
2026-07-01T15:38:12Z type=link_mode_changed payload={"type":"link_mode_changed","ts_ms":1782920292364,"details":{"mode":"normal","reason":"rtt-restored","rtt_ms":24}}
2026-07-01T17:23:27Z type=video_retry payload={"type":"video_retry","ts_ms":1782926607942,"details":{"attempt":1,"delay_ms":1000,"mode":"auto"}}
2026-07-01T17:23:29Z type=video_retry payload={"type":"video_retry","ts_ms":1782926609015,"details":{"attempt":2,"delay_ms":2000,"mode":"auto"}}
2026-07-01T17:23:31Z type=video_retry payload={"type":"video_retry","ts_ms":1782926611025,"details":{"attempt":3,"delay_ms":5000,"mode":"auto"}}
2026-07-01T17:23:31Z type=video_retry payload={"type":"video_retry","ts_ms":1782926611736,"details":{"attempt":1,"delay_ms":1000,"mode":"auto"}}
2026-07-01T17:23:32Z type=video_retry payload={"type":"video_retry","ts_ms":1782926612749,"details":{"attempt":2,"delay_ms":2000,"mode":"auto"}}
2026-07-01T17:23:33Z type=video_retry payload={"type":"video_retry","ts_ms":1782926613825,"details":{"attempt":1,"delay_ms":1000,"mode":"auto"}}
2026-07-01T17:23:34Z type=video_retry payload={"type":"video_retry","ts_ms":1782926614371,"details":{"attempt":1,"delay_ms":1000,"mode":"auto"}}
2026-07-01T17:23:34Z type=video_retry payload={"type":"video_retry","ts_ms":1782926614610,"details":{"attempt":1,"delay_ms":1000,"mode":"auto"}}
2026-07-01T17:23:35Z type=video_retry payload={"type":"video_retry","ts_ms":1782926615618,"details":{"attempt":2,"delay_ms":2000,"mode":"auto"}}
2026-07-01T17:23:37Z type=video_retry payload={"type":"video_retry","ts_ms":1782926617326,"details":{"attempt":1,"delay_ms":1000,"mode":"auto"}}
2026-07-01T17:23:37Z type=video_retry payload={"type":"video_retry","ts_ms":1782926617941,"details":{"attempt":1,"delay_ms":1000,"mode":"auto"}}
2026-07-01T17:23:38Z type=video_retry payload={"type":"video_retry","ts_ms":1782926618975,"details":{"attempt":2,"delay_ms":2000,"mode":"auto"}}
2026-07-01T17:23:40Z type=video_retry payload={"type":"video_retry","ts_ms":1782926620978,"details":{"attempt":3,"delay_ms":5000,"mode":"auto"}}
2026-07-01T17:23:46Z type=video_retry payload={"type":"video_retry","ts_ms":1782926626054,"details":{"attempt":4,"delay_ms":10000,"mode":"auto"}}
2026-07-01T17:23:56Z type=video_retry payload={"type":"video_retry","ts_ms":1782926636060,"details":{"attempt":5,"delay_ms":10000,"mode":"auto"}}
2026-07-01T17:24:06Z type=video_retry payload={"type":"video_retry","ts_ms":1782926646095,"details":{"attempt":6,"delay_ms":10000,"mode":"auto"}}
2026-07-01T17:24:16Z type=video_retry payload={"type":"video_retry","ts_ms":1782926656105,"details":{"attempt":7,"delay_ms":10000,"mode":"auto"}}
2026-07-01T17:24:26Z type=video_retry payload={"type":"video_retry","ts_ms":1782926666145,"details":{"attempt":8,"delay_ms":10000,"mode":"auto"}}
2026-07-01T17:24:36Z type=video_retry payload={"type":"video_retry","ts_ms":1782926676173,"details":{"attempt":9,"delay_ms":10000,"mode":"auto"}}
2026-07-01T17:24:46Z type=video_retry payload={"type":"video_retry","ts_ms":1782926686184,"details":{"attempt":10,"delay_ms":10000,"mode":"auto"}}
2026-07-01T17:24:56Z type=video_retry payload={"type":"video_retry","ts_ms":1782926696186,"details":{"attempt":11,"delay_ms":10000,"mode":"auto"}}
2026-07-01T17:32:12Z type=detector_model_switch_start payload={"type":"detector_model_switch_start","model":"model_rknn/yolov8s_800x800_9out_fp32.rknn"}
2026-07-01T17:32:12Z type=detector_model_switch_ok payload={"type":"detector_model_switch_ok","model":"model_rknn/yolov8s_800x800_9out_fp32.rknn"}
2026-07-01T17:32:13Z type=detector_model_switch_fail payload={"type":"detector_model_switch_fail","model":"model_rknn/yolov8s_800x800_9out_fp32.rknn","reason":"cooldown"}
2026-07-01T17:32:13Z type=detector_model_switch_fail payload={"type":"detector_model_switch_fail","model":"model_rknn/yolov8s_800x800_9out_fp32.rknn","reason":"cooldown"}
2026-07-01T17:32:24Z type=detector_model_switch_start payload={"type":"detector_model_switch_start","model":"model_rknn/yolov8s_640x640_9out_fp32.rknn"}
2026-07-01T17:32:24Z type=detector_model_switch_ok payload={"type":"detector_model_switch_ok","model":"model_rknn/yolov8s_640x640_9out_fp32.rknn"}
2026-07-01T17:33:45Z type=detector_model_switch_start payload={"type":"detector_model_switch_start","model":"model_rknn/yolov8s_800x800_9out_fp32.rknn"}
2026-07-01T17:33:45Z type=detector_model_switch_ok payload={"type":"detector_model_switch_ok","model":"model_rknn/yolov8s_800x800_9out_fp32.rknn"}
2026-07-01T18:47:22Z type=detector_model_switch_start payload={"type":"detector_model_switch_start","model":"/root/new_yolo8/model_rknn/yolov8s_800x800_9out_fp32.rknn"}
2026-07-01T18:47:22Z type=detector_model_switch_ok payload={"type":"detector_model_switch_ok","model":"/root/new_yolo8/model_rknn/yolov8s_800x800_9out_fp32.rknn"}
2026-07-01T18:57:05Z type=detector_model_switch_start payload={"type":"detector_model_switch_start","model":"/root/new_yolo8/model_rknn/yolov8s_640x640_9out_fp32.rknn"}
2026-07-01T18:57:05Z type=detector_model_switch_ok payload={"type":"detector_model_switch_ok","model":"/root/new_yolo8/model_rknn/yolov8s_640x640_9out_fp32.rknn"}
2026-07-01T19:02:32Z type=detector_model_switch_start payload={"type":"detector_model_switch_start","model":"/root/new_yolo8/model_rknn/yolov8s_800x800_9out_fp32.rknn"}
2026-07-01T19:02:32Z type=detector_model_switch_ok payload={"type":"detector_model_switch_ok","model":"/root/new_yolo8/model_rknn/yolov8s_800x800_9out_fp32.rknn"}
2026-07-02T06:42:42Z type=detector_model_switch_start payload={"type":"detector_model_switch_start","model":"/root/new_yolo8/model_rknn/yolov8s_800x800_9out_fp32.rknn"}
2026-07-02T06:42:43Z type=detector_model_switch_ok payload={"type":"detector_model_switch_ok","model":"/root/new_yolo8/model_rknn/yolov8s_800x800_9out_fp32.rknn"}
2026-07-02T06:42:45Z type=detector_model_switch_fail payload={"type":"detector_model_switch_fail","model":"/root/new_yolo8/model_rknn/yolov8s_800x800_9out_fp32.rknn","reason":"cooldown"}
2026-07-02T06:42:46Z type=detector_model_switch_fail payload={"type":"detector_model_switch_fail","model":"/root/new_yolo8/model_rknn/yolov8s_800x800_9out_fp32.rknn","reason":"cooldown"}
2026-07-02T06:43:01Z type=detector_model_switch_start payload={"type":"detector_model_switch_start","model":"/root/new_yolo8/model_rknn/yolov8s_800x800_9out_fp32.rknn"}
2026-07-02T06:43:01Z type=detector_model_switch_ok payload={"type":"detector_model_switch_ok","model":"/root/new_yolo8/model_rknn/yolov8s_800x800_9out_fp32.rknn"}
2026-07-02T06:43:02Z type=detector_model_switch_fail payload={"type":"detector_model_switch_fail","model":"/root/new_yolo8/model_rknn/yolov8s_800x800_9out_fp32.rknn","reason":"cooldown"}
2026-07-02T06:43:05Z type=detector_model_switch_fail payload={"type":"detector_model_switch_fail","model":"/root/new_yolo8/model_rknn/yolov8s_800x800_9out_fp32.rknn","reason":"cooldown"}
2026-07-02T06:43:09Z type=detector_model_switch_fail payload={"type":"detector_model_switch_fail","model":"/root/new_yolo8/model_rknn/yolov8s_800x800_9out_fp32.rknn","reason":"cooldown"}
2026-07-02T06:43:10Z type=detector_model_switch_fail payload={"type":"detector_model_switch_fail","model":"/root/new_yolo8/model_rknn/yolov8s_800x800_9out_fp32.rknn","reason":"cooldown"}
2026-07-02T06:43:15Z type=detector_model_switch_start payload={"type":"detector_model_switch_start","model":"/root/new_yolo8/model_rknn/yolov8s_800x800_9out_fp32.rknn"}
2026-07-02T06:43:15Z type=detector_model_switch_ok payload={"type":"detector_model_switch_ok","model":"/root/new_yolo8/model_rknn/yolov8s_800x800_9out_fp32.rknn"}
2026-07-02T06:46:53Z type=detector_model_switch_start payload={"type":"detector_model_switch_start","model":"/root/new_yolo8/model_rknn/yolov8s_800x800_9out_fp32.rknn"}
2026-07-02T06:46:53Z type=detector_model_switch_ok payload={"type":"detector_model_switch_ok","model":"/root/new_yolo8/model_rknn/yolov8s_800x800_9out_fp32.rknn"}
2026-07-02T06:46:57Z type=detector_model_switch_fail payload={"type":"detector_model_switch_fail","model":"/root/new_yolo8/model_rknn/yolov8s_800x800_9out_fp32.rknn","reason":"cooldown"}
2026-07-02T06:56:00Z type=detector_model_switch_start payload={"type":"detector_model_switch_start","model":"/root/new_yolo8/model_rknn/yolov8s_800x800_9out_fp32.rknn"}
2026-07-02T06:56:00Z type=detector_model_switch_ok payload={"type":"detector_model_switch_ok","model":"/root/new_yolo8/model_rknn/yolov8s_800x800_9out_fp32.rknn"}
2026-07-02T06:56:05Z type=detector_model_switch_fail payload={"type":"detector_model_switch_fail","model":"/root/new_yolo8/model_rknn/yolov8s_800x800_9out_fp32.rknn","reason":"cooldown"}
2026-07-02T06:56:14Z type=detector_model_switch_start payload={"type":"detector_model_switch_start","model":"/root/new_yolo8/model_rknn/yolov8s_800x800_9out_fp32.rknn"}
2026-07-02T06:56:15Z type=detector_model_switch_ok payload={"type":"detector_model_switch_ok","model":"/root/new_yolo8/model_rknn/yolov8s_800x800_9out_fp32.rknn"}
2026-07-02T06:56:29Z type=detector_model_switch_start payload={"type":"detector_model_switch_start","model":"/root/new_yolo8/model_rknn/yolov8s_800x800_9out_fp32.rknn"}
2026-07-02T06:56:29Z type=detector_model_switch_ok payload={"type":"detector_model_switch_ok","model":"/root/new_yolo8/model_rknn/yolov8s_800x800_9out_fp32.rknn"}
2026-07-02T06:56:34Z type=detector_model_switch_fail payload={"type":"detector_model_switch_fail","model":"/root/new_yolo8/model_rknn/yolov8s_800x800_9out_fp32.rknn","reason":"cooldown"}
2026-07-02T06:56:41Z type=detector_model_switch_start payload={"type":"detector_model_switch_start","model":"/root/new_yolo8/model_rknn/yolov8s_800x800_9out_fp32.rknn"}
2026-07-02T06:56:42Z type=detector_model_switch_ok payload={"type":"detector_model_switch_ok","model":"/root/new_yolo8/model_rknn/yolov8s_800x800_9out_fp32.rknn"}
2026-07-02T06:57:40Z type=detector_model_switch_start payload={"type":"detector_model_switch_start","model":"/root/new_yolo8/model_rknn/yolov8s_800x800_9out_fp32.rknn"}
2026-07-02T06:57:40Z type=detector_model_switch_ok payload={"type":"detector_model_switch_ok","model":"/root/new_yolo8/model_rknn/yolov8s_800x800_9out_fp32.rknn"}
2026-07-02T06:57:43Z type=detector_model_switch_fail payload={"type":"detector_model_switch_fail","model":"/root/new_yolo8/model_rknn/yolov8s_800x800_9out_fp32.rknn","reason":"cooldown"}
2026-07-02T06:57:46Z type=detector_model_switch_fail payload={"type":"detector_model_switch_fail","model":"/root/new_yolo8/model_rknn/yolov8s_800x800_9out_fp32.rknn","reason":"cooldown"}
2026-07-02T06:57:48Z type=detector_model_switch_fail payload={"type":"detector_model_switch_fail","model":"/root/new_yolo8/model_rknn/yolov8s_800x800_9out_fp32.rknn","reason":"cooldown"}
2026-07-02T06:57:51Z type=detector_model_switch_start payload={"type":"detector_model_switch_start","model":"/root/new_yolo8/model_rknn/yolov8s_800x800_9out_fp32.rknn"}
2026-07-02T06:57:51Z type=detector_model_switch_ok payload={"type":"detector_model_switch_ok","model":"/root/new_yolo8/model_rknn/yolov8s_800x800_9out_fp32.rknn"}
2026-07-02T06:57:53Z type=detector_model_switch_fail payload={"type":"detector_model_switch_fail","model":"/root/new_yolo8/model_rknn/yolov8s_800x800_9out_fp32.rknn","reason":"cooldown"}
2026-07-02T06:57:53Z type=detector_model_switch_fail payload={"type":"detector_model_switch_fail","model":"/root/new_yolo8/model_rknn/yolov8s_800x800_9out_fp32.rknn","reason":"cooldown"}
2026-07-02T06:57:57Z type=detector_model_switch_fail payload={"type":"detector_model_switch_fail","model":"/root/new_yolo8/model_rknn/yolov8s_800x800_9out_fp32.rknn","reason":"cooldown"}
2026-07-02T06:58:00Z type=detector_model_switch_fail payload={"type":"detector_model_switch_fail","model":"/root/new_yolo8/model_rknn/yolov8s_800x800_9out_fp32.rknn","reason":"cooldown"}
2026-07-02T06:58:06Z type=detector_model_switch_start payload={"type":"detector_model_switch_start","model":"/root/new_yolo8/model_rknn/yolov8s_800x800_9out_fp32.rknn"}
2026-07-02T06:58:06Z type=detector_model_switch_ok payload={"type":"detector_model_switch_ok","model":"/root/new_yolo8/model_rknn/yolov8s_800x800_9out_fp32.rknn"}
2026-07-02T06:58:07Z type=detector_model_switch_fail payload={"type":"detector_model_switch_fail","model":"/root/new_yolo8/model_rknn/yolov8s_800x800_9out_fp32.rknn","reason":"cooldown"}
2026-07-02T06:58:12Z type=detector_model_switch_fail payload={"type":"detector_model_switch_fail","model":"/root/new_yolo8/model_rknn/yolov8s_800x800_9out_fp32.rknn","reason":"cooldown"}
2026-07-02T06:58:15Z type=detector_model_switch_fail payload={"type":"detector_model_switch_fail","model":"/root/new_yolo8/model_rknn/yolov8s_800x800_9out_fp32.rknn","reason":"cooldown"}
2026-07-02T06:58:16Z type=detector_model_switch_start payload={"type":"detector_model_switch_start","model":"/root/new_yolo8/model_rknn/yolov8s_800x800_9out_fp32.rknn"}
2026-07-02T06:58:17Z type=detector_model_switch_ok payload={"type":"detector_model_switch_ok","model":"/root/new_yolo8/model_rknn/yolov8s_800x800_9out_fp32.rknn"}
2026-07-02T06:58:21Z type=detector_model_switch_fail payload={"type":"detector_model_switch_fail","model":"/root/new_yolo8/model_rknn/yolov8s_800x800_9out_fp32.rknn","reason":"cooldown"}
2026-07-02T06:58:22Z type=detector_model_switch_fail payload={"type":"detector_model_switch_fail","model":"/root/new_yolo8/model_rknn/yolov8s_800x800_9out_fp32.rknn","reason":"cooldown"}
2026-07-02T06:58:22Z type=detector_model_switch_fail payload={"type":"detector_model_switch_fail","model":"/root/new_yolo8/model_rknn/yolov8s_800x800_9out_fp32.rknn","reason":"cooldown"}
2026-07-02T06:58:25Z type=detector_model_switch_fail payload={"type":"detector_model_switch_fail","model":"/root/new_yolo8/model_rknn/yolov8s_800x800_9out_fp32.rknn","reason":"cooldown"}
2026-07-02T06:58:26Z type=detector_model_switch_fail payload={"type":"detector_model_switch_fail","model":"/root/new_yolo8/model_rknn/yolov8s_800x800_9out_fp32.rknn","reason":"cooldown"}
2026-07-02T06:58:27Z type=detector_model_switch_start payload={"type":"detector_model_switch_start","model":"/root/new_yolo8/model_rknn/yolov8s_800x800_9out_fp32.rknn"}
2026-07-02T06:58:27Z type=detector_model_switch_ok payload={"type":"detector_model_switch_ok","model":"/root/new_yolo8/model_rknn/yolov8s_800x800_9out_fp32.rknn"}
2026-07-02T06:59:04Z type=detector_model_switch_start payload={"type":"detector_model_switch_start","model":"/root/new_yolo8/model_rknn/yolov8s_800x800_9out_fp32.rknn"}
2026-07-02T06:59:05Z type=detector_model_switch_ok payload={"type":"detector_model_switch_ok","model":"/root/new_yolo8/model_rknn/yolov8s_800x800_9out_fp32.rknn"}
2026-07-02T06:59:45Z type=detector_model_switch_start payload={"type":"detector_model_switch_start","model":"/root/new_yolo8/model_rknn/yolov8s_800x800_9out_fp32.rknn"}
2026-07-02T06:59:46Z type=detector_model_switch_ok payload={"type":"detector_model_switch_ok","model":"/root/new_yolo8/model_rknn/yolov8s_800x800_9out_fp32.rknn"}
2026-07-02T07:00:06Z type=detector_model_switch_start payload={"type":"detector_model_switch_start","model":"/root/new_yolo8/model_rknn/yolov8s_800x800_9out_fp32.rknn"}
2026-07-02T07:00:06Z type=detector_model_switch_ok payload={"type":"detector_model_switch_ok","model":"/root/new_yolo8/model_rknn/yolov8s_800x800_9out_fp32.rknn"}
2026-07-02T07:00:07Z type=detector_model_switch_fail payload={"type":"detector_model_switch_fail","model":"/root/new_yolo8/model_rknn/yolov8s_800x800_9out_fp32.rknn","reason":"cooldown"}
2026-07-02T07:00:17Z type=detector_model_switch_start payload={"type":"detector_model_switch_start","model":"/root/new_yolo8/model_rknn/yolov8s_800x800_9out_fp32.rknn"}
2026-07-02T07:00:17Z type=detector_model_switch_ok payload={"type":"detector_model_switch_ok","model":"/root/new_yolo8/model_rknn/yolov8s_800x800_9out_fp32.rknn"}
2026-07-02T07:00:18Z type=detector_model_switch_fail payload={"type":"detector_model_switch_fail","model":"/root/new_yolo8/model_rknn/yolov8s_800x800_9out_fp32.rknn","reason":"cooldown"}
2026-07-02T07:00:19Z type=detector_model_switch_fail payload={"type":"detector_model_switch_fail","model":"/root/new_yolo8/model_rknn/yolov8s_800x800_9out_fp32.rknn","reason":"cooldown"}
2026-07-02T07:00:23Z type=detector_model_switch_fail payload={"type":"detector_model_switch_fail","model":"/root/new_yolo8/model_rknn/yolov8s_800x800_9out_fp32.rknn","reason":"cooldown"}
2026-07-02T07:00:23Z type=detector_model_switch_fail payload={"type":"detector_model_switch_fail","model":"/root/new_yolo8/model_rknn/yolov8s_800x800_9out_fp32.rknn","reason":"cooldown"}
2026-07-02T07:00:24Z type=detector_model_switch_fail payload={"type":"detector_model_switch_fail","model":"/root/new_yolo8/model_rknn/yolov8s_800x800_9out_fp32.rknn","reason":"cooldown"}
2026-07-02T07:00:56Z type=detector_model_switch_start payload={"type":"detector_model_switch_start","model":"/root/new_yolo8/model_rknn/yolov8s_800x800_9out_fp32.rknn"}
2026-07-02T07:00:56Z type=detector_model_switch_ok payload={"type":"detector_model_switch_ok","model":"/root/new_yolo8/model_rknn/yolov8s_800x800_9out_fp32.rknn"}
2026-07-02T07:01:01Z type=detector_model_switch_fail payload={"type":"detector_model_switch_fail","model":"/root/new_yolo8/model_rknn/yolov8s_800x800_9out_fp32.rknn","reason":"cooldown"}
2026-07-02T07:01:03Z type=detector_model_switch_fail payload={"type":"detector_model_switch_fail","model":"/root/new_yolo8/model_rknn/yolov8s_800x800_9out_fp32.rknn","reason":"cooldown"}
2026-07-02T07:01:06Z type=detector_model_switch_fail payload={"type":"detector_model_switch_fail","model":"/root/new_yolo8/model_rknn/yolov8s_800x800_9out_fp32.rknn","reason":"cooldown"}
2026-07-02T07:01:06Z type=detector_model_switch_start payload={"type":"detector_model_switch_start","model":"/root/new_yolo8/model_rknn/yolov8s_800x800_9out_fp32.rknn"}
2026-07-02T07:01:07Z type=detector_model_switch_ok payload={"type":"detector_model_switch_ok","model":"/root/new_yolo8/model_rknn/yolov8s_800x800_9out_fp32.rknn"}
2026-07-02T07:01:07Z type=detector_model_switch_fail payload={"type":"detector_model_switch_fail","model":"/root/new_yolo8/model_rknn/yolov8s_800x800_9out_fp32.rknn","reason":"cooldown"}
2026-07-02T07:01:13Z type=detector_model_switch_fail payload={"type":"detector_model_switch_fail","model":"/root/new_yolo8/model_rknn/yolov8s_800x800_9out_fp32.rknn","reason":"cooldown"}
2026-07-02T07:01:15Z type=detector_model_switch_fail payload={"type":"detector_model_switch_fail","model":"/root/new_yolo8/model_rknn/yolov8s_800x800_9out_fp32.rknn","reason":"cooldown"}
2026-07-02T07:01:17Z type=detector_model_switch_start payload={"type":"detector_model_switch_start","model":"/root/new_yolo8/model_rknn/yolov8s_800x800_9out_fp32.rknn"}
2026-07-02T07:01:17Z type=detector_model_switch_ok payload={"type":"detector_model_switch_ok","model":"/root/new_yolo8/model_rknn/yolov8s_800x800_9out_fp32.rknn"}
2026-07-02T07:01:17Z type=detector_model_switch_fail payload={"type":"detector_model_switch_fail","model":"/root/new_yolo8/model_rknn/yolov8s_800x800_9out_fp32.rknn","reason":"cooldown"}
2026-07-02T07:01:20Z type=detector_model_switch_fail payload={"type":"detector_model_switch_fail","model":"/root/new_yolo8/model_rknn/yolov8s_800x800_9out_fp32.rknn","reason":"cooldown"}
2026-07-02T07:01:21Z type=detector_model_switch_fail payload={"type":"detector_model_switch_fail","model":"/root/new_yolo8/model_rknn/yolov8s_800x800_9out_fp32.rknn","reason":"cooldown"}
2026-07-02T07:01:22Z type=detector_model_switch_fail payload={"type":"detector_model_switch_fail","model":"/root/new_yolo8/model_rknn/yolov8s_800x800_9out_fp32.rknn","reason":"cooldown"}
2026-07-02T07:01:25Z type=detector_model_switch_fail payload={"type":"detector_model_switch_fail","model":"/root/new_yolo8/model_rknn/yolov8s_800x800_9out_fp32.rknn","reason":"cooldown"}
2026-07-02T07:01:26Z type=detector_model_switch_fail payload={"type":"detector_model_switch_fail","model":"/root/new_yolo8/model_rknn/yolov8s_800x800_9out_fp32.rknn","reason":"cooldown"}
2026-07-02T07:01:26Z type=detector_model_switch_fail payload={"type":"detector_model_switch_fail","model":"/root/new_yolo8/model_rknn/yolov8s_800x800_9out_fp32.rknn","reason":"cooldown"}
2026-07-02T07:01:37Z type=detector_model_switch_start payload={"type":"detector_model_switch_start","model":"/root/new_yolo8/model_rknn/yolov8s_800x800_9out_fp32.rknn"}
2026-07-02T07:01:37Z type=detector_model_switch_ok payload={"type":"detector_model_switch_ok","model":"/root/new_yolo8/model_rknn/yolov8s_800x800_9out_fp32.rknn"}
2026-07-02T07:03:03Z type=detector_model_switch_start payload={"type":"detector_model_switch_start","model":"/root/new_yolo8/model_rknn/yolov8s_640x640_9out_fp32.rknn"}
2026-07-02T07:03:03Z type=detector_model_switch_start payload={"type":"detector_model_switch_start","model":"/root/new_yolo8/model_rknn/yolov8s_640x640_9out_fp32.rknn"}
2026-07-02T07:03:11Z type=detector_model_switch_ok payload={"type":"detector_model_switch_ok","model":"/root/new_yolo8/model_rknn/yolov8s_640x640_9out_fp32.rknn"}
2026-07-02T07:03:11Z type=detector_model_switch_ok payload={"type":"detector_model_switch_ok","model":"/root/new_yolo8/model_rknn/yolov8s_640x640_9out_fp32.rknn"}
2026-07-02T07:03:22Z type=detector_model_switch_start payload={"type":"detector_model_switch_start","model":"/root/new_yolo8/model_rknn/yolov8s_640x640_9out_fp32.rknn"}
2026-07-02T07:03:23Z type=detector_model_switch_ok payload={"type":"detector_model_switch_ok","model":"/root/new_yolo8/model_rknn/yolov8s_640x640_9out_fp32.rknn"}
2026-07-02T07:03:23Z type=detector_model_switch_fail payload={"type":"detector_model_switch_fail","model":"/root/new_yolo8/model_rknn/yolov8s_640x640_9out_fp32.rknn","reason":"cooldown"}
2026-07-02T07:03:25Z type=detector_model_switch_fail payload={"type":"detector_model_switch_fail","model":"/root/new_yolo8/model_rknn/yolov8s_640x640_9out_fp32.rknn","reason":"cooldown"}
2026-07-02T07:03:26Z type=detector_model_switch_fail payload={"type":"detector_model_switch_fail","model":"/root/new_yolo8/model_rknn/yolov8s_640x640_9out_fp32.rknn","reason":"cooldown"}
2026-07-02T07:03:28Z type=detector_model_switch_fail payload={"type":"detector_model_switch_fail","model":"/root/new_yolo8/model_rknn/yolov8s_800x800_9out_fp32.rknn","reason":"cooldown"}
2026-07-02T07:03:29Z type=detector_model_switch_fail payload={"type":"detector_model_switch_fail","model":"/root/new_yolo8/model_rknn/yolov8s_800x800_9out_fp32.rknn","reason":"cooldown"}
2026-07-02T07:03:34Z type=detector_model_switch_start payload={"type":"detector_model_switch_start","model":"/root/new_yolo8/model_rknn/yolov8s_800x800_9out_fp32.rknn"}
2026-07-02T07:03:34Z type=detector_model_switch_ok payload={"type":"detector_model_switch_ok","model":"/root/new_yolo8/model_rknn/yolov8s_800x800_9out_fp32.rknn"}
2026-07-02T07:03:41Z type=detector_model_switch_fail payload={"type":"detector_model_switch_fail","model":"/root/new_yolo8/model_rknn/yolov8s_800x800_9out_fp32.rknn","reason":"cooldown"}
2026-07-02T07:03:42Z type=detector_model_switch_fail payload={"type":"detector_model_switch_fail","model":"/root/new_yolo8/model_rknn/yolov8s_800x800_9out_fp32.rknn","reason":"cooldown"}
2026-07-02T07:03:44Z type=detector_model_switch_fail payload={"type":"detector_model_switch_fail","model":"/root/new_yolo8/model_rknn/yolov8s_800x800_9out_fp32.rknn","reason":"cooldown"}
2026-07-02T07:03:53Z type=detector_model_switch_start payload={"type":"detector_model_switch_start","model":"/root/new_yolo8/model_rknn/yolov8s_800x800_9out_fp32.rknn"}
2026-07-02T07:03:53Z type=detector_model_switch_ok payload={"type":"detector_model_switch_ok","model":"/root/new_yolo8/model_rknn/yolov8s_800x800_9out_fp32.rknn"}
2026-07-02T07:04:20Z type=detector_model_switch_start payload={"type":"detector_model_switch_start","model":"/root/new_yolo8/model_rknn/yolov8s_800x800_9out_fp32.rknn"}
2026-07-02T07:04:20Z type=detector_model_switch_ok payload={"type":"detector_model_switch_ok","model":"/root/new_yolo8/model_rknn/yolov8s_800x800_9out_fp32.rknn"}
2026-07-02T07:04:25Z type=detector_model_switch_fail payload={"type":"detector_model_switch_fail","model":"/root/new_yolo8/model_rknn/yolov8s_800x800_9out_fp32.rknn","reason":"cooldown"}
2026-07-02T07:04:26Z type=detector_model_switch_fail payload={"type":"detector_model_switch_fail","model":"/root/new_yolo8/model_rknn/yolov8s_800x800_9out_fp32.rknn","reason":"cooldown"}
2026-07-02T07:04:34Z type=detector_model_switch_start payload={"type":"detector_model_switch_start","model":"/root/new_yolo8/model_rknn/yolov8s_800x800_9out_fp32.rknn"}
2026-07-02T07:04:35Z type=detector_model_switch_ok payload={"type":"detector_model_switch_ok","model":"/root/new_yolo8/model_rknn/yolov8s_800x800_9out_fp32.rknn"}
2026-07-02T07:08:21Z type=detector_model_switch_start payload={"type":"detector_model_switch_start","model":"/root/new_yolo8/model_rknn/yolov8s_800x800_9out_fp32.rknn"}
2026-07-02T07:08:21Z type=detector_model_switch_ok payload={"type":"detector_model_switch_ok","model":"/root/new_yolo8/model_rknn/yolov8s_800x800_9out_fp32.rknn"}
2026-07-02T07:08:22Z type=detector_model_switch_fail payload={"type":"detector_model_switch_fail","model":"/root/new_yolo8/model_rknn/yolov8s_800x800_9out_fp32.rknn","reason":"cooldown"}
2026-07-02T07:08:22Z type=detector_model_switch_fail payload={"type":"detector_model_switch_fail","model":"/root/new_yolo8/model_rknn/yolov8s_800x800_9out_fp32.rknn","reason":"cooldown"}
2026-07-02T07:09:09Z type=detector_model_switch_start payload={"type":"detector_model_switch_start","model":"/root/new_yolo8/model_rknn/yolov8s_800x800_9out_fp32.rknn"}
2026-07-02T07:09:09Z type=detector_model_switch_start payload={"type":"detector_model_switch_start","model":"/root/new_yolo8/model_rknn/yolov8s_800x800_9out_fp32.rknn"}
2026-07-02T07:09:09Z type=detector_model_switch_ok payload={"type":"detector_model_switch_ok","model":"/root/new_yolo8/model_rknn/yolov8s_800x800_9out_fp32.rknn"}
2026-07-02T07:09:10Z type=detector_model_switch_ok payload={"type":"detector_model_switch_ok","model":"/root/new_yolo8/model_rknn/yolov8s_800x800_9out_fp32.rknn"}
2026-07-02T07:09:10Z type=detector_model_switch_fail payload={"type":"detector_model_switch_fail","model":"/root/new_yolo8/model_rknn/yolov8s_800x800_9out_fp32.rknn","reason":"cooldown"}
2026-07-02T07:09:10Z type=detector_model_switch_fail payload={"type":"detector_model_switch_fail","model":"/root/new_yolo8/model_rknn/yolov8s_800x800_9out_fp32.rknn","reason":"cooldown"}
2026-07-02T07:09:11Z type=detector_model_switch_fail payload={"type":"detector_model_switch_fail","model":"/root/new_yolo8/model_rknn/yolov8s_800x800_9out_fp32.rknn","reason":"cooldown"}
2026-07-02T07:09:18Z type=detector_model_switch_fail payload={"type":"detector_model_switch_fail","model":"/root/new_yolo8/model_rknn/yolov8s_800x800_9out_fp32.rknn","reason":"cooldown"}
2026-07-02T07:09:25Z type=detector_model_switch_start payload={"type":"detector_model_switch_start","model":"/root/new_yolo8/model_rknn/yolov8s_800x800_9out_fp32.rknn"}
2026-07-02T07:09:25Z type=detector_model_switch_ok payload={"type":"detector_model_switch_ok","model":"/root/new_yolo8/model_rknn/yolov8s_800x800_9out_fp32.rknn"}
2026-07-02T07:09:36Z type=detector_model_switch_start payload={"type":"detector_model_switch_start","model":"/root/new_yolo8/model_rknn/yolov8s_800x800_9out_fp32.rknn"}
2026-07-02T07:09:36Z type=detector_model_switch_ok payload={"type":"detector_model_switch_ok","model":"/root/new_yolo8/model_rknn/yolov8s_800x800_9out_fp32.rknn"}
2026-07-02T07:09:37Z type=detector_model_switch_fail payload={"type":"detector_model_switch_fail","model":"/root/new_yolo8/model_rknn/yolov8s_800x800_9out_fp32.rknn","reason":"cooldown"}
2026-07-02T07:09:38Z type=detector_model_switch_fail payload={"type":"detector_model_switch_fail","model":"/root/new_yolo8/model_rknn/yolov8s_800x800_9out_fp32.rknn","reason":"cooldown"}
2026-07-02T07:09:38Z type=detector_model_switch_fail payload={"type":"detector_model_switch_fail","model":"/root/new_yolo8/model_rknn/yolov8s_800x800_9out_fp32.rknn","reason":"cooldown"}
2026-07-02T07:09:41Z type=detector_model_switch_fail payload={"type":"detector_model_switch_fail","model":"/root/new_yolo8/model_rknn/yolov8s_800x800_9out_fp32.rknn","reason":"cooldown"}
2026-07-02T07:09:41Z type=detector_model_switch_fail payload={"type":"detector_model_switch_fail","model":"/root/new_yolo8/model_rknn/yolov8s_800x800_9out_fp32.rknn","reason":"cooldown"}
2026-07-02T07:09:43Z type=detector_model_switch_fail payload={"type":"detector_model_switch_fail","model":"/root/new_yolo8/model_rknn/yolov8s_800x800_9out_fp32.rknn","reason":"cooldown"}
2026-07-02T07:09:47Z type=detector_model_switch_start payload={"type":"detector_model_switch_start","model":"/root/new_yolo8/model_rknn/yolov8s_800x800_9out_fp32.rknn"}
2026-07-02T07:09:47Z type=detector_model_switch_ok payload={"type":"detector_model_switch_ok","model":"/root/new_yolo8/model_rknn/yolov8s_800x800_9out_fp32.rknn"}
2026-07-02T07:09:47Z type=detector_model_switch_fail payload={"type":"detector_model_switch_fail","model":"/root/new_yolo8/model_rknn/yolov8s_800x800_9out_fp32.rknn","reason":"cooldown"}
2026-07-02T07:09:49Z type=detector_model_switch_fail payload={"type":"detector_model_switch_fail","model":"/root/new_yolo8/model_rknn/yolov8s_800x800_9out_fp32.rknn","reason":"cooldown"}
2026-07-02T07:09:49Z type=detector_model_switch_fail payload={"type":"detector_model_switch_fail","model":"/root/new_yolo8/model_rknn/yolov8s_800x800_9out_fp32.rknn","reason":"cooldown"}
2026-07-02T07:09:50Z type=detector_model_switch_fail payload={"type":"detector_model_switch_fail","model":"/root/new_yolo8/model_rknn/yolov8s_800x800_9out_fp32.rknn","reason":"cooldown"}
2026-07-02T07:09:51Z type=detector_model_switch_fail payload={"type":"detector_model_switch_fail","model":"/root/new_yolo8/model_rknn/yolov8s_800x800_9out_fp32.rknn","reason":"cooldown"}
2026-07-02T07:09:52Z type=detector_model_switch_fail payload={"type":"detector_model_switch_fail","model":"/root/new_yolo8/model_rknn/yolov8s_800x800_9out_fp32.rknn","reason":"cooldown"}
2026-07-02T07:09:52Z type=detector_model_switch_fail payload={"type":"detector_model_switch_fail","model":"/root/new_yolo8/model_rknn/yolov8s_800x800_9out_fp32.rknn","reason":"cooldown"}
2026-07-02T07:10:02Z type=detector_model_switch_start payload={"type":"detector_model_switch_start","model":"/root/new_yolo8/model_rknn/yolov8s_800x800_9out_fp32.rknn"}
2026-07-02T07:10:02Z type=detector_model_switch_ok payload={"type":"detector_model_switch_ok","model":"/root/new_yolo8/model_rknn/yolov8s_800x800_9out_fp32.rknn"}
2026-07-02T07:10:02Z type=detector_model_switch_fail payload={"type":"detector_model_switch_fail","model":"/root/new_yolo8/model_rknn/yolov8s_800x800_9out_fp32.rknn","reason":"cooldown"}
2026-07-02T07:10:03Z type=detector_model_switch_fail payload={"type":"detector_model_switch_fail","model":"/root/new_yolo8/model_rknn/yolov8s_800x800_9out_fp32.rknn","reason":"cooldown"}
2026-07-02T07:10:04Z type=detector_model_switch_fail payload={"type":"detector_model_switch_fail","model":"/root/new_yolo8/model_rknn/yolov8s_800x800_9out_fp32.rknn","reason":"cooldown"}
2026-07-02T07:10:05Z type=detector_model_switch_fail payload={"type":"detector_model_switch_fail","model":"/root/new_yolo8/model_rknn/yolov8s_800x800_9out_fp32.rknn","reason":"cooldown"}
2026-07-02T07:10:06Z type=detector_model_switch_fail payload={"type":"detector_model_switch_fail","model":"/root/new_yolo8/model_rknn/yolov8s_800x800_9out_fp32.rknn","reason":"cooldown"}
2026-07-02T07:10:07Z type=detector_model_switch_fail payload={"type":"detector_model_switch_fail","model":"/root/new_yolo8/model_rknn/yolov8s_800x800_9out_fp32.rknn","reason":"cooldown"}
2026-07-02T07:10:08Z type=detector_model_switch_fail payload={"type":"detector_model_switch_fail","model":"/root/new_yolo8/model_rknn/yolov8s_800x800_9out_fp32.rknn","reason":"cooldown"}
2026-07-02T07:10:21Z type=detector_model_switch_start payload={"type":"detector_model_switch_start","model":"/root/new_yolo8/model_rknn/yolov8s_800x800_9out_fp32.rknn"}
2026-07-02T07:10:22Z type=detector_model_switch_ok payload={"type":"detector_model_switch_ok","model":"/root/new_yolo8/model_rknn/yolov8s_800x800_9out_fp32.rknn"}
2026-07-02T07:10:22Z type=detector_model_switch_fail payload={"type":"detector_model_switch_fail","model":"/root/new_yolo8/model_rknn/yolov8s_800x800_9out_fp32.rknn","reason":"cooldown"}
2026-07-02T07:10:23Z type=detector_model_switch_fail payload={"type":"detector_model_switch_fail","model":"/root/new_yolo8/model_rknn/yolov8s_800x800_9out_fp32.rknn","reason":"cooldown"}
2026-07-02T07:10:24Z type=detector_model_switch_fail payload={"type":"detector_model_switch_fail","model":"/root/new_yolo8/model_rknn/yolov8s_800x800_9out_fp32.rknn","reason":"cooldown"}
2026-07-02T07:10:28Z type=detector_model_switch_fail payload={"type":"detector_model_switch_fail","model":"/root/new_yolo8/model_rknn/yolov8s_800x800_9out_fp32.rknn","reason":"cooldown"}
2026-07-02T07:10:29Z type=detector_model_switch_fail payload={"type":"detector_model_switch_fail","model":"/root/new_yolo8/model_rknn/yolov8s_800x800_9out_fp32.rknn","reason":"cooldown"}
2026-07-02T07:10:30Z type=detector_model_switch_fail payload={"type":"detector_model_switch_fail","model":"/root/new_yolo8/model_rknn/yolov8s_800x800_9out_fp32.rknn","reason":"cooldown"}
2026-07-02T07:10:30Z type=detector_model_switch_fail payload={"type":"detector_model_switch_fail","model":"/root/new_yolo8/model_rknn/yolov8s_800x800_9out_fp32.rknn","reason":"cooldown"}
2026-07-02T07:10:31Z type=detector_model_switch_fail payload={"type":"detector_model_switch_fail","model":"/root/new_yolo8/model_rknn/yolov8s_800x800_9out_fp32.rknn","reason":"cooldown"}
2026-07-02T07:10:32Z type=detector_model_switch_start payload={"type":"detector_model_switch_start","model":"/root/new_yolo8/model_rknn/yolov8s_800x800_9out_fp32.rknn"}
2026-07-02T07:10:32Z type=detector_model_switch_ok payload={"type":"detector_model_switch_ok","model":"/root/new_yolo8/model_rknn/yolov8s_800x800_9out_fp32.rknn"}
2026-07-02T07:10:33Z type=detector_model_switch_fail payload={"type":"detector_model_switch_fail","model":"/root/new_yolo8/model_rknn/yolov8s_800x800_9out_fp32.rknn","reason":"cooldown"}
2026-07-02T07:10:33Z type=detector_model_switch_fail payload={"type":"detector_model_switch_fail","model":"/root/new_yolo8/model_rknn/yolov8s_800x800_9out_fp32.rknn","reason":"cooldown"}
2026-07-02T07:10:38Z type=detector_model_switch_fail payload={"type":"detector_model_switch_fail","model":"/root/new_yolo8/model_rknn/yolov8s_800x800_9out_fp32.rknn","reason":"cooldown"}
2026-07-02T07:10:38Z type=detector_model_switch_fail payload={"type":"detector_model_switch_fail","model":"/root/new_yolo8/model_rknn/yolov8s_800x800_9out_fp32.rknn","reason":"cooldown"}
2026-07-02T07:10:39Z type=detector_model_switch_fail payload={"type":"detector_model_switch_fail","model":"/root/new_yolo8/model_rknn/yolov8s_800x800_9out_fp32.rknn","reason":"cooldown"}
2026-07-02T07:10:40Z type=detector_model_switch_fail payload={"type":"detector_model_switch_fail","model":"/root/new_yolo8/model_rknn/yolov8s_800x800_9out_fp32.rknn","reason":"cooldown"}
2026-07-02T07:10:41Z type=detector_model_switch_fail payload={"type":"detector_model_switch_fail","model":"/root/new_yolo8/model_rknn/yolov8s_800x800_9out_fp32.rknn","reason":"cooldown"}
2026-07-02T07:10:42Z type=detector_model_switch_fail payload={"type":"detector_model_switch_fail","model":"/root/new_yolo8/model_rknn/yolov8s_800x800_9out_fp32.rknn","reason":"cooldown"}
2026-07-02T07:10:43Z type=detector_model_switch_start payload={"type":"detector_model_switch_start","model":"/root/new_yolo8/model_rknn/yolov8s_800x800_9out_fp32.rknn"}
2026-07-02T07:10:43Z type=detector_model_switch_start payload={"type":"detector_model_switch_start","model":"/root/new_yolo8/model_rknn/yolov8s_800x800_9out_fp32.rknn"}
2026-07-02T07:10:43Z type=detector_model_switch_ok payload={"type":"detector_model_switch_ok","model":"/root/new_yolo8/model_rknn/yolov8s_800x800_9out_fp32.rknn"}
2026-07-02T07:10:43Z type=detector_model_switch_ok payload={"type":"detector_model_switch_ok","model":"/root/new_yolo8/model_rknn/yolov8s_800x800_9out_fp32.rknn"}
2026-07-02T07:10:47Z type=detector_model_switch_fail payload={"type":"detector_model_switch_fail","model":"/root/new_yolo8/model_rknn/yolov8s_800x800_9out_fp32.rknn","reason":"cooldown"}
2026-07-02T07:10:47Z type=detector_model_switch_fail payload={"type":"detector_model_switch_fail","model":"/root/new_yolo8/model_rknn/yolov8s_800x800_9out_fp32.rknn","reason":"cooldown"}
2026-07-02T07:10:48Z type=detector_model_switch_fail payload={"type":"detector_model_switch_fail","model":"/root/new_yolo8/model_rknn/yolov8s_800x800_9out_fp32.rknn","reason":"cooldown"}
2026-07-02T07:10:54Z type=detector_model_switch_start payload={"type":"detector_model_switch_start","model":"/root/new_yolo8/model_rknn/yolov8s_800x800_9out_fp32.rknn"}
2026-07-02T07:10:54Z type=detector_model_switch_ok payload={"type":"detector_model_switch_ok","model":"/root/new_yolo8/model_rknn/yolov8s_800x800_9out_fp32.rknn"}
2026-07-02T07:11:15Z type=detector_model_switch_start payload={"type":"detector_model_switch_start","model":"/root/new_yolo8/model_rknn/yolov8s_800x800_9out_fp32.rknn"}
2026-07-02T07:11:15Z type=detector_model_switch_ok payload={"type":"detector_model_switch_ok","model":"/root/new_yolo8/model_rknn/yolov8s_800x800_9out_fp32.rknn"}
2026-07-02T08:01:55Z type=detector_model_switch_start payload={"type":"detector_model_switch_start","model":"/root/new_yolo8/model_rknn/yolov8s_800x800_9out_fp32.rknn"}
2026-07-02T08:01:56Z type=detector_model_switch_ok payload={"type":"detector_model_switch_ok","model":"/root/new_yolo8/model_rknn/yolov8s_800x800_9out_fp32.rknn"}
2026-07-02T08:02:07Z type=detector_model_switch_start payload={"type":"detector_model_switch_start","model":"/root/new_yolo8/model_rknn/yolov8s_800x800_9out_fp32.rknn"}
2026-07-02T08:02:07Z type=detector_model_switch_ok payload={"type":"detector_model_switch_ok","model":"/root/new_yolo8/model_rknn/yolov8s_800x800_9out_fp32.rknn"}
2026-07-02T08:02:44Z type=detector_model_switch_start payload={"type":"detector_model_switch_start","model":"/root/new_yolo8/model_rknn/yolov8s_800x800_9out_fp32.rknn"}
2026-07-02T08:02:44Z type=detector_model_switch_ok payload={"type":"detector_model_switch_ok","model":"/root/new_yolo8/model_rknn/yolov8s_800x800_9out_fp32.rknn"}
2026-07-02T08:03:00Z type=detector_model_switch_start payload={"type":"detector_model_switch_start","model":"/root/new_yolo8/model_rknn/yolov8s_800x800_9out_fp32.rknn"}
2026-07-02T08:03:00Z type=detector_model_switch_ok payload={"type":"detector_model_switch_ok","model":"/root/new_yolo8/model_rknn/yolov8s_800x800_9out_fp32.rknn"}
2026-07-02T08:03:08Z type=detector_model_switch_fail payload={"type":"detector_model_switch_fail","model":"/root/new_yolo8/model_rknn/yolov8s_800x800_9out_fp32.rknn","reason":"cooldown"}
2026-07-02T08:04:38Z type=detector_model_switch_start payload={"type":"detector_model_switch_start","model":"/root/new_yolo8/model_rknn/yolov8s_640x640_9out_fp32.rknn"}
2026-07-02T08:04:39Z type=detector_model_switch_ok payload={"type":"detector_model_switch_ok","model":"/root/new_yolo8/model_rknn/yolov8s_640x640_9out_fp32.rknn"}
2026-07-02T08:04:39Z type=detector_model_switch_fail payload={"type":"detector_model_switch_fail","model":"/root/new_yolo8/model_rknn/yolov8s_640x640_9out_fp32.rknn","reason":"cooldown"}
2026-07-02T08:12:28Z type=detector_model_switch_start payload={"type":"detector_model_switch_start","model":"/root/new_yolo8/model_rknn/yolov8s_640x640_9out_fp32.rknn"}
2026-07-02T08:12:29Z type=detector_model_switch_ok payload={"type":"detector_model_switch_ok","model":"/root/new_yolo8/model_rknn/yolov8s_640x640_9out_fp32.rknn"}
2026-07-02T08:12:36Z type=detector_model_switch_fail payload={"type":"detector_model_switch_fail","model":"/root/new_yolo8/model_rknn/yolov8s_640x640_9out_fp32.rknn","reason":"cooldown"}
2026-07-02T08:12:39Z type=detector_model_switch_start payload={"type":"detector_model_switch_start","model":"/root/new_yolo8/model_rknn/yolov8s_640x640_9out_fp32.rknn"}
2026-07-02T08:12:39Z type=detector_model_switch_ok payload={"type":"detector_model_switch_ok","model":"/root/new_yolo8/model_rknn/yolov8s_640x640_9out_fp32.rknn"}
2026-07-02T08:12:39Z type=detector_model_switch_fail payload={"type":"detector_model_switch_fail","model":"/root/new_yolo8/model_rknn/yolov8s_640x640_9out_fp32.rknn","reason":"cooldown"}
2026-07-02T08:12:40Z type=detector_model_switch_fail payload={"type":"detector_model_switch_fail","model":"/root/new_yolo8/model_rknn/yolov8s_640x640_9out_fp32.rknn","reason":"cooldown"}
2026-07-02T08:12:44Z type=detector_model_switch_fail payload={"type":"detector_model_switch_fail","model":"/root/new_yolo8/model_rknn/yolov8s_640x640_9out_fp32.rknn","reason":"cooldown"}
2026-07-02T08:12:45Z type=detector_model_switch_fail payload={"type":"detector_model_switch_fail","model":"/root/new_yolo8/model_rknn/yolov8s_640x640_9out_fp32.rknn","reason":"cooldown"}
2026-07-02T08:12:50Z type=detector_model_switch_start payload={"type":"detector_model_switch_start","model":"/root/new_yolo8/model_rknn/yolov8s_640x640_9out_fp32.rknn"}
2026-07-02T08:12:50Z type=detector_model_switch_ok payload={"type":"detector_model_switch_ok","model":"/root/new_yolo8/model_rknn/yolov8s_640x640_9out_fp32.rknn"}
2026-07-02T08:12:53Z type=detector_model_switch_fail payload={"type":"detector_model_switch_fail","model":"/root/new_yolo8/model_rknn/yolov8s_640x640_9out_fp32.rknn","reason":"cooldown"}
2026-07-02T08:12:55Z type=detector_model_switch_fail payload={"type":"detector_model_switch_fail","model":"/root/new_yolo8/model_rknn/yolov8s_640x640_9out_fp32.rknn","reason":"cooldown"}
2026-07-02T08:12:56Z type=detector_model_switch_fail payload={"type":"detector_model_switch_fail","model":"/root/new_yolo8/model_rknn/yolov8s_640x640_9out_fp32.rknn","reason":"cooldown"}
2026-07-02T08:13:02Z type=detector_model_switch_start payload={"type":"detector_model_switch_start","model":"/root/new_yolo8/model_rknn/yolov8s_640x640_9out_fp32.rknn"}
2026-07-02T08:13:03Z type=detector_model_switch_ok payload={"type":"detector_model_switch_ok","model":"/root/new_yolo8/model_rknn/yolov8s_640x640_9out_fp32.rknn"}
2026-07-02T08:13:03Z type=detector_model_switch_fail payload={"type":"detector_model_switch_fail","model":"/root/new_yolo8/model_rknn/yolov8s_640x640_9out_fp32.rknn","reason":"cooldown"}
2026-07-02T08:13:06Z type=detector_model_switch_fail payload={"type":"detector_model_switch_fail","model":"/root/new_yolo8/model_rknn/yolov8s_640x640_9out_fp32.rknn","reason":"cooldown"}
2026-07-02T08:13:07Z type=detector_model_switch_fail payload={"type":"detector_model_switch_fail","model":"/root/new_yolo8/model_rknn/yolov8s_640x640_9out_fp32.rknn","reason":"cooldown"}
2026-07-02T08:13:11Z type=detector_model_switch_fail payload={"type":"detector_model_switch_fail","model":"/root/new_yolo8/model_rknn/yolov8s_640x640_9out_fp32.rknn","reason":"cooldown"}
2026-07-02T08:13:13Z type=detector_model_switch_start payload={"type":"detector_model_switch_start","model":"/root/new_yolo8/model_rknn/yolov8s_640x640_9out_fp32.rknn"}
2026-07-02T08:13:13Z type=detector_model_switch_ok payload={"type":"detector_model_switch_ok","model":"/root/new_yolo8/model_rknn/yolov8s_640x640_9out_fp32.rknn"}
2026-07-02T08:13:15Z type=detector_model_switch_fail payload={"type":"detector_model_switch_fail","model":"/root/new_yolo8/model_rknn/yolov8s_640x640_9out_fp32.rknn","reason":"cooldown"}
2026-07-02T08:13:19Z type=detector_model_switch_fail payload={"type":"detector_model_switch_fail","model":"/root/new_yolo8/model_rknn/yolov8s_800x800_9out_fp32.rknn","reason":"cooldown"}
2026-07-02T08:13:20Z type=detector_model_switch_fail payload={"type":"detector_model_switch_fail","model":"/root/new_yolo8/model_rknn/yolov8s_800x800_9out_fp32.rknn","reason":"cooldown"}
2026-07-02T08:13:22Z type=detector_model_switch_fail payload={"type":"detector_model_switch_fail","model":"/root/new_yolo8/model_rknn/yolov8s_640x640_9out_fp32.rknn","reason":"cooldown"}
2026-07-02T08:13:24Z type=detector_model_switch_start payload={"type":"detector_model_switch_start","model":"/root/new_yolo8/model_rknn/yolov8s_800x800_9out_fp32.rknn"}
2026-07-02T08:13:24Z type=detector_model_switch_ok payload={"type":"detector_model_switch_ok","model":"/root/new_yolo8/model_rknn/yolov8s_800x800_9out_fp32.rknn"}
2026-07-02T08:13:26Z type=detector_model_switch_fail payload={"type":"detector_model_switch_fail","model":"/root/new_yolo8/model_rknn/yolov8s_640x640_9out_fp32.rknn","reason":"cooldown"}
2026-07-02T08:13:28Z type=detector_model_switch_fail payload={"type":"detector_model_switch_fail","model":"/root/new_yolo8/model_rknn/yolov8s_800x800_9out_fp32.rknn","reason":"cooldown"}
2026-07-02T08:13:29Z type=detector_model_switch_fail payload={"type":"detector_model_switch_fail","model":"/root/new_yolo8/model_rknn/yolov8s_640x640_9out_fp32.rknn","reason":"cooldown"}
2026-07-02T08:13:31Z type=detector_model_switch_fail payload={"type":"detector_model_switch_fail","model":"/root/new_yolo8/model_rknn/yolov8s_800x800_9out_fp32.rknn","reason":"cooldown"}
2026-07-02T08:13:33Z type=detector_model_switch_fail payload={"type":"detector_model_switch_fail","model":"/root/new_yolo8/model_rknn/yolov8s_800x800_9out_fp32.rknn","reason":"cooldown"}
2026-07-02T08:13:35Z type=detector_model_switch_start payload={"type":"detector_model_switch_start","model":"/root/new_yolo8/model_rknn/yolov8s_640x640_9out_fp32.rknn"}
2026-07-02T08:13:35Z type=detector_model_switch_ok payload={"type":"detector_model_switch_ok","model":"/root/new_yolo8/model_rknn/yolov8s_640x640_9out_fp32.rknn"}
2026-07-02T08:13:36Z type=detector_model_switch_fail payload={"type":"detector_model_switch_fail","model":"/root/new_yolo8/model_rknn/yolov8s_800x800_9out_fp32.rknn","reason":"cooldown"}
2026-07-02T08:13:39Z type=detector_model_switch_fail payload={"type":"detector_model_switch_fail","model":"/root/new_yolo8/model_rknn/yolov8s_800x800_9out_fp32.rknn","reason":"cooldown"}
2026-07-02T08:15:44Z type=detector_model_switch_start payload={"type":"detector_model_switch_start","model":"/root/new_yolo8/model_rknn/yolov8s_800x800_9out_fp32.rknn"}
2026-07-02T08:15:44Z type=detector_model_switch_ok payload={"type":"detector_model_switch_ok","model":"/root/new_yolo8/model_rknn/yolov8s_800x800_9out_fp32.rknn"}
2026-07-02T08:26:29Z type=detector_model_switch_start payload={"type":"detector_model_switch_start","model":"/root/new_yolo8/model_rknn/yolov8s_800x800_9out_fp32.rknn"}
2026-07-02T08:26:30Z type=detector_model_switch_ok payload={"type":"detector_model_switch_ok","model":"/root/new_yolo8/model_rknn/yolov8s_800x800_9out_fp32.rknn"}
2026-07-02T08:26:32Z type=detector_model_switch_fail payload={"type":"detector_model_switch_fail","model":"/root/new_yolo8/model_rknn/yolov8s_800x800_9out_fp32.rknn","reason":"cooldown"}
2026-07-02T08:26:36Z type=detector_model_switch_fail payload={"type":"detector_model_switch_fail","model":"/root/new_yolo8/model_rknn/yolov8s_800x800_9out_fp32.rknn","reason":"cooldown"}
2026-07-02T08:26:38Z type=detector_model_switch_fail payload={"type":"detector_model_switch_fail","model":"/root/new_yolo8/model_rknn/yolov8s_800x800_9out_fp32.rknn","reason":"cooldown"}
2026-07-02T08:26:48Z type=detector_model_switch_start payload={"type":"detector_model_switch_start","model":"/root/new_yolo8/model_rknn/yolov8s_800x800_9out_fp32.rknn"}
2026-07-02T08:26:48Z type=detector_model_switch_ok payload={"type":"detector_model_switch_ok","model":"/root/new_yolo8/model_rknn/yolov8s_800x800_9out_fp32.rknn"}
2026-07-02T08:26:49Z type=detector_model_switch_fail payload={"type":"detector_model_switch_fail","model":"/root/new_yolo8/model_rknn/yolov8s_800x800_9out_fp32.rknn","reason":"cooldown"}
2026-07-02T08:27:20Z type=detector_model_switch_start payload={"type":"detector_model_switch_start","model":"/root/new_yolo8/model_rknn/yolov8n_test.rknn"}
2026-07-02T08:27:21Z type=detector_model_switch_start payload={"type":"detector_model_switch_start","model":"/root/new_yolo8/model_rknn/yolov8n_test.rknn"}
2026-07-02T08:27:22Z type=detector_model_switch_ok payload={"type":"detector_model_switch_ok","model":"/root/new_yolo8/model_rknn/yolov8n_test.rknn"}
2026-07-02T08:27:22Z type=detector_model_switch_ok payload={"type":"detector_model_switch_ok","model":"/root/new_yolo8/model_rknn/yolov8n_test.rknn"}
2026-07-02T08:27:25Z type=detector_model_switch_fail payload={"type":"detector_model_switch_fail","model":"/root/new_yolo8/model_rknn/yolov8n_test.rknn","reason":"cooldown"}
2026-07-02T08:27:27Z type=detector_model_switch_fail payload={"type":"detector_model_switch_fail","model":"/root/new_yolo8/model_rknn/yolov8s_800x800_9out_fp32.rknn","reason":"cooldown"}
2026-07-02T08:27:28Z type=detector_model_switch_fail payload={"type":"detector_model_switch_fail","model":"/root/new_yolo8/model_rknn/yolov8s_800x800_9out_fp32.rknn","reason":"cooldown"}
2026-07-02T08:27:30Z type=detector_model_switch_fail payload={"type":"detector_model_switch_fail","model":"/root/new_yolo8/model_rknn/yolov8s_800x800_9out_fp32.rknn","reason":"cooldown"}
2026-07-02T08:27:36Z type=detector_model_switch_start payload={"type":"detector_model_switch_start","model":"/root/new_yolo8/model_rknn/yolov8s_800x800_9out_fp32.rknn"}
2026-07-02T08:27:36Z type=detector_model_switch_ok payload={"type":"detector_model_switch_ok","model":"/root/new_yolo8/model_rknn/yolov8s_800x800_9out_fp32.rknn"}
2026-07-02T08:27:38Z type=detector_model_switch_fail payload={"type":"detector_model_switch_fail","model":"/root/new_yolo8/model_rknn/yolov8s_800x800_9out_fp32.rknn","reason":"cooldown"}
2026-07-02T08:27:42Z type=detector_model_switch_fail payload={"type":"detector_model_switch_fail","model":"/root/new_yolo8/model_rknn/yolov8s_800x800_9out_fp32.rknn","reason":"cooldown"}
2026-07-02T08:27:56Z type=detector_model_switch_start payload={"type":"detector_model_switch_start","model":"/root/new_yolo8/model_rknn/yolov8s_800x800_9out_fp32.rknn"}
2026-07-02T08:27:56Z type=detector_model_switch_ok payload={"type":"detector_model_switch_ok","model":"/root/new_yolo8/model_rknn/yolov8s_800x800_9out_fp32.rknn"}
2026-07-02T08:27:58Z type=detector_model_switch_fail payload={"type":"detector_model_switch_fail","model":"/root/new_yolo8/model_rknn/yolov8s_800x800_9out_fp32.rknn","reason":"cooldown"}
2026-07-02T08:27:59Z type=detector_model_switch_fail payload={"type":"detector_model_switch_fail","model":"/root/new_yolo8/model_rknn/yolov8s_800x800_9out_fp32.rknn","reason":"cooldown"}
2026-07-02T08:28:04Z type=detector_model_switch_fail payload={"type":"detector_model_switch_fail","model":"/root/new_yolo8/model_rknn/yolov8s_800x800_9out_fp32.rknn","reason":"cooldown"}
2026-07-02T08:37:48Z type=detector_model_switch_start payload={"type":"detector_model_switch_start","model":"/root/new_yolo8/model_rknn/yolov8s_800x800_9out_fp32.rknn"}
2026-07-02T08:37:48Z type=detector_model_switch_ok payload={"type":"detector_model_switch_ok","model":"/root/new_yolo8/model_rknn/yolov8s_800x800_9out_fp32.rknn"}
2026-07-02T08:37:57Z type=detector_model_switch_fail payload={"type":"detector_model_switch_fail","model":"/root/new_yolo8/model_rknn/yolov8s_800x800_9out_fp32.rknn","reason":"cooldown"}
2026-07-02T08:38:01Z type=detector_model_switch_start payload={"type":"detector_model_switch_start","model":"/root/new_yolo8/model_rknn/yolov8s_800x800_9out_fp32.rknn"}
2026-07-02T08:38:01Z type=detector_model_switch_ok payload={"type":"detector_model_switch_ok","model":"/root/new_yolo8/model_rknn/yolov8s_800x800_9out_fp32.rknn"}
2026-07-02T08:38:02Z type=detector_model_switch_fail payload={"type":"detector_model_switch_fail","model":"/root/new_yolo8/model_rknn/yolov8s_800x800_9out_fp32.rknn","reason":"cooldown"}
2026-07-02T08:38:04Z type=detector_model_switch_fail payload={"type":"detector_model_switch_fail","model":"/root/new_yolo8/model_rknn/yolov8s_800x800_9out_fp32.rknn","reason":"cooldown"}
2026-07-02T08:38:05Z type=detector_model_switch_fail payload={"type":"detector_model_switch_fail","model":"/root/new_yolo8/model_rknn/yolov8s_800x800_9out_fp32.rknn","reason":"cooldown"}
2026-07-02T08:38:08Z type=detector_model_switch_fail payload={"type":"detector_model_switch_fail","model":"/root/new_yolo8/model_rknn/yolov8s_800x800_9out_fp32.rknn","reason":"cooldown"}
2026-07-02T08:38:11Z type=detector_model_switch_start payload={"type":"detector_model_switch_start","model":"/root/new_yolo8/model_rknn/yolov8s_800x800_9out_fp32.rknn"}
2026-07-02T08:38:11Z type=detector_model_switch_start payload={"type":"detector_model_switch_start","model":"/root/new_yolo8/model_rknn/yolov8s_800x800_9out_fp32.rknn"}
2026-07-02T08:38:11Z type=detector_model_switch_ok payload={"type":"detector_model_switch_ok","model":"/root/new_yolo8/model_rknn/yolov8s_800x800_9out_fp32.rknn"}
2026-07-02T08:38:11Z type=detector_model_switch_ok payload={"type":"detector_model_switch_ok","model":"/root/new_yolo8/model_rknn/yolov8s_800x800_9out_fp32.rknn"}
2026-07-02T08:38:14Z type=detector_model_switch_fail payload={"type":"detector_model_switch_fail","model":"/root/new_yolo8/model_rknn/yolov8s_800x800_9out_fp32.rknn","reason":"cooldown"}
2026-07-02T08:38:16Z type=detector_model_switch_fail payload={"type":"detector_model_switch_fail","model":"/root/new_yolo8/model_rknn/yolov8s_800x800_9out_fp32.rknn","reason":"cooldown"}
2026-07-02T08:38:17Z type=detector_model_switch_fail payload={"type":"detector_model_switch_fail","model":"/root/new_yolo8/model_rknn/yolov8s_800x800_9out_fp32.rknn","reason":"cooldown"}
2026-07-02T08:38:18Z type=detector_model_switch_fail payload={"type":"detector_model_switch_fail","model":"/root/new_yolo8/model_rknn/yolov8s_800x800_9out_fp32.rknn","reason":"cooldown"}
2026-07-02T08:38:27Z type=detector_model_switch_start payload={"type":"detector_model_switch_start","model":"/root/new_yolo8/model_rknn/yolov8s_800x800_9out_fp32.rknn"}
2026-07-02T08:38:27Z type=detector_model_switch_ok payload={"type":"detector_model_switch_ok","model":"/root/new_yolo8/model_rknn/yolov8s_800x800_9out_fp32.rknn"}
2026-07-02T08:38:28Z type=detector_model_switch_fail payload={"type":"detector_model_switch_fail","model":"/root/new_yolo8/model_rknn/yolov8s_800x800_9out_fp32.rknn","reason":"cooldown"}
2026-07-02T08:38:28Z type=detector_model_switch_fail payload={"type":"detector_model_switch_fail","model":"/root/new_yolo8/model_rknn/yolov8s_800x800_9out_fp32.rknn","reason":"cooldown"}
2026-07-02T08:38:29Z type=detector_model_switch_fail payload={"type":"detector_model_switch_fail","model":"/root/new_yolo8/model_rknn/yolov8s_800x800_9out_fp32.rknn","reason":"cooldown"}
2026-07-02T08:38:30Z type=detector_model_switch_fail payload={"type":"detector_model_switch_fail","model":"/root/new_yolo8/model_rknn/yolov8s_800x800_9out_fp32.rknn","reason":"cooldown"}
2026-07-02T08:38:30Z type=detector_model_switch_fail payload={"type":"detector_model_switch_fail","model":"/root/new_yolo8/model_rknn/yolov8s_800x800_9out_fp32.rknn","reason":"cooldown"}
2026-07-02T08:38:34Z type=detector_model_switch_fail payload={"type":"detector_model_switch_fail","model":"/root/new_yolo8/model_rknn/yolov8s_800x800_9out_fp32.rknn","reason":"cooldown"}
2026-07-02T08:38:58Z type=detector_model_switch_start payload={"type":"detector_model_switch_start","model":"/root/new_yolo8/model_rknn/yolov8s_800x800_9out_fp32.rknn"}
2026-07-02T08:38:58Z type=detector_model_switch_ok payload={"type":"detector_model_switch_ok","model":"/root/new_yolo8/model_rknn/yolov8s_800x800_9out_fp32.rknn"}
2026-07-02T08:39:00Z type=detector_model_switch_fail payload={"type":"detector_model_switch_fail","model":"/root/new_yolo8/model_rknn/yolov8s_800x800_9out_fp32.rknn","reason":"cooldown"}
2026-07-02T08:39:05Z type=detector_model_switch_fail payload={"type":"detector_model_switch_fail","model":"/root/new_yolo8/model_rknn/yolov8s_800x800_9out_fp32.rknn","reason":"cooldown"}
2026-07-02T08:39:06Z type=detector_model_switch_fail payload={"type":"detector_model_switch_fail","model":"/root/new_yolo8/model_rknn/yolov8s_800x800_9out_fp32.rknn","reason":"cooldown"}
2026-07-02T08:39:07Z type=detector_model_switch_fail payload={"type":"detector_model_switch_fail","model":"/root/new_yolo8/model_rknn/yolov8s_800x800_9out_fp32.rknn","reason":"cooldown"}
2026-07-02T08:39:08Z type=detector_model_switch_start payload={"type":"detector_model_switch_start","model":"/root/new_yolo8/model_rknn/yolov8s_800x800_9out_fp32.rknn"}
2026-07-02T08:39:08Z type=detector_model_switch_ok payload={"type":"detector_model_switch_ok","model":"/root/new_yolo8/model_rknn/yolov8s_800x800_9out_fp32.rknn"}
2026-07-02T08:39:12Z type=detector_model_switch_fail payload={"type":"detector_model_switch_fail","model":"/root/new_yolo8/model_rknn/yolov8s_800x800_9out_fp32.rknn","reason":"cooldown"}
2026-07-02T08:39:13Z type=detector_model_switch_fail payload={"type":"detector_model_switch_fail","model":"/root/new_yolo8/model_rknn/yolov8s_800x800_9out_fp32.rknn","reason":"cooldown"}
2026-07-02T09:11:57Z type=detector_model_switch_start payload={"type":"detector_model_switch_start","model":"/root/new_yolo8/model_rknn/yolov8s_800x800_9out_fp32.rknn"}
2026-07-02T09:11:57Z type=detector_model_switch_ok payload={"type":"detector_model_switch_ok","model":"/root/new_yolo8/model_rknn/yolov8s_800x800_9out_fp32.rknn"}
2026-07-02T09:19:56Z type=detector_model_switch_start payload={"type":"detector_model_switch_start","model":"/root/new_yolo8/model_rknn/yolov8s_800x800_9out_fp32.rknn"}
2026-07-02T09:19:56Z type=detector_model_switch_ok payload={"type":"detector_model_switch_ok","model":"/root/new_yolo8/model_rknn/yolov8s_800x800_9out_fp32.rknn"}
2026-07-02T09:23:24Z type=detector_model_switch_start payload={"type":"detector_model_switch_start","model":"/root/new_yolo8/model_rknn/yolov8s_800x800_9out_fp32.rknn"}
2026-07-02T09:23:25Z type=detector_model_switch_ok payload={"type":"detector_model_switch_ok","model":"/root/new_yolo8/model_rknn/yolov8s_800x800_9out_fp32.rknn"}
2026-07-02T09:23:26Z type=detector_model_switch_fail payload={"type":"detector_model_switch_fail","model":"/root/new_yolo8/model_rknn/yolov8s_800x800_9out_fp32.rknn","reason":"cooldown"}
2026-07-02T09:45:05Z type=detector_model_switch_start payload={"type":"detector_model_switch_start","model":"/root/new_yolo8/model_rknn/yolov8s_800x800_9out_fp32.rknn"}
2026-07-02T09:45:05Z type=detector_model_switch_ok payload={"type":"detector_model_switch_ok","model":"/root/new_yolo8/model_rknn/yolov8s_800x800_9out_fp32.rknn"}
2026-07-02T09:45:07Z type=detector_model_switch_fail payload={"type":"detector_model_switch_fail","model":"/root/new_yolo8/model_rknn/yolov8s_800x800_9out_fp32.rknn","reason":"cooldown"}
2026-07-02T09:45:09Z type=detector_model_switch_fail payload={"type":"detector_model_switch_fail","model":"/root/new_yolo8/model_rknn/yolov8s_800x800_9out_fp32.rknn","reason":"cooldown"}
2026-07-02T09:45:11Z type=detector_model_switch_fail payload={"type":"detector_model_switch_fail","model":"/root/new_yolo8/model_rknn/yolov8s_800x800_9out_fp32.rknn","reason":"cooldown"}
2026-07-02T09:45:18Z type=detector_model_switch_start payload={"type":"detector_model_switch_start","model":"/root/new_yolo8/model_rknn/yolov8s_800x800_9out_fp32.rknn"}
2026-07-02T09:45:18Z type=detector_model_switch_ok payload={"type":"detector_model_switch_ok","model":"/root/new_yolo8/model_rknn/yolov8s_800x800_9out_fp32.rknn"}
2026-07-02T09:45:19Z type=detector_model_switch_fail payload={"type":"detector_model_switch_fail","model":"/root/new_yolo8/model_rknn/yolov8s_800x800_9out_fp32.rknn","reason":"cooldown"}
2026-07-02T09:45:52Z type=detector_model_switch_start payload={"type":"detector_model_switch_start","model":"/root/new_yolo8/model_rknn/yolov8s_800x800_9out_fp32.rknn"}
2026-07-02T09:45:52Z type=detector_model_switch_ok payload={"type":"detector_model_switch_ok","model":"/root/new_yolo8/model_rknn/yolov8s_800x800_9out_fp32.rknn"}
2026-07-02T09:45:55Z type=detector_model_switch_fail payload={"type":"detector_model_switch_fail","model":"/root/new_yolo8/model_rknn/yolov8s_800x800_9out_fp32.rknn","reason":"cooldown"}
2026-07-02T09:45:58Z type=detector_model_switch_fail payload={"type":"detector_model_switch_fail","model":"/root/new_yolo8/model_rknn/yolov8s_800x800_9out_fp32.rknn","reason":"cooldown"}
2026-07-02T09:46:11Z type=detector_model_switch_start payload={"type":"detector_model_switch_start","model":"/root/new_yolo8/model_rknn/yolov8s_800x800_9out_fp32.rknn"}
2026-07-02T09:46:11Z type=detector_model_switch_ok payload={"type":"detector_model_switch_ok","model":"/root/new_yolo8/model_rknn/yolov8s_800x800_9out_fp32.rknn"}
2026-07-02T09:46:25Z type=detector_model_switch_start payload={"type":"detector_model_switch_start","model":"/root/new_yolo8/model_rknn/yolov8s_800x800_9out_fp32.rknn"}
2026-07-02T09:46:25Z type=detector_model_switch_ok payload={"type":"detector_model_switch_ok","model":"/root/new_yolo8/model_rknn/yolov8s_800x800_9out_fp32.rknn"}
2026-07-02T09:46:32Z type=detector_model_switch_fail payload={"type":"detector_model_switch_fail","model":"/root/new_yolo8/model_rknn/yolov8s_800x800_9out_fp32.rknn","reason":"cooldown"}
2026-07-02T09:46:36Z type=detector_model_switch_start payload={"type":"detector_model_switch_start","model":"/root/new_yolo8/model_rknn/yolov8s_800x800_9out_fp32.rknn"}
2026-07-02T09:46:36Z type=detector_model_switch_ok payload={"type":"detector_model_switch_ok","model":"/root/new_yolo8/model_rknn/yolov8s_800x800_9out_fp32.rknn"}
2026-07-02T09:46:45Z type=detector_model_switch_fail payload={"type":"detector_model_switch_fail","model":"/root/new_yolo8/model_rknn/yolov8s_800x800_9out_fp32.rknn","reason":"cooldown"}
2026-07-02T09:46:46Z type=detector_model_switch_start payload={"type":"detector_model_switch_start","model":"/root/new_yolo8/model_rknn/yolov8s_800x800_9out_fp32.rknn"}
2026-07-02T09:46:46Z type=detector_model_switch_start payload={"type":"detector_model_switch_start","model":"/root/new_yolo8/model_rknn/yolov8s_800x800_9out_fp32.rknn"}
2026-07-02T09:46:47Z type=detector_model_switch_ok payload={"type":"detector_model_switch_ok","model":"/root/new_yolo8/model_rknn/yolov8s_800x800_9out_fp32.rknn"}
2026-07-02T09:46:47Z type=detector_model_switch_ok payload={"type":"detector_model_switch_ok","model":"/root/new_yolo8/model_rknn/yolov8s_800x800_9out_fp32.rknn"}
2026-07-02T09:46:55Z type=detector_model_switch_fail payload={"type":"detector_model_switch_fail","model":"/root/new_yolo8/model_rknn/yolov8s_800x800_9out_fp32.rknn","reason":"cooldown"}
2026-07-02T09:46:58Z type=detector_model_switch_start payload={"type":"detector_model_switch_start","model":"/root/new_yolo8/model_rknn/yolov8s_800x800_9out_fp32.rknn"}
2026-07-02T09:46:58Z type=detector_model_switch_ok payload={"type":"detector_model_switch_ok","model":"/root/new_yolo8/model_rknn/yolov8s_800x800_9out_fp32.rknn"}
2026-07-02T09:47:02Z type=detector_model_switch_fail payload={"type":"detector_model_switch_fail","model":"/root/new_yolo8/model_rknn/yolov8s_800x800_9out_fp32.rknn","reason":"cooldown"}
2026-07-02T09:47:05Z type=detector_model_switch_fail payload={"type":"detector_model_switch_fail","model":"/root/new_yolo8/model_rknn/yolov8s_800x800_9out_fp32.rknn","reason":"cooldown"}
2026-07-02T09:47:07Z type=detector_model_switch_fail payload={"type":"detector_model_switch_fail","model":"/root/new_yolo8/model_rknn/yolov8s_800x800_9out_fp32.rknn","reason":"cooldown"}
2026-07-02T09:50:47Z type=detector_model_switch_start payload={"type":"detector_model_switch_start","model":"/root/new_yolo8/model_rknn/yolov8s_800x800_9out_fp32.rknn"}
2026-07-02T09:50:47Z type=detector_model_switch_ok payload={"type":"detector_model_switch_ok","model":"/root/new_yolo8/model_rknn/yolov8s_800x800_9out_fp32.rknn"}
2026-07-02T09:57:46Z type=detector_model_switch_start payload={"type":"detector_model_switch_start","model":"/root/new_yolo8/model_rknn/yolov8s_800x800_9out_fp32.rknn"}
2026-07-02T09:57:46Z type=detector_model_switch_ok payload={"type":"detector_model_switch_ok","model":"/root/new_yolo8/model_rknn/yolov8s_800x800_9out_fp32.rknn"}
2026-07-02T10:21:23Z type=detector_model_switch_start payload={"type":"detector_model_switch_start","model":"/root/new_yolo8/model_rknn/yolov8s_800x800_9out_fp32.rknn"}
2026-07-02T10:21:24Z type=detector_model_switch_ok payload={"type":"detector_model_switch_ok","model":"/root/new_yolo8/model_rknn/yolov8s_800x800_9out_fp32.rknn"}
2026-07-02T10:21:25Z type=detector_model_switch_fail payload={"type":"detector_model_switch_fail","model":"/root/new_yolo8/model_rknn/yolov8s_800x800_9out_fp32.rknn","reason":"cooldown"}
2026-07-02T10:21:27Z type=detector_model_switch_fail payload={"type":"detector_model_switch_fail","model":"/root/new_yolo8/model_rknn/yolov8s_800x800_9out_fp32.rknn","reason":"cooldown"}
2026-07-02T10:21:30Z type=detector_model_switch_fail payload={"type":"detector_model_switch_fail","model":"/root/new_yolo8/model_rknn/yolov8s_800x800_9out_fp32.rknn","reason":"cooldown"}
2026-07-02T10:21:31Z type=detector_model_switch_fail payload={"type":"detector_model_switch_fail","model":"/root/new_yolo8/model_rknn/yolov8s_800x800_9out_fp32.rknn","reason":"cooldown"}
2026-07-02T10:21:33Z type=detector_model_switch_fail payload={"type":"detector_model_switch_fail","model":"/root/new_yolo8/model_rknn/yolov8s_800x800_9out_fp32.rknn","reason":"cooldown"}
2026-07-02T10:21:35Z type=detector_model_switch_start payload={"type":"detector_model_switch_start","model":"/root/new_yolo8/model_rknn/yolov8s_800x800_9out_fp32.rknn"}
2026-07-02T10:21:35Z type=detector_model_switch_ok payload={"type":"detector_model_switch_ok","model":"/root/new_yolo8/model_rknn/yolov8s_800x800_9out_fp32.rknn"}
2026-07-02T10:21:37Z type=detector_model_switch_fail payload={"type":"detector_model_switch_fail","model":"/root/new_yolo8/model_rknn/yolov8s_800x800_9out_fp32.rknn","reason":"cooldown"}
2026-07-02T10:28:14Z type=detector_model_switch_start payload={"type":"detector_model_switch_start","model":"/root/new_yolo8/model_rknn/yolov8s_800x800_9out_fp32.rknn"}
2026-07-02T10:28:15Z type=detector_model_switch_ok payload={"type":"detector_model_switch_ok","model":"/root/new_yolo8/model_rknn/yolov8s_800x800_9out_fp32.rknn"}
2026-07-02T10:29:54Z type=detector_model_switch_start payload={"type":"detector_model_switch_start","model":"/root/new_yolo8/model_rknn/yolov8s_800x800_9out_fp32.rknn"}
2026-07-02T10:29:54Z type=detector_model_switch_ok payload={"type":"detector_model_switch_ok","model":"/root/new_yolo8/model_rknn/yolov8s_800x800_9out_fp32.rknn"}
2026-07-02T10:41:58Z type=detector_model_switch_start payload={"type":"detector_model_switch_start","model":"/root/new_yolo8/model_rknn/yolov8s_800x800_9out_fp32.rknn"}
2026-07-02T10:41:58Z type=detector_model_switch_ok payload={"type":"detector_model_switch_ok","model":"/root/new_yolo8/model_rknn/yolov8s_800x800_9out_fp32.rknn"}
2026-07-02T10:42:53Z type=detector_model_switch_start payload={"type":"detector_model_switch_start","model":"/root/new_yolo8/model_rknn/yolov8s_800x800_9out_fp32.rknn"}
2026-07-02T10:42:53Z type=detector_model_switch_ok payload={"type":"detector_model_switch_ok","model":"/root/new_yolo8/model_rknn/yolov8s_800x800_9out_fp32.rknn"}
2026-07-02T11:23:51Z type=detector_model_switch_start payload={"type":"detector_model_switch_start","model":"/root/new_yolo8/model_rknn/yolov8s_800x800_9out_fp32.rknn"}
2026-07-02T11:23:51Z type=detector_model_switch_ok payload={"type":"detector_model_switch_ok","model":"/root/new_yolo8/model_rknn/yolov8s_800x800_9out_fp32.rknn"}
2026-07-02T11:23:56Z type=detector_model_switch_fail payload={"type":"detector_model_switch_fail","model":"/root/new_yolo8/model_rknn/yolov8s_800x800_9out_fp32.rknn","reason":"cooldown"}
2026-07-02T11:30:50Z type=detector_model_switch_start payload={"type":"detector_model_switch_start","model":"/root/new_yolo8/model_rknn/yolov8s_800x800_9out_fp32.rknn"}
2026-07-02T11:30:50Z type=detector_model_switch_ok payload={"type":"detector_model_switch_ok","model":"/root/new_yolo8/model_rknn/yolov8s_800x800_9out_fp32.rknn"}
2026-07-02T11:36:14Z type=detector_model_switch_start payload={"type":"detector_model_switch_start","model":"/root/new_yolo8/model_rknn/yolov8s_800x800_9out_fp32.rknn"}
2026-07-02T11:36:14Z type=detector_model_switch_ok payload={"type":"detector_model_switch_ok","model":"/root/new_yolo8/model_rknn/yolov8s_800x800_9out_fp32.rknn"}
2026-07-02T11:37:02Z type=detector_model_switch_start payload={"type":"detector_model_switch_start","model":"/root/new_yolo8/model_rknn/yolov8s_800x800_9out_fp32.rknn"}
2026-07-02T11:37:02Z type=detector_model_switch_ok payload={"type":"detector_model_switch_ok","model":"/root/new_yolo8/model_rknn/yolov8s_800x800_9out_fp32.rknn"}
2026-07-02T11:49:37Z type=detector_model_switch_start payload={"type":"detector_model_switch_start","model":"/root/new_yolo8/model_rknn/yolov8s_800x800_9out_fp32.rknn"}
2026-07-02T11:49:37Z type=detector_model_switch_ok payload={"type":"detector_model_switch_ok","model":"/root/new_yolo8/model_rknn/yolov8s_800x800_9out_fp32.rknn"}
2026-07-02T11:50:32Z type=detector_model_switch_start payload={"type":"detector_model_switch_start","model":"/root/new_yolo8/model_rknn/yolov8s_800x800_9out_fp32.rknn"}
2026-07-02T11:50:32Z type=detector_model_switch_ok payload={"type":"detector_model_switch_ok","model":"/root/new_yolo8/model_rknn/yolov8s_800x800_9out_fp32.rknn"}
2026-07-02T11:50:34Z type=detector_model_switch_fail payload={"type":"detector_model_switch_fail","model":"/root/new_yolo8/model_rknn/yolov8s_800x800_9out_fp32.rknn","reason":"cooldown"}
2026-07-02T11:50:36Z type=detector_model_switch_fail payload={"type":"detector_model_switch_fail","model":"/root/new_yolo8/model_rknn/yolov8s_800x800_9out_fp32.rknn","reason":"cooldown"}
2026-07-02T11:50:38Z type=detector_model_switch_fail payload={"type":"detector_model_switch_fail","model":"/root/new_yolo8/model_rknn/yolov8s_800x800_9out_fp32.rknn","reason":"cooldown"}
2026-07-02T11:50:38Z type=detector_model_switch_fail payload={"type":"detector_model_switch_fail","model":"/root/new_yolo8/model_rknn/yolov8s_800x800_9out_fp32.rknn","reason":"cooldown"}
2026-07-02T11:50:39Z type=detector_model_switch_fail payload={"type":"detector_model_switch_fail","model":"/root/new_yolo8/model_rknn/yolov8s_800x800_9out_fp32.rknn","reason":"cooldown"}
2026-07-02T11:57:40Z type=detector_model_switch_start payload={"type":"detector_model_switch_start","model":"/root/new_yolo8/model_rknn/yolov8s_800x800_9out_fp32.rknn"}
2026-07-02T11:57:41Z type=detector_model_switch_ok payload={"type":"detector_model_switch_ok","model":"/root/new_yolo8/model_rknn/yolov8s_800x800_9out_fp32.rknn"}
2026-07-02T11:57:44Z type=detector_model_switch_fail payload={"type":"detector_model_switch_fail","model":"/root/new_yolo8/model_rknn/yolov8s_800x800_9out_fp32.rknn","reason":"cooldown"}
2026-07-02T12:13:29Z type=detector_model_switch_start payload={"type":"detector_model_switch_start","model":"/root/new_yolo8/model_rknn/yolov8s_800x800_9out_fp32.rknn"}
2026-07-02T12:13:29Z type=detector_model_switch_ok payload={"type":"detector_model_switch_ok","model":"/root/new_yolo8/model_rknn/yolov8s_800x800_9out_fp32.rknn"}
2026-07-02T12:13:32Z type=detector_model_switch_fail payload={"type":"detector_model_switch_fail","model":"/root/new_yolo8/model_rknn/yolov8s_800x800_9out_fp32.rknn","reason":"cooldown"}
2026-07-02T12:13:36Z type=detector_model_switch_fail payload={"type":"detector_model_switch_fail","model":"/root/new_yolo8/model_rknn/yolov8s_800x800_9out_fp32.rknn","reason":"cooldown"}
2026-07-02T12:24:03Z type=detector_model_switch_start payload={"type":"detector_model_switch_start","model":"/root/new_yolo8/model_rknn/yolov8s_800x800_9out_fp32.rknn"}
2026-07-02T12:24:03Z type=detector_model_switch_ok payload={"type":"detector_model_switch_ok","model":"/root/new_yolo8/model_rknn/yolov8s_800x800_9out_fp32.rknn"}
2026-07-02T12:24:06Z type=detector_model_switch_fail payload={"type":"detector_model_switch_fail","model":"/root/new_yolo8/model_rknn/yolov8s_800x800_9out_fp32.rknn","reason":"cooldown"}
2026-07-02T12:24:35Z type=detector_model_switch_start payload={"type":"detector_model_switch_start","model":"/root/new_yolo8/model_rknn/yolov8s_800x800_9out_fp32.rknn"}
2026-07-02T12:24:36Z type=detector_model_switch_ok payload={"type":"detector_model_switch_ok","model":"/root/new_yolo8/model_rknn/yolov8s_800x800_9out_fp32.rknn"}
2026-07-02T12:24:37Z type=detector_model_switch_fail payload={"type":"detector_model_switch_fail","model":"/root/new_yolo8/model_rknn/yolov8s_800x800_9out_fp32.rknn","reason":"cooldown"}
2026-07-02T12:25:23Z type=detector_model_switch_start payload={"type":"detector_model_switch_start","model":"/root/new_yolo8/model_rknn/yolov8s_800x800_9out_fp32.rknn"}
2026-07-02T12:25:23Z type=detector_model_switch_ok payload={"type":"detector_model_switch_ok","model":"/root/new_yolo8/model_rknn/yolov8s_800x800_9out_fp32.rknn"}
2026-07-02T12:25:24Z type=detector_model_switch_fail payload={"type":"detector_model_switch_fail","model":"/root/new_yolo8/model_rknn/yolov8s_800x800_9out_fp32.rknn","reason":"cooldown"}
2026-07-02T12:25:24Z type=detector_model_switch_fail payload={"type":"detector_model_switch_fail","model":"/root/new_yolo8/model_rknn/yolov8s_800x800_9out_fp32.rknn","reason":"cooldown"}
2026-07-02T12:25:25Z type=detector_model_switch_fail payload={"type":"detector_model_switch_fail","model":"/root/new_yolo8/model_rknn/yolov8s_800x800_9out_fp32.rknn","reason":"cooldown"}
2026-07-02T12:25:25Z type=detector_model_switch_fail payload={"type":"detector_model_switch_fail","model":"/root/new_yolo8/model_rknn/yolov8s_800x800_9out_fp32.rknn","reason":"cooldown"}
2026-07-02T12:25:26Z type=detector_model_switch_fail payload={"type":"detector_model_switch_fail","model":"/root/new_yolo8/model_rknn/yolov8s_800x800_9out_fp32.rknn","reason":"cooldown"}
2026-07-02T12:25:26Z type=detector_model_switch_fail payload={"type":"detector_model_switch_fail","model":"/root/new_yolo8/model_rknn/yolov8s_800x800_9out_fp32.rknn","reason":"cooldown"}
2026-07-02T12:56:15Z type=detector_model_switch_start payload={"type":"detector_model_switch_start","model":"/root/new_yolo8/model_rknn/yolov8s_800x800_9out_fp32.rknn"}
2026-07-02T12:56:15Z type=detector_model_switch_ok payload={"type":"detector_model_switch_ok","model":"/root/new_yolo8/model_rknn/yolov8s_800x800_9out_fp32.rknn"}
2026-07-02T12:56:16Z type=detector_model_switch_fail payload={"type":"detector_model_switch_fail","model":"/root/new_yolo8/model_rknn/yolov8s_800x800_9out_fp32.rknn","reason":"cooldown"}
2026-07-02T12:56:21Z type=detector_model_switch_fail payload={"type":"detector_model_switch_fail","model":"/root/new_yolo8/model_rknn/yolov8s_800x800_9out_fp32.rknn","reason":"cooldown"}
2026-07-02T12:56:37Z type=detector_model_switch_start payload={"type":"detector_model_switch_start","model":"/root/new_yolo8/model_rknn/yolov8s_800x800_9out_fp32.rknn"}
2026-07-02T12:56:37Z type=detector_model_switch_ok payload={"type":"detector_model_switch_ok","model":"/root/new_yolo8/model_rknn/yolov8s_800x800_9out_fp32.rknn"}
2026-07-02T12:56:38Z type=detector_model_switch_fail payload={"type":"detector_model_switch_fail","model":"/root/new_yolo8/model_rknn/yolov8s_800x800_9out_fp32.rknn","reason":"cooldown"}
2026-07-02T12:56:39Z type=detector_model_switch_fail payload={"type":"detector_model_switch_fail","model":"/root/new_yolo8/model_rknn/yolov8s_800x800_9out_fp32.rknn","reason":"cooldown"}
2026-07-02T12:56:40Z type=detector_model_switch_fail payload={"type":"detector_model_switch_fail","model":"/root/new_yolo8/model_rknn/yolov8s_800x800_9out_fp32.rknn","reason":"cooldown"}
2026-07-02T12:56:44Z type=detector_model_switch_fail payload={"type":"detector_model_switch_fail","model":"/root/new_yolo8/model_rknn/yolov8s_800x800_9out_fp32.rknn","reason":"cooldown"}
2026-07-02T12:56:45Z type=detector_model_switch_fail payload={"type":"detector_model_switch_fail","model":"/root/new_yolo8/model_rknn/yolov8s_800x800_9out_fp32.rknn","reason":"cooldown"}
2026-07-02T12:56:47Z type=detector_model_switch_start payload={"type":"detector_model_switch_start","model":"/root/new_yolo8/model_rknn/yolov8s_800x800_9out_fp32.rknn"}
2026-07-02T12:56:47Z type=detector_model_switch_ok payload={"type":"detector_model_switch_ok","model":"/root/new_yolo8/model_rknn/yolov8s_800x800_9out_fp32.rknn"}
2026-07-02T12:56:49Z type=detector_model_switch_fail payload={"type":"detector_model_switch_fail","model":"/root/new_yolo8/model_rknn/yolov8s_800x800_9out_fp32.rknn","reason":"cooldown"}
2026-07-02T13:15:26Z type=detector_model_switch_start payload={"type":"detector_model_switch_start","model":"/root/new_yolo8/model_rknn/yolov8s_800x800_9out_fp32.rknn"}
2026-07-02T13:15:26Z type=detector_model_switch_ok payload={"type":"detector_model_switch_ok","model":"/root/new_yolo8/model_rknn/yolov8s_800x800_9out_fp32.rknn"}
2026-07-02T13:15:33Z type=detector_model_switch_fail payload={"type":"detector_model_switch_fail","model":"/root/new_yolo8/model_rknn/yolov8s_800x800_9out_fp32.rknn","reason":"cooldown"}
2026-07-02T13:15:41Z type=detector_model_switch_start payload={"type":"detector_model_switch_start","model":"/root/new_yolo8/model_rknn/yolov8s_800x800_9out_fp32.rknn"}
2026-07-02T13:15:42Z type=detector_model_switch_ok payload={"type":"detector_model_switch_ok","model":"/root/new_yolo8/model_rknn/yolov8s_800x800_9out_fp32.rknn"}
2026-07-02T13:15:43Z type=detector_model_switch_fail payload={"type":"detector_model_switch_fail","model":"/root/new_yolo8/model_rknn/yolov8s_800x800_9out_fp32.rknn","reason":"cooldown"}
2026-07-02T13:22:55Z type=detector_model_switch_start payload={"type":"detector_model_switch_start","model":"/root/new_yolo8/model_rknn/yolov8s_800x800_9out_fp32.rknn"}
2026-07-02T13:22:56Z type=detector_model_switch_ok payload={"type":"detector_model_switch_ok","model":"/root/new_yolo8/model_rknn/yolov8s_800x800_9out_fp32.rknn"}
2026-07-02T13:23:03Z type=detector_model_switch_fail payload={"type":"detector_model_switch_fail","model":"/root/new_yolo8/model_rknn/yolov8s_800x800_9out_fp32.rknn","reason":"cooldown"}
2026-07-02T13:37:47Z type=detector_model_switch_start payload={"type":"detector_model_switch_start","model":"/root/new_yolo8/model_rknn/yolov8s_800x800_9out_fp32.rknn"}
2026-07-02T13:37:48Z type=detector_model_switch_ok payload={"type":"detector_model_switch_ok","model":"/root/new_yolo8/model_rknn/yolov8s_800x800_9out_fp32.rknn"}
2026-07-02T13:37:52Z type=detector_model_switch_fail payload={"type":"detector_model_switch_fail","model":"/root/new_yolo8/model_rknn/yolov8s_800x800_9out_fp32.rknn","reason":"cooldown"}
2026-07-02T13:38:01Z type=detector_model_switch_start payload={"type":"detector_model_switch_start","model":"/root/new_yolo8/model_rknn/yolov8s_800x800_9out_fp32.rknn"}
2026-07-02T13:38:01Z type=detector_model_switch_ok payload={"type":"detector_model_switch_ok","model":"/root/new_yolo8/model_rknn/yolov8s_800x800_9out_fp32.rknn"}
2026-07-02T13:38:06Z type=detector_model_switch_fail payload={"type":"detector_model_switch_fail","model":"/root/new_yolo8/model_rknn/yolov8s_800x800_9out_fp32.rknn","reason":"cooldown"}
2026-07-02T13:38:08Z type=detector_model_switch_fail payload={"type":"detector_model_switch_fail","model":"/root/new_yolo8/model_rknn/yolov8s_800x800_9out_fp32.rknn","reason":"cooldown"}
2026-07-02T13:38:17Z type=detector_model_switch_start payload={"type":"detector_model_switch_start","model":"/root/new_yolo8/model_rknn/yolov8s_800x800_9out_fp32.rknn"}
2026-07-02T13:38:17Z type=detector_model_switch_ok payload={"type":"detector_model_switch_ok","model":"/root/new_yolo8/model_rknn/yolov8s_800x800_9out_fp32.rknn"}
2026-07-02T13:38:18Z type=detector_model_switch_fail payload={"type":"detector_model_switch_fail","model":"/root/new_yolo8/model_rknn/yolov8s_800x800_9out_fp32.rknn","reason":"cooldown"}
2026-07-02T13:38:25Z type=detector_model_switch_fail payload={"type":"detector_model_switch_fail","model":"/root/new_yolo8/model_rknn/yolov8s_800x800_9out_fp32.rknn","reason":"cooldown"}
2026-07-02T13:38:27Z type=detector_model_switch_start payload={"type":"detector_model_switch_start","model":"/root/new_yolo8/model_rknn/yolov8s_800x800_9out_fp32.rknn"}
2026-07-02T13:38:28Z type=detector_model_switch_ok payload={"type":"detector_model_switch_ok","model":"/root/new_yolo8/model_rknn/yolov8s_800x800_9out_fp32.rknn"}
2026-07-02T13:38:29Z type=detector_model_switch_fail payload={"type":"detector_model_switch_fail","model":"/root/new_yolo8/model_rknn/yolov8s_800x800_9out_fp32.rknn","reason":"cooldown"}
2026-07-02T13:38:32Z type=detector_model_switch_fail payload={"type":"detector_model_switch_fail","model":"/root/new_yolo8/model_rknn/yolov8s_800x800_9out_fp32.rknn","reason":"cooldown"}
2026-07-02T13:38:33Z type=detector_model_switch_fail payload={"type":"detector_model_switch_fail","model":"/root/new_yolo8/model_rknn/yolov8s_640x640_9out_fp32.rknn","reason":"cooldown"}
2026-07-02T13:38:34Z type=detector_model_switch_fail payload={"type":"detector_model_switch_fail","model":"/root/new_yolo8/model_rknn/yolov8s_640x640_9out_fp32.rknn","reason":"cooldown"}
2026-07-02T13:38:35Z type=detector_model_switch_fail payload={"type":"detector_model_switch_fail","model":"/root/new_yolo8/model_rknn/yolov8s_800x800_9out_fp32.rknn","reason":"cooldown"}
2026-07-02T13:38:36Z type=detector_model_switch_fail payload={"type":"detector_model_switch_fail","model":"/root/new_yolo8/model_rknn/yolov8s_640x640_9out_fp32.rknn","reason":"cooldown"}
2026-07-02T13:38:42Z type=detector_model_switch_start payload={"type":"detector_model_switch_start","model":"/root/new_yolo8/model_rknn/yolov8s_800x800_9out_fp32.rknn"}
2026-07-02T13:38:42Z type=detector_model_switch_ok payload={"type":"detector_model_switch_ok","model":"/root/new_yolo8/model_rknn/yolov8s_800x800_9out_fp32.rknn"}
2026-07-02T13:38:44Z type=detector_model_switch_fail payload={"type":"detector_model_switch_fail","model":"/root/new_yolo8/model_rknn/yolov8s_640x640_9out_fp32.rknn","reason":"cooldown"}
2026-07-02T13:38:45Z type=detector_model_switch_fail payload={"type":"detector_model_switch_fail","model":"/root/new_yolo8/model_rknn/yolov8s_800x800_9out_fp32.rknn","reason":"cooldown"}
2026-07-02T13:38:46Z type=detector_model_switch_fail payload={"type":"detector_model_switch_fail","model":"/root/new_yolo8/model_rknn/yolov8s_640x640_9out_fp32.rknn","reason":"cooldown"}
2026-07-02T13:38:48Z type=detector_model_switch_fail payload={"type":"detector_model_switch_fail","model":"/root/new_yolo8/model_rknn/yolov8s_800x800_9out_fp32.rknn","reason":"cooldown"}
2026-07-02T13:38:49Z type=detector_model_switch_fail payload={"type":"detector_model_switch_fail","model":"/root/new_yolo8/model_rknn/yolov8s_640x640_9out_fp32.rknn","reason":"cooldown"}
2026-07-02T13:38:52Z type=detector_model_switch_fail payload={"type":"detector_model_switch_fail","model":"/root/new_yolo8/model_rknn/yolov8s_800x800_9out_fp32.rknn","reason":"cooldown"}
2026-07-02T13:38:53Z type=detector_model_switch_start payload={"type":"detector_model_switch_start","model":"/root/new_yolo8/model_rknn/yolov8s_800x800_9out_fp32.rknn"}
2026-07-02T13:38:53Z type=detector_model_switch_ok payload={"type":"detector_model_switch_ok","model":"/root/new_yolo8/model_rknn/yolov8s_800x800_9out_fp32.rknn"}
2026-07-02T13:38:54Z type=detector_model_switch_fail payload={"type":"detector_model_switch_fail","model":"/root/new_yolo8/model_rknn/yolov8s_800x800_9out_fp32.rknn","reason":"cooldown"}
2026-07-02T13:38:55Z type=detector_model_switch_fail payload={"type":"detector_model_switch_fail","model":"/root/new_yolo8/model_rknn/yolov8s_800x800_9out_fp32.rknn","reason":"cooldown"}
2026-07-02T13:38:56Z type=detector_model_switch_fail payload={"type":"detector_model_switch_fail","model":"/root/new_yolo8/model_rknn/yolov8s_800x800_9out_fp32.rknn","reason":"cooldown"}
2026-07-02T13:39:01Z type=detector_model_switch_fail payload={"type":"detector_model_switch_fail","model":"/root/new_yolo8/model_rknn/yolov8s_800x800_9out_fp32.rknn","reason":"cooldown"}
2026-07-02T13:39:02Z type=detector_model_switch_fail payload={"type":"detector_model_switch_fail","model":"/root/new_yolo8/model_rknn/yolov8s_800x800_9out_fp32.rknn","reason":"cooldown"}
2026-07-02T13:43:19Z type=detector_model_switch_start payload={"type":"detector_model_switch_start","model":"/root/new_yolo8/model_rknn/yolov8s_800x800_9out_fp32.rknn"}
2026-07-02T13:43:19Z type=detector_model_switch_ok payload={"type":"detector_model_switch_ok","model":"/root/new_yolo8/model_rknn/yolov8s_800x800_9out_fp32.rknn"}
2026-07-02T13:51:17Z type=detector_model_switch_start payload={"type":"detector_model_switch_start","model":"/root/new_yolo8/model_rknn/yolov8s_800x800_9out_fp32.rknn"}
2026-07-02T13:51:17Z type=detector_model_switch_ok payload={"type":"detector_model_switch_ok","model":"/root/new_yolo8/model_rknn/yolov8s_800x800_9out_fp32.rknn"}
2026-07-02T13:52:18Z type=detector_model_switch_start payload={"type":"detector_model_switch_start","model":"/root/new_yolo8/model_rknn/yolov8s_800x800_9out_fp32.rknn"}
2026-07-02T13:52:18Z type=detector_model_switch_ok payload={"type":"detector_model_switch_ok","model":"/root/new_yolo8/model_rknn/yolov8s_800x800_9out_fp32.rknn"}
2026-07-02T13:52:31Z type=detector_model_switch_start payload={"type":"detector_model_switch_start","model":"/root/new_yolo8/model_rknn/yolov8s_800x800_9out_fp32.rknn"}
2026-07-02T13:52:31Z type=detector_model_switch_ok payload={"type":"detector_model_switch_ok","model":"/root/new_yolo8/model_rknn/yolov8s_800x800_9out_fp32.rknn"}
2026-07-02T13:53:59Z type=detector_model_switch_start payload={"type":"detector_model_switch_start","model":"/root/new_yolo8/model_rknn/yolov8s_800x800_9out_fp32.rknn"}
2026-07-02T13:53:59Z type=detector_model_switch_ok payload={"type":"detector_model_switch_ok","model":"/root/new_yolo8/model_rknn/yolov8s_800x800_9out_fp32.rknn"}
