{"event": "daemon_start", "pid": 254518, "ts": 1783057936.482}
{"event": "daemon_start", "pid": 254518, "ts": 1783057936.482}
{"armed": false, "event": "idle_disarmed", "preset": "airplane_single", "single_auto": true, "ts": 1783057936.483}
{"armed": false, "event": "idle_disarmed", "preset": "airplane_single", "single_auto": true, "ts": 1783057936.483}
{"armed": false, "event": "idle_disarmed", "preset": "airplane_single", "single_auto": true, "ts": 1783057937.484}
{"armed": false, "event": "idle_disarmed", "preset": "airplane_single", "single_auto": true, "ts": 1783057937.484}
{"armed": false, "event": "idle_disarmed", "preset": "airplane_single", "single_auto": true, "ts": 1783057938.484}
{"armed": false, "event": "idle_disarmed", "preset": "airplane_single", "single_auto": true, "ts": 1783057938.484}
{"armed": false, "event": "idle_disarmed", "preset": "airplane_single", "single_auto": true, "ts": 1783057939.486}
{"armed": false, "event": "idle_disarmed", "preset": "airplane_single", "single_auto": true, "ts": 1783057939.486}
{"armed": false, "event": "idle_disarmed", "preset": "airplane_single", "single_auto": true, "ts": 1783057940.487}
{"armed": false, "event": "idle_disarmed", "preset": "airplane_single", "single_auto": true, "ts": 1783057940.487}
{"armed": false, "event": "idle_disarmed", "preset": "airplane_single", "single_auto": true, "ts": 1783057941.488}
{"armed": false, "event": "idle_disarmed", "preset": "airplane_single", "single_auto": true, "ts": 1783057941.488}
{"armed": false, "event": "idle_disarmed", "preset": "airplane_single", "single_auto": true, "ts": 1783057942.489}
{"armed": false, "event": "idle_disarmed", "preset": "airplane_single", "single_auto": true, "ts": 1783057942.489}
{"armed": false, "event": "idle_disarmed", "preset": "airplane_single", "single_auto": true, "ts": 1783057943.49}
{"armed": false, "event": "idle_disarmed", "preset": "airplane_single", "single_auto": true, "ts": 1783057943.49}
{"armed": false, "event": "idle_disarmed", "preset": "car_single", "single_auto": true, "ts": 1783057944.491}
{"armed": false, "event": "idle_disarmed", "preset": "car_single", "single_auto": true, "ts": 1783057944.491}
{"armed": false, "event": "idle_disarmed", "preset": "car_single", "single_auto": true, "ts": 1783057945.492}
{"armed": false, "event": "idle_disarmed", "preset": "car_single", "single_auto": true, "ts": 1783057945.492}
{"armed": false, "event": "idle_disarmed", "preset": "car_single", "single_auto": true, "ts": 1783057946.493}
{"armed": false, "event": "idle_disarmed", "preset": "car_single", "single_auto": true, "ts": 1783057946.493}
{"cmd": ["/usr/bin/python3", "/root/rknpu2/examples/rknn_yolov8_demo_opencv_2_work_2/new_yolo8/apply_ptz_object_preset.py", "--preset", "car_single", "--arm", "force", "--strategy", "preset", "--watch"], "event": "child_start", "pid": 254837, "preset": "car_single", "search_preset": "lost_step_wait", "ts": 1783057947.494}
{"cmd": ["/usr/bin/python3", "/root/rknpu2/examples/rknn_yolov8_demo_opencv_2_work_2/new_yolo8/apply_ptz_object_preset.py", "--preset", "car_single", "--arm", "force", "--strategy", "preset", "--watch"], "event": "child_start", "pid": 254837, "preset": "car_single", "search_preset": "lost_step_wait", "ts": 1783057947.494}
{"event": "armed_running", "pid": 254837, "preset": "car_single", "search_preset": "lost_step_wait", "ts": 1783057948.495}
{"event": "armed_running", "pid": 254837, "preset": "car_single", "search_preset": "lost_step_wait", "ts": 1783057948.495}
{"event": "child_stop", "pid": 254837, "preset": "car_single::lost_step_wait", "reason": "ptzArmed_false", "ts": 1783057959.516}
{"event": "child_stop", "pid": 254837, "preset": "car_single::lost_step_wait", "reason": "ptzArmed_false", "ts": 1783057959.516}
{"archived": "/root/rknpu2/examples/rknn_yolov8_demo_opencv_2_work_2/new_yolo8/logs/session_20260703_055239_ptzArmed_false", "event": "logs_archived", "reason": "ptzArmed_false", "ts": 1783057959.691}
{"archived": "/root/rknpu2/examples/rknn_yolov8_demo_opencv_2_work_2/new_yolo8/logs/session_20260703_055239_ptzArmed_false", "event": "logs_archived", "reason": "ptzArmed_false", "ts": 1783057959.691}
{"armed": false, "event": "idle_disarmed", "preset": "car_single", "single_auto": true, "ts": 1783057959.691}
{"armed": false, "event": "idle_disarmed", "preset": "car_single", "single_auto": true, "ts": 1783057959.691}
{"armed": false, "event": "idle_disarmed", "preset": "car_single", "single_auto": true, "ts": 1783057960.692}
{"armed": false, "event": "idle_disarmed", "preset": "car_single", "single_auto": true, "ts": 1783057960.692}
{"armed": false, "event": "idle_disarmed", "preset": "car_single", "single_auto": true, "ts": 1783057961.693}
{"armed": false, "event": "idle_disarmed", "preset": "car_single", "single_auto": true, "ts": 1783057961.693}
{"armed": false, "event": "idle_disarmed", "preset": "car_single", "single_auto": true, "ts": 1783057962.694}
{"armed": false, "event": "idle_disarmed", "preset": "car_single", "single_auto": true, "ts": 1783057962.694}
{"armed": false, "event": "idle_disarmed", "preset": "airplane_single", "single_auto": true, "ts": 1783057963.695}
{"armed": false, "event": "idle_disarmed", "preset": "airplane_single", "single_auto": true, "ts": 1783057963.695}
{"armed": false, "event": "idle_disarmed", "preset": "airplane_single", "single_auto": true, "ts": 1783057964.697}
{"armed": false, "event": "idle_disarmed", "preset": "airplane_single", "single_auto": true, "ts": 1783057964.697}
{"armed": false, "event": "idle_disarmed", "preset": "airplane_single", "single_auto": true, "ts": 1783057965.699}
{"armed": false, "event": "idle_disarmed", "preset": "airplane_single", "single_auto": true, "ts": 1783057965.699}
{"armed": false, "event": "idle_disarmed", "preset": "airplane_single", "single_auto": true, "ts": 1783057966.7}
{"armed": false, "event": "idle_disarmed", "preset": "airplane_single", "single_auto": true, "ts": 1783057966.7}
{"armed": false, "event": "idle_disarmed", "preset": "airplane_single", "single_auto": true, "ts": 1783057967.701}
{"armed": false, "event": "idle_disarmed", "preset": "airplane_single", "single_auto": true, "ts": 1783057967.701}
{"cmd": ["/usr/bin/python3", "/root/rknpu2/examples/rknn_yolov8_demo_opencv_2_work_2/new_yolo8/apply_ptz_object_preset.py", "--preset", "airplane_single", "--arm", "force", "--strategy", "preset", "--watch"], "event": "child_start", "pid": 255899, "preset": "airplane_single", "search_preset": "lost_step_wait", "ts": 1783057968.703}
{"cmd": ["/usr/bin/python3", "/root/rknpu2/examples/rknn_yolov8_demo_opencv_2_work_2/new_yolo8/apply_ptz_object_preset.py", "--preset", "airplane_single", "--arm", "force", "--strategy", "preset", "--watch"], "event": "child_start", "pid": 255899, "preset": "airplane_single", "search_preset": "lost_step_wait", "ts": 1783057968.703}
{"event": "armed_running", "pid": 255899, "preset": "airplane_single", "search_preset": "lost_step_wait", "ts": 1783057969.704}
{"event": "armed_running", "pid": 255899, "preset": "airplane_single", "search_preset": "lost_step_wait", "ts": 1783057969.704}
{"event": "armed_running", "pid": 255899, "preset": "airplane_single", "search_preset": "lost_step_wait", "ts": 1783057984.721}
{"event": "armed_running", "pid": 255899, "preset": "airplane_single", "search_preset": "lost_step_wait", "ts": 1783057984.721}
{"event": "armed_running", "pid": 255899, "preset": "airplane_single", "search_preset": "lost_step_wait", "ts": 1783057999.747}
{"event": "armed_running", "pid": 255899, "preset": "airplane_single", "search_preset": "lost_step_wait", "ts": 1783057999.747}
{"event": "armed_running", "pid": 255899, "preset": "airplane_single", "search_preset": "lost_step_wait", "ts": 1783058014.785}
{"event": "armed_running", "pid": 255899, "preset": "airplane_single", "search_preset": "lost_step_wait", "ts": 1783058014.785}
{"event": "child_stop", "pid": 255899, "preset": "airplane_single::lost_step_wait", "reason": "ptzArmed_false", "ts": 1783058022.808}
{"event": "child_stop", "pid": 255899, "preset": "airplane_single::lost_step_wait", "reason": "ptzArmed_false", "ts": 1783058022.808}
{"archived": "/root/rknpu2/examples/rknn_yolov8_demo_opencv_2_work_2/new_yolo8/logs/session_20260703_055342_ptzArmed_false", "event": "logs_archived", "reason": "ptzArmed_false", "ts": 1783058023.797}
{"archived": "/root/rknpu2/examples/rknn_yolov8_demo_opencv_2_work_2/new_yolo8/logs/session_20260703_055342_ptzArmed_false", "event": "logs_archived", "reason": "ptzArmed_false", "ts": 1783058023.797}
{"armed": false, "event": "idle_disarmed", "preset": "airplane_single", "single_auto": true, "ts": 1783058023.798}
{"armed": false, "event": "idle_disarmed", "preset": "airplane_single", "single_auto": true, "ts": 1783058023.798}
{"armed": false, "event": "idle_disarmed", "preset": "airplane_single", "single_auto": true, "ts": 1783058024.801}
{"armed": false, "event": "idle_disarmed", "preset": "airplane_single", "single_auto": true, "ts": 1783058024.801}
{"armed": false, "event": "idle_disarmed", "preset": "airplane_single", "single_auto": true, "ts": 1783058025.804}
{"armed": false, "event": "idle_disarmed", "preset": "airplane_single", "single_auto": true, "ts": 1783058025.804}
{"armed": false, "event": "idle_disarmed", "preset": "airplane_single", "single_auto": true, "ts": 1783058026.807}
{"armed": false, "event": "idle_disarmed", "preset": "airplane_single", "single_auto": true, "ts": 1783058026.807}
{"armed": false, "event": "idle_disarmed", "preset": "airplane_single", "single_auto": true, "ts": 1783058027.809}
{"armed": false, "event": "idle_disarmed", "preset": "airplane_single", "single_auto": true, "ts": 1783058027.809}
{"armed": false, "event": "idle_disarmed", "preset": "airplane_single", "single_auto": true, "ts": 1783058028.812}
{"armed": false, "event": "idle_disarmed", "preset": "airplane_single", "single_auto": true, "ts": 1783058028.812}
{"armed": false, "event": "idle_disarmed", "preset": "airplane_single", "single_auto": true, "ts": 1783058029.815}
{"armed": false, "event": "idle_disarmed", "preset": "airplane_single", "single_auto": true, "ts": 1783058029.815}
{"armed": false, "event": "idle_disarmed", "preset": "airplane_single", "single_auto": true, "ts": 1783058030.818}
{"armed": false, "event": "idle_disarmed", "preset": "airplane_single", "single_auto": true, "ts": 1783058030.818}
{"armed": false, "event": "idle_disarmed", "preset": "airplane_single", "single_auto": true, "ts": 1783058031.821}
{"armed": false, "event": "idle_disarmed", "preset": "airplane_single", "single_auto": true, "ts": 1783058031.821}
{"armed": false, "event": "idle_disarmed", "preset": "airplane_single", "single_auto": true, "ts": 1783058032.823}
{"armed": false, "event": "idle_disarmed", "preset": "airplane_single", "single_auto": true, "ts": 1783058032.823}
{"armed": false, "event": "idle_disarmed", "preset": "car_single", "single_auto": true, "ts": 1783058033.826}
{"armed": false, "event": "idle_disarmed", "preset": "car_single", "single_auto": true, "ts": 1783058033.826}
{"armed": false, "event": "idle_disarmed", "preset": "car_single", "single_auto": true, "ts": 1783058034.828}
{"armed": false, "event": "idle_disarmed", "preset": "car_single", "single_auto": true, "ts": 1783058034.828}
{"armed": false, "event": "idle_disarmed", "preset": "car_single", "single_auto": true, "ts": 1783058035.831}
{"armed": false, "event": "idle_disarmed", "preset": "car_single", "single_auto": true, "ts": 1783058035.831}
{"cmd": ["/usr/bin/python3", "/root/rknpu2/examples/rknn_yolov8_demo_opencv_2_work_2/new_yolo8/apply_ptz_object_preset.py", "--preset", "car_single", "--arm", "force", "--strategy", "preset", "--watch"], "event": "child_start", "pid": 260232, "preset": "car_single", "search_preset": "lost_step_wait", "ts": 1783058036.834}
{"cmd": ["/usr/bin/python3", "/root/rknpu2/examples/rknn_yolov8_demo_opencv_2_work_2/new_yolo8/apply_ptz_object_preset.py", "--preset", "car_single", "--arm", "force", "--strategy", "preset", "--watch"], "event": "child_start", "pid": 260232, "preset": "car_single", "search_preset": "lost_step_wait", "ts": 1783058036.834}
{"event": "armed_running", "pid": 260232, "preset": "car_single", "search_preset": "lost_step_wait", "ts": 1783058037.837}
{"event": "armed_running", "pid": 260232, "preset": "car_single", "search_preset": "lost_step_wait", "ts": 1783058037.837}
{"event": "child_stop", "pid": 260232, "preset": "car_single::lost_step_wait", "reason": "ptzArmed_false", "ts": 1783058048.865}
{"event": "child_stop", "pid": 260232, "preset": "car_single::lost_step_wait", "reason": "ptzArmed_false", "ts": 1783058048.865}
{"archived": "/root/rknpu2/examples/rknn_yolov8_demo_opencv_2_work_2/new_yolo8/logs/session_20260703_055408_ptzArmed_false", "event": "logs_archived", "reason": "ptzArmed_false", "ts": 1783058049.618}
{"archived": "/root/rknpu2/examples/rknn_yolov8_demo_opencv_2_work_2/new_yolo8/logs/session_20260703_055408_ptzArmed_false", "event": "logs_archived", "reason": "ptzArmed_false", "ts": 1783058049.618}
{"armed": false, "event": "idle_disarmed", "preset": "car_single", "single_auto": true, "ts": 1783058049.618}
{"armed": false, "event": "idle_disarmed", "preset": "car_single", "single_auto": true, "ts": 1783058049.618}
{"armed": false, "event": "idle_disarmed", "preset": "car_single", "single_auto": true, "ts": 1783058050.621}
{"armed": false, "event": "idle_disarmed", "preset": "car_single", "single_auto": true, "ts": 1783058050.621}
{"armed": false, "event": "idle_disarmed", "preset": "car_single", "single_auto": true, "ts": 1783058051.623}
{"armed": false, "event": "idle_disarmed", "preset": "car_single", "single_auto": true, "ts": 1783058051.623}
{"armed": false, "event": "idle_disarmed", "preset": "car_single", "single_auto": true, "ts": 1783058052.626}
{"armed": false, "event": "idle_disarmed", "preset": "car_single", "single_auto": true, "ts": 1783058052.626}
{"armed": false, "event": "idle_disarmed", "preset": "airplane_single", "single_auto": true, "ts": 1783058053.628}
{"armed": false, "event": "idle_disarmed", "preset": "airplane_single", "single_auto": true, "ts": 1783058053.628}
{"armed": false, "event": "idle_disarmed", "preset": "airplane_single", "single_auto": true, "ts": 1783058054.631}
{"armed": false, "event": "idle_disarmed", "preset": "airplane_single", "single_auto": true, "ts": 1783058054.631}
{"armed": false, "event": "idle_disarmed", "preset": "airplane_single", "single_auto": true, "ts": 1783058055.634}
{"armed": false, "event": "idle_disarmed", "preset": "airplane_single", "single_auto": true, "ts": 1783058055.634}
{"armed": false, "event": "idle_disarmed", "preset": "airplane_single", "single_auto": true, "ts": 1783058056.636}
{"armed": false, "event": "idle_disarmed", "preset": "airplane_single", "single_auto": true, "ts": 1783058056.636}
{"armed": false, "event": "idle_disarmed", "preset": "airplane_single", "single_auto": true, "ts": 1783058057.639}
{"armed": false, "event": "idle_disarmed", "preset": "airplane_single", "single_auto": true, "ts": 1783058057.639}
{"armed": false, "event": "idle_disarmed", "preset": "airplane_single", "single_auto": true, "ts": 1783058058.641}
{"armed": false, "event": "idle_disarmed", "preset": "airplane_single", "single_auto": true, "ts": 1783058058.641}
{"armed": false, "event": "idle_disarmed", "preset": "airplane_single", "single_auto": true, "ts": 1783058059.644}
{"armed": false, "event": "idle_disarmed", "preset": "airplane_single", "single_auto": true, "ts": 1783058059.644}
{"armed": false, "event": "idle_disarmed", "preset": "airplane_single", "single_auto": true, "ts": 1783058060.647}
{"armed": false, "event": "idle_disarmed", "preset": "airplane_single", "single_auto": true, "ts": 1783058060.647}
{"armed": false, "event": "idle_disarmed", "preset": "airplane_single", "single_auto": true, "ts": 1783058061.649}
{"armed": false, "event": "idle_disarmed", "preset": "airplane_single", "single_auto": true, "ts": 1783058061.649}
{"armed": false, "event": "idle_disarmed", "preset": "airplane_single", "single_auto": true, "ts": 1783058062.651}
{"armed": false, "event": "idle_disarmed", "preset": "airplane_single", "single_auto": true, "ts": 1783058062.651}
{"armed": false, "event": "idle_disarmed", "preset": "airplane_single", "single_auto": true, "ts": 1783058063.654}
{"armed": false, "event": "idle_disarmed", "preset": "airplane_single", "single_auto": true, "ts": 1783058063.654}
{"armed": false, "event": "idle_disarmed", "preset": "airplane_single", "single_auto": true, "ts": 1783058064.657}
{"armed": false, "event": "idle_disarmed", "preset": "airplane_single", "single_auto": true, "ts": 1783058064.657}
{"armed": false, "event": "idle_disarmed", "preset": "airplane_single", "single_auto": true, "ts": 1783058065.659}
{"armed": false, "event": "idle_disarmed", "preset": "airplane_single", "single_auto": true, "ts": 1783058065.659}
{"armed": false, "event": "idle_disarmed", "preset": "airplane_single", "single_auto": true, "ts": 1783058066.662}
{"armed": false, "event": "idle_disarmed", "preset": "airplane_single", "single_auto": true, "ts": 1783058066.662}
{"armed": false, "event": "idle_disarmed", "preset": "airplane_single", "single_auto": true, "ts": 1783058067.664}
{"armed": false, "event": "idle_disarmed", "preset": "airplane_single", "single_auto": true, "ts": 1783058067.664}
{"armed": false, "event": "idle_disarmed", "preset": "airplane_single", "single_auto": true, "ts": 1783058068.666}
{"armed": false, "event": "idle_disarmed", "preset": "airplane_single", "single_auto": true, "ts": 1783058068.666}
{"armed": false, "event": "idle_disarmed", "preset": "airplane_single", "single_auto": true, "ts": 1783058069.669}
{"armed": false, "event": "idle_disarmed", "preset": "airplane_single", "single_auto": true, "ts": 1783058069.669}
{"armed": false, "event": "idle_disarmed", "preset": "airplane_single", "single_auto": true, "ts": 1783058070.671}
{"armed": false, "event": "idle_disarmed", "preset": "airplane_single", "single_auto": true, "ts": 1783058070.671}
{"armed": false, "event": "idle_disarmed", "preset": "airplane_single", "single_auto": true, "ts": 1783058071.674}
{"armed": false, "event": "idle_disarmed", "preset": "airplane_single", "single_auto": true, "ts": 1783058071.674}
{"armed": false, "event": "idle_disarmed", "preset": "airplane_single", "single_auto": true, "ts": 1783058072.676}
{"armed": false, "event": "idle_disarmed", "preset": "airplane_single", "single_auto": true, "ts": 1783058072.676}
{"armed": false, "event": "idle_disarmed", "preset": "airplane_single", "single_auto": true, "ts": 1783058073.678}
{"armed": false, "event": "idle_disarmed", "preset": "airplane_single", "single_auto": true, "ts": 1783058073.678}
{"armed": false, "event": "idle_disarmed", "preset": "airplane_single", "single_auto": true, "ts": 1783058074.681}
{"armed": false, "event": "idle_disarmed", "preset": "airplane_single", "single_auto": true, "ts": 1783058074.681}
{"armed": false, "event": "idle_disarmed", "preset": "airplane_single", "single_auto": true, "ts": 1783058075.683}
{"armed": false, "event": "idle_disarmed", "preset": "airplane_single", "single_auto": true, "ts": 1783058075.683}
{"armed": false, "event": "idle_disarmed", "preset": "airplane_single", "single_auto": true, "ts": 1783058076.686}
{"armed": false, "event": "idle_disarmed", "preset": "airplane_single", "single_auto": true, "ts": 1783058076.686}
{"armed": false, "event": "idle_disarmed", "preset": "airplane_single", "single_auto": true, "ts": 1783058077.688}
{"armed": false, "event": "idle_disarmed", "preset": "airplane_single", "single_auto": true, "ts": 1783058077.688}
{"armed": false, "event": "idle_disarmed", "preset": "airplane_single", "single_auto": true, "ts": 1783058078.691}
{"armed": false, "event": "idle_disarmed", "preset": "airplane_single", "single_auto": true, "ts": 1783058078.691}
{"armed": false, "event": "idle_disarmed", "preset": "airplane_single", "single_auto": true, "ts": 1783058079.693}
{"armed": false, "event": "idle_disarmed", "preset": "airplane_single", "single_auto": true, "ts": 1783058079.693}
{"armed": false, "event": "idle_disarmed", "preset": "airplane_single", "single_auto": true, "ts": 1783058080.696}
{"armed": false, "event": "idle_disarmed", "preset": "airplane_single", "single_auto": true, "ts": 1783058080.696}
{"armed": false, "event": "idle_disarmed", "preset": "airplane_single", "single_auto": true, "ts": 1783058081.698}
{"armed": false, "event": "idle_disarmed", "preset": "airplane_single", "single_auto": true, "ts": 1783058081.698}
{"armed": false, "event": "idle_disarmed", "preset": "airplane_single", "single_auto": true, "ts": 1783058082.7}
{"armed": false, "event": "idle_disarmed", "preset": "airplane_single", "single_auto": true, "ts": 1783058082.7}
{"armed": false, "event": "idle_disarmed", "preset": "airplane_single", "single_auto": true, "ts": 1783058083.703}
{"armed": false, "event": "idle_disarmed", "preset": "airplane_single", "single_auto": true, "ts": 1783058083.703}
{"armed": false, "event": "idle_disarmed", "preset": "airplane_single", "single_auto": true, "ts": 1783058084.705}
{"armed": false, "event": "idle_disarmed", "preset": "airplane_single", "single_auto": true, "ts": 1783058084.705}
{"armed": false, "event": "idle_disarmed", "preset": "airplane_single", "single_auto": true, "ts": 1783058085.708}
{"armed": false, "event": "idle_disarmed", "preset": "airplane_single", "single_auto": true, "ts": 1783058085.708}
{"armed": false, "event": "idle_disarmed", "preset": "airplane_single", "single_auto": true, "ts": 1783058086.711}
{"armed": false, "event": "idle_disarmed", "preset": "airplane_single", "single_auto": true, "ts": 1783058086.711}
{"armed": false, "event": "idle_disarmed", "preset": "airplane_single", "single_auto": true, "ts": 1783058087.713}
{"armed": false, "event": "idle_disarmed", "preset": "airplane_single", "single_auto": true, "ts": 1783058087.713}
{"armed": false, "event": "idle_disarmed", "preset": "airplane_single", "single_auto": true, "ts": 1783058088.715}
{"armed": false, "event": "idle_disarmed", "preset": "airplane_single", "single_auto": true, "ts": 1783058088.715}
{"armed": false, "event": "idle_disarmed", "preset": "airplane_single", "single_auto": true, "ts": 1783058089.718}
{"armed": false, "event": "idle_disarmed", "preset": "airplane_single", "single_auto": true, "ts": 1783058089.718}
{"armed": false, "event": "idle_disarmed", "preset": "airplane_single", "single_auto": true, "ts": 1783058090.721}
{"armed": false, "event": "idle_disarmed", "preset": "airplane_single", "single_auto": true, "ts": 1783058090.721}
{"armed": false, "event": "idle_disarmed", "preset": "airplane_single", "single_auto": true, "ts": 1783058091.723}
{"armed": false, "event": "idle_disarmed", "preset": "airplane_single", "single_auto": true, "ts": 1783058091.723}
{"armed": false, "event": "idle_disarmed", "preset": "airplane_single", "single_auto": true, "ts": 1783058092.725}
{"armed": false, "event": "idle_disarmed", "preset": "airplane_single", "single_auto": true, "ts": 1783058092.725}
{"armed": false, "event": "idle_disarmed", "preset": "airplane_single", "single_auto": true, "ts": 1783058093.728}
{"armed": false, "event": "idle_disarmed", "preset": "airplane_single", "single_auto": true, "ts": 1783058093.728}
{"armed": false, "event": "idle_disarmed", "preset": "airplane_single", "single_auto": true, "ts": 1783058094.73}
{"armed": false, "event": "idle_disarmed", "preset": "airplane_single", "single_auto": true, "ts": 1783058094.73}
{"armed": false, "event": "idle_disarmed", "preset": "airplane_single", "single_auto": true, "ts": 1783058095.733}
{"armed": false, "event": "idle_disarmed", "preset": "airplane_single", "single_auto": true, "ts": 1783058095.733}
{"armed": false, "event": "idle_disarmed", "preset": "airplane_single", "single_auto": true, "ts": 1783058096.736}
{"armed": false, "event": "idle_disarmed", "preset": "airplane_single", "single_auto": true, "ts": 1783058096.736}
{"armed": false, "event": "idle_disarmed", "preset": "airplane_single", "single_auto": true, "ts": 1783058097.739}
{"armed": false, "event": "idle_disarmed", "preset": "airplane_single", "single_auto": true, "ts": 1783058097.739}
{"armed": false, "event": "idle_disarmed", "preset": "airplane_single", "single_auto": true, "ts": 1783058098.741}
{"armed": false, "event": "idle_disarmed", "preset": "airplane_single", "single_auto": true, "ts": 1783058098.741}
{"armed": false, "event": "idle_disarmed", "preset": "airplane_single", "single_auto": true, "ts": 1783058099.744}
{"armed": false, "event": "idle_disarmed", "preset": "airplane_single", "single_auto": true, "ts": 1783058099.744}
{"armed": false, "event": "idle_disarmed", "preset": "airplane_single", "single_auto": true, "ts": 1783058100.747}
{"armed": false, "event": "idle_disarmed", "preset": "airplane_single", "single_auto": true, "ts": 1783058100.747}
{"armed": false, "event": "idle_disarmed", "preset": "airplane_single", "single_auto": true, "ts": 1783058101.749}
{"armed": false, "event": "idle_disarmed", "preset": "airplane_single", "single_auto": true, "ts": 1783058101.749}
{"armed": false, "event": "idle_disarmed", "preset": "airplane_single", "single_auto": true, "ts": 1783058102.752}
{"armed": false, "event": "idle_disarmed", "preset": "airplane_single", "single_auto": true, "ts": 1783058102.752}
{"armed": false, "event": "idle_disarmed", "preset": "airplane_single", "single_auto": true, "ts": 1783058103.754}
{"armed": false, "event": "idle_disarmed", "preset": "airplane_single", "single_auto": true, "ts": 1783058103.754}
{"armed": false, "event": "idle_disarmed", "preset": "airplane_single", "single_auto": true, "ts": 1783058104.757}
{"armed": false, "event": "idle_disarmed", "preset": "airplane_single", "single_auto": true, "ts": 1783058104.757}
{"armed": false, "event": "idle_disarmed", "preset": "airplane_single", "single_auto": true, "ts": 1783058105.759}
{"armed": false, "event": "idle_disarmed", "preset": "airplane_single", "single_auto": true, "ts": 1783058105.759}
{"armed": false, "event": "idle_disarmed", "preset": "airplane_single", "single_auto": true, "ts": 1783058106.762}
{"armed": false, "event": "idle_disarmed", "preset": "airplane_single", "single_auto": true, "ts": 1783058106.762}
{"armed": false, "event": "idle_disarmed", "preset": "airplane_single", "single_auto": true, "ts": 1783058107.765}
{"armed": false, "event": "idle_disarmed", "preset": "airplane_single", "single_auto": true, "ts": 1783058107.765}
{"armed": false, "event": "idle_disarmed", "preset": "airplane_single", "single_auto": true, "ts": 1783058108.767}
{"armed": false, "event": "idle_disarmed", "preset": "airplane_single", "single_auto": true, "ts": 1783058108.767}
{"armed": false, "event": "idle_disarmed", "preset": "airplane_single", "single_auto": true, "ts": 1783058109.77}
{"armed": false, "event": "idle_disarmed", "preset": "airplane_single", "single_auto": true, "ts": 1783058109.77}
{"armed": false, "event": "idle_disarmed", "preset": "airplane_single", "single_auto": true, "ts": 1783058110.773}
{"armed": false, "event": "idle_disarmed", "preset": "airplane_single", "single_auto": true, "ts": 1783058110.773}
{"armed": false, "event": "idle_disarmed", "preset": "airplane_single", "single_auto": true, "ts": 1783058111.776}
{"armed": false, "event": "idle_disarmed", "preset": "airplane_single", "single_auto": true, "ts": 1783058111.776}
{"armed": false, "event": "idle_disarmed", "preset": "airplane_single", "single_auto": true, "ts": 1783058112.778}
{"armed": false, "event": "idle_disarmed", "preset": "airplane_single", "single_auto": true, "ts": 1783058112.778}
{"armed": false, "event": "idle_disarmed", "preset": "airplane_single", "single_auto": true, "ts": 1783058113.781}
{"armed": false, "event": "idle_disarmed", "preset": "airplane_single", "single_auto": true, "ts": 1783058113.781}
{"armed": false, "event": "idle_disarmed", "preset": "airplane_single", "single_auto": true, "ts": 1783058114.784}
{"armed": false, "event": "idle_disarmed", "preset": "airplane_single", "single_auto": true, "ts": 1783058114.784}
{"armed": false, "event": "idle_disarmed", "preset": "airplane_single", "single_auto": true, "ts": 1783058115.786}
{"armed": false, "event": "idle_disarmed", "preset": "airplane_single", "single_auto": true, "ts": 1783058115.786}
{"armed": false, "event": "idle_disarmed", "preset": "airplane_single", "single_auto": true, "ts": 1783058116.789}
{"armed": false, "event": "idle_disarmed", "preset": "airplane_single", "single_auto": true, "ts": 1783058116.789}
{"armed": false, "event": "idle_disarmed", "preset": "airplane_single", "single_auto": true, "ts": 1783058117.791}
{"armed": false, "event": "idle_disarmed", "preset": "airplane_single", "single_auto": true, "ts": 1783058117.791}
{"armed": false, "event": "idle_disarmed", "preset": "airplane_single", "single_auto": true, "ts": 1783058118.793}
{"armed": false, "event": "idle_disarmed", "preset": "airplane_single", "single_auto": true, "ts": 1783058118.793}
{"armed": false, "event": "idle_disarmed", "preset": "airplane_single", "single_auto": true, "ts": 1783058119.796}
{"armed": false, "event": "idle_disarmed", "preset": "airplane_single", "single_auto": true, "ts": 1783058119.796}
{"armed": false, "event": "idle_disarmed", "preset": "airplane_single", "single_auto": true, "ts": 1783058120.798}
{"armed": false, "event": "idle_disarmed", "preset": "airplane_single", "single_auto": true, "ts": 1783058120.798}
{"armed": false, "event": "idle_disarmed", "preset": "airplane_single", "single_auto": true, "ts": 1783058121.801}
{"armed": false, "event": "idle_disarmed", "preset": "airplane_single", "single_auto": true, "ts": 1783058121.801}
{"armed": false, "event": "idle_disarmed", "preset": "airplane_single", "single_auto": true, "ts": 1783058122.803}
{"armed": false, "event": "idle_disarmed", "preset": "airplane_single", "single_auto": true, "ts": 1783058122.803}
{"armed": false, "event": "idle_disarmed", "preset": "airplane_single", "single_auto": true, "ts": 1783058123.805}
{"armed": false, "event": "idle_disarmed", "preset": "airplane_single", "single_auto": true, "ts": 1783058123.805}
{"armed": false, "event": "idle_disarmed", "preset": "airplane_single", "single_auto": true, "ts": 1783058124.808}
{"armed": false, "event": "idle_disarmed", "preset": "airplane_single", "single_auto": true, "ts": 1783058124.808}
{"armed": false, "event": "idle_disarmed", "preset": "airplane_single", "single_auto": true, "ts": 1783058125.811}
{"armed": false, "event": "idle_disarmed", "preset": "airplane_single", "single_auto": true, "ts": 1783058125.811}
{"armed": false, "event": "idle_disarmed", "preset": "airplane_single", "single_auto": true, "ts": 1783058126.814}
{"armed": false, "event": "idle_disarmed", "preset": "airplane_single", "single_auto": true, "ts": 1783058126.814}
{"armed": false, "event": "idle_disarmed", "preset": "airplane_single", "single_auto": true, "ts": 1783058127.816}
{"armed": false, "event": "idle_disarmed", "preset": "airplane_single", "single_auto": true, "ts": 1783058127.816}
{"armed": false, "event": "idle_disarmed", "preset": "airplane_single", "single_auto": true, "ts": 1783058128.819}
{"armed": false, "event": "idle_disarmed", "preset": "airplane_single", "single_auto": true, "ts": 1783058128.819}
{"armed": false, "event": "idle_disarmed", "preset": "airplane_single", "single_auto": true, "ts": 1783058129.821}
{"armed": false, "event": "idle_disarmed", "preset": "airplane_single", "single_auto": true, "ts": 1783058129.821}
{"armed": false, "event": "idle_disarmed", "preset": "airplane_single", "single_auto": true, "ts": 1783058130.824}
{"armed": false, "event": "idle_disarmed", "preset": "airplane_single", "single_auto": true, "ts": 1783058130.824}
{"armed": false, "event": "idle_disarmed", "preset": "airplane_single", "single_auto": true, "ts": 1783058131.826}
{"armed": false, "event": "idle_disarmed", "preset": "airplane_single", "single_auto": true, "ts": 1783058131.826}
{"armed": false, "event": "idle_disarmed", "preset": "airplane_single", "single_auto": true, "ts": 1783058132.829}
{"armed": false, "event": "idle_disarmed", "preset": "airplane_single", "single_auto": true, "ts": 1783058132.829}
{"armed": false, "event": "idle_disarmed", "preset": "airplane_single", "single_auto": true, "ts": 1783058133.831}
{"armed": false, "event": "idle_disarmed", "preset": "airplane_single", "single_auto": true, "ts": 1783058133.831}
{"armed": false, "event": "idle_disarmed", "preset": "airplane_single", "single_auto": true, "ts": 1783058134.833}
{"armed": false, "event": "idle_disarmed", "preset": "airplane_single", "single_auto": true, "ts": 1783058134.833}
{"armed": false, "event": "idle_disarmed", "preset": "airplane_single", "single_auto": true, "ts": 1783058135.836}
{"armed": false, "event": "idle_disarmed", "preset": "airplane_single", "single_auto": true, "ts": 1783058135.836}
{"armed": false, "event": "idle_disarmed", "preset": "airplane_single", "single_auto": true, "ts": 1783058136.839}
{"armed": false, "event": "idle_disarmed", "preset": "airplane_single", "single_auto": true, "ts": 1783058136.839}
{"armed": false, "event": "idle_disarmed", "preset": "airplane_single", "single_auto": true, "ts": 1783058137.841}
{"armed": false, "event": "idle_disarmed", "preset": "airplane_single", "single_auto": true, "ts": 1783058137.841}
{"armed": false, "event": "idle_disarmed", "preset": "airplane_single", "single_auto": true, "ts": 1783058138.844}
{"armed": false, "event": "idle_disarmed", "preset": "airplane_single", "single_auto": true, "ts": 1783058138.844}
{"armed": false, "event": "idle_disarmed", "preset": "airplane_single", "single_auto": true, "ts": 1783058139.847}
{"armed": false, "event": "idle_disarmed", "preset": "airplane_single", "single_auto": true, "ts": 1783058139.847}
{"armed": false, "event": "idle_disarmed", "preset": "airplane_single", "single_auto": true, "ts": 1783058140.849}
{"armed": false, "event": "idle_disarmed", "preset": "airplane_single", "single_auto": true, "ts": 1783058140.849}
{"armed": false, "event": "idle_disarmed", "preset": "airplane_single", "single_auto": true, "ts": 1783058141.852}
{"armed": false, "event": "idle_disarmed", "preset": "airplane_single", "single_auto": true, "ts": 1783058141.852}
{"armed": false, "event": "idle_disarmed", "preset": "airplane_single", "single_auto": true, "ts": 1783058142.854}
{"armed": false, "event": "idle_disarmed", "preset": "airplane_single", "single_auto": true, "ts": 1783058142.854}
{"armed": false, "event": "idle_disarmed", "preset": "airplane_single", "single_auto": true, "ts": 1783058143.857}
{"armed": false, "event": "idle_disarmed", "preset": "airplane_single", "single_auto": true, "ts": 1783058143.857}
{"armed": false, "event": "idle_disarmed", "preset": "airplane_single", "single_auto": true, "ts": 1783058144.86}
{"armed": false, "event": "idle_disarmed", "preset": "airplane_single", "single_auto": true, "ts": 1783058144.86}
{"armed": false, "event": "idle_disarmed", "preset": "airplane_single", "single_auto": true, "ts": 1783058145.862}
{"armed": false, "event": "idle_disarmed", "preset": "airplane_single", "single_auto": true, "ts": 1783058145.862}
{"armed": false, "event": "idle_disarmed", "preset": "airplane_single", "single_auto": true, "ts": 1783058146.865}
{"armed": false, "event": "idle_disarmed", "preset": "airplane_single", "single_auto": true, "ts": 1783058146.865}
{"armed": false, "event": "idle_disarmed", "preset": "airplane_single", "single_auto": true, "ts": 1783058147.868}
{"armed": false, "event": "idle_disarmed", "preset": "airplane_single", "single_auto": true, "ts": 1783058147.868}
{"armed": false, "event": "idle_disarmed", "preset": "airplane_single", "single_auto": true, "ts": 1783058148.87}
{"armed": false, "event": "idle_disarmed", "preset": "airplane_single", "single_auto": true, "ts": 1783058148.87}
{"armed": false, "event": "idle_disarmed", "preset": "airplane_single", "single_auto": true, "ts": 1783058149.873}
{"armed": false, "event": "idle_disarmed", "preset": "airplane_single", "single_auto": true, "ts": 1783058149.873}
{"armed": false, "event": "idle_disarmed", "preset": "airplane_single", "single_auto": true, "ts": 1783058150.875}
{"armed": false, "event": "idle_disarmed", "preset": "airplane_single", "single_auto": true, "ts": 1783058150.875}
{"armed": false, "event": "idle_disarmed", "preset": "airplane_single", "single_auto": true, "ts": 1783058151.878}
{"armed": false, "event": "idle_disarmed", "preset": "airplane_single", "single_auto": true, "ts": 1783058151.878}
{"armed": false, "event": "idle_disarmed", "preset": "airplane_single", "single_auto": true, "ts": 1783058152.881}
{"armed": false, "event": "idle_disarmed", "preset": "airplane_single", "single_auto": true, "ts": 1783058152.881}
{"armed": false, "event": "idle_disarmed", "preset": "airplane_single", "single_auto": true, "ts": 1783058153.884}
{"armed": false, "event": "idle_disarmed", "preset": "airplane_single", "single_auto": true, "ts": 1783058153.884}
{"armed": false, "event": "idle_disarmed", "preset": "airplane_single", "single_auto": true, "ts": 1783058154.886}
{"armed": false, "event": "idle_disarmed", "preset": "airplane_single", "single_auto": true, "ts": 1783058154.886}
{"armed": false, "event": "idle_disarmed", "preset": "airplane_single", "single_auto": true, "ts": 1783058155.889}
{"armed": false, "event": "idle_disarmed", "preset": "airplane_single", "single_auto": true, "ts": 1783058155.889}
{"armed": false, "event": "idle_disarmed", "preset": "airplane_single", "single_auto": true, "ts": 1783058156.893}
{"armed": false, "event": "idle_disarmed", "preset": "airplane_single", "single_auto": true, "ts": 1783058156.893}
{"armed": false, "event": "idle_disarmed", "preset": "airplane_single", "single_auto": true, "ts": 1783058157.896}
{"armed": false, "event": "idle_disarmed", "preset": "airplane_single", "single_auto": true, "ts": 1783058157.896}
{"armed": false, "event": "idle_disarmed", "preset": "airplane_single", "single_auto": true, "ts": 1783058158.898}
{"armed": false, "event": "idle_disarmed", "preset": "airplane_single", "single_auto": true, "ts": 1783058158.898}
{"armed": false, "event": "idle_disarmed", "preset": "airplane_single", "single_auto": true, "ts": 1783058159.901}
{"armed": false, "event": "idle_disarmed", "preset": "airplane_single", "single_auto": true, "ts": 1783058159.901}
{"armed": false, "event": "idle_disarmed", "preset": "airplane_single", "single_auto": true, "ts": 1783058160.904}
{"armed": false, "event": "idle_disarmed", "preset": "airplane_single", "single_auto": true, "ts": 1783058160.904}
{"armed": false, "event": "idle_disarmed", "preset": "airplane_single", "single_auto": true, "ts": 1783058161.906}
{"armed": false, "event": "idle_disarmed", "preset": "airplane_single", "single_auto": true, "ts": 1783058161.906}
{"armed": false, "event": "idle_disarmed", "preset": "airplane_single", "single_auto": true, "ts": 1783058162.909}
{"armed": false, "event": "idle_disarmed", "preset": "airplane_single", "single_auto": true, "ts": 1783058162.909}
{"armed": false, "event": "idle_disarmed", "preset": "airplane_single", "single_auto": true, "ts": 1783058163.912}
{"armed": false, "event": "idle_disarmed", "preset": "airplane_single", "single_auto": true, "ts": 1783058163.912}
{"armed": false, "event": "idle_disarmed", "preset": "airplane_single", "single_auto": true, "ts": 1783058164.914}
{"armed": false, "event": "idle_disarmed", "preset": "airplane_single", "single_auto": true, "ts": 1783058164.914}
{"armed": false, "event": "idle_disarmed", "preset": "airplane_single", "single_auto": true, "ts": 1783058165.917}
{"armed": false, "event": "idle_disarmed", "preset": "airplane_single", "single_auto": true, "ts": 1783058165.917}
{"armed": false, "event": "idle_disarmed", "preset": "airplane_single", "single_auto": true, "ts": 1783058166.92}
{"armed": false, "event": "idle_disarmed", "preset": "airplane_single", "single_auto": true, "ts": 1783058166.92}
{"armed": false, "event": "idle_disarmed", "preset": "airplane_single", "single_auto": true, "ts": 1783058167.922}
{"armed": false, "event": "idle_disarmed", "preset": "airplane_single", "single_auto": true, "ts": 1783058167.922}
{"armed": false, "event": "idle_disarmed", "preset": "airplane_single", "single_auto": true, "ts": 1783058168.925}
{"armed": false, "event": "idle_disarmed", "preset": "airplane_single", "single_auto": true, "ts": 1783058168.925}
{"armed": false, "event": "idle_disarmed", "preset": "airplane_single", "single_auto": true, "ts": 1783058169.928}
{"armed": false, "event": "idle_disarmed", "preset": "airplane_single", "single_auto": true, "ts": 1783058169.928}
{"armed": false, "event": "idle_disarmed", "preset": "airplane_single", "single_auto": true, "ts": 1783058170.931}
{"armed": false, "event": "idle_disarmed", "preset": "airplane_single", "single_auto": true, "ts": 1783058170.931}
{"armed": false, "event": "idle_disarmed", "preset": "airplane_single", "single_auto": true, "ts": 1783058171.934}
{"armed": false, "event": "idle_disarmed", "preset": "airplane_single", "single_auto": true, "ts": 1783058171.934}
{"armed": false, "event": "idle_disarmed", "preset": "airplane_single", "single_auto": true, "ts": 1783058172.937}
{"armed": false, "event": "idle_disarmed", "preset": "airplane_single", "single_auto": true, "ts": 1783058172.937}
{"armed": false, "event": "idle_disarmed", "preset": "airplane_single", "single_auto": true, "ts": 1783058173.939}
{"armed": false, "event": "idle_disarmed", "preset": "airplane_single", "single_auto": true, "ts": 1783058173.939}
{"armed": false, "event": "idle_disarmed", "preset": "airplane_single", "single_auto": true, "ts": 1783058174.942}
{"armed": false, "event": "idle_disarmed", "preset": "airplane_single", "single_auto": true, "ts": 1783058174.942}
{"armed": false, "event": "idle_disarmed", "preset": "airplane_single", "single_auto": true, "ts": 1783058175.945}
{"armed": false, "event": "idle_disarmed", "preset": "airplane_single", "single_auto": true, "ts": 1783058175.945}
{"armed": false, "event": "idle_disarmed", "preset": "airplane_single", "single_auto": true, "ts": 1783058176.947}
{"armed": false, "event": "idle_disarmed", "preset": "airplane_single", "single_auto": true, "ts": 1783058176.947}
{"armed": false, "event": "idle_disarmed", "preset": "airplane_single", "single_auto": true, "ts": 1783058177.95}
{"armed": false, "event": "idle_disarmed", "preset": "airplane_single", "single_auto": true, "ts": 1783058177.95}
{"armed": false, "event": "idle_disarmed", "preset": "airplane_single", "single_auto": true, "ts": 1783058178.953}
{"armed": false, "event": "idle_disarmed", "preset": "airplane_single", "single_auto": true, "ts": 1783058178.953}
{"armed": false, "event": "idle_disarmed", "preset": "airplane_single", "single_auto": true, "ts": 1783058179.956}
{"armed": false, "event": "idle_disarmed", "preset": "airplane_single", "single_auto": true, "ts": 1783058179.956}
{"armed": false, "event": "idle_disarmed", "preset": "airplane_single", "single_auto": true, "ts": 1783058180.959}
{"armed": false, "event": "idle_disarmed", "preset": "airplane_single", "single_auto": true, "ts": 1783058180.959}
{"armed": false, "event": "idle_disarmed", "preset": "airplane_single", "single_auto": true, "ts": 1783058181.962}
{"armed": false, "event": "idle_disarmed", "preset": "airplane_single", "single_auto": true, "ts": 1783058181.962}
{"armed": false, "event": "idle_disarmed", "preset": "airplane_single", "single_auto": true, "ts": 1783058182.964}
{"armed": false, "event": "idle_disarmed", "preset": "airplane_single", "single_auto": true, "ts": 1783058182.964}
{"armed": false, "event": "idle_disarmed", "preset": "airplane_single", "single_auto": true, "ts": 1783058183.967}
{"armed": false, "event": "idle_disarmed", "preset": "airplane_single", "single_auto": true, "ts": 1783058183.967}
{"armed": false, "event": "idle_disarmed", "preset": "airplane_single", "single_auto": true, "ts": 1783058184.97}
{"armed": false, "event": "idle_disarmed", "preset": "airplane_single", "single_auto": true, "ts": 1783058184.97}
{"armed": false, "event": "idle_disarmed", "preset": "airplane_single", "single_auto": true, "ts": 1783058185.972}
{"armed": false, "event": "idle_disarmed", "preset": "airplane_single", "single_auto": true, "ts": 1783058185.972}
{"armed": false, "event": "idle_disarmed", "preset": "airplane_single", "single_auto": true, "ts": 1783058186.975}
{"armed": false, "event": "idle_disarmed", "preset": "airplane_single", "single_auto": true, "ts": 1783058186.975}
{"armed": false, "event": "idle_disarmed", "preset": "airplane_single", "single_auto": true, "ts": 1783058187.978}
{"armed": false, "event": "idle_disarmed", "preset": "airplane_single", "single_auto": true, "ts": 1783058187.978}
{"armed": false, "event": "idle_disarmed", "preset": "airplane_single", "single_auto": true, "ts": 1783058188.98}
{"armed": false, "event": "idle_disarmed", "preset": "airplane_single", "single_auto": true, "ts": 1783058188.98}
{"armed": false, "event": "idle_disarmed", "preset": "airplane_single", "single_auto": true, "ts": 1783058189.983}
{"armed": false, "event": "idle_disarmed", "preset": "airplane_single", "single_auto": true, "ts": 1783058189.983}
{"armed": false, "event": "idle_disarmed", "preset": "airplane_single", "single_auto": true, "ts": 1783058190.986}
{"armed": false, "event": "idle_disarmed", "preset": "airplane_single", "single_auto": true, "ts": 1783058190.986}
{"armed": false, "event": "idle_disarmed", "preset": "airplane_single", "single_auto": true, "ts": 1783058191.989}
{"armed": false, "event": "idle_disarmed", "preset": "airplane_single", "single_auto": true, "ts": 1783058191.989}
{"armed": false, "event": "idle_disarmed", "preset": "airplane_single", "single_auto": true, "ts": 1783058192.991}
{"armed": false, "event": "idle_disarmed", "preset": "airplane_single", "single_auto": true, "ts": 1783058192.991}
{"armed": false, "event": "idle_disarmed", "preset": "airplane_single", "single_auto": true, "ts": 1783058193.994}
{"armed": false, "event": "idle_disarmed", "preset": "airplane_single", "single_auto": true, "ts": 1783058193.994}
{"armed": false, "event": "idle_disarmed", "preset": "airplane_single", "single_auto": true, "ts": 1783058194.997}
{"armed": false, "event": "idle_disarmed", "preset": "airplane_single", "single_auto": true, "ts": 1783058194.997}
{"armed": false, "event": "idle_disarmed", "preset": "airplane_single", "single_auto": true, "ts": 1783058195.999}
{"armed": false, "event": "idle_disarmed", "preset": "airplane_single", "single_auto": true, "ts": 1783058195.999}
{"armed": false, "event": "idle_disarmed", "preset": "airplane_single", "single_auto": true, "ts": 1783058197.002}
{"armed": false, "event": "idle_disarmed", "preset": "airplane_single", "single_auto": true, "ts": 1783058197.002}
{"armed": false, "event": "idle_disarmed", "preset": "airplane_single", "single_auto": true, "ts": 1783058198.004}
{"armed": false, "event": "idle_disarmed", "preset": "airplane_single", "single_auto": true, "ts": 1783058198.004}
{"armed": false, "event": "idle_disarmed", "preset": "airplane_single", "single_auto": true, "ts": 1783058199.007}
{"armed": false, "event": "idle_disarmed", "preset": "airplane_single", "single_auto": true, "ts": 1783058199.007}
{"armed": false, "event": "idle_disarmed", "preset": "airplane_single", "single_auto": true, "ts": 1783058200.01}
{"armed": false, "event": "idle_disarmed", "preset": "airplane_single", "single_auto": true, "ts": 1783058200.01}
{"armed": false, "event": "idle_disarmed", "preset": "airplane_single", "single_auto": true, "ts": 1783058201.012}
{"armed": false, "event": "idle_disarmed", "preset": "airplane_single", "single_auto": true, "ts": 1783058201.012}
{"armed": false, "event": "idle_disarmed", "preset": "airplane_single", "single_auto": true, "ts": 1783058202.016}
{"armed": false, "event": "idle_disarmed", "preset": "airplane_single", "single_auto": true, "ts": 1783058202.016}
{"armed": false, "event": "idle_disarmed", "preset": "airplane_single", "single_auto": true, "ts": 1783058203.019}
{"armed": false, "event": "idle_disarmed", "preset": "airplane_single", "single_auto": true, "ts": 1783058203.019}
{"armed": false, "event": "idle_disarmed", "preset": "airplane_single", "single_auto": true, "ts": 1783058204.021}
{"armed": false, "event": "idle_disarmed", "preset": "airplane_single", "single_auto": true, "ts": 1783058204.021}
{"armed": false, "event": "idle_disarmed", "preset": "airplane_single", "single_auto": true, "ts": 1783058205.024}
{"armed": false, "event": "idle_disarmed", "preset": "airplane_single", "single_auto": true, "ts": 1783058205.024}
{"armed": false, "event": "idle_disarmed", "preset": "airplane_single", "single_auto": true, "ts": 1783058206.027}
{"armed": false, "event": "idle_disarmed", "preset": "airplane_single", "single_auto": true, "ts": 1783058206.027}
{"armed": false, "event": "idle_disarmed", "preset": "airplane_single", "single_auto": true, "ts": 1783058207.03}
{"armed": false, "event": "idle_disarmed", "preset": "airplane_single", "single_auto": true, "ts": 1783058207.03}
{"armed": false, "event": "idle_disarmed", "preset": "airplane_single", "single_auto": true, "ts": 1783058208.032}
{"armed": false, "event": "idle_disarmed", "preset": "airplane_single", "single_auto": true, "ts": 1783058208.032}
{"armed": false, "event": "idle_disarmed", "preset": "airplane_single", "single_auto": true, "ts": 1783058209.035}
{"armed": false, "event": "idle_disarmed", "preset": "airplane_single", "single_auto": true, "ts": 1783058209.035}
{"armed": false, "event": "idle_disarmed", "preset": "airplane_single", "single_auto": true, "ts": 1783058210.038}
{"armed": false, "event": "idle_disarmed", "preset": "airplane_single", "single_auto": true, "ts": 1783058210.038}
{"armed": false, "event": "idle_disarmed", "preset": "airplane_single", "single_auto": true, "ts": 1783058211.04}
{"armed": false, "event": "idle_disarmed", "preset": "airplane_single", "single_auto": true, "ts": 1783058211.04}
{"armed": false, "event": "idle_disarmed", "preset": "airplane_single", "single_auto": true, "ts": 1783058212.043}
{"armed": false, "event": "idle_disarmed", "preset": "airplane_single", "single_auto": true, "ts": 1783058212.043}
{"armed": false, "event": "idle_disarmed", "preset": "airplane_single", "single_auto": true, "ts": 1783058213.045}
{"armed": false, "event": "idle_disarmed", "preset": "airplane_single", "single_auto": true, "ts": 1783058213.045}
{"armed": false, "event": "idle_disarmed", "preset": "airplane_single", "single_auto": true, "ts": 1783058214.048}
{"armed": false, "event": "idle_disarmed", "preset": "airplane_single", "single_auto": true, "ts": 1783058214.048}
{"armed": false, "event": "idle_disarmed", "preset": "airplane_single", "single_auto": true, "ts": 1783058215.05}
{"armed": false, "event": "idle_disarmed", "preset": "airplane_single", "single_auto": true, "ts": 1783058215.05}
{"armed": false, "event": "idle_disarmed", "preset": "airplane_single", "single_auto": true, "ts": 1783058216.053}
{"armed": false, "event": "idle_disarmed", "preset": "airplane_single", "single_auto": true, "ts": 1783058216.053}
{"armed": false, "event": "idle_disarmed", "preset": "airplane_single", "single_auto": true, "ts": 1783058217.056}
{"armed": false, "event": "idle_disarmed", "preset": "airplane_single", "single_auto": true, "ts": 1783058217.056}
{"armed": false, "event": "idle_disarmed", "preset": "airplane_single", "single_auto": true, "ts": 1783058218.058}
{"armed": false, "event": "idle_disarmed", "preset": "airplane_single", "single_auto": true, "ts": 1783058218.058}
{"armed": false, "event": "idle_disarmed", "preset": "airplane_single", "single_auto": true, "ts": 1783058219.06}
{"armed": false, "event": "idle_disarmed", "preset": "airplane_single", "single_auto": true, "ts": 1783058219.06}
{"armed": false, "event": "idle_disarmed", "preset": "airplane_single", "single_auto": true, "ts": 1783058220.063}
{"armed": false, "event": "idle_disarmed", "preset": "airplane_single", "single_auto": true, "ts": 1783058220.063}
{"armed": false, "event": "idle_disarmed", "preset": "airplane_single", "single_auto": true, "ts": 1783058221.065}
{"armed": false, "event": "idle_disarmed", "preset": "airplane_single", "single_auto": true, "ts": 1783058221.065}
{"armed": false, "event": "idle_disarmed", "preset": "airplane_single", "single_auto": true, "ts": 1783058222.068}
{"armed": false, "event": "idle_disarmed", "preset": "airplane_single", "single_auto": true, "ts": 1783058222.068}
{"armed": false, "event": "idle_disarmed", "preset": "airplane_single", "single_auto": true, "ts": 1783058223.07}
{"armed": false, "event": "idle_disarmed", "preset": "airplane_single", "single_auto": true, "ts": 1783058223.07}
{"armed": false, "event": "idle_disarmed", "preset": "airplane_single", "single_auto": true, "ts": 1783058224.072}
{"armed": false, "event": "idle_disarmed", "preset": "airplane_single", "single_auto": true, "ts": 1783058224.072}
{"armed": false, "event": "idle_disarmed", "preset": "airplane_single", "single_auto": true, "ts": 1783058225.075}
{"armed": false, "event": "idle_disarmed", "preset": "airplane_single", "single_auto": true, "ts": 1783058225.075}
{"armed": false, "event": "idle_disarmed", "preset": "airplane_single", "single_auto": true, "ts": 1783058226.078}
{"armed": false, "event": "idle_disarmed", "preset": "airplane_single", "single_auto": true, "ts": 1783058226.078}
{"armed": false, "event": "idle_disarmed", "preset": "airplane_single", "single_auto": true, "ts": 1783058227.08}
{"armed": false, "event": "idle_disarmed", "preset": "airplane_single", "single_auto": true, "ts": 1783058227.08}
{"armed": false, "event": "idle_disarmed", "preset": "airplane_single", "single_auto": true, "ts": 1783058228.082}
{"armed": false, "event": "idle_disarmed", "preset": "airplane_single", "single_auto": true, "ts": 1783058228.082}
{"armed": false, "event": "idle_disarmed", "preset": "airplane_single", "single_auto": true, "ts": 1783058229.085}
{"armed": false, "event": "idle_disarmed", "preset": "airplane_single", "single_auto": true, "ts": 1783058229.085}
{"armed": false, "event": "idle_disarmed", "preset": "airplane_single", "single_auto": true, "ts": 1783058230.087}
{"armed": false, "event": "idle_disarmed", "preset": "airplane_single", "single_auto": true, "ts": 1783058230.087}
{"armed": false, "event": "idle_disarmed", "preset": "airplane_single", "single_auto": true, "ts": 1783058231.089}
{"armed": false, "event": "idle_disarmed", "preset": "airplane_single", "single_auto": true, "ts": 1783058231.089}
{"armed": false, "event": "idle_disarmed", "preset": "airplane_single", "single_auto": true, "ts": 1783058232.092}
{"armed": false, "event": "idle_disarmed", "preset": "airplane_single", "single_auto": true, "ts": 1783058232.092}
{"armed": false, "event": "idle_disarmed", "preset": "airplane_single", "single_auto": true, "ts": 1783058233.094}
{"armed": false, "event": "idle_disarmed", "preset": "airplane_single", "single_auto": true, "ts": 1783058233.094}
{"armed": false, "event": "idle_disarmed", "preset": "airplane_single", "single_auto": true, "ts": 1783058234.097}
{"armed": false, "event": "idle_disarmed", "preset": "airplane_single", "single_auto": true, "ts": 1783058234.097}
{"armed": false, "event": "idle_disarmed", "preset": "airplane_single", "single_auto": true, "ts": 1783058235.099}
{"armed": false, "event": "idle_disarmed", "preset": "airplane_single", "single_auto": true, "ts": 1783058235.099}
{"armed": false, "event": "idle_disarmed", "preset": "airplane_single", "single_auto": true, "ts": 1783058236.101}
{"armed": false, "event": "idle_disarmed", "preset": "airplane_single", "single_auto": true, "ts": 1783058236.101}
{"armed": false, "event": "idle_disarmed", "preset": "airplane_single", "single_auto": true, "ts": 1783058237.104}
{"armed": false, "event": "idle_disarmed", "preset": "airplane_single", "single_auto": true, "ts": 1783058237.104}
{"armed": false, "event": "idle_disarmed", "preset": "airplane_single", "single_auto": true, "ts": 1783058238.106}
{"armed": false, "event": "idle_disarmed", "preset": "airplane_single", "single_auto": true, "ts": 1783058238.106}
{"armed": false, "event": "idle_disarmed", "preset": "airplane_single", "single_auto": true, "ts": 1783058239.108}
{"armed": false, "event": "idle_disarmed", "preset": "airplane_single", "single_auto": true, "ts": 1783058239.108}
{"armed": false, "event": "idle_disarmed", "preset": "airplane_single", "single_auto": true, "ts": 1783058240.111}
{"armed": false, "event": "idle_disarmed", "preset": "airplane_single", "single_auto": true, "ts": 1783058240.111}
{"armed": false, "event": "idle_disarmed", "preset": "airplane_single", "single_auto": true, "ts": 1783058241.113}
{"armed": false, "event": "idle_disarmed", "preset": "airplane_single", "single_auto": true, "ts": 1783058241.113}
{"armed": false, "event": "idle_disarmed", "preset": "airplane_single", "single_auto": true, "ts": 1783058242.116}
{"armed": false, "event": "idle_disarmed", "preset": "airplane_single", "single_auto": true, "ts": 1783058242.116}
{"armed": false, "event": "idle_disarmed", "preset": "airplane_single", "single_auto": true, "ts": 1783058243.118}
{"armed": false, "event": "idle_disarmed", "preset": "airplane_single", "single_auto": true, "ts": 1783058243.118}
{"armed": false, "event": "idle_disarmed", "preset": "airplane_single", "single_auto": true, "ts": 1783058244.12}
{"armed": false, "event": "idle_disarmed", "preset": "airplane_single", "single_auto": true, "ts": 1783058244.12}
{"armed": false, "event": "idle_disarmed", "preset": "airplane_single", "single_auto": true, "ts": 1783058245.123}
{"armed": false, "event": "idle_disarmed", "preset": "airplane_single", "single_auto": true, "ts": 1783058245.123}
{"armed": false, "event": "idle_disarmed", "preset": "airplane_single", "single_auto": true, "ts": 1783058246.125}
{"armed": false, "event": "idle_disarmed", "preset": "airplane_single", "single_auto": true, "ts": 1783058246.125}
{"armed": false, "event": "idle_disarmed", "preset": "airplane_single", "single_auto": true, "ts": 1783058247.127}
{"armed": false, "event": "idle_disarmed", "preset": "airplane_single", "single_auto": true, "ts": 1783058247.127}
{"armed": false, "event": "idle_disarmed", "preset": "airplane_single", "single_auto": true, "ts": 1783058248.13}
{"armed": false, "event": "idle_disarmed", "preset": "airplane_single", "single_auto": true, "ts": 1783058248.13}
{"armed": false, "event": "idle_disarmed", "preset": "airplane_single", "single_auto": true, "ts": 1783058249.133}
{"armed": false, "event": "idle_disarmed", "preset": "airplane_single", "single_auto": true, "ts": 1783058249.133}
{"armed": false, "event": "idle_disarmed", "preset": "airplane_single", "single_auto": true, "ts": 1783058250.135}
{"armed": false, "event": "idle_disarmed", "preset": "airplane_single", "single_auto": true, "ts": 1783058250.135}
{"armed": false, "event": "idle_disarmed", "preset": "airplane_single", "single_auto": true, "ts": 1783058251.137}
{"armed": false, "event": "idle_disarmed", "preset": "airplane_single", "single_auto": true, "ts": 1783058251.137}
{"armed": false, "event": "idle_disarmed", "preset": "airplane_single", "single_auto": true, "ts": 1783058252.14}
{"armed": false, "event": "idle_disarmed", "preset": "airplane_single", "single_auto": true, "ts": 1783058252.14}
{"armed": false, "event": "idle_disarmed", "preset": "airplane_single", "single_auto": true, "ts": 1783058253.142}
{"armed": false, "event": "idle_disarmed", "preset": "airplane_single", "single_auto": true, "ts": 1783058253.142}
{"armed": false, "event": "idle_disarmed", "preset": "airplane_single", "single_auto": true, "ts": 1783058254.145}
{"armed": false, "event": "idle_disarmed", "preset": "airplane_single", "single_auto": true, "ts": 1783058254.145}
{"armed": false, "event": "idle_disarmed", "preset": "airplane_single", "single_auto": true, "ts": 1783058255.147}
{"armed": false, "event": "idle_disarmed", "preset": "airplane_single", "single_auto": true, "ts": 1783058255.147}
{"armed": false, "event": "idle_disarmed", "preset": "airplane_single", "single_auto": true, "ts": 1783058256.149}
{"armed": false, "event": "idle_disarmed", "preset": "airplane_single", "single_auto": true, "ts": 1783058256.149}
{"armed": false, "event": "idle_disarmed", "preset": "airplane_single", "single_auto": true, "ts": 1783058257.152}
{"armed": false, "event": "idle_disarmed", "preset": "airplane_single", "single_auto": true, "ts": 1783058257.152}
{"armed": false, "event": "idle_disarmed", "preset": "airplane_single", "single_auto": true, "ts": 1783058258.154}
{"armed": false, "event": "idle_disarmed", "preset": "airplane_single", "single_auto": true, "ts": 1783058258.154}
{"armed": false, "event": "idle_disarmed", "preset": "airplane_single", "single_auto": true, "ts": 1783058259.157}
{"armed": false, "event": "idle_disarmed", "preset": "airplane_single", "single_auto": true, "ts": 1783058259.157}
{"armed": false, "event": "idle_disarmed", "preset": "airplane_single", "single_auto": true, "ts": 1783058260.159}
{"armed": false, "event": "idle_disarmed", "preset": "airplane_single", "single_auto": true, "ts": 1783058260.159}
{"armed": false, "event": "idle_disarmed", "preset": "airplane_single", "single_auto": true, "ts": 1783058261.162}
{"armed": false, "event": "idle_disarmed", "preset": "airplane_single", "single_auto": true, "ts": 1783058261.162}
{"armed": false, "event": "idle_disarmed", "preset": "airplane_single", "single_auto": true, "ts": 1783058262.164}
{"armed": false, "event": "idle_disarmed", "preset": "airplane_single", "single_auto": true, "ts": 1783058262.164}
{"armed": false, "event": "idle_disarmed", "preset": "airplane_single", "single_auto": true, "ts": 1783058263.166}
{"armed": false, "event": "idle_disarmed", "preset": "airplane_single", "single_auto": true, "ts": 1783058263.166}
{"armed": false, "event": "idle_disarmed", "preset": "airplane_single", "single_auto": true, "ts": 1783058264.169}
{"armed": false, "event": "idle_disarmed", "preset": "airplane_single", "single_auto": true, "ts": 1783058264.169}
{"armed": false, "event": "idle_disarmed", "preset": "airplane_single", "single_auto": true, "ts": 1783058265.171}
{"armed": false, "event": "idle_disarmed", "preset": "airplane_single", "single_auto": true, "ts": 1783058265.171}
{"armed": false, "event": "idle_disarmed", "preset": "airplane_single", "single_auto": true, "ts": 1783058266.173}
{"armed": false, "event": "idle_disarmed", "preset": "airplane_single", "single_auto": true, "ts": 1783058266.173}
{"armed": false, "event": "idle_disarmed", "preset": "airplane_single", "single_auto": true, "ts": 1783058267.176}
{"armed": false, "event": "idle_disarmed", "preset": "airplane_single", "single_auto": true, "ts": 1783058267.176}
{"armed": false, "event": "idle_disarmed", "preset": "airplane_single", "single_auto": true, "ts": 1783058268.178}
{"armed": false, "event": "idle_disarmed", "preset": "airplane_single", "single_auto": true, "ts": 1783058268.178}
{"armed": false, "event": "idle_disarmed", "preset": "airplane_single", "single_auto": true, "ts": 1783058269.181}
{"armed": false, "event": "idle_disarmed", "preset": "airplane_single", "single_auto": true, "ts": 1783058269.181}
{"armed": false, "event": "idle_disarmed", "preset": "airplane_single", "single_auto": true, "ts": 1783058270.183}
{"armed": false, "event": "idle_disarmed", "preset": "airplane_single", "single_auto": true, "ts": 1783058270.183}
{"armed": false, "event": "idle_disarmed", "preset": "airplane_single", "single_auto": true, "ts": 1783058271.186}
{"armed": false, "event": "idle_disarmed", "preset": "airplane_single", "single_auto": true, "ts": 1783058271.186}
{"armed": false, "event": "idle_disarmed", "preset": "airplane_single", "single_auto": true, "ts": 1783058272.188}
{"armed": false, "event": "idle_disarmed", "preset": "airplane_single", "single_auto": true, "ts": 1783058272.188}
{"armed": false, "event": "idle_disarmed", "preset": "airplane_single", "single_auto": true, "ts": 1783058273.191}
{"armed": false, "event": "idle_disarmed", "preset": "airplane_single", "single_auto": true, "ts": 1783058273.191}
{"armed": false, "event": "idle_disarmed", "preset": "airplane_single", "single_auto": true, "ts": 1783058274.193}
{"armed": false, "event": "idle_disarmed", "preset": "airplane_single", "single_auto": true, "ts": 1783058274.193}
{"armed": false, "event": "idle_disarmed", "preset": "airplane_single", "single_auto": true, "ts": 1783058275.196}
{"armed": false, "event": "idle_disarmed", "preset": "airplane_single", "single_auto": true, "ts": 1783058275.196}
{"armed": false, "event": "idle_disarmed", "preset": "airplane_single", "single_auto": true, "ts": 1783058276.198}
{"armed": false, "event": "idle_disarmed", "preset": "airplane_single", "single_auto": true, "ts": 1783058276.198}
{"armed": false, "event": "idle_disarmed", "preset": "airplane_single", "single_auto": true, "ts": 1783058277.2}
{"armed": false, "event": "idle_disarmed", "preset": "airplane_single", "single_auto": true, "ts": 1783058277.2}
{"armed": false, "event": "idle_disarmed", "preset": "airplane_single", "single_auto": true, "ts": 1783058278.203}
{"armed": false, "event": "idle_disarmed", "preset": "airplane_single", "single_auto": true, "ts": 1783058278.203}
{"armed": false, "event": "idle_disarmed", "preset": "airplane_single", "single_auto": true, "ts": 1783058279.205}
{"armed": false, "event": "idle_disarmed", "preset": "airplane_single", "single_auto": true, "ts": 1783058279.205}
{"armed": false, "event": "idle_disarmed", "preset": "airplane_single", "single_auto": true, "ts": 1783058280.208}
{"armed": false, "event": "idle_disarmed", "preset": "airplane_single", "single_auto": true, "ts": 1783058280.208}
{"armed": false, "event": "idle_disarmed", "preset": "airplane_single", "single_auto": true, "ts": 1783058281.21}
{"armed": false, "event": "idle_disarmed", "preset": "airplane_single", "single_auto": true, "ts": 1783058281.21}
{"armed": false, "event": "idle_disarmed", "preset": "airplane_single", "single_auto": true, "ts": 1783058282.212}
{"armed": false, "event": "idle_disarmed", "preset": "airplane_single", "single_auto": true, "ts": 1783058282.212}
{"armed": false, "event": "idle_disarmed", "preset": "airplane_single", "single_auto": true, "ts": 1783058283.215}
{"armed": false, "event": "idle_disarmed", "preset": "airplane_single", "single_auto": true, "ts": 1783058283.215}
{"armed": false, "event": "idle_disarmed", "preset": "airplane_single", "single_auto": true, "ts": 1783058284.217}
{"armed": false, "event": "idle_disarmed", "preset": "airplane_single", "single_auto": true, "ts": 1783058284.217}
{"armed": false, "event": "idle_disarmed", "preset": "airplane_single", "single_auto": true, "ts": 1783058285.219}
{"armed": false, "event": "idle_disarmed", "preset": "airplane_single", "single_auto": true, "ts": 1783058285.219}
{"armed": false, "event": "idle_disarmed", "preset": "airplane_single", "single_auto": true, "ts": 1783058286.222}
{"armed": false, "event": "idle_disarmed", "preset": "airplane_single", "single_auto": true, "ts": 1783058286.222}
{"armed": false, "event": "idle_disarmed", "preset": "airplane_single", "single_auto": true, "ts": 1783058287.224}
{"armed": false, "event": "idle_disarmed", "preset": "airplane_single", "single_auto": true, "ts": 1783058287.224}
{"armed": false, "event": "idle_disarmed", "preset": "airplane_single", "single_auto": true, "ts": 1783058288.227}
{"armed": false, "event": "idle_disarmed", "preset": "airplane_single", "single_auto": true, "ts": 1783058288.227}
{"armed": false, "event": "idle_disarmed", "preset": "airplane_single", "single_auto": true, "ts": 1783058289.229}
{"armed": false, "event": "idle_disarmed", "preset": "airplane_single", "single_auto": true, "ts": 1783058289.229}
{"armed": false, "event": "idle_disarmed", "preset": "airplane_single", "single_auto": true, "ts": 1783058290.232}
{"armed": false, "event": "idle_disarmed", "preset": "airplane_single", "single_auto": true, "ts": 1783058290.232}
{"armed": false, "event": "idle_disarmed", "preset": "airplane_single", "single_auto": true, "ts": 1783058291.234}
{"armed": false, "event": "idle_disarmed", "preset": "airplane_single", "single_auto": true, "ts": 1783058291.234}
{"armed": false, "event": "idle_disarmed", "preset": "airplane_single", "single_auto": true, "ts": 1783058292.236}
{"armed": false, "event": "idle_disarmed", "preset": "airplane_single", "single_auto": true, "ts": 1783058292.236}
{"armed": false, "event": "idle_disarmed", "preset": "airplane_single", "single_auto": true, "ts": 1783058293.238}
{"armed": false, "event": "idle_disarmed", "preset": "airplane_single", "single_auto": true, "ts": 1783058293.238}
{"armed": false, "event": "idle_disarmed", "preset": "airplane_single", "single_auto": true, "ts": 1783058294.241}
{"armed": false, "event": "idle_disarmed", "preset": "airplane_single", "single_auto": true, "ts": 1783058294.241}
{"armed": false, "event": "idle_disarmed", "preset": "airplane_single", "single_auto": true, "ts": 1783058295.244}
{"armed": false, "event": "idle_disarmed", "preset": "airplane_single", "single_auto": true, "ts": 1783058295.244}
{"armed": false, "event": "idle_disarmed", "preset": "airplane_single", "single_auto": true, "ts": 1783058296.246}
{"armed": false, "event": "idle_disarmed", "preset": "airplane_single", "single_auto": true, "ts": 1783058296.246}
{"armed": false, "event": "idle_disarmed", "preset": "airplane_single", "single_auto": true, "ts": 1783058297.248}
{"armed": false, "event": "idle_disarmed", "preset": "airplane_single", "single_auto": true, "ts": 1783058297.248}
{"armed": false, "event": "idle_disarmed", "preset": "airplane_single", "single_auto": true, "ts": 1783058298.251}
{"armed": false, "event": "idle_disarmed", "preset": "airplane_single", "single_auto": true, "ts": 1783058298.251}
{"armed": false, "event": "idle_disarmed", "preset": "airplane_single", "single_auto": true, "ts": 1783058299.253}
{"armed": false, "event": "idle_disarmed", "preset": "airplane_single", "single_auto": true, "ts": 1783058299.253}
{"armed": false, "event": "idle_disarmed", "preset": "airplane_single", "single_auto": true, "ts": 1783058300.255}
{"armed": false, "event": "idle_disarmed", "preset": "airplane_single", "single_auto": true, "ts": 1783058300.255}
{"armed": false, "event": "idle_disarmed", "preset": "airplane_single", "single_auto": true, "ts": 1783058301.258}
{"armed": false, "event": "idle_disarmed", "preset": "airplane_single", "single_auto": true, "ts": 1783058301.258}
{"armed": false, "event": "idle_disarmed", "preset": "airplane_single", "single_auto": true, "ts": 1783058302.26}
{"armed": false, "event": "idle_disarmed", "preset": "airplane_single", "single_auto": true, "ts": 1783058302.26}
{"armed": false, "event": "idle_disarmed", "preset": "airplane_single", "single_auto": true, "ts": 1783058303.263}
{"armed": false, "event": "idle_disarmed", "preset": "airplane_single", "single_auto": true, "ts": 1783058303.263}
{"armed": false, "event": "idle_disarmed", "preset": "airplane_single", "single_auto": true, "ts": 1783058304.265}
{"armed": false, "event": "idle_disarmed", "preset": "airplane_single", "single_auto": true, "ts": 1783058304.265}
{"armed": false, "event": "idle_disarmed", "preset": "airplane_single", "single_auto": true, "ts": 1783058305.268}
{"armed": false, "event": "idle_disarmed", "preset": "airplane_single", "single_auto": true, "ts": 1783058305.268}
{"armed": false, "event": "idle_disarmed", "preset": "airplane_single", "single_auto": true, "ts": 1783058306.27}
{"armed": false, "event": "idle_disarmed", "preset": "airplane_single", "single_auto": true, "ts": 1783058306.27}
{"armed": false, "event": "idle_disarmed", "preset": "airplane_single", "single_auto": true, "ts": 1783058307.272}
{"armed": false, "event": "idle_disarmed", "preset": "airplane_single", "single_auto": true, "ts": 1783058307.272}
{"armed": false, "event": "idle_disarmed", "preset": "airplane_single", "single_auto": true, "ts": 1783058308.275}
{"armed": false, "event": "idle_disarmed", "preset": "airplane_single", "single_auto": true, "ts": 1783058308.275}
{"armed": false, "event": "idle_disarmed", "preset": "airplane_single", "single_auto": true, "ts": 1783058309.277}
{"armed": false, "event": "idle_disarmed", "preset": "airplane_single", "single_auto": true, "ts": 1783058309.277}
{"armed": false, "event": "idle_disarmed", "preset": "airplane_single", "single_auto": true, "ts": 1783058310.279}
{"armed": false, "event": "idle_disarmed", "preset": "airplane_single", "single_auto": true, "ts": 1783058310.279}
{"armed": false, "event": "idle_disarmed", "preset": "airplane_single", "single_auto": true, "ts": 1783058311.282}
{"armed": false, "event": "idle_disarmed", "preset": "airplane_single", "single_auto": true, "ts": 1783058311.282}
{"armed": false, "event": "idle_disarmed", "preset": "airplane_single", "single_auto": true, "ts": 1783058312.284}
{"armed": false, "event": "idle_disarmed", "preset": "airplane_single", "single_auto": true, "ts": 1783058312.284}
{"armed": false, "event": "idle_disarmed", "preset": "airplane_single", "single_auto": true, "ts": 1783058313.287}
{"armed": false, "event": "idle_disarmed", "preset": "airplane_single", "single_auto": true, "ts": 1783058313.287}
{"armed": false, "event": "idle_disarmed", "preset": "airplane_single", "single_auto": true, "ts": 1783058314.289}
{"armed": false, "event": "idle_disarmed", "preset": "airplane_single", "single_auto": true, "ts": 1783058314.289}
{"armed": false, "event": "idle_disarmed", "preset": "airplane_single", "single_auto": true, "ts": 1783058315.291}
{"armed": false, "event": "idle_disarmed", "preset": "airplane_single", "single_auto": true, "ts": 1783058315.291}
{"armed": false, "event": "idle_disarmed", "preset": "airplane_single", "single_auto": true, "ts": 1783058316.294}
{"armed": false, "event": "idle_disarmed", "preset": "airplane_single", "single_auto": true, "ts": 1783058316.294}
{"armed": false, "event": "idle_disarmed", "preset": "airplane_single", "single_auto": true, "ts": 1783058317.297}
{"armed": false, "event": "idle_disarmed", "preset": "airplane_single", "single_auto": true, "ts": 1783058317.297}
{"armed": false, "event": "idle_disarmed", "preset": "airplane_single", "single_auto": true, "ts": 1783058318.299}
{"armed": false, "event": "idle_disarmed", "preset": "airplane_single", "single_auto": true, "ts": 1783058318.299}
{"armed": false, "event": "idle_disarmed", "preset": "airplane_single", "single_auto": true, "ts": 1783058319.302}
{"armed": false, "event": "idle_disarmed", "preset": "airplane_single", "single_auto": true, "ts": 1783058319.302}
{"armed": false, "event": "idle_disarmed", "preset": "airplane_single", "single_auto": true, "ts": 1783058320.304}
{"armed": false, "event": "idle_disarmed", "preset": "airplane_single", "single_auto": true, "ts": 1783058320.304}
{"armed": false, "event": "idle_disarmed", "preset": "airplane_single", "single_auto": true, "ts": 1783058321.306}
{"armed": false, "event": "idle_disarmed", "preset": "airplane_single", "single_auto": true, "ts": 1783058321.306}
{"armed": false, "event": "idle_disarmed", "preset": "airplane_single", "single_auto": true, "ts": 1783058322.309}
{"armed": false, "event": "idle_disarmed", "preset": "airplane_single", "single_auto": true, "ts": 1783058322.309}
{"armed": false, "event": "idle_disarmed", "preset": "airplane_single", "single_auto": true, "ts": 1783058323.311}
{"armed": false, "event": "idle_disarmed", "preset": "airplane_single", "single_auto": true, "ts": 1783058323.311}
{"armed": false, "event": "idle_disarmed", "preset": "airplane_single", "single_auto": true, "ts": 1783058324.314}
{"armed": false, "event": "idle_disarmed", "preset": "airplane_single", "single_auto": true, "ts": 1783058324.314}
{"armed": false, "event": "idle_disarmed", "preset": "airplane_single", "single_auto": true, "ts": 1783058325.316}
{"armed": false, "event": "idle_disarmed", "preset": "airplane_single", "single_auto": true, "ts": 1783058325.316}
{"armed": false, "event": "idle_disarmed", "preset": "airplane_single", "single_auto": true, "ts": 1783058326.318}
{"armed": false, "event": "idle_disarmed", "preset": "airplane_single", "single_auto": true, "ts": 1783058326.318}
{"armed": false, "event": "idle_disarmed", "preset": "airplane_single", "single_auto": true, "ts": 1783058327.321}
{"armed": false, "event": "idle_disarmed", "preset": "airplane_single", "single_auto": true, "ts": 1783058327.321}
{"armed": false, "event": "idle_disarmed", "preset": "airplane_single", "single_auto": true, "ts": 1783058328.323}
{"armed": false, "event": "idle_disarmed", "preset": "airplane_single", "single_auto": true, "ts": 1783058328.323}
{"armed": false, "event": "idle_disarmed", "preset": "airplane_single", "single_auto": true, "ts": 1783058329.325}
{"armed": false, "event": "idle_disarmed", "preset": "airplane_single", "single_auto": true, "ts": 1783058329.325}
{"armed": false, "event": "idle_disarmed", "preset": "airplane_single", "single_auto": true, "ts": 1783058330.328}
{"armed": false, "event": "idle_disarmed", "preset": "airplane_single", "single_auto": true, "ts": 1783058330.328}
{"armed": false, "event": "idle_disarmed", "preset": "airplane_single", "single_auto": true, "ts": 1783058331.33}
{"armed": false, "event": "idle_disarmed", "preset": "airplane_single", "single_auto": true, "ts": 1783058331.33}
{"armed": false, "event": "idle_disarmed", "preset": "airplane_single", "single_auto": true, "ts": 1783058332.333}
{"armed": false, "event": "idle_disarmed", "preset": "airplane_single", "single_auto": true, "ts": 1783058332.333}
{"armed": false, "event": "idle_disarmed", "preset": "airplane_single", "single_auto": true, "ts": 1783058333.335}
{"armed": false, "event": "idle_disarmed", "preset": "airplane_single", "single_auto": true, "ts": 1783058333.335}
{"armed": false, "event": "idle_disarmed", "preset": "airplane_single", "single_auto": true, "ts": 1783058334.338}
{"armed": false, "event": "idle_disarmed", "preset": "airplane_single", "single_auto": true, "ts": 1783058334.338}
{"armed": false, "event": "idle_disarmed", "preset": "airplane_single", "single_auto": true, "ts": 1783058335.341}
{"armed": false, "event": "idle_disarmed", "preset": "airplane_single", "single_auto": true, "ts": 1783058335.341}
{"armed": false, "event": "idle_disarmed", "preset": "airplane_single", "single_auto": true, "ts": 1783058336.343}
{"armed": false, "event": "idle_disarmed", "preset": "airplane_single", "single_auto": true, "ts": 1783058336.343}
{"armed": false, "event": "idle_disarmed", "preset": "airplane_single", "single_auto": true, "ts": 1783058337.346}
{"armed": false, "event": "idle_disarmed", "preset": "airplane_single", "single_auto": true, "ts": 1783058337.346}
{"armed": false, "event": "idle_disarmed", "preset": "airplane_single", "single_auto": true, "ts": 1783058338.348}
{"armed": false, "event": "idle_disarmed", "preset": "airplane_single", "single_auto": true, "ts": 1783058338.348}
{"armed": false, "event": "idle_disarmed", "preset": "airplane_single", "single_auto": true, "ts": 1783058339.351}
{"armed": false, "event": "idle_disarmed", "preset": "airplane_single", "single_auto": true, "ts": 1783058339.351}
{"armed": false, "event": "idle_disarmed", "preset": "airplane_single", "single_auto": true, "ts": 1783058340.355}
{"armed": false, "event": "idle_disarmed", "preset": "airplane_single", "single_auto": true, "ts": 1783058340.355}
{"armed": false, "event": "idle_disarmed", "preset": "airplane_single", "single_auto": true, "ts": 1783058341.357}
{"armed": false, "event": "idle_disarmed", "preset": "airplane_single", "single_auto": true, "ts": 1783058341.357}
{"armed": false, "event": "idle_disarmed", "preset": "airplane_single", "single_auto": true, "ts": 1783058342.36}
{"armed": false, "event": "idle_disarmed", "preset": "airplane_single", "single_auto": true, "ts": 1783058342.36}
{"armed": false, "event": "idle_disarmed", "preset": "airplane_single", "single_auto": true, "ts": 1783058343.362}
{"armed": false, "event": "idle_disarmed", "preset": "airplane_single", "single_auto": true, "ts": 1783058343.362}
{"armed": false, "event": "idle_disarmed", "preset": "airplane_single", "single_auto": true, "ts": 1783058344.365}
{"armed": false, "event": "idle_disarmed", "preset": "airplane_single", "single_auto": true, "ts": 1783058344.365}
{"armed": false, "event": "idle_disarmed", "preset": "airplane_single", "single_auto": true, "ts": 1783058345.368}
{"armed": false, "event": "idle_disarmed", "preset": "airplane_single", "single_auto": true, "ts": 1783058345.368}
{"armed": false, "event": "idle_disarmed", "preset": "airplane_single", "single_auto": true, "ts": 1783058346.37}
{"armed": false, "event": "idle_disarmed", "preset": "airplane_single", "single_auto": true, "ts": 1783058346.37}
{"armed": false, "event": "idle_disarmed", "preset": "airplane_single", "single_auto": true, "ts": 1783058347.373}
{"armed": false, "event": "idle_disarmed", "preset": "airplane_single", "single_auto": true, "ts": 1783058347.373}
{"armed": false, "event": "idle_disarmed", "preset": "airplane_single", "single_auto": true, "ts": 1783058348.376}
{"armed": false, "event": "idle_disarmed", "preset": "airplane_single", "single_auto": true, "ts": 1783058348.376}
{"armed": false, "event": "idle_disarmed", "preset": "airplane_single", "single_auto": true, "ts": 1783058349.378}
{"armed": false, "event": "idle_disarmed", "preset": "airplane_single", "single_auto": true, "ts": 1783058349.378}
{"armed": false, "event": "idle_disarmed", "preset": "airplane_single", "single_auto": true, "ts": 1783058350.381}
{"armed": false, "event": "idle_disarmed", "preset": "airplane_single", "single_auto": true, "ts": 1783058350.381}
{"armed": false, "event": "idle_disarmed", "preset": "airplane_single", "single_auto": true, "ts": 1783058351.384}
{"armed": false, "event": "idle_disarmed", "preset": "airplane_single", "single_auto": true, "ts": 1783058351.384}
{"armed": false, "event": "idle_disarmed", "preset": "airplane_single", "single_auto": true, "ts": 1783058352.387}
{"armed": false, "event": "idle_disarmed", "preset": "airplane_single", "single_auto": true, "ts": 1783058352.387}
{"armed": false, "event": "idle_disarmed", "preset": "airplane_single", "single_auto": true, "ts": 1783058353.389}
{"armed": false, "event": "idle_disarmed", "preset": "airplane_single", "single_auto": true, "ts": 1783058353.389}
{"armed": false, "event": "idle_disarmed", "preset": "airplane_single", "single_auto": true, "ts": 1783058354.392}
{"armed": false, "event": "idle_disarmed", "preset": "airplane_single", "single_auto": true, "ts": 1783058354.392}
{"armed": false, "event": "idle_disarmed", "preset": "airplane_single", "single_auto": true, "ts": 1783058355.395}
{"armed": false, "event": "idle_disarmed", "preset": "airplane_single", "single_auto": true, "ts": 1783058355.395}
{"armed": false, "event": "idle_disarmed", "preset": "airplane_single", "single_auto": true, "ts": 1783058356.397}
{"armed": false, "event": "idle_disarmed", "preset": "airplane_single", "single_auto": true, "ts": 1783058356.397}
{"armed": false, "event": "idle_disarmed", "preset": "airplane_single", "single_auto": true, "ts": 1783058357.4}
{"armed": false, "event": "idle_disarmed", "preset": "airplane_single", "single_auto": true, "ts": 1783058357.4}
{"armed": false, "event": "idle_disarmed", "preset": "airplane_single", "single_auto": true, "ts": 1783058358.402}
{"armed": false, "event": "idle_disarmed", "preset": "airplane_single", "single_auto": true, "ts": 1783058358.402}
{"armed": false, "event": "idle_disarmed", "preset": "airplane_single", "single_auto": true, "ts": 1783058359.405}
{"armed": false, "event": "idle_disarmed", "preset": "airplane_single", "single_auto": true, "ts": 1783058359.405}
{"armed": false, "event": "idle_disarmed", "preset": "airplane_single", "single_auto": true, "ts": 1783058360.408}
{"armed": false, "event": "idle_disarmed", "preset": "airplane_single", "single_auto": true, "ts": 1783058360.408}
{"armed": false, "event": "idle_disarmed", "preset": "airplane_single", "single_auto": true, "ts": 1783058361.41}
{"armed": false, "event": "idle_disarmed", "preset": "airplane_single", "single_auto": true, "ts": 1783058361.41}
{"armed": false, "event": "idle_disarmed", "preset": "airplane_single", "single_auto": true, "ts": 1783058362.413}
{"armed": false, "event": "idle_disarmed", "preset": "airplane_single", "single_auto": true, "ts": 1783058362.413}
{"armed": false, "event": "idle_disarmed", "preset": "airplane_single", "single_auto": true, "ts": 1783058363.416}
{"armed": false, "event": "idle_disarmed", "preset": "airplane_single", "single_auto": true, "ts": 1783058363.416}
{"armed": false, "event": "idle_disarmed", "preset": "airplane_single", "single_auto": true, "ts": 1783058364.419}
{"armed": false, "event": "idle_disarmed", "preset": "airplane_single", "single_auto": true, "ts": 1783058364.419}
{"armed": false, "event": "idle_disarmed", "preset": "airplane_single", "single_auto": true, "ts": 1783058365.421}
{"armed": false, "event": "idle_disarmed", "preset": "airplane_single", "single_auto": true, "ts": 1783058365.421}
{"armed": false, "event": "idle_disarmed", "preset": "airplane_single", "single_auto": true, "ts": 1783058366.424}
{"armed": false, "event": "idle_disarmed", "preset": "airplane_single", "single_auto": true, "ts": 1783058366.424}
{"armed": false, "event": "idle_disarmed", "preset": "airplane_single", "single_auto": true, "ts": 1783058367.427}
{"armed": false, "event": "idle_disarmed", "preset": "airplane_single", "single_auto": true, "ts": 1783058367.427}
{"armed": false, "event": "idle_disarmed", "preset": "airplane_single", "single_auto": true, "ts": 1783058368.43}
{"armed": false, "event": "idle_disarmed", "preset": "airplane_single", "single_auto": true, "ts": 1783058368.43}
{"armed": false, "event": "idle_disarmed", "preset": "airplane_single", "single_auto": true, "ts": 1783058369.433}
{"armed": false, "event": "idle_disarmed", "preset": "airplane_single", "single_auto": true, "ts": 1783058369.433}
{"armed": false, "event": "idle_disarmed", "preset": "airplane_single", "single_auto": true, "ts": 1783058370.435}
{"armed": false, "event": "idle_disarmed", "preset": "airplane_single", "single_auto": true, "ts": 1783058370.435}
{"armed": false, "event": "idle_disarmed", "preset": "airplane_single", "single_auto": true, "ts": 1783058371.438}
{"armed": false, "event": "idle_disarmed", "preset": "airplane_single", "single_auto": true, "ts": 1783058371.438}
{"armed": false, "event": "idle_disarmed", "preset": "airplane_single", "single_auto": true, "ts": 1783058372.441}
{"armed": false, "event": "idle_disarmed", "preset": "airplane_single", "single_auto": true, "ts": 1783058372.441}
{"armed": false, "event": "idle_disarmed", "preset": "airplane_single", "single_auto": true, "ts": 1783058373.443}
{"armed": false, "event": "idle_disarmed", "preset": "airplane_single", "single_auto": true, "ts": 1783058373.443}
{"armed": false, "event": "idle_disarmed", "preset": "airplane_single", "single_auto": true, "ts": 1783058374.446}
{"armed": false, "event": "idle_disarmed", "preset": "airplane_single", "single_auto": true, "ts": 1783058374.446}
{"armed": false, "event": "idle_disarmed", "preset": "airplane_single", "single_auto": true, "ts": 1783058375.448}
{"armed": false, "event": "idle_disarmed", "preset": "airplane_single", "single_auto": true, "ts": 1783058375.448}
{"armed": false, "event": "idle_disarmed", "preset": "airplane_single", "single_auto": true, "ts": 1783058376.451}
{"armed": false, "event": "idle_disarmed", "preset": "airplane_single", "single_auto": true, "ts": 1783058376.451}
{"armed": false, "event": "idle_disarmed", "preset": "airplane_single", "single_auto": true, "ts": 1783058377.454}
{"armed": false, "event": "idle_disarmed", "preset": "airplane_single", "single_auto": true, "ts": 1783058377.454}
{"armed": false, "event": "idle_disarmed", "preset": "airplane_single", "single_auto": true, "ts": 1783058378.456}
{"armed": false, "event": "idle_disarmed", "preset": "airplane_single", "single_auto": true, "ts": 1783058378.456}
{"armed": false, "event": "idle_disarmed", "preset": "airplane_single", "single_auto": true, "ts": 1783058379.459}
{"armed": false, "event": "idle_disarmed", "preset": "airplane_single", "single_auto": true, "ts": 1783058379.459}
{"armed": false, "event": "idle_disarmed", "preset": "airplane_single", "single_auto": true, "ts": 1783058380.462}
{"armed": false, "event": "idle_disarmed", "preset": "airplane_single", "single_auto": true, "ts": 1783058380.462}
{"armed": false, "event": "idle_disarmed", "preset": "airplane_single", "single_auto": true, "ts": 1783058381.464}
{"armed": false, "event": "idle_disarmed", "preset": "airplane_single", "single_auto": true, "ts": 1783058381.464}
{"armed": false, "event": "idle_disarmed", "preset": "airplane_single", "single_auto": true, "ts": 1783058382.467}
{"armed": false, "event": "idle_disarmed", "preset": "airplane_single", "single_auto": true, "ts": 1783058382.467}
{"armed": false, "event": "idle_disarmed", "preset": "airplane_single", "single_auto": true, "ts": 1783058383.469}
{"armed": false, "event": "idle_disarmed", "preset": "airplane_single", "single_auto": true, "ts": 1783058383.469}
{"armed": false, "event": "idle_disarmed", "preset": "airplane_single", "single_auto": true, "ts": 1783058384.472}
{"armed": false, "event": "idle_disarmed", "preset": "airplane_single", "single_auto": true, "ts": 1783058384.472}
{"armed": false, "event": "idle_disarmed", "preset": "airplane_single", "single_auto": true, "ts": 1783058385.475}
{"armed": false, "event": "idle_disarmed", "preset": "airplane_single", "single_auto": true, "ts": 1783058385.475}
{"armed": false, "event": "idle_disarmed", "preset": "airplane_single", "single_auto": true, "ts": 1783058386.478}
{"armed": false, "event": "idle_disarmed", "preset": "airplane_single", "single_auto": true, "ts": 1783058386.478}
{"armed": false, "event": "idle_disarmed", "preset": "airplane_single", "single_auto": true, "ts": 1783058387.481}
{"armed": false, "event": "idle_disarmed", "preset": "airplane_single", "single_auto": true, "ts": 1783058387.481}
{"armed": false, "event": "idle_disarmed", "preset": "airplane_single", "single_auto": true, "ts": 1783058388.483}
{"armed": false, "event": "idle_disarmed", "preset": "airplane_single", "single_auto": true, "ts": 1783058388.483}
{"armed": false, "event": "idle_disarmed", "preset": "airplane_single", "single_auto": true, "ts": 1783058389.486}
{"armed": false, "event": "idle_disarmed", "preset": "airplane_single", "single_auto": true, "ts": 1783058389.486}
{"armed": false, "event": "idle_disarmed", "preset": "airplane_single", "single_auto": true, "ts": 1783058390.489}
{"armed": false, "event": "idle_disarmed", "preset": "airplane_single", "single_auto": true, "ts": 1783058390.489}
{"armed": false, "event": "idle_disarmed", "preset": "airplane_single", "single_auto": true, "ts": 1783058391.491}
{"armed": false, "event": "idle_disarmed", "preset": "airplane_single", "single_auto": true, "ts": 1783058391.491}
{"armed": false, "event": "idle_disarmed", "preset": "airplane_single", "single_auto": true, "ts": 1783058392.494}
{"armed": false, "event": "idle_disarmed", "preset": "airplane_single", "single_auto": true, "ts": 1783058392.494}
{"armed": false, "event": "idle_disarmed", "preset": "airplane_single", "single_auto": true, "ts": 1783058393.497}
{"armed": false, "event": "idle_disarmed", "preset": "airplane_single", "single_auto": true, "ts": 1783058393.497}
{"armed": false, "event": "idle_disarmed", "preset": "airplane_single", "single_auto": true, "ts": 1783058394.499}
{"armed": false, "event": "idle_disarmed", "preset": "airplane_single", "single_auto": true, "ts": 1783058394.499}
{"armed": false, "event": "idle_disarmed", "preset": "airplane_single", "single_auto": true, "ts": 1783058395.502}
{"armed": false, "event": "idle_disarmed", "preset": "airplane_single", "single_auto": true, "ts": 1783058395.502}
{"armed": false, "event": "idle_disarmed", "preset": "airplane_single", "single_auto": true, "ts": 1783058396.505}
{"armed": false, "event": "idle_disarmed", "preset": "airplane_single", "single_auto": true, "ts": 1783058396.505}
{"armed": false, "event": "idle_disarmed", "preset": "airplane_single", "single_auto": true, "ts": 1783058397.508}
{"armed": false, "event": "idle_disarmed", "preset": "airplane_single", "single_auto": true, "ts": 1783058397.508}
{"armed": false, "event": "idle_disarmed", "preset": "airplane_single", "single_auto": true, "ts": 1783058398.51}
{"armed": false, "event": "idle_disarmed", "preset": "airplane_single", "single_auto": true, "ts": 1783058398.51}
{"armed": false, "event": "idle_disarmed", "preset": "airplane_single", "single_auto": true, "ts": 1783058399.513}
{"armed": false, "event": "idle_disarmed", "preset": "airplane_single", "single_auto": true, "ts": 1783058399.513}
{"armed": false, "event": "idle_disarmed", "preset": "airplane_single", "single_auto": true, "ts": 1783058400.516}
{"armed": false, "event": "idle_disarmed", "preset": "airplane_single", "single_auto": true, "ts": 1783058400.516}
{"armed": false, "event": "idle_disarmed", "preset": "airplane_single", "single_auto": true, "ts": 1783058401.519}
{"armed": false, "event": "idle_disarmed", "preset": "airplane_single", "single_auto": true, "ts": 1783058401.519}
{"armed": false, "event": "idle_disarmed", "preset": "airplane_single", "single_auto": true, "ts": 1783058402.521}
{"armed": false, "event": "idle_disarmed", "preset": "airplane_single", "single_auto": true, "ts": 1783058402.521}
{"armed": false, "event": "idle_disarmed", "preset": "airplane_single", "single_auto": true, "ts": 1783058403.524}
{"armed": false, "event": "idle_disarmed", "preset": "airplane_single", "single_auto": true, "ts": 1783058403.524}
{"armed": false, "event": "idle_disarmed", "preset": "airplane_single", "single_auto": true, "ts": 1783058404.526}
{"armed": false, "event": "idle_disarmed", "preset": "airplane_single", "single_auto": true, "ts": 1783058404.526}
{"armed": false, "event": "idle_disarmed", "preset": "airplane_single", "single_auto": true, "ts": 1783058405.529}
{"armed": false, "event": "idle_disarmed", "preset": "airplane_single", "single_auto": true, "ts": 1783058405.529}
{"armed": false, "event": "idle_disarmed", "preset": "airplane_single", "single_auto": true, "ts": 1783058406.532}
{"armed": false, "event": "idle_disarmed", "preset": "airplane_single", "single_auto": true, "ts": 1783058406.532}
{"armed": false, "event": "idle_disarmed", "preset": "airplane_single", "single_auto": true, "ts": 1783058407.534}
{"armed": false, "event": "idle_disarmed", "preset": "airplane_single", "single_auto": true, "ts": 1783058407.534}
{"armed": false, "event": "idle_disarmed", "preset": "airplane_single", "single_auto": true, "ts": 1783058408.537}
{"armed": false, "event": "idle_disarmed", "preset": "airplane_single", "single_auto": true, "ts": 1783058408.537}
{"armed": false, "event": "idle_disarmed", "preset": "airplane_single", "single_auto": true, "ts": 1783058409.54}
{"armed": false, "event": "idle_disarmed", "preset": "airplane_single", "single_auto": true, "ts": 1783058409.54}
{"armed": false, "event": "idle_disarmed", "preset": "airplane_single", "single_auto": true, "ts": 1783058410.543}
{"armed": false, "event": "idle_disarmed", "preset": "airplane_single", "single_auto": true, "ts": 1783058410.543}
{"armed": false, "event": "idle_disarmed", "preset": "airplane_single", "single_auto": true, "ts": 1783058411.545}
{"armed": false, "event": "idle_disarmed", "preset": "airplane_single", "single_auto": true, "ts": 1783058411.545}
{"armed": false, "event": "idle_disarmed", "preset": "airplane_single", "single_auto": true, "ts": 1783058412.548}
{"armed": false, "event": "idle_disarmed", "preset": "airplane_single", "single_auto": true, "ts": 1783058412.548}
{"armed": false, "event": "idle_disarmed", "preset": "airplane_single", "single_auto": true, "ts": 1783058413.551}
{"armed": false, "event": "idle_disarmed", "preset": "airplane_single", "single_auto": true, "ts": 1783058413.551}
{"armed": false, "event": "idle_disarmed", "preset": "airplane_single", "single_auto": true, "ts": 1783058414.553}
{"armed": false, "event": "idle_disarmed", "preset": "airplane_single", "single_auto": true, "ts": 1783058414.553}
{"armed": false, "event": "idle_disarmed", "preset": "airplane_single", "single_auto": true, "ts": 1783058415.556}
{"armed": false, "event": "idle_disarmed", "preset": "airplane_single", "single_auto": true, "ts": 1783058415.556}
{"armed": false, "event": "idle_disarmed", "preset": "airplane_single", "single_auto": true, "ts": 1783058416.559}
{"armed": false, "event": "idle_disarmed", "preset": "airplane_single", "single_auto": true, "ts": 1783058416.559}
{"armed": false, "event": "idle_disarmed", "preset": "airplane_single", "single_auto": true, "ts": 1783058417.561}
{"armed": false, "event": "idle_disarmed", "preset": "airplane_single", "single_auto": true, "ts": 1783058417.561}
{"armed": false, "event": "idle_disarmed", "preset": "airplane_single", "single_auto": true, "ts": 1783058418.564}
{"armed": false, "event": "idle_disarmed", "preset": "airplane_single", "single_auto": true, "ts": 1783058418.564}
{"armed": false, "event": "idle_disarmed", "preset": "airplane_single", "single_auto": true, "ts": 1783058419.566}
{"armed": false, "event": "idle_disarmed", "preset": "airplane_single", "single_auto": true, "ts": 1783058419.566}
{"armed": false, "event": "idle_disarmed", "preset": "airplane_single", "single_auto": true, "ts": 1783058420.569}
{"armed": false, "event": "idle_disarmed", "preset": "airplane_single", "single_auto": true, "ts": 1783058420.569}
{"armed": false, "event": "idle_disarmed", "preset": "airplane_single", "single_auto": true, "ts": 1783058421.572}
{"armed": false, "event": "idle_disarmed", "preset": "airplane_single", "single_auto": true, "ts": 1783058421.572}
{"armed": false, "event": "idle_disarmed", "preset": "airplane_single", "single_auto": true, "ts": 1783058422.574}
{"armed": false, "event": "idle_disarmed", "preset": "airplane_single", "single_auto": true, "ts": 1783058422.574}
{"armed": false, "event": "idle_disarmed", "preset": "airplane_single", "single_auto": true, "ts": 1783058423.577}
{"armed": false, "event": "idle_disarmed", "preset": "airplane_single", "single_auto": true, "ts": 1783058423.577}
{"armed": false, "event": "idle_disarmed", "preset": "airplane_single", "single_auto": true, "ts": 1783058424.58}
{"armed": false, "event": "idle_disarmed", "preset": "airplane_single", "single_auto": true, "ts": 1783058424.58}
{"armed": false, "event": "idle_disarmed", "preset": "airplane_single", "single_auto": true, "ts": 1783058425.582}
{"armed": false, "event": "idle_disarmed", "preset": "airplane_single", "single_auto": true, "ts": 1783058425.582}
{"armed": false, "event": "idle_disarmed", "preset": "airplane_single", "single_auto": true, "ts": 1783058426.585}
{"armed": false, "event": "idle_disarmed", "preset": "airplane_single", "single_auto": true, "ts": 1783058426.585}
{"armed": false, "event": "idle_disarmed", "preset": "airplane_single", "single_auto": true, "ts": 1783058427.588}
{"armed": false, "event": "idle_disarmed", "preset": "airplane_single", "single_auto": true, "ts": 1783058427.588}
{"armed": false, "event": "idle_disarmed", "preset": "airplane_single", "single_auto": true, "ts": 1783058428.591}
{"armed": false, "event": "idle_disarmed", "preset": "airplane_single", "single_auto": true, "ts": 1783058428.591}
{"armed": false, "event": "idle_disarmed", "preset": "airplane_single", "single_auto": true, "ts": 1783058429.593}
{"armed": false, "event": "idle_disarmed", "preset": "airplane_single", "single_auto": true, "ts": 1783058429.593}
{"armed": false, "event": "idle_disarmed", "preset": "airplane_single", "single_auto": true, "ts": 1783058430.596}
{"armed": false, "event": "idle_disarmed", "preset": "airplane_single", "single_auto": true, "ts": 1783058430.596}
{"armed": false, "event": "idle_disarmed", "preset": "airplane_single", "single_auto": true, "ts": 1783058431.598}
{"armed": false, "event": "idle_disarmed", "preset": "airplane_single", "single_auto": true, "ts": 1783058431.598}
{"armed": false, "event": "idle_disarmed", "preset": "airplane_single", "single_auto": true, "ts": 1783058432.601}
{"armed": false, "event": "idle_disarmed", "preset": "airplane_single", "single_auto": true, "ts": 1783058432.601}
{"armed": false, "event": "idle_disarmed", "preset": "airplane_single", "single_auto": true, "ts": 1783058433.604}
{"armed": false, "event": "idle_disarmed", "preset": "airplane_single", "single_auto": true, "ts": 1783058433.604}
{"armed": false, "event": "idle_disarmed", "preset": "airplane_single", "single_auto": true, "ts": 1783058434.607}
{"armed": false, "event": "idle_disarmed", "preset": "airplane_single", "single_auto": true, "ts": 1783058434.607}
{"armed": false, "event": "idle_disarmed", "preset": "airplane_single", "single_auto": true, "ts": 1783058435.609}
{"armed": false, "event": "idle_disarmed", "preset": "airplane_single", "single_auto": true, "ts": 1783058435.609}
{"armed": false, "event": "idle_disarmed", "preset": "airplane_single", "single_auto": true, "ts": 1783058436.612}
{"armed": false, "event": "idle_disarmed", "preset": "airplane_single", "single_auto": true, "ts": 1783058436.612}
{"armed": false, "event": "idle_disarmed", "preset": "airplane_single", "single_auto": true, "ts": 1783058437.615}
{"armed": false, "event": "idle_disarmed", "preset": "airplane_single", "single_auto": true, "ts": 1783058437.615}
{"armed": false, "event": "idle_disarmed", "preset": "airplane_single", "single_auto": true, "ts": 1783058438.617}
{"armed": false, "event": "idle_disarmed", "preset": "airplane_single", "single_auto": true, "ts": 1783058438.617}
{"armed": false, "event": "idle_disarmed", "preset": "airplane_single", "single_auto": true, "ts": 1783058439.62}
{"armed": false, "event": "idle_disarmed", "preset": "airplane_single", "single_auto": true, "ts": 1783058439.62}
{"armed": false, "event": "idle_disarmed", "preset": "airplane_single", "single_auto": true, "ts": 1783058440.622}
{"armed": false, "event": "idle_disarmed", "preset": "airplane_single", "single_auto": true, "ts": 1783058440.622}
{"armed": false, "event": "idle_disarmed", "preset": "airplane_single", "single_auto": true, "ts": 1783058441.624}
{"armed": false, "event": "idle_disarmed", "preset": "airplane_single", "single_auto": true, "ts": 1783058441.624}
{"armed": false, "event": "idle_disarmed", "preset": "airplane_single", "single_auto": true, "ts": 1783058442.627}
{"armed": false, "event": "idle_disarmed", "preset": "airplane_single", "single_auto": true, "ts": 1783058442.627}
{"armed": false, "event": "idle_disarmed", "preset": "airplane_single", "single_auto": true, "ts": 1783058443.629}
{"armed": false, "event": "idle_disarmed", "preset": "airplane_single", "single_auto": true, "ts": 1783058443.629}
{"armed": false, "event": "idle_disarmed", "preset": "airplane_single", "single_auto": true, "ts": 1783058444.632}
{"armed": false, "event": "idle_disarmed", "preset": "airplane_single", "single_auto": true, "ts": 1783058444.632}
{"armed": false, "event": "idle_disarmed", "preset": "airplane_single", "single_auto": true, "ts": 1783058445.634}
{"armed": false, "event": "idle_disarmed", "preset": "airplane_single", "single_auto": true, "ts": 1783058445.634}
{"armed": false, "event": "idle_disarmed", "preset": "airplane_single", "single_auto": true, "ts": 1783058446.637}
{"armed": false, "event": "idle_disarmed", "preset": "airplane_single", "single_auto": true, "ts": 1783058446.637}
{"armed": false, "event": "idle_disarmed", "preset": "airplane_single", "single_auto": true, "ts": 1783058447.639}
{"armed": false, "event": "idle_disarmed", "preset": "airplane_single", "single_auto": true, "ts": 1783058447.639}
{"armed": false, "event": "idle_disarmed", "preset": "airplane_single", "single_auto": true, "ts": 1783058448.642}
{"armed": false, "event": "idle_disarmed", "preset": "airplane_single", "single_auto": true, "ts": 1783058448.642}
{"armed": false, "event": "idle_disarmed", "preset": "airplane_single", "single_auto": true, "ts": 1783058449.644}
{"armed": false, "event": "idle_disarmed", "preset": "airplane_single", "single_auto": true, "ts": 1783058449.644}
{"armed": false, "event": "idle_disarmed", "preset": "airplane_single", "single_auto": true, "ts": 1783058450.647}
{"armed": false, "event": "idle_disarmed", "preset": "airplane_single", "single_auto": true, "ts": 1783058450.647}
{"armed": false, "event": "idle_disarmed", "preset": "airplane_single", "single_auto": true, "ts": 1783058451.649}
{"armed": false, "event": "idle_disarmed", "preset": "airplane_single", "single_auto": true, "ts": 1783058451.649}
{"armed": false, "event": "idle_disarmed", "preset": "airplane_single", "single_auto": true, "ts": 1783058452.652}
{"armed": false, "event": "idle_disarmed", "preset": "airplane_single", "single_auto": true, "ts": 1783058452.652}
{"armed": false, "event": "idle_disarmed", "preset": "airplane_single", "single_auto": true, "ts": 1783058453.654}
{"armed": false, "event": "idle_disarmed", "preset": "airplane_single", "single_auto": true, "ts": 1783058453.654}
{"armed": false, "event": "idle_disarmed", "preset": "airplane_single", "single_auto": true, "ts": 1783058454.657}
{"armed": false, "event": "idle_disarmed", "preset": "airplane_single", "single_auto": true, "ts": 1783058454.657}
{"armed": false, "event": "idle_disarmed", "preset": "airplane_single", "single_auto": true, "ts": 1783058455.66}
{"armed": false, "event": "idle_disarmed", "preset": "airplane_single", "single_auto": true, "ts": 1783058455.66}
{"armed": false, "event": "idle_disarmed", "preset": "airplane_single", "single_auto": true, "ts": 1783058456.662}
{"armed": false, "event": "idle_disarmed", "preset": "airplane_single", "single_auto": true, "ts": 1783058456.662}
{"armed": false, "event": "idle_disarmed", "preset": "airplane_single", "single_auto": true, "ts": 1783058457.664}
{"armed": false, "event": "idle_disarmed", "preset": "airplane_single", "single_auto": true, "ts": 1783058457.664}
{"armed": false, "event": "idle_disarmed", "preset": "airplane_single", "single_auto": true, "ts": 1783058458.667}
{"armed": false, "event": "idle_disarmed", "preset": "airplane_single", "single_auto": true, "ts": 1783058458.667}
{"armed": false, "event": "idle_disarmed", "preset": "airplane_single", "single_auto": true, "ts": 1783058459.67}
{"armed": false, "event": "idle_disarmed", "preset": "airplane_single", "single_auto": true, "ts": 1783058459.67}
{"armed": false, "event": "idle_disarmed", "preset": "airplane_single", "single_auto": true, "ts": 1783058460.672}
{"armed": false, "event": "idle_disarmed", "preset": "airplane_single", "single_auto": true, "ts": 1783058460.672}
{"armed": false, "event": "idle_disarmed", "preset": "airplane_single", "single_auto": true, "ts": 1783058461.675}
{"armed": false, "event": "idle_disarmed", "preset": "airplane_single", "single_auto": true, "ts": 1783058461.675}
{"armed": false, "event": "idle_disarmed", "preset": "airplane_single", "single_auto": true, "ts": 1783058462.677}
{"armed": false, "event": "idle_disarmed", "preset": "airplane_single", "single_auto": true, "ts": 1783058462.677}
{"armed": false, "event": "idle_disarmed", "preset": "airplane_single", "single_auto": true, "ts": 1783058463.679}
{"armed": false, "event": "idle_disarmed", "preset": "airplane_single", "single_auto": true, "ts": 1783058463.679}
{"armed": false, "event": "idle_disarmed", "preset": "airplane_single", "single_auto": true, "ts": 1783058464.682}
{"armed": false, "event": "idle_disarmed", "preset": "airplane_single", "single_auto": true, "ts": 1783058464.682}
{"armed": false, "event": "idle_disarmed", "preset": "airplane_single", "single_auto": true, "ts": 1783058465.685}
{"armed": false, "event": "idle_disarmed", "preset": "airplane_single", "single_auto": true, "ts": 1783058465.685}
{"armed": false, "event": "idle_disarmed", "preset": "airplane_single", "single_auto": true, "ts": 1783058466.687}
{"armed": false, "event": "idle_disarmed", "preset": "airplane_single", "single_auto": true, "ts": 1783058466.687}
{"armed": false, "event": "idle_disarmed", "preset": "airplane_single", "single_auto": true, "ts": 1783058467.689}
{"armed": false, "event": "idle_disarmed", "preset": "airplane_single", "single_auto": true, "ts": 1783058467.689}
{"armed": false, "event": "idle_disarmed", "preset": "airplane_single", "single_auto": true, "ts": 1783058468.692}
{"armed": false, "event": "idle_disarmed", "preset": "airplane_single", "single_auto": true, "ts": 1783058468.692}
{"armed": false, "event": "idle_disarmed", "preset": "airplane_single", "single_auto": true, "ts": 1783058469.694}
{"armed": false, "event": "idle_disarmed", "preset": "airplane_single", "single_auto": true, "ts": 1783058469.694}
{"armed": false, "event": "idle_disarmed", "preset": "airplane_single", "single_auto": true, "ts": 1783058470.697}
{"armed": false, "event": "idle_disarmed", "preset": "airplane_single", "single_auto": true, "ts": 1783058470.697}
{"armed": false, "event": "idle_disarmed", "preset": "airplane_single", "single_auto": true, "ts": 1783058471.699}
{"armed": false, "event": "idle_disarmed", "preset": "airplane_single", "single_auto": true, "ts": 1783058471.699}
{"armed": false, "event": "idle_disarmed", "preset": "airplane_single", "single_auto": true, "ts": 1783058472.701}
{"armed": false, "event": "idle_disarmed", "preset": "airplane_single", "single_auto": true, "ts": 1783058472.701}
{"armed": false, "event": "idle_disarmed", "preset": "airplane_single", "single_auto": true, "ts": 1783058473.704}
{"armed": false, "event": "idle_disarmed", "preset": "airplane_single", "single_auto": true, "ts": 1783058473.704}
{"armed": false, "event": "idle_disarmed", "preset": "airplane_single", "single_auto": true, "ts": 1783058474.707}
{"armed": false, "event": "idle_disarmed", "preset": "airplane_single", "single_auto": true, "ts": 1783058474.707}
{"armed": false, "event": "idle_disarmed", "preset": "airplane_single", "single_auto": true, "ts": 1783058475.709}
{"armed": false, "event": "idle_disarmed", "preset": "airplane_single", "single_auto": true, "ts": 1783058475.709}
{"armed": false, "event": "idle_disarmed", "preset": "airplane_single", "single_auto": true, "ts": 1783058476.711}
{"armed": false, "event": "idle_disarmed", "preset": "airplane_single", "single_auto": true, "ts": 1783058476.711}
{"armed": false, "event": "idle_disarmed", "preset": "airplane_single", "single_auto": true, "ts": 1783058477.714}
{"armed": false, "event": "idle_disarmed", "preset": "airplane_single", "single_auto": true, "ts": 1783058477.714}
{"armed": false, "event": "idle_disarmed", "preset": "airplane_single", "single_auto": true, "ts": 1783058478.717}
{"armed": false, "event": "idle_disarmed", "preset": "airplane_single", "single_auto": true, "ts": 1783058478.717}
{"armed": false, "event": "idle_disarmed", "preset": "airplane_single", "single_auto": true, "ts": 1783058479.719}
{"armed": false, "event": "idle_disarmed", "preset": "airplane_single", "single_auto": true, "ts": 1783058479.719}
{"armed": false, "event": "idle_disarmed", "preset": "airplane_single", "single_auto": true, "ts": 1783058480.722}
{"armed": false, "event": "idle_disarmed", "preset": "airplane_single", "single_auto": true, "ts": 1783058480.722}
{"armed": false, "event": "idle_disarmed", "preset": "airplane_single", "single_auto": true, "ts": 1783058481.724}
{"armed": false, "event": "idle_disarmed", "preset": "airplane_single", "single_auto": true, "ts": 1783058481.724}
{"armed": false, "event": "idle_disarmed", "preset": "airplane_single", "single_auto": true, "ts": 1783058482.726}
{"armed": false, "event": "idle_disarmed", "preset": "airplane_single", "single_auto": true, "ts": 1783058482.726}
{"armed": false, "event": "idle_disarmed", "preset": "airplane_single", "single_auto": true, "ts": 1783058483.729}
{"armed": false, "event": "idle_disarmed", "preset": "airplane_single", "single_auto": true, "ts": 1783058483.729}
{"armed": false, "event": "idle_disarmed", "preset": "airplane_single", "single_auto": true, "ts": 1783058484.731}
{"armed": false, "event": "idle_disarmed", "preset": "airplane_single", "single_auto": true, "ts": 1783058484.731}
{"armed": false, "event": "idle_disarmed", "preset": "airplane_single", "single_auto": true, "ts": 1783058485.734}
{"armed": false, "event": "idle_disarmed", "preset": "airplane_single", "single_auto": true, "ts": 1783058485.734}
{"armed": false, "event": "idle_disarmed", "preset": "airplane_single", "single_auto": true, "ts": 1783058486.736}
{"armed": false, "event": "idle_disarmed", "preset": "airplane_single", "single_auto": true, "ts": 1783058486.736}
{"armed": false, "event": "idle_disarmed", "preset": "airplane_single", "single_auto": true, "ts": 1783058487.739}
{"armed": false, "event": "idle_disarmed", "preset": "airplane_single", "single_auto": true, "ts": 1783058487.739}
{"armed": false, "event": "idle_disarmed", "preset": "airplane_single", "single_auto": true, "ts": 1783058488.741}
{"armed": false, "event": "idle_disarmed", "preset": "airplane_single", "single_auto": true, "ts": 1783058488.741}
{"armed": false, "event": "idle_disarmed", "preset": "airplane_single", "single_auto": true, "ts": 1783058489.744}
{"armed": false, "event": "idle_disarmed", "preset": "airplane_single", "single_auto": true, "ts": 1783058489.744}
{"armed": false, "event": "idle_disarmed", "preset": "airplane_single", "single_auto": true, "ts": 1783058490.746}
{"armed": false, "event": "idle_disarmed", "preset": "airplane_single", "single_auto": true, "ts": 1783058490.746}
{"armed": false, "event": "idle_disarmed", "preset": "airplane_single", "single_auto": true, "ts": 1783058491.749}
{"armed": false, "event": "idle_disarmed", "preset": "airplane_single", "single_auto": true, "ts": 1783058491.749}
{"armed": false, "event": "idle_disarmed", "preset": "airplane_single", "single_auto": true, "ts": 1783058492.752}
{"armed": false, "event": "idle_disarmed", "preset": "airplane_single", "single_auto": true, "ts": 1783058492.752}
{"armed": false, "event": "idle_disarmed", "preset": "airplane_single", "single_auto": true, "ts": 1783058493.755}
{"armed": false, "event": "idle_disarmed", "preset": "airplane_single", "single_auto": true, "ts": 1783058493.755}
{"armed": false, "event": "idle_disarmed", "preset": "airplane_single", "single_auto": true, "ts": 1783058494.757}
{"armed": false, "event": "idle_disarmed", "preset": "airplane_single", "single_auto": true, "ts": 1783058494.757}
{"armed": false, "event": "idle_disarmed", "preset": "airplane_single", "single_auto": true, "ts": 1783058495.76}
{"armed": false, "event": "idle_disarmed", "preset": "airplane_single", "single_auto": true, "ts": 1783058495.76}
{"armed": false, "event": "idle_disarmed", "preset": "airplane_single", "single_auto": true, "ts": 1783058496.762}
{"armed": false, "event": "idle_disarmed", "preset": "airplane_single", "single_auto": true, "ts": 1783058496.762}
{"armed": false, "event": "idle_disarmed", "preset": "airplane_single", "single_auto": true, "ts": 1783058497.765}
{"armed": false, "event": "idle_disarmed", "preset": "airplane_single", "single_auto": true, "ts": 1783058497.765}
{"armed": false, "event": "idle_disarmed", "preset": "airplane_single", "single_auto": true, "ts": 1783058498.768}
{"armed": false, "event": "idle_disarmed", "preset": "airplane_single", "single_auto": true, "ts": 1783058498.768}
{"armed": false, "event": "idle_disarmed", "preset": "airplane_single", "single_auto": true, "ts": 1783058499.77}
{"armed": false, "event": "idle_disarmed", "preset": "airplane_single", "single_auto": true, "ts": 1783058499.77}
{"armed": false, "event": "idle_disarmed", "preset": "airplane_single", "single_auto": true, "ts": 1783058500.773}
{"armed": false, "event": "idle_disarmed", "preset": "airplane_single", "single_auto": true, "ts": 1783058500.773}
{"armed": false, "event": "idle_disarmed", "preset": "airplane_single", "single_auto": true, "ts": 1783058501.776}
{"armed": false, "event": "idle_disarmed", "preset": "airplane_single", "single_auto": true, "ts": 1783058501.776}
{"armed": false, "event": "idle_disarmed", "preset": "airplane_single", "single_auto": true, "ts": 1783058502.779}
{"armed": false, "event": "idle_disarmed", "preset": "airplane_single", "single_auto": true, "ts": 1783058502.779}
{"armed": false, "event": "idle_disarmed", "preset": "airplane_single", "single_auto": true, "ts": 1783058503.781}
{"armed": false, "event": "idle_disarmed", "preset": "airplane_single", "single_auto": true, "ts": 1783058503.781}
{"armed": false, "event": "idle_disarmed", "preset": "airplane_single", "single_auto": true, "ts": 1783058504.784}
{"armed": false, "event": "idle_disarmed", "preset": "airplane_single", "single_auto": true, "ts": 1783058504.784}
{"armed": false, "event": "idle_disarmed", "preset": "airplane_single", "single_auto": true, "ts": 1783058505.787}
{"armed": false, "event": "idle_disarmed", "preset": "airplane_single", "single_auto": true, "ts": 1783058505.787}
{"armed": false, "event": "idle_disarmed", "preset": "airplane_single", "single_auto": true, "ts": 1783058506.789}
{"armed": false, "event": "idle_disarmed", "preset": "airplane_single", "single_auto": true, "ts": 1783058506.789}
{"armed": false, "event": "idle_disarmed", "preset": "airplane_single", "single_auto": true, "ts": 1783058507.792}
{"armed": false, "event": "idle_disarmed", "preset": "airplane_single", "single_auto": true, "ts": 1783058507.792}
{"armed": false, "event": "idle_disarmed", "preset": "airplane_single", "single_auto": true, "ts": 1783058508.795}
{"armed": false, "event": "idle_disarmed", "preset": "airplane_single", "single_auto": true, "ts": 1783058508.795}
{"armed": false, "event": "idle_disarmed", "preset": "airplane_single", "single_auto": true, "ts": 1783058509.798}
{"armed": false, "event": "idle_disarmed", "preset": "airplane_single", "single_auto": true, "ts": 1783058509.798}
{"armed": false, "event": "idle_disarmed", "preset": "airplane_single", "single_auto": true, "ts": 1783058510.8}
{"armed": false, "event": "idle_disarmed", "preset": "airplane_single", "single_auto": true, "ts": 1783058510.8}
{"armed": false, "event": "idle_disarmed", "preset": "airplane_single", "single_auto": true, "ts": 1783058511.803}
{"armed": false, "event": "idle_disarmed", "preset": "airplane_single", "single_auto": true, "ts": 1783058511.803}
{"armed": false, "event": "idle_disarmed", "preset": "airplane_single", "single_auto": true, "ts": 1783058512.806}
{"armed": false, "event": "idle_disarmed", "preset": "airplane_single", "single_auto": true, "ts": 1783058512.806}
{"armed": false, "event": "idle_disarmed", "preset": "airplane_single", "single_auto": true, "ts": 1783058513.808}
{"armed": false, "event": "idle_disarmed", "preset": "airplane_single", "single_auto": true, "ts": 1783058513.808}
{"armed": false, "event": "idle_disarmed", "preset": "airplane_single", "single_auto": true, "ts": 1783058514.811}
{"armed": false, "event": "idle_disarmed", "preset": "airplane_single", "single_auto": true, "ts": 1783058514.811}
{"armed": false, "event": "idle_disarmed", "preset": "airplane_single", "single_auto": true, "ts": 1783058515.813}
{"armed": false, "event": "idle_disarmed", "preset": "airplane_single", "single_auto": true, "ts": 1783058515.813}
{"armed": false, "event": "idle_disarmed", "preset": "airplane_single", "single_auto": true, "ts": 1783058516.816}
{"armed": false, "event": "idle_disarmed", "preset": "airplane_single", "single_auto": true, "ts": 1783058516.816}
{"armed": false, "event": "idle_disarmed", "preset": "airplane_single", "single_auto": true, "ts": 1783058517.819}
{"armed": false, "event": "idle_disarmed", "preset": "airplane_single", "single_auto": true, "ts": 1783058517.819}
{"armed": false, "event": "idle_disarmed", "preset": "airplane_single", "single_auto": true, "ts": 1783058518.822}
{"armed": false, "event": "idle_disarmed", "preset": "airplane_single", "single_auto": true, "ts": 1783058518.822}
{"armed": false, "event": "idle_disarmed", "preset": "airplane_single", "single_auto": true, "ts": 1783058519.824}
{"armed": false, "event": "idle_disarmed", "preset": "airplane_single", "single_auto": true, "ts": 1783058519.824}
{"armed": false, "event": "idle_disarmed", "preset": "airplane_single", "single_auto": true, "ts": 1783058520.828}
{"armed": false, "event": "idle_disarmed", "preset": "airplane_single", "single_auto": true, "ts": 1783058520.828}
{"armed": false, "event": "idle_disarmed", "preset": "airplane_single", "single_auto": true, "ts": 1783058521.83}
{"armed": false, "event": "idle_disarmed", "preset": "airplane_single", "single_auto": true, "ts": 1783058521.83}
{"armed": false, "event": "idle_disarmed", "preset": "airplane_single", "single_auto": true, "ts": 1783058522.833}
{"armed": false, "event": "idle_disarmed", "preset": "airplane_single", "single_auto": true, "ts": 1783058522.833}
{"armed": false, "event": "idle_disarmed", "preset": "airplane_single", "single_auto": true, "ts": 1783058523.836}
{"armed": false, "event": "idle_disarmed", "preset": "airplane_single", "single_auto": true, "ts": 1783058523.836}
{"armed": false, "event": "idle_disarmed", "preset": "airplane_single", "single_auto": true, "ts": 1783058524.839}
{"armed": false, "event": "idle_disarmed", "preset": "airplane_single", "single_auto": true, "ts": 1783058524.839}
{"armed": false, "event": "idle_disarmed", "preset": "airplane_single", "single_auto": true, "ts": 1783058525.842}
{"armed": false, "event": "idle_disarmed", "preset": "airplane_single", "single_auto": true, "ts": 1783058525.842}
{"armed": false, "event": "idle_disarmed", "preset": "airplane_single", "single_auto": true, "ts": 1783058526.844}
{"armed": false, "event": "idle_disarmed", "preset": "airplane_single", "single_auto": true, "ts": 1783058526.844}
{"armed": false, "event": "idle_disarmed", "preset": "airplane_single", "single_auto": true, "ts": 1783058527.847}
{"armed": false, "event": "idle_disarmed", "preset": "airplane_single", "single_auto": true, "ts": 1783058527.847}
{"armed": false, "event": "idle_disarmed", "preset": "airplane_single", "single_auto": true, "ts": 1783058528.85}
{"armed": false, "event": "idle_disarmed", "preset": "airplane_single", "single_auto": true, "ts": 1783058528.85}
{"armed": false, "event": "idle_disarmed", "preset": "airplane_single", "single_auto": true, "ts": 1783058529.852}
{"armed": false, "event": "idle_disarmed", "preset": "airplane_single", "single_auto": true, "ts": 1783058529.852}
{"armed": false, "event": "idle_disarmed", "preset": "airplane_single", "single_auto": true, "ts": 1783058530.855}
{"armed": false, "event": "idle_disarmed", "preset": "airplane_single", "single_auto": true, "ts": 1783058530.855}
{"armed": false, "event": "idle_disarmed", "preset": "airplane_single", "single_auto": true, "ts": 1783058531.857}
{"armed": false, "event": "idle_disarmed", "preset": "airplane_single", "single_auto": true, "ts": 1783058531.857}
{"armed": false, "event": "idle_disarmed", "preset": "airplane_single", "single_auto": true, "ts": 1783058532.86}
{"armed": false, "event": "idle_disarmed", "preset": "airplane_single", "single_auto": true, "ts": 1783058532.86}
{"armed": false, "event": "idle_disarmed", "preset": "airplane_single", "single_auto": true, "ts": 1783058533.863}
{"armed": false, "event": "idle_disarmed", "preset": "airplane_single", "single_auto": true, "ts": 1783058533.863}
{"armed": false, "event": "idle_disarmed", "preset": "airplane_single", "single_auto": true, "ts": 1783058534.866}
{"armed": false, "event": "idle_disarmed", "preset": "airplane_single", "single_auto": true, "ts": 1783058534.866}
{"armed": false, "event": "idle_disarmed", "preset": "airplane_single", "single_auto": true, "ts": 1783058535.868}
{"armed": false, "event": "idle_disarmed", "preset": "airplane_single", "single_auto": true, "ts": 1783058535.868}
{"armed": false, "event": "idle_disarmed", "preset": "airplane_single", "single_auto": true, "ts": 1783058536.871}
{"armed": false, "event": "idle_disarmed", "preset": "airplane_single", "single_auto": true, "ts": 1783058536.871}
{"armed": false, "event": "idle_disarmed", "preset": "airplane_single", "single_auto": true, "ts": 1783058537.874}
{"armed": false, "event": "idle_disarmed", "preset": "airplane_single", "single_auto": true, "ts": 1783058537.874}
{"armed": false, "event": "idle_disarmed", "preset": "airplane_single", "single_auto": true, "ts": 1783058538.876}
{"armed": false, "event": "idle_disarmed", "preset": "airplane_single", "single_auto": true, "ts": 1783058538.876}
{"armed": false, "event": "idle_disarmed", "preset": "airplane_single", "single_auto": true, "ts": 1783058539.879}
{"armed": false, "event": "idle_disarmed", "preset": "airplane_single", "single_auto": true, "ts": 1783058539.879}
{"armed": false, "event": "idle_disarmed", "preset": "airplane_single", "single_auto": true, "ts": 1783058540.881}
{"armed": false, "event": "idle_disarmed", "preset": "airplane_single", "single_auto": true, "ts": 1783058540.881}
{"armed": false, "event": "idle_disarmed", "preset": "airplane_single", "single_auto": true, "ts": 1783058541.884}
{"armed": false, "event": "idle_disarmed", "preset": "airplane_single", "single_auto": true, "ts": 1783058541.884}
{"armed": false, "event": "idle_disarmed", "preset": "airplane_single", "single_auto": true, "ts": 1783058542.886}
{"armed": false, "event": "idle_disarmed", "preset": "airplane_single", "single_auto": true, "ts": 1783058542.886}
{"armed": false, "event": "idle_disarmed", "preset": "airplane_single", "single_auto": true, "ts": 1783058543.889}
{"armed": false, "event": "idle_disarmed", "preset": "airplane_single", "single_auto": true, "ts": 1783058543.889}
{"armed": false, "event": "idle_disarmed", "preset": "airplane_single", "single_auto": true, "ts": 1783058544.892}
{"armed": false, "event": "idle_disarmed", "preset": "airplane_single", "single_auto": true, "ts": 1783058544.892}
{"armed": false, "event": "idle_disarmed", "preset": "airplane_single", "single_auto": true, "ts": 1783058545.894}
{"armed": false, "event": "idle_disarmed", "preset": "airplane_single", "single_auto": true, "ts": 1783058545.894}
{"armed": false, "event": "idle_disarmed", "preset": "airplane_single", "single_auto": true, "ts": 1783058546.897}
{"armed": false, "event": "idle_disarmed", "preset": "airplane_single", "single_auto": true, "ts": 1783058546.897}
{"armed": false, "event": "idle_disarmed", "preset": "airplane_single", "single_auto": true, "ts": 1783058547.9}
{"armed": false, "event": "idle_disarmed", "preset": "airplane_single", "single_auto": true, "ts": 1783058547.9}
{"armed": false, "event": "idle_disarmed", "preset": "airplane_single", "single_auto": true, "ts": 1783058548.903}
{"armed": false, "event": "idle_disarmed", "preset": "airplane_single", "single_auto": true, "ts": 1783058548.903}
{"armed": false, "event": "idle_disarmed", "preset": "airplane_single", "single_auto": true, "ts": 1783058549.906}
{"armed": false, "event": "idle_disarmed", "preset": "airplane_single", "single_auto": true, "ts": 1783058549.906}
{"armed": false, "event": "idle_disarmed", "preset": "airplane_single", "single_auto": true, "ts": 1783058550.909}
{"armed": false, "event": "idle_disarmed", "preset": "airplane_single", "single_auto": true, "ts": 1783058550.909}
{"armed": false, "event": "idle_disarmed", "preset": "airplane_single", "single_auto": true, "ts": 1783058551.911}
{"armed": false, "event": "idle_disarmed", "preset": "airplane_single", "single_auto": true, "ts": 1783058551.911}
{"armed": false, "event": "idle_disarmed", "preset": "airplane_single", "single_auto": true, "ts": 1783058552.914}
{"armed": false, "event": "idle_disarmed", "preset": "airplane_single", "single_auto": true, "ts": 1783058552.914}
{"armed": false, "event": "idle_disarmed", "preset": "airplane_single", "single_auto": true, "ts": 1783058553.917}
{"armed": false, "event": "idle_disarmed", "preset": "airplane_single", "single_auto": true, "ts": 1783058553.917}
{"armed": false, "event": "idle_disarmed", "preset": "airplane_single", "single_auto": true, "ts": 1783058554.919}
{"armed": false, "event": "idle_disarmed", "preset": "airplane_single", "single_auto": true, "ts": 1783058554.919}
{"armed": false, "event": "idle_disarmed", "preset": "airplane_single", "single_auto": true, "ts": 1783058555.922}
{"armed": false, "event": "idle_disarmed", "preset": "airplane_single", "single_auto": true, "ts": 1783058555.922}
{"armed": false, "event": "idle_disarmed", "preset": "airplane_single", "single_auto": true, "ts": 1783058556.925}
{"armed": false, "event": "idle_disarmed", "preset": "airplane_single", "single_auto": true, "ts": 1783058556.925}
{"armed": false, "event": "idle_disarmed", "preset": "airplane_single", "single_auto": true, "ts": 1783058557.927}
{"armed": false, "event": "idle_disarmed", "preset": "airplane_single", "single_auto": true, "ts": 1783058557.927}
{"armed": false, "event": "idle_disarmed", "preset": "airplane_single", "single_auto": true, "ts": 1783058558.93}
{"armed": false, "event": "idle_disarmed", "preset": "airplane_single", "single_auto": true, "ts": 1783058558.93}
{"armed": false, "event": "idle_disarmed", "preset": "airplane_single", "single_auto": true, "ts": 1783058559.933}
{"armed": false, "event": "idle_disarmed", "preset": "airplane_single", "single_auto": true, "ts": 1783058559.933}
{"armed": false, "event": "idle_disarmed", "preset": "airplane_single", "single_auto": true, "ts": 1783058560.935}
{"armed": false, "event": "idle_disarmed", "preset": "airplane_single", "single_auto": true, "ts": 1783058560.935}
{"armed": false, "event": "idle_disarmed", "preset": "airplane_single", "single_auto": true, "ts": 1783058561.938}
{"armed": false, "event": "idle_disarmed", "preset": "airplane_single", "single_auto": true, "ts": 1783058561.938}
{"armed": false, "event": "idle_disarmed", "preset": "airplane_single", "single_auto": true, "ts": 1783058562.941}
{"armed": false, "event": "idle_disarmed", "preset": "airplane_single", "single_auto": true, "ts": 1783058562.941}
{"armed": false, "event": "idle_disarmed", "preset": "airplane_single", "single_auto": true, "ts": 1783058563.943}
{"armed": false, "event": "idle_disarmed", "preset": "airplane_single", "single_auto": true, "ts": 1783058563.943}
{"armed": false, "event": "idle_disarmed", "preset": "airplane_single", "single_auto": true, "ts": 1783058564.946}
{"armed": false, "event": "idle_disarmed", "preset": "airplane_single", "single_auto": true, "ts": 1783058564.946}
{"armed": false, "event": "idle_disarmed", "preset": "airplane_single", "single_auto": true, "ts": 1783058565.948}
{"armed": false, "event": "idle_disarmed", "preset": "airplane_single", "single_auto": true, "ts": 1783058565.948}
{"armed": false, "event": "idle_disarmed", "preset": "airplane_single", "single_auto": true, "ts": 1783058566.951}
{"armed": false, "event": "idle_disarmed", "preset": "airplane_single", "single_auto": true, "ts": 1783058566.951}
{"armed": false, "event": "idle_disarmed", "preset": "airplane_single", "single_auto": true, "ts": 1783058567.954}
{"armed": false, "event": "idle_disarmed", "preset": "airplane_single", "single_auto": true, "ts": 1783058567.954}
{"armed": false, "event": "idle_disarmed", "preset": "airplane_single", "single_auto": true, "ts": 1783058568.957}
{"armed": false, "event": "idle_disarmed", "preset": "airplane_single", "single_auto": true, "ts": 1783058568.957}
{"armed": false, "event": "idle_disarmed", "preset": "airplane_single", "single_auto": true, "ts": 1783058569.96}
{"armed": false, "event": "idle_disarmed", "preset": "airplane_single", "single_auto": true, "ts": 1783058569.96}
{"armed": false, "event": "idle_disarmed", "preset": "airplane_single", "single_auto": true, "ts": 1783058570.963}
{"armed": false, "event": "idle_disarmed", "preset": "airplane_single", "single_auto": true, "ts": 1783058570.963}
{"armed": false, "event": "idle_disarmed", "preset": "airplane_single", "single_auto": true, "ts": 1783058571.966}
{"armed": false, "event": "idle_disarmed", "preset": "airplane_single", "single_auto": true, "ts": 1783058571.966}
{"armed": false, "event": "idle_disarmed", "preset": "airplane_single", "single_auto": true, "ts": 1783058572.969}
{"armed": false, "event": "idle_disarmed", "preset": "airplane_single", "single_auto": true, "ts": 1783058572.969}
{"armed": false, "event": "idle_disarmed", "preset": "airplane_single", "single_auto": true, "ts": 1783058573.972}
{"armed": false, "event": "idle_disarmed", "preset": "airplane_single", "single_auto": true, "ts": 1783058573.972}
{"armed": false, "event": "idle_disarmed", "preset": "airplane_single", "single_auto": true, "ts": 1783058574.974}
{"armed": false, "event": "idle_disarmed", "preset": "airplane_single", "single_auto": true, "ts": 1783058574.974}
{"armed": false, "event": "idle_disarmed", "preset": "airplane_single", "single_auto": true, "ts": 1783058575.977}
{"armed": false, "event": "idle_disarmed", "preset": "airplane_single", "single_auto": true, "ts": 1783058575.977}
{"armed": false, "event": "idle_disarmed", "preset": "airplane_single", "single_auto": true, "ts": 1783058576.98}
{"armed": false, "event": "idle_disarmed", "preset": "airplane_single", "single_auto": true, "ts": 1783058576.98}
{"armed": false, "event": "idle_disarmed", "preset": "airplane_single", "single_auto": true, "ts": 1783058577.983}
{"armed": false, "event": "idle_disarmed", "preset": "airplane_single", "single_auto": true, "ts": 1783058577.983}
{"armed": false, "event": "idle_disarmed", "preset": "airplane_single", "single_auto": true, "ts": 1783058578.985}
{"armed": false, "event": "idle_disarmed", "preset": "airplane_single", "single_auto": true, "ts": 1783058578.985}
{"armed": false, "event": "idle_disarmed", "preset": "airplane_single", "single_auto": true, "ts": 1783058579.988}
{"armed": false, "event": "idle_disarmed", "preset": "airplane_single", "single_auto": true, "ts": 1783058579.988}
{"armed": false, "event": "idle_disarmed", "preset": "airplane_single", "single_auto": true, "ts": 1783058580.991}
{"armed": false, "event": "idle_disarmed", "preset": "airplane_single", "single_auto": true, "ts": 1783058580.991}
{"armed": false, "event": "idle_disarmed", "preset": "airplane_single", "single_auto": true, "ts": 1783058581.993}
{"armed": false, "event": "idle_disarmed", "preset": "airplane_single", "single_auto": true, "ts": 1783058581.993}
{"armed": false, "event": "idle_disarmed", "preset": "airplane_single", "single_auto": true, "ts": 1783058582.996}
{"armed": false, "event": "idle_disarmed", "preset": "airplane_single", "single_auto": true, "ts": 1783058582.996}
{"armed": false, "event": "idle_disarmed", "preset": "airplane_single", "single_auto": true, "ts": 1783058583.999}
{"armed": false, "event": "idle_disarmed", "preset": "airplane_single", "single_auto": true, "ts": 1783058583.999}
{"armed": false, "event": "idle_disarmed", "preset": "airplane_single", "single_auto": true, "ts": 1783058585.001}
{"armed": false, "event": "idle_disarmed", "preset": "airplane_single", "single_auto": true, "ts": 1783058585.001}
{"armed": false, "event": "idle_disarmed", "preset": "airplane_single", "single_auto": true, "ts": 1783058586.004}
{"armed": false, "event": "idle_disarmed", "preset": "airplane_single", "single_auto": true, "ts": 1783058586.004}
{"armed": false, "event": "idle_disarmed", "preset": "airplane_single", "single_auto": true, "ts": 1783058587.006}
{"armed": false, "event": "idle_disarmed", "preset": "airplane_single", "single_auto": true, "ts": 1783058587.006}
{"armed": false, "event": "idle_disarmed", "preset": "airplane_single", "single_auto": true, "ts": 1783058588.009}
{"armed": false, "event": "idle_disarmed", "preset": "airplane_single", "single_auto": true, "ts": 1783058588.009}
{"armed": false, "event": "idle_disarmed", "preset": "airplane_single", "single_auto": true, "ts": 1783058589.012}
{"armed": false, "event": "idle_disarmed", "preset": "airplane_single", "single_auto": true, "ts": 1783058589.012}
{"armed": false, "event": "idle_disarmed", "preset": "airplane_single", "single_auto": true, "ts": 1783058590.014}
{"armed": false, "event": "idle_disarmed", "preset": "airplane_single", "single_auto": true, "ts": 1783058590.014}
{"armed": false, "event": "idle_disarmed", "preset": "airplane_single", "single_auto": true, "ts": 1783058591.017}
{"armed": false, "event": "idle_disarmed", "preset": "airplane_single", "single_auto": true, "ts": 1783058591.017}
{"armed": false, "event": "idle_disarmed", "preset": "airplane_single", "single_auto": true, "ts": 1783058592.02}
{"armed": false, "event": "idle_disarmed", "preset": "airplane_single", "single_auto": true, "ts": 1783058592.02}
{"armed": false, "event": "idle_disarmed", "preset": "airplane_single", "single_auto": true, "ts": 1783058593.022}
{"armed": false, "event": "idle_disarmed", "preset": "airplane_single", "single_auto": true, "ts": 1783058593.022}
{"armed": false, "event": "idle_disarmed", "preset": "airplane_single", "single_auto": true, "ts": 1783058594.025}
{"armed": false, "event": "idle_disarmed", "preset": "airplane_single", "single_auto": true, "ts": 1783058594.025}
{"armed": false, "event": "idle_disarmed", "preset": "airplane_single", "single_auto": true, "ts": 1783058595.028}
{"armed": false, "event": "idle_disarmed", "preset": "airplane_single", "single_auto": true, "ts": 1783058595.028}
{"armed": false, "event": "idle_disarmed", "preset": "airplane_single", "single_auto": true, "ts": 1783058596.031}
{"armed": false, "event": "idle_disarmed", "preset": "airplane_single", "single_auto": true, "ts": 1783058596.031}
{"armed": false, "event": "idle_disarmed", "preset": "airplane_single", "single_auto": true, "ts": 1783058597.034}
{"armed": false, "event": "idle_disarmed", "preset": "airplane_single", "single_auto": true, "ts": 1783058597.034}
{"armed": false, "event": "idle_disarmed", "preset": "airplane_single", "single_auto": true, "ts": 1783058598.036}
{"armed": false, "event": "idle_disarmed", "preset": "airplane_single", "single_auto": true, "ts": 1783058598.036}
{"armed": false, "event": "idle_disarmed", "preset": "airplane_single", "single_auto": true, "ts": 1783058599.039}
{"armed": false, "event": "idle_disarmed", "preset": "airplane_single", "single_auto": true, "ts": 1783058599.039}
{"armed": false, "event": "idle_disarmed", "preset": "airplane_single", "single_auto": true, "ts": 1783058600.042}
{"armed": false, "event": "idle_disarmed", "preset": "airplane_single", "single_auto": true, "ts": 1783058600.042}
{"armed": false, "event": "idle_disarmed", "preset": "airplane_single", "single_auto": true, "ts": 1783058601.044}
{"armed": false, "event": "idle_disarmed", "preset": "airplane_single", "single_auto": true, "ts": 1783058601.044}
{"armed": false, "event": "idle_disarmed", "preset": "airplane_single", "single_auto": true, "ts": 1783058602.047}
{"armed": false, "event": "idle_disarmed", "preset": "airplane_single", "single_auto": true, "ts": 1783058602.047}
{"armed": false, "event": "idle_disarmed", "preset": "airplane_single", "single_auto": true, "ts": 1783058603.05}
{"armed": false, "event": "idle_disarmed", "preset": "airplane_single", "single_auto": true, "ts": 1783058603.05}
{"armed": false, "event": "idle_disarmed", "preset": "airplane_single", "single_auto": true, "ts": 1783058604.052}
{"armed": false, "event": "idle_disarmed", "preset": "airplane_single", "single_auto": true, "ts": 1783058604.052}
{"armed": false, "event": "idle_disarmed", "preset": "airplane_single", "single_auto": true, "ts": 1783058605.055}
{"armed": false, "event": "idle_disarmed", "preset": "airplane_single", "single_auto": true, "ts": 1783058605.055}
{"armed": false, "event": "idle_disarmed", "preset": "airplane_single", "single_auto": true, "ts": 1783058606.058}
{"armed": false, "event": "idle_disarmed", "preset": "airplane_single", "single_auto": true, "ts": 1783058606.058}
{"armed": false, "event": "idle_disarmed", "preset": "airplane_single", "single_auto": true, "ts": 1783058607.06}
{"armed": false, "event": "idle_disarmed", "preset": "airplane_single", "single_auto": true, "ts": 1783058607.06}
{"armed": false, "event": "idle_disarmed", "preset": "airplane_single", "single_auto": true, "ts": 1783058608.063}
{"armed": false, "event": "idle_disarmed", "preset": "airplane_single", "single_auto": true, "ts": 1783058608.063}
{"armed": false, "event": "idle_disarmed", "preset": "airplane_single", "single_auto": true, "ts": 1783058609.065}
{"armed": false, "event": "idle_disarmed", "preset": "airplane_single", "single_auto": true, "ts": 1783058609.065}
{"armed": false, "event": "idle_disarmed", "preset": "airplane_single", "single_auto": true, "ts": 1783058610.068}
{"armed": false, "event": "idle_disarmed", "preset": "airplane_single", "single_auto": true, "ts": 1783058610.068}
{"armed": false, "event": "idle_disarmed", "preset": "airplane_single", "single_auto": true, "ts": 1783058611.071}
{"armed": false, "event": "idle_disarmed", "preset": "airplane_single", "single_auto": true, "ts": 1783058611.071}
{"armed": false, "event": "idle_disarmed", "preset": "airplane_single", "single_auto": true, "ts": 1783058612.074}
{"armed": false, "event": "idle_disarmed", "preset": "airplane_single", "single_auto": true, "ts": 1783058612.074}
{"armed": false, "event": "idle_disarmed", "preset": "airplane_single", "single_auto": true, "ts": 1783058613.076}
{"armed": false, "event": "idle_disarmed", "preset": "airplane_single", "single_auto": true, "ts": 1783058613.076}
{"armed": false, "event": "idle_disarmed", "preset": "airplane_single", "single_auto": true, "ts": 1783058614.079}
{"armed": false, "event": "idle_disarmed", "preset": "airplane_single", "single_auto": true, "ts": 1783058614.079}
{"armed": false, "event": "idle_disarmed", "preset": "airplane_single", "single_auto": true, "ts": 1783058615.082}
{"armed": false, "event": "idle_disarmed", "preset": "airplane_single", "single_auto": true, "ts": 1783058615.082}
{"armed": false, "event": "idle_disarmed", "preset": "airplane_single", "single_auto": true, "ts": 1783058616.084}
{"armed": false, "event": "idle_disarmed", "preset": "airplane_single", "single_auto": true, "ts": 1783058616.084}
{"armed": false, "event": "idle_disarmed", "preset": "airplane_single", "single_auto": true, "ts": 1783058617.087}
{"armed": false, "event": "idle_disarmed", "preset": "airplane_single", "single_auto": true, "ts": 1783058617.087}
{"armed": false, "event": "idle_disarmed", "preset": "airplane_single", "single_auto": true, "ts": 1783058618.09}
{"armed": false, "event": "idle_disarmed", "preset": "airplane_single", "single_auto": true, "ts": 1783058618.09}
{"armed": false, "event": "idle_disarmed", "preset": "airplane_single", "single_auto": true, "ts": 1783058619.092}
{"armed": false, "event": "idle_disarmed", "preset": "airplane_single", "single_auto": true, "ts": 1783058619.092}
{"armed": false, "event": "idle_disarmed", "preset": "airplane_single", "single_auto": true, "ts": 1783058620.095}
{"armed": false, "event": "idle_disarmed", "preset": "airplane_single", "single_auto": true, "ts": 1783058620.095}
{"armed": false, "event": "idle_disarmed", "preset": "airplane_single", "single_auto": true, "ts": 1783058621.098}
{"armed": false, "event": "idle_disarmed", "preset": "airplane_single", "single_auto": true, "ts": 1783058621.098}
{"armed": false, "event": "idle_disarmed", "preset": "airplane_single", "single_auto": true, "ts": 1783058622.1}
{"armed": false, "event": "idle_disarmed", "preset": "airplane_single", "single_auto": true, "ts": 1783058622.1}
{"armed": false, "event": "idle_disarmed", "preset": "airplane_single", "single_auto": true, "ts": 1783058623.103}
{"armed": false, "event": "idle_disarmed", "preset": "airplane_single", "single_auto": true, "ts": 1783058623.103}
{"armed": false, "event": "idle_disarmed", "preset": "airplane_single", "single_auto": true, "ts": 1783058624.106}
{"armed": false, "event": "idle_disarmed", "preset": "airplane_single", "single_auto": true, "ts": 1783058624.106}
{"armed": false, "event": "idle_disarmed", "preset": "airplane_single", "single_auto": true, "ts": 1783058625.108}
{"armed": false, "event": "idle_disarmed", "preset": "airplane_single", "single_auto": true, "ts": 1783058625.108}
{"armed": false, "event": "idle_disarmed", "preset": "airplane_single", "single_auto": true, "ts": 1783058626.111}
{"armed": false, "event": "idle_disarmed", "preset": "airplane_single", "single_auto": true, "ts": 1783058626.111}
{"armed": false, "event": "idle_disarmed", "preset": "airplane_single", "single_auto": true, "ts": 1783058627.114}
{"armed": false, "event": "idle_disarmed", "preset": "airplane_single", "single_auto": true, "ts": 1783058627.114}
{"armed": false, "event": "idle_disarmed", "preset": "airplane_single", "single_auto": true, "ts": 1783058628.116}
{"armed": false, "event": "idle_disarmed", "preset": "airplane_single", "single_auto": true, "ts": 1783058628.116}
{"armed": false, "event": "idle_disarmed", "preset": "airplane_single", "single_auto": true, "ts": 1783058629.119}
{"armed": false, "event": "idle_disarmed", "preset": "airplane_single", "single_auto": true, "ts": 1783058629.119}
{"armed": false, "event": "idle_disarmed", "preset": "airplane_single", "single_auto": true, "ts": 1783058630.121}
{"armed": false, "event": "idle_disarmed", "preset": "airplane_single", "single_auto": true, "ts": 1783058630.121}
{"armed": false, "event": "idle_disarmed", "preset": "airplane_single", "single_auto": true, "ts": 1783058631.124}
{"armed": false, "event": "idle_disarmed", "preset": "airplane_single", "single_auto": true, "ts": 1783058631.124}
{"armed": false, "event": "idle_disarmed", "preset": "airplane_single", "single_auto": true, "ts": 1783058632.126}
{"armed": false, "event": "idle_disarmed", "preset": "airplane_single", "single_auto": true, "ts": 1783058632.126}
{"armed": false, "event": "idle_disarmed", "preset": "airplane_single", "single_auto": true, "ts": 1783058633.129}
{"armed": false, "event": "idle_disarmed", "preset": "airplane_single", "single_auto": true, "ts": 1783058633.129}
{"armed": false, "event": "idle_disarmed", "preset": "airplane_single", "single_auto": true, "ts": 1783058634.132}
{"armed": false, "event": "idle_disarmed", "preset": "airplane_single", "single_auto": true, "ts": 1783058634.132}
{"armed": false, "event": "idle_disarmed", "preset": "airplane_single", "single_auto": true, "ts": 1783058635.135}
{"armed": false, "event": "idle_disarmed", "preset": "airplane_single", "single_auto": true, "ts": 1783058635.135}
{"armed": false, "event": "idle_disarmed", "preset": "airplane_single", "single_auto": true, "ts": 1783058636.138}
{"armed": false, "event": "idle_disarmed", "preset": "airplane_single", "single_auto": true, "ts": 1783058636.138}
{"armed": false, "event": "idle_disarmed", "preset": "airplane_single", "single_auto": true, "ts": 1783058637.14}
{"armed": false, "event": "idle_disarmed", "preset": "airplane_single", "single_auto": true, "ts": 1783058637.14}
{"armed": false, "event": "idle_disarmed", "preset": "airplane_single", "single_auto": true, "ts": 1783058638.143}
{"armed": false, "event": "idle_disarmed", "preset": "airplane_single", "single_auto": true, "ts": 1783058638.143}
{"armed": false, "event": "idle_disarmed", "preset": "airplane_single", "single_auto": true, "ts": 1783058639.146}
{"armed": false, "event": "idle_disarmed", "preset": "airplane_single", "single_auto": true, "ts": 1783058639.146}
{"armed": false, "event": "idle_disarmed", "preset": "airplane_single", "single_auto": true, "ts": 1783058640.148}
{"armed": false, "event": "idle_disarmed", "preset": "airplane_single", "single_auto": true, "ts": 1783058640.148}
{"armed": false, "event": "idle_disarmed", "preset": "airplane_single", "single_auto": true, "ts": 1783058641.151}
{"armed": false, "event": "idle_disarmed", "preset": "airplane_single", "single_auto": true, "ts": 1783058641.151}
{"armed": false, "event": "idle_disarmed", "preset": "airplane_single", "single_auto": true, "ts": 1783058642.153}
{"armed": false, "event": "idle_disarmed", "preset": "airplane_single", "single_auto": true, "ts": 1783058642.153}
{"armed": false, "event": "idle_disarmed", "preset": "airplane_single", "single_auto": true, "ts": 1783058643.155}
{"armed": false, "event": "idle_disarmed", "preset": "airplane_single", "single_auto": true, "ts": 1783058643.155}
{"armed": false, "event": "idle_disarmed", "preset": "airplane_single", "single_auto": true, "ts": 1783058644.158}
{"armed": false, "event": "idle_disarmed", "preset": "airplane_single", "single_auto": true, "ts": 1783058644.158}
{"armed": false, "event": "idle_disarmed", "preset": "airplane_single", "single_auto": true, "ts": 1783058645.16}
{"armed": false, "event": "idle_disarmed", "preset": "airplane_single", "single_auto": true, "ts": 1783058645.16}
{"armed": false, "event": "idle_disarmed", "preset": "airplane_single", "single_auto": true, "ts": 1783058646.163}
{"armed": false, "event": "idle_disarmed", "preset": "airplane_single", "single_auto": true, "ts": 1783058646.163}
{"armed": false, "event": "idle_disarmed", "preset": "airplane_single", "single_auto": true, "ts": 1783058647.165}
{"armed": false, "event": "idle_disarmed", "preset": "airplane_single", "single_auto": true, "ts": 1783058647.165}
{"armed": false, "event": "idle_disarmed", "preset": "airplane_single", "single_auto": true, "ts": 1783058648.167}
{"armed": false, "event": "idle_disarmed", "preset": "airplane_single", "single_auto": true, "ts": 1783058648.167}
{"armed": false, "event": "idle_disarmed", "preset": "airplane_single", "single_auto": true, "ts": 1783058649.17}
{"armed": false, "event": "idle_disarmed", "preset": "airplane_single", "single_auto": true, "ts": 1783058649.17}
{"armed": false, "event": "idle_disarmed", "preset": "airplane_single", "single_auto": true, "ts": 1783058650.172}
{"armed": false, "event": "idle_disarmed", "preset": "airplane_single", "single_auto": true, "ts": 1783058650.172}
{"armed": false, "event": "idle_disarmed", "preset": "airplane_single", "single_auto": true, "ts": 1783058651.175}
{"armed": false, "event": "idle_disarmed", "preset": "airplane_single", "single_auto": true, "ts": 1783058651.175}
{"armed": false, "event": "idle_disarmed", "preset": "airplane_single", "single_auto": true, "ts": 1783058652.177}
{"armed": false, "event": "idle_disarmed", "preset": "airplane_single", "single_auto": true, "ts": 1783058652.177}
{"armed": false, "event": "idle_disarmed", "preset": "airplane_single", "single_auto": true, "ts": 1783058653.18}
{"armed": false, "event": "idle_disarmed", "preset": "airplane_single", "single_auto": true, "ts": 1783058653.18}
{"armed": false, "event": "idle_disarmed", "preset": "airplane_single", "single_auto": true, "ts": 1783058654.182}
{"armed": false, "event": "idle_disarmed", "preset": "airplane_single", "single_auto": true, "ts": 1783058654.182}
{"armed": false, "event": "idle_disarmed", "preset": "airplane_single", "single_auto": true, "ts": 1783058655.184}
{"armed": false, "event": "idle_disarmed", "preset": "airplane_single", "single_auto": true, "ts": 1783058655.184}
{"armed": false, "event": "idle_disarmed", "preset": "airplane_single", "single_auto": true, "ts": 1783058656.187}
{"armed": false, "event": "idle_disarmed", "preset": "airplane_single", "single_auto": true, "ts": 1783058656.187}
{"armed": false, "event": "idle_disarmed", "preset": "airplane_single", "single_auto": true, "ts": 1783058657.189}
{"armed": false, "event": "idle_disarmed", "preset": "airplane_single", "single_auto": true, "ts": 1783058657.189}
{"armed": false, "event": "idle_disarmed", "preset": "airplane_single", "single_auto": true, "ts": 1783058658.191}
{"armed": false, "event": "idle_disarmed", "preset": "airplane_single", "single_auto": true, "ts": 1783058658.191}
{"armed": false, "event": "idle_disarmed", "preset": "airplane_single", "single_auto": true, "ts": 1783058659.194}
{"armed": false, "event": "idle_disarmed", "preset": "airplane_single", "single_auto": true, "ts": 1783058659.194}
{"armed": false, "event": "idle_disarmed", "preset": "airplane_single", "single_auto": true, "ts": 1783058660.196}
{"armed": false, "event": "idle_disarmed", "preset": "airplane_single", "single_auto": true, "ts": 1783058660.196}
{"armed": false, "event": "idle_disarmed", "preset": "airplane_single", "single_auto": true, "ts": 1783058661.199}
{"armed": false, "event": "idle_disarmed", "preset": "airplane_single", "single_auto": true, "ts": 1783058661.199}
{"armed": false, "event": "idle_disarmed", "preset": "airplane_single", "single_auto": true, "ts": 1783058662.201}
{"armed": false, "event": "idle_disarmed", "preset": "airplane_single", "single_auto": true, "ts": 1783058662.201}
{"armed": false, "event": "idle_disarmed", "preset": "airplane_single", "single_auto": true, "ts": 1783058663.204}
{"armed": false, "event": "idle_disarmed", "preset": "airplane_single", "single_auto": true, "ts": 1783058663.204}
{"armed": false, "event": "idle_disarmed", "preset": "airplane_single", "single_auto": true, "ts": 1783058664.206}
{"armed": false, "event": "idle_disarmed", "preset": "airplane_single", "single_auto": true, "ts": 1783058664.206}
{"armed": false, "event": "idle_disarmed", "preset": "airplane_single", "single_auto": true, "ts": 1783058665.208}
{"armed": false, "event": "idle_disarmed", "preset": "airplane_single", "single_auto": true, "ts": 1783058665.208}
{"armed": false, "event": "idle_disarmed", "preset": "airplane_single", "single_auto": true, "ts": 1783058666.211}
{"armed": false, "event": "idle_disarmed", "preset": "airplane_single", "single_auto": true, "ts": 1783058666.211}
{"armed": false, "event": "idle_disarmed", "preset": "airplane_single", "single_auto": true, "ts": 1783058667.213}
{"armed": false, "event": "idle_disarmed", "preset": "airplane_single", "single_auto": true, "ts": 1783058667.213}
{"armed": false, "event": "idle_disarmed", "preset": "airplane_single", "single_auto": true, "ts": 1783058668.216}
{"armed": false, "event": "idle_disarmed", "preset": "airplane_single", "single_auto": true, "ts": 1783058668.216}
{"armed": false, "event": "idle_disarmed", "preset": "airplane_single", "single_auto": true, "ts": 1783058669.218}
{"armed": false, "event": "idle_disarmed", "preset": "airplane_single", "single_auto": true, "ts": 1783058669.218}
{"armed": false, "event": "idle_disarmed", "preset": "airplane_single", "single_auto": true, "ts": 1783058670.221}
{"armed": false, "event": "idle_disarmed", "preset": "airplane_single", "single_auto": true, "ts": 1783058670.221}
{"armed": false, "event": "idle_disarmed", "preset": "airplane_single", "single_auto": true, "ts": 1783058671.223}
{"armed": false, "event": "idle_disarmed", "preset": "airplane_single", "single_auto": true, "ts": 1783058671.223}
{"armed": false, "event": "idle_disarmed", "preset": "airplane_single", "single_auto": true, "ts": 1783058672.226}
{"armed": false, "event": "idle_disarmed", "preset": "airplane_single", "single_auto": true, "ts": 1783058672.226}
{"armed": false, "event": "idle_disarmed", "preset": "airplane_single", "single_auto": true, "ts": 1783058673.228}
{"armed": false, "event": "idle_disarmed", "preset": "airplane_single", "single_auto": true, "ts": 1783058673.228}
{"armed": false, "event": "idle_disarmed", "preset": "airplane_single", "single_auto": true, "ts": 1783058674.231}
{"armed": false, "event": "idle_disarmed", "preset": "airplane_single", "single_auto": true, "ts": 1783058674.231}
{"armed": false, "event": "idle_disarmed", "preset": "airplane_single", "single_auto": true, "ts": 1783058675.233}
{"armed": false, "event": "idle_disarmed", "preset": "airplane_single", "single_auto": true, "ts": 1783058675.233}
{"armed": false, "event": "idle_disarmed", "preset": "airplane_single", "single_auto": true, "ts": 1783058676.235}
{"armed": false, "event": "idle_disarmed", "preset": "airplane_single", "single_auto": true, "ts": 1783058676.235}
{"armed": false, "event": "idle_disarmed", "preset": "airplane_single", "single_auto": true, "ts": 1783058677.238}
{"armed": false, "event": "idle_disarmed", "preset": "airplane_single", "single_auto": true, "ts": 1783058677.238}
{"armed": false, "event": "idle_disarmed", "preset": "airplane_single", "single_auto": true, "ts": 1783058678.24}
{"armed": false, "event": "idle_disarmed", "preset": "airplane_single", "single_auto": true, "ts": 1783058678.24}
{"armed": false, "event": "idle_disarmed", "preset": "airplane_single", "single_auto": true, "ts": 1783058679.242}
{"armed": false, "event": "idle_disarmed", "preset": "airplane_single", "single_auto": true, "ts": 1783058679.242}
{"armed": false, "event": "idle_disarmed", "preset": "airplane_single", "single_auto": true, "ts": 1783058680.245}
{"armed": false, "event": "idle_disarmed", "preset": "airplane_single", "single_auto": true, "ts": 1783058680.245}
{"armed": false, "event": "idle_disarmed", "preset": "airplane_single", "single_auto": true, "ts": 1783058681.247}
{"armed": false, "event": "idle_disarmed", "preset": "airplane_single", "single_auto": true, "ts": 1783058681.247}
{"armed": false, "event": "idle_disarmed", "preset": "airplane_single", "single_auto": true, "ts": 1783058682.25}
{"armed": false, "event": "idle_disarmed", "preset": "airplane_single", "single_auto": true, "ts": 1783058682.25}
{"armed": false, "event": "idle_disarmed", "preset": "airplane_single", "single_auto": true, "ts": 1783058683.252}
{"armed": false, "event": "idle_disarmed", "preset": "airplane_single", "single_auto": true, "ts": 1783058683.252}
{"armed": false, "event": "idle_disarmed", "preset": "airplane_single", "single_auto": true, "ts": 1783058684.254}
{"armed": false, "event": "idle_disarmed", "preset": "airplane_single", "single_auto": true, "ts": 1783058684.254}
{"armed": false, "event": "idle_disarmed", "preset": "airplane_single", "single_auto": true, "ts": 1783058685.257}
{"armed": false, "event": "idle_disarmed", "preset": "airplane_single", "single_auto": true, "ts": 1783058685.257}
{"armed": false, "event": "idle_disarmed", "preset": "airplane_single", "single_auto": true, "ts": 1783058686.259}
{"armed": false, "event": "idle_disarmed", "preset": "airplane_single", "single_auto": true, "ts": 1783058686.259}
{"armed": false, "event": "idle_disarmed", "preset": "airplane_single", "single_auto": true, "ts": 1783058687.262}
{"armed": false, "event": "idle_disarmed", "preset": "airplane_single", "single_auto": true, "ts": 1783058687.262}
{"armed": false, "event": "idle_disarmed", "preset": "airplane_single", "single_auto": true, "ts": 1783058688.264}
{"armed": false, "event": "idle_disarmed", "preset": "airplane_single", "single_auto": true, "ts": 1783058688.264}
{"armed": false, "event": "idle_disarmed", "preset": "airplane_single", "single_auto": true, "ts": 1783058689.267}
{"armed": false, "event": "idle_disarmed", "preset": "airplane_single", "single_auto": true, "ts": 1783058689.267}
{"armed": false, "event": "idle_disarmed", "preset": "airplane_single", "single_auto": true, "ts": 1783058690.269}
{"armed": false, "event": "idle_disarmed", "preset": "airplane_single", "single_auto": true, "ts": 1783058690.269}
{"armed": false, "event": "idle_disarmed", "preset": "airplane_single", "single_auto": true, "ts": 1783058691.271}
{"armed": false, "event": "idle_disarmed", "preset": "airplane_single", "single_auto": true, "ts": 1783058691.271}
{"armed": false, "event": "idle_disarmed", "preset": "airplane_single", "single_auto": true, "ts": 1783058692.274}
{"armed": false, "event": "idle_disarmed", "preset": "airplane_single", "single_auto": true, "ts": 1783058692.274}
{"armed": false, "event": "idle_disarmed", "preset": "airplane_single", "single_auto": true, "ts": 1783058693.276}
{"armed": false, "event": "idle_disarmed", "preset": "airplane_single", "single_auto": true, "ts": 1783058693.276}
{"armed": false, "event": "idle_disarmed", "preset": "airplane_single", "single_auto": true, "ts": 1783058694.278}
{"armed": false, "event": "idle_disarmed", "preset": "airplane_single", "single_auto": true, "ts": 1783058694.278}
{"armed": false, "event": "idle_disarmed", "preset": "airplane_single", "single_auto": true, "ts": 1783058695.281}
{"armed": false, "event": "idle_disarmed", "preset": "airplane_single", "single_auto": true, "ts": 1783058695.281}
{"armed": false, "event": "idle_disarmed", "preset": "airplane_single", "single_auto": true, "ts": 1783058696.283}
{"armed": false, "event": "idle_disarmed", "preset": "airplane_single", "single_auto": true, "ts": 1783058696.283}
{"armed": false, "event": "idle_disarmed", "preset": "airplane_single", "single_auto": true, "ts": 1783058697.286}
{"armed": false, "event": "idle_disarmed", "preset": "airplane_single", "single_auto": true, "ts": 1783058697.286}
{"armed": false, "event": "idle_disarmed", "preset": "airplane_single", "single_auto": true, "ts": 1783058698.288}
{"armed": false, "event": "idle_disarmed", "preset": "airplane_single", "single_auto": true, "ts": 1783058698.288}
{"armed": false, "event": "idle_disarmed", "preset": "airplane_single", "single_auto": true, "ts": 1783058699.29}
{"armed": false, "event": "idle_disarmed", "preset": "airplane_single", "single_auto": true, "ts": 1783058699.29}
{"armed": false, "event": "idle_disarmed", "preset": "airplane_single", "single_auto": true, "ts": 1783058700.293}
{"armed": false, "event": "idle_disarmed", "preset": "airplane_single", "single_auto": true, "ts": 1783058700.293}
{"armed": false, "event": "idle_disarmed", "preset": "airplane_single", "single_auto": true, "ts": 1783058701.295}
{"armed": false, "event": "idle_disarmed", "preset": "airplane_single", "single_auto": true, "ts": 1783058701.295}
{"armed": false, "event": "idle_disarmed", "preset": "airplane_single", "single_auto": true, "ts": 1783058702.298}
{"armed": false, "event": "idle_disarmed", "preset": "airplane_single", "single_auto": true, "ts": 1783058702.298}
{"armed": false, "event": "idle_disarmed", "preset": "airplane_single", "single_auto": true, "ts": 1783058703.3}
{"armed": false, "event": "idle_disarmed", "preset": "airplane_single", "single_auto": true, "ts": 1783058703.3}
{"armed": false, "event": "idle_disarmed", "preset": "airplane_single", "single_auto": true, "ts": 1783058704.302}
{"armed": false, "event": "idle_disarmed", "preset": "airplane_single", "single_auto": true, "ts": 1783058704.302}
{"armed": false, "event": "idle_disarmed", "preset": "airplane_single", "single_auto": true, "ts": 1783058705.305}
{"armed": false, "event": "idle_disarmed", "preset": "airplane_single", "single_auto": true, "ts": 1783058705.305}
{"armed": false, "event": "idle_disarmed", "preset": "airplane_single", "single_auto": true, "ts": 1783058706.307}
{"armed": false, "event": "idle_disarmed", "preset": "airplane_single", "single_auto": true, "ts": 1783058706.307}
{"armed": false, "event": "idle_disarmed", "preset": "airplane_single", "single_auto": true, "ts": 1783058707.31}
{"armed": false, "event": "idle_disarmed", "preset": "airplane_single", "single_auto": true, "ts": 1783058707.31}
{"armed": false, "event": "idle_disarmed", "preset": "airplane_single", "single_auto": true, "ts": 1783058708.312}
{"armed": false, "event": "idle_disarmed", "preset": "airplane_single", "single_auto": true, "ts": 1783058708.312}
{"armed": false, "event": "idle_disarmed", "preset": "airplane_single", "single_auto": true, "ts": 1783058709.315}
{"armed": false, "event": "idle_disarmed", "preset": "airplane_single", "single_auto": true, "ts": 1783058709.315}
{"armed": false, "event": "idle_disarmed", "preset": "airplane_single", "single_auto": true, "ts": 1783058710.317}
{"armed": false, "event": "idle_disarmed", "preset": "airplane_single", "single_auto": true, "ts": 1783058710.317}
{"armed": false, "event": "idle_disarmed", "preset": "airplane_single", "single_auto": true, "ts": 1783058711.319}
{"armed": false, "event": "idle_disarmed", "preset": "airplane_single", "single_auto": true, "ts": 1783058711.319}
{"armed": false, "event": "idle_disarmed", "preset": "airplane_single", "single_auto": true, "ts": 1783058712.322}
{"armed": false, "event": "idle_disarmed", "preset": "airplane_single", "single_auto": true, "ts": 1783058712.322}
{"armed": false, "event": "idle_disarmed", "preset": "airplane_single", "single_auto": true, "ts": 1783058713.324}
{"armed": false, "event": "idle_disarmed", "preset": "airplane_single", "single_auto": true, "ts": 1783058713.324}
{"armed": false, "event": "idle_disarmed", "preset": "airplane_single", "single_auto": true, "ts": 1783058714.327}
{"armed": false, "event": "idle_disarmed", "preset": "airplane_single", "single_auto": true, "ts": 1783058714.327}
{"armed": false, "event": "idle_disarmed", "preset": "airplane_single", "single_auto": true, "ts": 1783058715.329}
{"armed": false, "event": "idle_disarmed", "preset": "airplane_single", "single_auto": true, "ts": 1783058715.329}
{"armed": false, "event": "idle_disarmed", "preset": "airplane_single", "single_auto": true, "ts": 1783058716.332}
{"armed": false, "event": "idle_disarmed", "preset": "airplane_single", "single_auto": true, "ts": 1783058716.332}
{"armed": false, "event": "idle_disarmed", "preset": "airplane_single", "single_auto": true, "ts": 1783058717.335}
{"armed": false, "event": "idle_disarmed", "preset": "airplane_single", "single_auto": true, "ts": 1783058717.335}
{"armed": false, "event": "idle_disarmed", "preset": "airplane_single", "single_auto": true, "ts": 1783058718.337}
{"armed": false, "event": "idle_disarmed", "preset": "airplane_single", "single_auto": true, "ts": 1783058718.337}
{"armed": false, "event": "idle_disarmed", "preset": "airplane_single", "single_auto": true, "ts": 1783058719.34}
{"armed": false, "event": "idle_disarmed", "preset": "airplane_single", "single_auto": true, "ts": 1783058719.34}
{"armed": false, "event": "idle_disarmed", "preset": "airplane_single", "single_auto": true, "ts": 1783058720.343}
{"armed": false, "event": "idle_disarmed", "preset": "airplane_single", "single_auto": true, "ts": 1783058720.343}
{"armed": false, "event": "idle_disarmed", "preset": "airplane_single", "single_auto": true, "ts": 1783058721.345}
{"armed": false, "event": "idle_disarmed", "preset": "airplane_single", "single_auto": true, "ts": 1783058721.345}
{"armed": false, "event": "idle_disarmed", "preset": "airplane_single", "single_auto": true, "ts": 1783058722.348}
{"armed": false, "event": "idle_disarmed", "preset": "airplane_single", "single_auto": true, "ts": 1783058722.348}
{"armed": false, "event": "idle_disarmed", "preset": "airplane_single", "single_auto": true, "ts": 1783058723.351}
{"armed": false, "event": "idle_disarmed", "preset": "airplane_single", "single_auto": true, "ts": 1783058723.351}
{"armed": false, "event": "idle_disarmed", "preset": "airplane_single", "single_auto": true, "ts": 1783058724.354}
{"armed": false, "event": "idle_disarmed", "preset": "airplane_single", "single_auto": true, "ts": 1783058724.354}
{"armed": false, "event": "idle_disarmed", "preset": "airplane_single", "single_auto": true, "ts": 1783058725.357}
{"armed": false, "event": "idle_disarmed", "preset": "airplane_single", "single_auto": true, "ts": 1783058725.357}
{"armed": false, "event": "idle_disarmed", "preset": "airplane_single", "single_auto": true, "ts": 1783058726.359}
{"armed": false, "event": "idle_disarmed", "preset": "airplane_single", "single_auto": true, "ts": 1783058726.359}
{"armed": false, "event": "idle_disarmed", "preset": "airplane_single", "single_auto": true, "ts": 1783058727.362}
{"armed": false, "event": "idle_disarmed", "preset": "airplane_single", "single_auto": true, "ts": 1783058727.362}
{"armed": false, "event": "idle_disarmed", "preset": "airplane_single", "single_auto": true, "ts": 1783058728.365}
{"armed": false, "event": "idle_disarmed", "preset": "airplane_single", "single_auto": true, "ts": 1783058728.365}
{"armed": false, "event": "idle_disarmed", "preset": "airplane_single", "single_auto": true, "ts": 1783058729.367}
{"armed": false, "event": "idle_disarmed", "preset": "airplane_single", "single_auto": true, "ts": 1783058729.367}
{"armed": false, "event": "idle_disarmed", "preset": "airplane_single", "single_auto": true, "ts": 1783058730.37}
{"armed": false, "event": "idle_disarmed", "preset": "airplane_single", "single_auto": true, "ts": 1783058730.37}
{"armed": false, "event": "idle_disarmed", "preset": "airplane_single", "single_auto": true, "ts": 1783058731.372}
{"armed": false, "event": "idle_disarmed", "preset": "airplane_single", "single_auto": true, "ts": 1783058731.372}
{"armed": false, "event": "idle_disarmed", "preset": "airplane_single", "single_auto": true, "ts": 1783058732.375}
{"armed": false, "event": "idle_disarmed", "preset": "airplane_single", "single_auto": true, "ts": 1783058732.375}
{"armed": false, "event": "idle_disarmed", "preset": "airplane_single", "single_auto": true, "ts": 1783058733.378}
{"armed": false, "event": "idle_disarmed", "preset": "airplane_single", "single_auto": true, "ts": 1783058733.378}
{"armed": false, "event": "idle_disarmed", "preset": "airplane_single", "single_auto": true, "ts": 1783058734.38}
{"armed": false, "event": "idle_disarmed", "preset": "airplane_single", "single_auto": true, "ts": 1783058734.38}
{"armed": false, "event": "idle_disarmed", "preset": "airplane_single", "single_auto": true, "ts": 1783058735.383}
{"armed": false, "event": "idle_disarmed", "preset": "airplane_single", "single_auto": true, "ts": 1783058735.383}
{"armed": false, "event": "idle_disarmed", "preset": "airplane_single", "single_auto": true, "ts": 1783058736.386}
{"armed": false, "event": "idle_disarmed", "preset": "airplane_single", "single_auto": true, "ts": 1783058736.386}
{"armed": false, "event": "idle_disarmed", "preset": "airplane_single", "single_auto": true, "ts": 1783058737.388}
{"armed": false, "event": "idle_disarmed", "preset": "airplane_single", "single_auto": true, "ts": 1783058737.388}
{"armed": false, "event": "idle_disarmed", "preset": "airplane_single", "single_auto": true, "ts": 1783058738.391}
{"armed": false, "event": "idle_disarmed", "preset": "airplane_single", "single_auto": true, "ts": 1783058738.391}
{"armed": false, "event": "idle_disarmed", "preset": "airplane_single", "single_auto": true, "ts": 1783058739.394}
{"armed": false, "event": "idle_disarmed", "preset": "airplane_single", "single_auto": true, "ts": 1783058739.394}
{"armed": false, "event": "idle_disarmed", "preset": "airplane_single", "single_auto": true, "ts": 1783058740.396}
{"armed": false, "event": "idle_disarmed", "preset": "airplane_single", "single_auto": true, "ts": 1783058740.396}
{"armed": false, "event": "idle_disarmed", "preset": "airplane_single", "single_auto": true, "ts": 1783058741.399}
{"armed": false, "event": "idle_disarmed", "preset": "airplane_single", "single_auto": true, "ts": 1783058741.399}
{"armed": false, "event": "idle_disarmed", "preset": "airplane_single", "single_auto": true, "ts": 1783058742.402}
{"armed": false, "event": "idle_disarmed", "preset": "airplane_single", "single_auto": true, "ts": 1783058742.402}
{"armed": false, "event": "idle_disarmed", "preset": "airplane_single", "single_auto": true, "ts": 1783058743.404}
{"armed": false, "event": "idle_disarmed", "preset": "airplane_single", "single_auto": true, "ts": 1783058743.404}
{"armed": false, "event": "idle_disarmed", "preset": "airplane_single", "single_auto": true, "ts": 1783058744.407}
{"armed": false, "event": "idle_disarmed", "preset": "airplane_single", "single_auto": true, "ts": 1783058744.407}
{"armed": false, "event": "idle_disarmed", "preset": "airplane_single", "single_auto": true, "ts": 1783058745.41}
{"armed": false, "event": "idle_disarmed", "preset": "airplane_single", "single_auto": true, "ts": 1783058745.41}
{"armed": false, "event": "idle_disarmed", "preset": "airplane_single", "single_auto": true, "ts": 1783058746.413}
{"armed": false, "event": "idle_disarmed", "preset": "airplane_single", "single_auto": true, "ts": 1783058746.413}
{"armed": false, "event": "idle_disarmed", "preset": "airplane_single", "single_auto": true, "ts": 1783058747.415}
{"armed": false, "event": "idle_disarmed", "preset": "airplane_single", "single_auto": true, "ts": 1783058747.415}
{"armed": false, "event": "idle_disarmed", "preset": "airplane_single", "single_auto": true, "ts": 1783058748.418}
{"armed": false, "event": "idle_disarmed", "preset": "airplane_single", "single_auto": true, "ts": 1783058748.418}
{"armed": false, "event": "idle_disarmed", "preset": "airplane_single", "single_auto": true, "ts": 1783058749.421}
{"armed": false, "event": "idle_disarmed", "preset": "airplane_single", "single_auto": true, "ts": 1783058749.421}
{"armed": false, "event": "idle_disarmed", "preset": "airplane_single", "single_auto": true, "ts": 1783058750.424}
{"armed": false, "event": "idle_disarmed", "preset": "airplane_single", "single_auto": true, "ts": 1783058750.424}
{"armed": false, "event": "idle_disarmed", "preset": "airplane_single", "single_auto": true, "ts": 1783058751.427}
{"armed": false, "event": "idle_disarmed", "preset": "airplane_single", "single_auto": true, "ts": 1783058751.427}
{"armed": false, "event": "idle_disarmed", "preset": "airplane_single", "single_auto": true, "ts": 1783058752.429}
{"armed": false, "event": "idle_disarmed", "preset": "airplane_single", "single_auto": true, "ts": 1783058752.429}
{"armed": false, "event": "idle_disarmed", "preset": "airplane_single", "single_auto": true, "ts": 1783058753.432}
{"armed": false, "event": "idle_disarmed", "preset": "airplane_single", "single_auto": true, "ts": 1783058753.432}
{"armed": false, "event": "idle_disarmed", "preset": "airplane_single", "single_auto": true, "ts": 1783058754.435}
{"armed": false, "event": "idle_disarmed", "preset": "airplane_single", "single_auto": true, "ts": 1783058754.435}
{"armed": false, "event": "idle_disarmed", "preset": "airplane_single", "single_auto": true, "ts": 1783058755.438}
{"armed": false, "event": "idle_disarmed", "preset": "airplane_single", "single_auto": true, "ts": 1783058755.438}
{"armed": false, "event": "idle_disarmed", "preset": "airplane_single", "single_auto": true, "ts": 1783058756.441}
{"armed": false, "event": "idle_disarmed", "preset": "airplane_single", "single_auto": true, "ts": 1783058756.441}
{"armed": false, "event": "idle_disarmed", "preset": "airplane_single", "single_auto": true, "ts": 1783058757.443}
{"armed": false, "event": "idle_disarmed", "preset": "airplane_single", "single_auto": true, "ts": 1783058757.443}
{"armed": false, "event": "idle_disarmed", "preset": "airplane_single", "single_auto": true, "ts": 1783058758.446}
{"armed": false, "event": "idle_disarmed", "preset": "airplane_single", "single_auto": true, "ts": 1783058758.446}
{"armed": false, "event": "idle_disarmed", "preset": "airplane_single", "single_auto": true, "ts": 1783058759.448}
{"armed": false, "event": "idle_disarmed", "preset": "airplane_single", "single_auto": true, "ts": 1783058759.448}
{"armed": false, "event": "idle_disarmed", "preset": "airplane_single", "single_auto": true, "ts": 1783058760.452}
{"armed": false, "event": "idle_disarmed", "preset": "airplane_single", "single_auto": true, "ts": 1783058760.452}
{"armed": false, "event": "idle_disarmed", "preset": "airplane_single", "single_auto": true, "ts": 1783058761.455}
{"armed": false, "event": "idle_disarmed", "preset": "airplane_single", "single_auto": true, "ts": 1783058761.455}
{"armed": false, "event": "idle_disarmed", "preset": "airplane_single", "single_auto": true, "ts": 1783058762.457}
{"armed": false, "event": "idle_disarmed", "preset": "airplane_single", "single_auto": true, "ts": 1783058762.457}
{"armed": false, "event": "idle_disarmed", "preset": "airplane_single", "single_auto": true, "ts": 1783058763.46}
{"armed": false, "event": "idle_disarmed", "preset": "airplane_single", "single_auto": true, "ts": 1783058763.46}
{"armed": false, "event": "idle_disarmed", "preset": "airplane_single", "single_auto": true, "ts": 1783058764.462}
{"armed": false, "event": "idle_disarmed", "preset": "airplane_single", "single_auto": true, "ts": 1783058764.462}
{"armed": false, "event": "idle_disarmed", "preset": "airplane_single", "single_auto": true, "ts": 1783058765.465}
{"armed": false, "event": "idle_disarmed", "preset": "airplane_single", "single_auto": true, "ts": 1783058765.465}
{"armed": false, "event": "idle_disarmed", "preset": "airplane_single", "single_auto": true, "ts": 1783058766.468}
{"armed": false, "event": "idle_disarmed", "preset": "airplane_single", "single_auto": true, "ts": 1783058766.468}
{"armed": false, "event": "idle_disarmed", "preset": "airplane_single", "single_auto": true, "ts": 1783058767.47}
{"armed": false, "event": "idle_disarmed", "preset": "airplane_single", "single_auto": true, "ts": 1783058767.47}
{"armed": false, "event": "idle_disarmed", "preset": "airplane_single", "single_auto": true, "ts": 1783058768.473}
{"armed": false, "event": "idle_disarmed", "preset": "airplane_single", "single_auto": true, "ts": 1783058768.473}
{"armed": false, "event": "idle_disarmed", "preset": "airplane_single", "single_auto": true, "ts": 1783058769.476}
{"armed": false, "event": "idle_disarmed", "preset": "airplane_single", "single_auto": true, "ts": 1783058769.476}
{"armed": false, "event": "idle_disarmed", "preset": "airplane_single", "single_auto": true, "ts": 1783058770.478}
{"armed": false, "event": "idle_disarmed", "preset": "airplane_single", "single_auto": true, "ts": 1783058770.478}
{"armed": false, "event": "idle_disarmed", "preset": "airplane_single", "single_auto": true, "ts": 1783058771.481}
{"armed": false, "event": "idle_disarmed", "preset": "airplane_single", "single_auto": true, "ts": 1783058771.481}
{"armed": false, "event": "idle_disarmed", "preset": "airplane_single", "single_auto": true, "ts": 1783058772.484}
{"armed": false, "event": "idle_disarmed", "preset": "airplane_single", "single_auto": true, "ts": 1783058772.484}
{"armed": false, "event": "idle_disarmed", "preset": "airplane_single", "single_auto": true, "ts": 1783058773.487}
{"armed": false, "event": "idle_disarmed", "preset": "airplane_single", "single_auto": true, "ts": 1783058773.487}
{"armed": false, "event": "idle_disarmed", "preset": "airplane_single", "single_auto": true, "ts": 1783058774.489}
{"armed": false, "event": "idle_disarmed", "preset": "airplane_single", "single_auto": true, "ts": 1783058774.489}
{"armed": false, "event": "idle_disarmed", "preset": "airplane_single", "single_auto": true, "ts": 1783058775.492}
{"armed": false, "event": "idle_disarmed", "preset": "airplane_single", "single_auto": true, "ts": 1783058775.492}
{"armed": false, "event": "idle_disarmed", "preset": "airplane_single", "single_auto": true, "ts": 1783058776.495}
{"armed": false, "event": "idle_disarmed", "preset": "airplane_single", "single_auto": true, "ts": 1783058776.495}
{"armed": false, "event": "idle_disarmed", "preset": "airplane_single", "single_auto": true, "ts": 1783058777.498}
{"armed": false, "event": "idle_disarmed", "preset": "airplane_single", "single_auto": true, "ts": 1783058777.498}
{"armed": false, "event": "idle_disarmed", "preset": "airplane_single", "single_auto": true, "ts": 1783058778.501}
{"armed": false, "event": "idle_disarmed", "preset": "airplane_single", "single_auto": true, "ts": 1783058778.501}
{"armed": false, "event": "idle_disarmed", "preset": "airplane_single", "single_auto": true, "ts": 1783058779.504}
{"armed": false, "event": "idle_disarmed", "preset": "airplane_single", "single_auto": true, "ts": 1783058779.504}
{"armed": false, "event": "idle_disarmed", "preset": "airplane_single", "single_auto": true, "ts": 1783058780.507}
{"armed": false, "event": "idle_disarmed", "preset": "airplane_single", "single_auto": true, "ts": 1783058780.507}
{"armed": false, "event": "idle_disarmed", "preset": "airplane_single", "single_auto": true, "ts": 1783058781.509}
{"armed": false, "event": "idle_disarmed", "preset": "airplane_single", "single_auto": true, "ts": 1783058781.509}
{"armed": false, "event": "idle_disarmed", "preset": "airplane_single", "single_auto": true, "ts": 1783058782.512}
{"armed": false, "event": "idle_disarmed", "preset": "airplane_single", "single_auto": true, "ts": 1783058782.512}
{"armed": false, "event": "idle_disarmed", "preset": "airplane_single", "single_auto": true, "ts": 1783058783.514}
{"armed": false, "event": "idle_disarmed", "preset": "airplane_single", "single_auto": true, "ts": 1783058783.514}
{"armed": false, "event": "idle_disarmed", "preset": "airplane_single", "single_auto": true, "ts": 1783058784.517}
{"armed": false, "event": "idle_disarmed", "preset": "airplane_single", "single_auto": true, "ts": 1783058784.517}
{"armed": false, "event": "idle_disarmed", "preset": "airplane_single", "single_auto": true, "ts": 1783058785.52}
{"armed": false, "event": "idle_disarmed", "preset": "airplane_single", "single_auto": true, "ts": 1783058785.52}
{"armed": false, "event": "idle_disarmed", "preset": "airplane_single", "single_auto": true, "ts": 1783058786.522}
{"armed": false, "event": "idle_disarmed", "preset": "airplane_single", "single_auto": true, "ts": 1783058786.522}
{"armed": false, "event": "idle_disarmed", "preset": "airplane_single", "single_auto": true, "ts": 1783058787.525}
{"armed": false, "event": "idle_disarmed", "preset": "airplane_single", "single_auto": true, "ts": 1783058787.525}
{"armed": false, "event": "idle_disarmed", "preset": "airplane_single", "single_auto": true, "ts": 1783058788.527}
{"armed": false, "event": "idle_disarmed", "preset": "airplane_single", "single_auto": true, "ts": 1783058788.527}
{"armed": false, "event": "idle_disarmed", "preset": "airplane_single", "single_auto": true, "ts": 1783058789.529}
{"armed": false, "event": "idle_disarmed", "preset": "airplane_single", "single_auto": true, "ts": 1783058789.529}
{"armed": false, "event": "idle_disarmed", "preset": "airplane_single", "single_auto": true, "ts": 1783058790.532}
{"armed": false, "event": "idle_disarmed", "preset": "airplane_single", "single_auto": true, "ts": 1783058790.532}
{"armed": false, "event": "idle_disarmed", "preset": "airplane_single", "single_auto": true, "ts": 1783058791.534}
{"armed": false, "event": "idle_disarmed", "preset": "airplane_single", "single_auto": true, "ts": 1783058791.534}
{"armed": false, "event": "idle_disarmed", "preset": "airplane_single", "single_auto": true, "ts": 1783058792.537}
{"armed": false, "event": "idle_disarmed", "preset": "airplane_single", "single_auto": true, "ts": 1783058792.537}
{"armed": false, "event": "idle_disarmed", "preset": "airplane_single", "single_auto": true, "ts": 1783058793.539}
{"armed": false, "event": "idle_disarmed", "preset": "airplane_single", "single_auto": true, "ts": 1783058793.539}
{"armed": false, "event": "idle_disarmed", "preset": "airplane_single", "single_auto": true, "ts": 1783058794.542}
{"armed": false, "event": "idle_disarmed", "preset": "airplane_single", "single_auto": true, "ts": 1783058794.542}
{"armed": false, "event": "idle_disarmed", "preset": "airplane_single", "single_auto": true, "ts": 1783058795.544}
{"armed": false, "event": "idle_disarmed", "preset": "airplane_single", "single_auto": true, "ts": 1783058795.544}
{"armed": false, "event": "idle_disarmed", "preset": "airplane_single", "single_auto": true, "ts": 1783058796.546}
{"armed": false, "event": "idle_disarmed", "preset": "airplane_single", "single_auto": true, "ts": 1783058796.546}
{"armed": false, "event": "idle_disarmed", "preset": "airplane_single", "single_auto": true, "ts": 1783058797.549}
{"armed": false, "event": "idle_disarmed", "preset": "airplane_single", "single_auto": true, "ts": 1783058797.549}
{"armed": false, "event": "idle_disarmed", "preset": "airplane_single", "single_auto": true, "ts": 1783058798.551}
{"armed": false, "event": "idle_disarmed", "preset": "airplane_single", "single_auto": true, "ts": 1783058798.551}
{"armed": false, "event": "idle_disarmed", "preset": "airplane_single", "single_auto": true, "ts": 1783058799.554}
{"armed": false, "event": "idle_disarmed", "preset": "airplane_single", "single_auto": true, "ts": 1783058799.554}
{"armed": false, "event": "idle_disarmed", "preset": "airplane_single", "single_auto": true, "ts": 1783058800.557}
{"armed": false, "event": "idle_disarmed", "preset": "airplane_single", "single_auto": true, "ts": 1783058800.557}
{"armed": false, "event": "idle_disarmed", "preset": "airplane_single", "single_auto": true, "ts": 1783058801.559}
{"armed": false, "event": "idle_disarmed", "preset": "airplane_single", "single_auto": true, "ts": 1783058801.559}
{"armed": false, "event": "idle_disarmed", "preset": "airplane_single", "single_auto": true, "ts": 1783058802.562}
{"armed": false, "event": "idle_disarmed", "preset": "airplane_single", "single_auto": true, "ts": 1783058802.562}
{"armed": false, "event": "idle_disarmed", "preset": "airplane_single", "single_auto": true, "ts": 1783058803.564}
{"armed": false, "event": "idle_disarmed", "preset": "airplane_single", "single_auto": true, "ts": 1783058803.564}
{"armed": false, "event": "idle_disarmed", "preset": "airplane_single", "single_auto": true, "ts": 1783058804.567}
{"armed": false, "event": "idle_disarmed", "preset": "airplane_single", "single_auto": true, "ts": 1783058804.567}
{"armed": false, "event": "idle_disarmed", "preset": "airplane_single", "single_auto": true, "ts": 1783058805.569}
{"armed": false, "event": "idle_disarmed", "preset": "airplane_single", "single_auto": true, "ts": 1783058805.569}
{"armed": false, "event": "idle_disarmed", "preset": "airplane_single", "single_auto": true, "ts": 1783058806.571}
{"armed": false, "event": "idle_disarmed", "preset": "airplane_single", "single_auto": true, "ts": 1783058806.571}
{"armed": false, "event": "idle_disarmed", "preset": "airplane_single", "single_auto": true, "ts": 1783058807.574}
{"armed": false, "event": "idle_disarmed", "preset": "airplane_single", "single_auto": true, "ts": 1783058807.574}
{"armed": false, "event": "idle_disarmed", "preset": "airplane_single", "single_auto": true, "ts": 1783058808.576}
{"armed": false, "event": "idle_disarmed", "preset": "airplane_single", "single_auto": true, "ts": 1783058808.576}
{"armed": false, "event": "idle_disarmed", "preset": "airplane_single", "single_auto": true, "ts": 1783058809.578}
{"armed": false, "event": "idle_disarmed", "preset": "airplane_single", "single_auto": true, "ts": 1783058809.578}
{"armed": false, "event": "idle_disarmed", "preset": "airplane_single", "single_auto": true, "ts": 1783058810.581}
{"armed": false, "event": "idle_disarmed", "preset": "airplane_single", "single_auto": true, "ts": 1783058810.581}
{"armed": false, "event": "idle_disarmed", "preset": "airplane_single", "single_auto": true, "ts": 1783058811.583}
{"armed": false, "event": "idle_disarmed", "preset": "airplane_single", "single_auto": true, "ts": 1783058811.583}
{"armed": false, "event": "idle_disarmed", "preset": "airplane_single", "single_auto": true, "ts": 1783058812.586}
{"armed": false, "event": "idle_disarmed", "preset": "airplane_single", "single_auto": true, "ts": 1783058812.586}
{"armed": false, "event": "idle_disarmed", "preset": "airplane_single", "single_auto": true, "ts": 1783058813.588}
{"armed": false, "event": "idle_disarmed", "preset": "airplane_single", "single_auto": true, "ts": 1783058813.588}
{"armed": false, "event": "idle_disarmed", "preset": "airplane_single", "single_auto": true, "ts": 1783058814.591}
{"armed": false, "event": "idle_disarmed", "preset": "airplane_single", "single_auto": true, "ts": 1783058814.591}
{"armed": false, "event": "idle_disarmed", "preset": "airplane_single", "single_auto": true, "ts": 1783058815.593}
{"armed": false, "event": "idle_disarmed", "preset": "airplane_single", "single_auto": true, "ts": 1783058815.593}
{"armed": false, "event": "idle_disarmed", "preset": "airplane_single", "single_auto": true, "ts": 1783058816.596}
{"armed": false, "event": "idle_disarmed", "preset": "airplane_single", "single_auto": true, "ts": 1783058816.596}
{"armed": false, "event": "idle_disarmed", "preset": "airplane_single", "single_auto": true, "ts": 1783058817.598}
{"armed": false, "event": "idle_disarmed", "preset": "airplane_single", "single_auto": true, "ts": 1783058817.598}
{"armed": false, "event": "idle_disarmed", "preset": "airplane_single", "single_auto": true, "ts": 1783058818.6}
{"armed": false, "event": "idle_disarmed", "preset": "airplane_single", "single_auto": true, "ts": 1783058818.6}
{"armed": false, "event": "idle_disarmed", "preset": "airplane_single", "single_auto": true, "ts": 1783058819.603}
{"armed": false, "event": "idle_disarmed", "preset": "airplane_single", "single_auto": true, "ts": 1783058819.603}
{"armed": false, "event": "idle_disarmed", "preset": "airplane_single", "single_auto": true, "ts": 1783058820.605}
{"armed": false, "event": "idle_disarmed", "preset": "airplane_single", "single_auto": true, "ts": 1783058820.605}
{"armed": false, "event": "idle_disarmed", "preset": "airplane_single", "single_auto": true, "ts": 1783058821.608}
{"armed": false, "event": "idle_disarmed", "preset": "airplane_single", "single_auto": true, "ts": 1783058821.608}
{"armed": false, "event": "idle_disarmed", "preset": "airplane_single", "single_auto": true, "ts": 1783058822.61}
{"armed": false, "event": "idle_disarmed", "preset": "airplane_single", "single_auto": true, "ts": 1783058822.61}
{"armed": false, "event": "idle_disarmed", "preset": "airplane_single", "single_auto": true, "ts": 1783058823.612}
{"armed": false, "event": "idle_disarmed", "preset": "airplane_single", "single_auto": true, "ts": 1783058823.612}
{"armed": false, "event": "idle_disarmed", "preset": "airplane_single", "single_auto": true, "ts": 1783058824.615}
{"armed": false, "event": "idle_disarmed", "preset": "airplane_single", "single_auto": true, "ts": 1783058824.615}
{"armed": false, "event": "idle_disarmed", "preset": "airplane_single", "single_auto": true, "ts": 1783058825.617}
{"armed": false, "event": "idle_disarmed", "preset": "airplane_single", "single_auto": true, "ts": 1783058825.617}
{"armed": false, "event": "idle_disarmed", "preset": "airplane_single", "single_auto": true, "ts": 1783058826.62}
{"armed": false, "event": "idle_disarmed", "preset": "airplane_single", "single_auto": true, "ts": 1783058826.62}
{"armed": false, "event": "idle_disarmed", "preset": "airplane_single", "single_auto": true, "ts": 1783058827.622}
{"armed": false, "event": "idle_disarmed", "preset": "airplane_single", "single_auto": true, "ts": 1783058827.622}
{"armed": false, "event": "idle_disarmed", "preset": "airplane_single", "single_auto": true, "ts": 1783058828.625}
{"armed": false, "event": "idle_disarmed", "preset": "airplane_single", "single_auto": true, "ts": 1783058828.625}
{"armed": false, "event": "idle_disarmed", "preset": "airplane_single", "single_auto": true, "ts": 1783058829.627}
{"armed": false, "event": "idle_disarmed", "preset": "airplane_single", "single_auto": true, "ts": 1783058829.627}
{"armed": false, "event": "idle_disarmed", "preset": "airplane_single", "single_auto": true, "ts": 1783058830.63}
{"armed": false, "event": "idle_disarmed", "preset": "airplane_single", "single_auto": true, "ts": 1783058830.63}
{"armed": false, "event": "idle_disarmed", "preset": "airplane_single", "single_auto": true, "ts": 1783058831.632}
{"armed": false, "event": "idle_disarmed", "preset": "airplane_single", "single_auto": true, "ts": 1783058831.632}
{"armed": false, "event": "idle_disarmed", "preset": "airplane_single", "single_auto": true, "ts": 1783058832.634}
{"armed": false, "event": "idle_disarmed", "preset": "airplane_single", "single_auto": true, "ts": 1783058832.634}
{"armed": false, "event": "idle_disarmed", "preset": "airplane_single", "single_auto": true, "ts": 1783058833.637}
{"armed": false, "event": "idle_disarmed", "preset": "airplane_single", "single_auto": true, "ts": 1783058833.637}
{"armed": false, "event": "idle_disarmed", "preset": "airplane_single", "single_auto": true, "ts": 1783058834.639}
{"armed": false, "event": "idle_disarmed", "preset": "airplane_single", "single_auto": true, "ts": 1783058834.639}
{"armed": false, "event": "idle_disarmed", "preset": "airplane_single", "single_auto": true, "ts": 1783058835.641}
{"armed": false, "event": "idle_disarmed", "preset": "airplane_single", "single_auto": true, "ts": 1783058835.641}
{"armed": false, "event": "idle_disarmed", "preset": "airplane_single", "single_auto": true, "ts": 1783058836.644}
{"armed": false, "event": "idle_disarmed", "preset": "airplane_single", "single_auto": true, "ts": 1783058836.644}
{"armed": false, "event": "idle_disarmed", "preset": "airplane_single", "single_auto": true, "ts": 1783058837.646}
{"armed": false, "event": "idle_disarmed", "preset": "airplane_single", "single_auto": true, "ts": 1783058837.646}
{"armed": false, "event": "idle_disarmed", "preset": "airplane_single", "single_auto": true, "ts": 1783058838.649}
{"armed": false, "event": "idle_disarmed", "preset": "airplane_single", "single_auto": true, "ts": 1783058838.649}
{"armed": false, "event": "idle_disarmed", "preset": "airplane_single", "single_auto": true, "ts": 1783058839.651}
{"armed": false, "event": "idle_disarmed", "preset": "airplane_single", "single_auto": true, "ts": 1783058839.651}
{"armed": false, "event": "idle_disarmed", "preset": "airplane_single", "single_auto": true, "ts": 1783058840.653}
{"armed": false, "event": "idle_disarmed", "preset": "airplane_single", "single_auto": true, "ts": 1783058840.653}
{"armed": false, "event": "idle_disarmed", "preset": "airplane_single", "single_auto": true, "ts": 1783058841.656}
{"armed": false, "event": "idle_disarmed", "preset": "airplane_single", "single_auto": true, "ts": 1783058841.656}
{"armed": false, "event": "idle_disarmed", "preset": "airplane_single", "single_auto": true, "ts": 1783058842.658}
{"armed": false, "event": "idle_disarmed", "preset": "airplane_single", "single_auto": true, "ts": 1783058842.658}
{"armed": false, "event": "idle_disarmed", "preset": "airplane_single", "single_auto": true, "ts": 1783058843.661}
{"armed": false, "event": "idle_disarmed", "preset": "airplane_single", "single_auto": true, "ts": 1783058843.661}
{"armed": false, "event": "idle_disarmed", "preset": "airplane_single", "single_auto": true, "ts": 1783058844.664}
{"armed": false, "event": "idle_disarmed", "preset": "airplane_single", "single_auto": true, "ts": 1783058844.664}
{"armed": false, "event": "idle_disarmed", "preset": "airplane_single", "single_auto": true, "ts": 1783058845.666}
{"armed": false, "event": "idle_disarmed", "preset": "airplane_single", "single_auto": true, "ts": 1783058845.666}
{"armed": false, "event": "idle_disarmed", "preset": "airplane_single", "single_auto": true, "ts": 1783058846.669}
{"armed": false, "event": "idle_disarmed", "preset": "airplane_single", "single_auto": true, "ts": 1783058846.669}
{"armed": false, "event": "idle_disarmed", "preset": "airplane_single", "single_auto": true, "ts": 1783058847.672}
{"armed": false, "event": "idle_disarmed", "preset": "airplane_single", "single_auto": true, "ts": 1783058847.672}
{"armed": false, "event": "idle_disarmed", "preset": "airplane_single", "single_auto": true, "ts": 1783058848.675}
{"armed": false, "event": "idle_disarmed", "preset": "airplane_single", "single_auto": true, "ts": 1783058848.675}
{"armed": false, "event": "idle_disarmed", "preset": "airplane_single", "single_auto": true, "ts": 1783058849.678}
{"armed": false, "event": "idle_disarmed", "preset": "airplane_single", "single_auto": true, "ts": 1783058849.678}
{"armed": false, "event": "idle_disarmed", "preset": "airplane_single", "single_auto": true, "ts": 1783058850.68}
{"armed": false, "event": "idle_disarmed", "preset": "airplane_single", "single_auto": true, "ts": 1783058850.68}
{"armed": false, "event": "idle_disarmed", "preset": "airplane_single", "single_auto": true, "ts": 1783058851.683}
{"armed": false, "event": "idle_disarmed", "preset": "airplane_single", "single_auto": true, "ts": 1783058851.683}
{"armed": false, "event": "idle_disarmed", "preset": "airplane_single", "single_auto": true, "ts": 1783058852.686}
{"armed": false, "event": "idle_disarmed", "preset": "airplane_single", "single_auto": true, "ts": 1783058852.686}
{"armed": false, "event": "idle_disarmed", "preset": "airplane_single", "single_auto": true, "ts": 1783058853.688}
{"armed": false, "event": "idle_disarmed", "preset": "airplane_single", "single_auto": true, "ts": 1783058853.688}
{"armed": false, "event": "idle_disarmed", "preset": "airplane_single", "single_auto": true, "ts": 1783058854.691}
{"armed": false, "event": "idle_disarmed", "preset": "airplane_single", "single_auto": true, "ts": 1783058854.691}
{"armed": false, "event": "idle_disarmed", "preset": "airplane_single", "single_auto": true, "ts": 1783058855.693}
{"armed": false, "event": "idle_disarmed", "preset": "airplane_single", "single_auto": true, "ts": 1783058855.693}
{"armed": false, "event": "idle_disarmed", "preset": "airplane_single", "single_auto": true, "ts": 1783058856.696}
{"armed": false, "event": "idle_disarmed", "preset": "airplane_single", "single_auto": true, "ts": 1783058856.696}
{"armed": false, "event": "idle_disarmed", "preset": "airplane_single", "single_auto": true, "ts": 1783058857.699}
{"armed": false, "event": "idle_disarmed", "preset": "airplane_single", "single_auto": true, "ts": 1783058857.699}
{"armed": false, "event": "idle_disarmed", "preset": "airplane_single", "single_auto": true, "ts": 1783058858.701}
{"armed": false, "event": "idle_disarmed", "preset": "airplane_single", "single_auto": true, "ts": 1783058858.701}
{"armed": false, "event": "idle_disarmed", "preset": "airplane_single", "single_auto": true, "ts": 1783058859.704}
{"armed": false, "event": "idle_disarmed", "preset": "airplane_single", "single_auto": true, "ts": 1783058859.704}
{"armed": false, "event": "idle_disarmed", "preset": "airplane_single", "single_auto": true, "ts": 1783058860.707}
{"armed": false, "event": "idle_disarmed", "preset": "airplane_single", "single_auto": true, "ts": 1783058860.707}
{"armed": false, "event": "idle_disarmed", "preset": "airplane_single", "single_auto": true, "ts": 1783058861.709}
{"armed": false, "event": "idle_disarmed", "preset": "airplane_single", "single_auto": true, "ts": 1783058861.709}
{"armed": false, "event": "idle_disarmed", "preset": "airplane_single", "single_auto": true, "ts": 1783058862.712}
{"armed": false, "event": "idle_disarmed", "preset": "airplane_single", "single_auto": true, "ts": 1783058862.712}
{"armed": false, "event": "idle_disarmed", "preset": "airplane_single", "single_auto": true, "ts": 1783058863.714}
{"armed": false, "event": "idle_disarmed", "preset": "airplane_single", "single_auto": true, "ts": 1783058863.714}
{"armed": false, "event": "idle_disarmed", "preset": "airplane_single", "single_auto": true, "ts": 1783058864.717}
{"armed": false, "event": "idle_disarmed", "preset": "airplane_single", "single_auto": true, "ts": 1783058864.717}
{"armed": false, "event": "idle_disarmed", "preset": "airplane_single", "single_auto": true, "ts": 1783058865.72}
{"armed": false, "event": "idle_disarmed", "preset": "airplane_single", "single_auto": true, "ts": 1783058865.72}
{"armed": false, "event": "idle_disarmed", "preset": "airplane_single", "single_auto": true, "ts": 1783058866.723}
{"armed": false, "event": "idle_disarmed", "preset": "airplane_single", "single_auto": true, "ts": 1783058866.723}
{"armed": false, "event": "idle_disarmed", "preset": "airplane_single", "single_auto": true, "ts": 1783058867.725}
{"armed": false, "event": "idle_disarmed", "preset": "airplane_single", "single_auto": true, "ts": 1783058867.725}
{"armed": false, "event": "idle_disarmed", "preset": "airplane_single", "single_auto": true, "ts": 1783058868.728}
{"armed": false, "event": "idle_disarmed", "preset": "airplane_single", "single_auto": true, "ts": 1783058868.728}
{"armed": false, "event": "idle_disarmed", "preset": "airplane_single", "single_auto": true, "ts": 1783058869.731}
{"armed": false, "event": "idle_disarmed", "preset": "airplane_single", "single_auto": true, "ts": 1783058869.731}
{"armed": false, "event": "idle_disarmed", "preset": "airplane_single", "single_auto": true, "ts": 1783058870.734}
{"armed": false, "event": "idle_disarmed", "preset": "airplane_single", "single_auto": true, "ts": 1783058870.734}
{"armed": false, "event": "idle_disarmed", "preset": "airplane_single", "single_auto": true, "ts": 1783058871.737}
{"armed": false, "event": "idle_disarmed", "preset": "airplane_single", "single_auto": true, "ts": 1783058871.737}
{"armed": false, "event": "idle_disarmed", "preset": "airplane_single", "single_auto": true, "ts": 1783058872.739}
{"armed": false, "event": "idle_disarmed", "preset": "airplane_single", "single_auto": true, "ts": 1783058872.739}
{"armed": false, "event": "idle_disarmed", "preset": "airplane_single", "single_auto": true, "ts": 1783058873.742}
{"armed": false, "event": "idle_disarmed", "preset": "airplane_single", "single_auto": true, "ts": 1783058873.742}
{"armed": false, "event": "idle_disarmed", "preset": "airplane_single", "single_auto": true, "ts": 1783058874.745}
{"armed": false, "event": "idle_disarmed", "preset": "airplane_single", "single_auto": true, "ts": 1783058874.745}
{"armed": false, "event": "idle_disarmed", "preset": "airplane_single", "single_auto": true, "ts": 1783058875.747}
{"armed": false, "event": "idle_disarmed", "preset": "airplane_single", "single_auto": true, "ts": 1783058875.747}
{"armed": false, "event": "idle_disarmed", "preset": "airplane_single", "single_auto": true, "ts": 1783058876.75}
{"armed": false, "event": "idle_disarmed", "preset": "airplane_single", "single_auto": true, "ts": 1783058876.75}
{"armed": false, "event": "idle_disarmed", "preset": "airplane_single", "single_auto": true, "ts": 1783058877.753}
{"armed": false, "event": "idle_disarmed", "preset": "airplane_single", "single_auto": true, "ts": 1783058877.753}
{"armed": false, "event": "idle_disarmed", "preset": "airplane_single", "single_auto": true, "ts": 1783058878.755}
{"armed": false, "event": "idle_disarmed", "preset": "airplane_single", "single_auto": true, "ts": 1783058878.755}
{"armed": false, "event": "idle_disarmed", "preset": "airplane_single", "single_auto": true, "ts": 1783058879.758}
{"armed": false, "event": "idle_disarmed", "preset": "airplane_single", "single_auto": true, "ts": 1783058879.758}
{"armed": false, "event": "idle_disarmed", "preset": "airplane_single", "single_auto": true, "ts": 1783058880.761}
{"armed": false, "event": "idle_disarmed", "preset": "airplane_single", "single_auto": true, "ts": 1783058880.761}
{"armed": false, "event": "idle_disarmed", "preset": "airplane_single", "single_auto": true, "ts": 1783058881.764}
{"armed": false, "event": "idle_disarmed", "preset": "airplane_single", "single_auto": true, "ts": 1783058881.764}
{"armed": false, "event": "idle_disarmed", "preset": "airplane_single", "single_auto": true, "ts": 1783058882.766}
{"armed": false, "event": "idle_disarmed", "preset": "airplane_single", "single_auto": true, "ts": 1783058882.766}
{"armed": false, "event": "idle_disarmed", "preset": "airplane_single", "single_auto": true, "ts": 1783058883.769}
{"armed": false, "event": "idle_disarmed", "preset": "airplane_single", "single_auto": true, "ts": 1783058883.769}
{"armed": false, "event": "idle_disarmed", "preset": "airplane_single", "single_auto": true, "ts": 1783058884.771}
{"armed": false, "event": "idle_disarmed", "preset": "airplane_single", "single_auto": true, "ts": 1783058884.771}
{"armed": false, "event": "idle_disarmed", "preset": "airplane_single", "single_auto": true, "ts": 1783058885.773}
{"armed": false, "event": "idle_disarmed", "preset": "airplane_single", "single_auto": true, "ts": 1783058885.773}
{"armed": false, "event": "idle_disarmed", "preset": "airplane_single", "single_auto": true, "ts": 1783058886.776}
{"armed": false, "event": "idle_disarmed", "preset": "airplane_single", "single_auto": true, "ts": 1783058886.776}
{"armed": false, "event": "idle_disarmed", "preset": "airplane_single", "single_auto": true, "ts": 1783058887.778}
{"armed": false, "event": "idle_disarmed", "preset": "airplane_single", "single_auto": true, "ts": 1783058887.778}
{"armed": false, "event": "idle_disarmed", "preset": "airplane_single", "single_auto": true, "ts": 1783058888.781}
{"armed": false, "event": "idle_disarmed", "preset": "airplane_single", "single_auto": true, "ts": 1783058888.781}
{"armed": false, "event": "idle_disarmed", "preset": "airplane_single", "single_auto": true, "ts": 1783058889.783}
{"armed": false, "event": "idle_disarmed", "preset": "airplane_single", "single_auto": true, "ts": 1783058889.783}
{"armed": false, "event": "idle_disarmed", "preset": "airplane_single", "single_auto": true, "ts": 1783058890.786}
{"armed": false, "event": "idle_disarmed", "preset": "airplane_single", "single_auto": true, "ts": 1783058890.786}
{"armed": false, "event": "idle_disarmed", "preset": "airplane_single", "single_auto": true, "ts": 1783058891.788}
{"armed": false, "event": "idle_disarmed", "preset": "airplane_single", "single_auto": true, "ts": 1783058891.788}
{"armed": false, "event": "idle_disarmed", "preset": "airplane_single", "single_auto": true, "ts": 1783058892.791}
{"armed": false, "event": "idle_disarmed", "preset": "airplane_single", "single_auto": true, "ts": 1783058892.791}
{"armed": false, "event": "idle_disarmed", "preset": "airplane_single", "single_auto": true, "ts": 1783058893.794}
{"armed": false, "event": "idle_disarmed", "preset": "airplane_single", "single_auto": true, "ts": 1783058893.794}
{"armed": false, "event": "idle_disarmed", "preset": "airplane_single", "single_auto": true, "ts": 1783058894.796}
{"armed": false, "event": "idle_disarmed", "preset": "airplane_single", "single_auto": true, "ts": 1783058894.796}
{"armed": false, "event": "idle_disarmed", "preset": "airplane_single", "single_auto": true, "ts": 1783058895.798}
{"armed": false, "event": "idle_disarmed", "preset": "airplane_single", "single_auto": true, "ts": 1783058895.798}
{"armed": false, "event": "idle_disarmed", "preset": "airplane_single", "single_auto": true, "ts": 1783058896.801}
{"armed": false, "event": "idle_disarmed", "preset": "airplane_single", "single_auto": true, "ts": 1783058896.801}
{"armed": false, "event": "idle_disarmed", "preset": "airplane_single", "single_auto": true, "ts": 1783058897.803}
{"armed": false, "event": "idle_disarmed", "preset": "airplane_single", "single_auto": true, "ts": 1783058897.803}
{"armed": false, "event": "idle_disarmed", "preset": "airplane_single", "single_auto": true, "ts": 1783058898.806}
{"armed": false, "event": "idle_disarmed", "preset": "airplane_single", "single_auto": true, "ts": 1783058898.806}
{"armed": false, "event": "idle_disarmed", "preset": "airplane_single", "single_auto": true, "ts": 1783058899.808}
{"armed": false, "event": "idle_disarmed", "preset": "airplane_single", "single_auto": true, "ts": 1783058899.808}
{"armed": false, "event": "idle_disarmed", "preset": "airplane_single", "single_auto": true, "ts": 1783058900.81}
{"armed": false, "event": "idle_disarmed", "preset": "airplane_single", "single_auto": true, "ts": 1783058900.81}
{"armed": false, "event": "idle_disarmed", "preset": "airplane_single", "single_auto": true, "ts": 1783058901.813}
{"armed": false, "event": "idle_disarmed", "preset": "airplane_single", "single_auto": true, "ts": 1783058901.813}
{"armed": false, "event": "idle_disarmed", "preset": "airplane_single", "single_auto": true, "ts": 1783058902.815}
{"armed": false, "event": "idle_disarmed", "preset": "airplane_single", "single_auto": true, "ts": 1783058902.815}
{"armed": false, "event": "idle_disarmed", "preset": "airplane_single", "single_auto": true, "ts": 1783058903.818}
{"armed": false, "event": "idle_disarmed", "preset": "airplane_single", "single_auto": true, "ts": 1783058903.818}
{"armed": false, "event": "idle_disarmed", "preset": "airplane_single", "single_auto": true, "ts": 1783058904.82}
{"armed": false, "event": "idle_disarmed", "preset": "airplane_single", "single_auto": true, "ts": 1783058904.82}
{"armed": false, "event": "idle_disarmed", "preset": "airplane_single", "single_auto": true, "ts": 1783058905.822}
{"armed": false, "event": "idle_disarmed", "preset": "airplane_single", "single_auto": true, "ts": 1783058905.822}
{"armed": false, "event": "idle_disarmed", "preset": "airplane_single", "single_auto": true, "ts": 1783058906.825}
{"armed": false, "event": "idle_disarmed", "preset": "airplane_single", "single_auto": true, "ts": 1783058906.825}
{"armed": false, "event": "idle_disarmed", "preset": "airplane_single", "single_auto": true, "ts": 1783058907.827}
{"armed": false, "event": "idle_disarmed", "preset": "airplane_single", "single_auto": true, "ts": 1783058907.827}
{"armed": false, "event": "idle_disarmed", "preset": "airplane_single", "single_auto": true, "ts": 1783058908.83}
{"armed": false, "event": "idle_disarmed", "preset": "airplane_single", "single_auto": true, "ts": 1783058908.83}
{"armed": false, "event": "idle_disarmed", "preset": "airplane_single", "single_auto": true, "ts": 1783058909.832}
{"armed": false, "event": "idle_disarmed", "preset": "airplane_single", "single_auto": true, "ts": 1783058909.832}
{"armed": false, "event": "idle_disarmed", "preset": "airplane_single", "single_auto": true, "ts": 1783058910.834}
{"armed": false, "event": "idle_disarmed", "preset": "airplane_single", "single_auto": true, "ts": 1783058910.834}
{"armed": false, "event": "idle_disarmed", "preset": "airplane_single", "single_auto": true, "ts": 1783058911.837}
{"armed": false, "event": "idle_disarmed", "preset": "airplane_single", "single_auto": true, "ts": 1783058911.837}
{"armed": false, "event": "idle_disarmed", "preset": "airplane_single", "single_auto": true, "ts": 1783058912.839}
{"armed": false, "event": "idle_disarmed", "preset": "airplane_single", "single_auto": true, "ts": 1783058912.839}
{"armed": false, "event": "idle_disarmed", "preset": "airplane_single", "single_auto": true, "ts": 1783058913.842}
{"armed": false, "event": "idle_disarmed", "preset": "airplane_single", "single_auto": true, "ts": 1783058913.842}
{"armed": false, "event": "idle_disarmed", "preset": "airplane_single", "single_auto": true, "ts": 1783058914.844}
{"armed": false, "event": "idle_disarmed", "preset": "airplane_single", "single_auto": true, "ts": 1783058914.844}
{"armed": false, "event": "idle_disarmed", "preset": "airplane_single", "single_auto": true, "ts": 1783058915.846}
{"armed": false, "event": "idle_disarmed", "preset": "airplane_single", "single_auto": true, "ts": 1783058915.846}
{"armed": false, "event": "idle_disarmed", "preset": "airplane_single", "single_auto": true, "ts": 1783058916.849}
{"armed": false, "event": "idle_disarmed", "preset": "airplane_single", "single_auto": true, "ts": 1783058916.849}
{"armed": false, "event": "idle_disarmed", "preset": "airplane_single", "single_auto": true, "ts": 1783058917.852}
{"armed": false, "event": "idle_disarmed", "preset": "airplane_single", "single_auto": true, "ts": 1783058917.852}
{"armed": false, "event": "idle_disarmed", "preset": "airplane_single", "single_auto": true, "ts": 1783058918.854}
{"armed": false, "event": "idle_disarmed", "preset": "airplane_single", "single_auto": true, "ts": 1783058918.854}
{"armed": false, "event": "idle_disarmed", "preset": "airplane_single", "single_auto": true, "ts": 1783058919.857}
{"armed": false, "event": "idle_disarmed", "preset": "airplane_single", "single_auto": true, "ts": 1783058919.857}
{"armed": false, "event": "idle_disarmed", "preset": "airplane_single", "single_auto": true, "ts": 1783058920.86}
{"armed": false, "event": "idle_disarmed", "preset": "airplane_single", "single_auto": true, "ts": 1783058920.86}
{"armed": false, "event": "idle_disarmed", "preset": "airplane_single", "single_auto": true, "ts": 1783058921.862}
{"armed": false, "event": "idle_disarmed", "preset": "airplane_single", "single_auto": true, "ts": 1783058921.862}
{"armed": false, "event": "idle_disarmed", "preset": "airplane_single", "single_auto": true, "ts": 1783058922.865}
{"armed": false, "event": "idle_disarmed", "preset": "airplane_single", "single_auto": true, "ts": 1783058922.865}
{"armed": false, "event": "idle_disarmed", "preset": "airplane_single", "single_auto": true, "ts": 1783058923.868}
{"armed": false, "event": "idle_disarmed", "preset": "airplane_single", "single_auto": true, "ts": 1783058923.868}
{"armed": false, "event": "idle_disarmed", "preset": "airplane_single", "single_auto": true, "ts": 1783058924.871}
{"armed": false, "event": "idle_disarmed", "preset": "airplane_single", "single_auto": true, "ts": 1783058924.871}
{"armed": false, "event": "idle_disarmed", "preset": "airplane_single", "single_auto": true, "ts": 1783058925.873}
{"armed": false, "event": "idle_disarmed", "preset": "airplane_single", "single_auto": true, "ts": 1783058925.873}
{"armed": false, "event": "idle_disarmed", "preset": "airplane_single", "single_auto": true, "ts": 1783058926.876}
{"armed": false, "event": "idle_disarmed", "preset": "airplane_single", "single_auto": true, "ts": 1783058926.876}
{"armed": false, "event": "idle_disarmed", "preset": "airplane_single", "single_auto": true, "ts": 1783058927.879}
{"armed": false, "event": "idle_disarmed", "preset": "airplane_single", "single_auto": true, "ts": 1783058927.879}
{"armed": false, "event": "idle_disarmed", "preset": "airplane_single", "single_auto": true, "ts": 1783058928.882}
{"armed": false, "event": "idle_disarmed", "preset": "airplane_single", "single_auto": true, "ts": 1783058928.882}
{"armed": false, "event": "idle_disarmed", "preset": "airplane_single", "single_auto": true, "ts": 1783058929.884}
{"armed": false, "event": "idle_disarmed", "preset": "airplane_single", "single_auto": true, "ts": 1783058929.884}
{"armed": false, "event": "idle_disarmed", "preset": "airplane_single", "single_auto": true, "ts": 1783058930.887}
{"armed": false, "event": "idle_disarmed", "preset": "airplane_single", "single_auto": true, "ts": 1783058930.887}
{"armed": false, "event": "idle_disarmed", "preset": "airplane_single", "single_auto": true, "ts": 1783058931.89}
{"armed": false, "event": "idle_disarmed", "preset": "airplane_single", "single_auto": true, "ts": 1783058931.89}
{"armed": false, "event": "idle_disarmed", "preset": "airplane_single", "single_auto": true, "ts": 1783058932.892}
{"armed": false, "event": "idle_disarmed", "preset": "airplane_single", "single_auto": true, "ts": 1783058932.892}
{"armed": false, "event": "idle_disarmed", "preset": "airplane_single", "single_auto": true, "ts": 1783058933.895}
{"armed": false, "event": "idle_disarmed", "preset": "airplane_single", "single_auto": true, "ts": 1783058933.895}
{"armed": false, "event": "idle_disarmed", "preset": "airplane_single", "single_auto": true, "ts": 1783058934.897}
{"armed": false, "event": "idle_disarmed", "preset": "airplane_single", "single_auto": true, "ts": 1783058934.897}
{"armed": false, "event": "idle_disarmed", "preset": "airplane_single", "single_auto": true, "ts": 1783058935.9}
{"armed": false, "event": "idle_disarmed", "preset": "airplane_single", "single_auto": true, "ts": 1783058935.9}
{"armed": false, "event": "idle_disarmed", "preset": "airplane_single", "single_auto": true, "ts": 1783058936.903}
{"armed": false, "event": "idle_disarmed", "preset": "airplane_single", "single_auto": true, "ts": 1783058936.903}
{"armed": false, "event": "idle_disarmed", "preset": "airplane_single", "single_auto": true, "ts": 1783058937.905}
{"armed": false, "event": "idle_disarmed", "preset": "airplane_single", "single_auto": true, "ts": 1783058937.905}
{"armed": false, "event": "idle_disarmed", "preset": "airplane_single", "single_auto": true, "ts": 1783058938.908}
{"armed": false, "event": "idle_disarmed", "preset": "airplane_single", "single_auto": true, "ts": 1783058938.908}
{"armed": false, "event": "idle_disarmed", "preset": "airplane_single", "single_auto": true, "ts": 1783058939.911}
{"armed": false, "event": "idle_disarmed", "preset": "airplane_single", "single_auto": true, "ts": 1783058939.911}
{"armed": false, "event": "idle_disarmed", "preset": "airplane_single", "single_auto": true, "ts": 1783058940.914}
{"armed": false, "event": "idle_disarmed", "preset": "airplane_single", "single_auto": true, "ts": 1783058940.914}
{"armed": false, "event": "idle_disarmed", "preset": "airplane_single", "single_auto": true, "ts": 1783058941.916}
{"armed": false, "event": "idle_disarmed", "preset": "airplane_single", "single_auto": true, "ts": 1783058941.916}
{"armed": false, "event": "idle_disarmed", "preset": "airplane_single", "single_auto": true, "ts": 1783058942.919}
{"armed": false, "event": "idle_disarmed", "preset": "airplane_single", "single_auto": true, "ts": 1783058942.919}
{"armed": false, "event": "idle_disarmed", "preset": "airplane_single", "single_auto": true, "ts": 1783058943.922}
{"armed": false, "event": "idle_disarmed", "preset": "airplane_single", "single_auto": true, "ts": 1783058943.922}
{"armed": false, "event": "idle_disarmed", "preset": "airplane_single", "single_auto": true, "ts": 1783058944.924}
{"armed": false, "event": "idle_disarmed", "preset": "airplane_single", "single_auto": true, "ts": 1783058944.924}
{"armed": false, "event": "idle_disarmed", "preset": "airplane_single", "single_auto": true, "ts": 1783058945.927}
{"armed": false, "event": "idle_disarmed", "preset": "airplane_single", "single_auto": true, "ts": 1783058945.927}
{"armed": false, "event": "idle_disarmed", "preset": "airplane_single", "single_auto": true, "ts": 1783058946.93}
{"armed": false, "event": "idle_disarmed", "preset": "airplane_single", "single_auto": true, "ts": 1783058946.93}
{"armed": false, "event": "idle_disarmed", "preset": "airplane_single", "single_auto": true, "ts": 1783058947.932}
{"armed": false, "event": "idle_disarmed", "preset": "airplane_single", "single_auto": true, "ts": 1783058947.932}
{"armed": false, "event": "idle_disarmed", "preset": "airplane_single", "single_auto": true, "ts": 1783058948.935}
{"armed": false, "event": "idle_disarmed", "preset": "airplane_single", "single_auto": true, "ts": 1783058948.935}
{"armed": false, "event": "idle_disarmed", "preset": "airplane_single", "single_auto": true, "ts": 1783058949.938}
{"armed": false, "event": "idle_disarmed", "preset": "airplane_single", "single_auto": true, "ts": 1783058949.938}
{"armed": false, "event": "idle_disarmed", "preset": "airplane_single", "single_auto": true, "ts": 1783058950.94}
{"armed": false, "event": "idle_disarmed", "preset": "airplane_single", "single_auto": true, "ts": 1783058950.94}
{"armed": false, "event": "idle_disarmed", "preset": "airplane_single", "single_auto": true, "ts": 1783058951.943}
{"armed": false, "event": "idle_disarmed", "preset": "airplane_single", "single_auto": true, "ts": 1783058951.943}
{"armed": false, "event": "idle_disarmed", "preset": "airplane_single", "single_auto": true, "ts": 1783058952.945}
{"armed": false, "event": "idle_disarmed", "preset": "airplane_single", "single_auto": true, "ts": 1783058952.945}
{"armed": false, "event": "idle_disarmed", "preset": "airplane_single", "single_auto": true, "ts": 1783058953.948}
{"armed": false, "event": "idle_disarmed", "preset": "airplane_single", "single_auto": true, "ts": 1783058953.948}
{"armed": false, "event": "idle_disarmed", "preset": "airplane_single", "single_auto": true, "ts": 1783058954.951}
{"armed": false, "event": "idle_disarmed", "preset": "airplane_single", "single_auto": true, "ts": 1783058954.951}
{"armed": false, "event": "idle_disarmed", "preset": "airplane_single", "single_auto": true, "ts": 1783058955.953}
{"armed": false, "event": "idle_disarmed", "preset": "airplane_single", "single_auto": true, "ts": 1783058955.953}
{"armed": false, "event": "idle_disarmed", "preset": "airplane_single", "single_auto": true, "ts": 1783058956.956}
{"armed": false, "event": "idle_disarmed", "preset": "airplane_single", "single_auto": true, "ts": 1783058956.956}
{"armed": false, "event": "idle_disarmed", "preset": "airplane_single", "single_auto": true, "ts": 1783058957.959}
{"armed": false, "event": "idle_disarmed", "preset": "airplane_single", "single_auto": true, "ts": 1783058957.959}
{"armed": false, "event": "idle_disarmed", "preset": "airplane_single", "single_auto": true, "ts": 1783058958.961}
{"armed": false, "event": "idle_disarmed", "preset": "airplane_single", "single_auto": true, "ts": 1783058958.961}
{"armed": false, "event": "idle_disarmed", "preset": "airplane_single", "single_auto": true, "ts": 1783058959.964}
{"armed": false, "event": "idle_disarmed", "preset": "airplane_single", "single_auto": true, "ts": 1783058959.964}
{"armed": false, "event": "idle_disarmed", "preset": "airplane_single", "single_auto": true, "ts": 1783058960.967}
{"armed": false, "event": "idle_disarmed", "preset": "airplane_single", "single_auto": true, "ts": 1783058960.967}
{"armed": false, "event": "idle_disarmed", "preset": "airplane_single", "single_auto": true, "ts": 1783058961.969}
{"armed": false, "event": "idle_disarmed", "preset": "airplane_single", "single_auto": true, "ts": 1783058961.969}
{"armed": false, "event": "idle_disarmed", "preset": "airplane_single", "single_auto": true, "ts": 1783058962.972}
{"armed": false, "event": "idle_disarmed", "preset": "airplane_single", "single_auto": true, "ts": 1783058962.972}
{"armed": false, "event": "idle_disarmed", "preset": "airplane_single", "single_auto": true, "ts": 1783058963.975}
{"armed": false, "event": "idle_disarmed", "preset": "airplane_single", "single_auto": true, "ts": 1783058963.975}
{"armed": false, "event": "idle_disarmed", "preset": "airplane_single", "single_auto": true, "ts": 1783058964.977}
{"armed": false, "event": "idle_disarmed", "preset": "airplane_single", "single_auto": true, "ts": 1783058964.977}
{"armed": false, "event": "idle_disarmed", "preset": "airplane_single", "single_auto": true, "ts": 1783058965.98}
{"armed": false, "event": "idle_disarmed", "preset": "airplane_single", "single_auto": true, "ts": 1783058965.98}
{"armed": false, "event": "idle_disarmed", "preset": "airplane_single", "single_auto": true, "ts": 1783058966.983}
{"armed": false, "event": "idle_disarmed", "preset": "airplane_single", "single_auto": true, "ts": 1783058966.983}
{"armed": false, "event": "idle_disarmed", "preset": "airplane_single", "single_auto": true, "ts": 1783058967.985}
{"armed": false, "event": "idle_disarmed", "preset": "airplane_single", "single_auto": true, "ts": 1783058967.985}
{"armed": false, "event": "idle_disarmed", "preset": "airplane_single", "single_auto": true, "ts": 1783058968.988}
{"armed": false, "event": "idle_disarmed", "preset": "airplane_single", "single_auto": true, "ts": 1783058968.988}
{"armed": false, "event": "idle_disarmed", "preset": "airplane_single", "single_auto": true, "ts": 1783058969.991}
{"armed": false, "event": "idle_disarmed", "preset": "airplane_single", "single_auto": true, "ts": 1783058969.991}
{"armed": false, "event": "idle_disarmed", "preset": "airplane_single", "single_auto": true, "ts": 1783058970.993}
{"armed": false, "event": "idle_disarmed", "preset": "airplane_single", "single_auto": true, "ts": 1783058970.993}
{"armed": false, "event": "idle_disarmed", "preset": "airplane_single", "single_auto": true, "ts": 1783058971.996}
{"armed": false, "event": "idle_disarmed", "preset": "airplane_single", "single_auto": true, "ts": 1783058971.996}
{"armed": false, "event": "idle_disarmed", "preset": "airplane_single", "single_auto": true, "ts": 1783058972.999}
{"armed": false, "event": "idle_disarmed", "preset": "airplane_single", "single_auto": true, "ts": 1783058972.999}
{"armed": false, "event": "idle_disarmed", "preset": "airplane_single", "single_auto": true, "ts": 1783058974.001}
{"armed": false, "event": "idle_disarmed", "preset": "airplane_single", "single_auto": true, "ts": 1783058974.001}
{"armed": false, "event": "idle_disarmed", "preset": "airplane_single", "single_auto": true, "ts": 1783058975.004}
{"armed": false, "event": "idle_disarmed", "preset": "airplane_single", "single_auto": true, "ts": 1783058975.004}
{"armed": false, "event": "idle_disarmed", "preset": "airplane_single", "single_auto": true, "ts": 1783058976.007}
{"armed": false, "event": "idle_disarmed", "preset": "airplane_single", "single_auto": true, "ts": 1783058976.007}
{"armed": false, "event": "idle_disarmed", "preset": "airplane_single", "single_auto": true, "ts": 1783058977.01}
{"armed": false, "event": "idle_disarmed", "preset": "airplane_single", "single_auto": true, "ts": 1783058977.01}
{"armed": false, "event": "idle_disarmed", "preset": "airplane_single", "single_auto": true, "ts": 1783058978.012}
{"armed": false, "event": "idle_disarmed", "preset": "airplane_single", "single_auto": true, "ts": 1783058978.012}
{"armed": false, "event": "idle_disarmed", "preset": "airplane_single", "single_auto": true, "ts": 1783058979.015}
{"armed": false, "event": "idle_disarmed", "preset": "airplane_single", "single_auto": true, "ts": 1783058979.015}
{"armed": false, "event": "idle_disarmed", "preset": "airplane_single", "single_auto": true, "ts": 1783058980.017}
{"armed": false, "event": "idle_disarmed", "preset": "airplane_single", "single_auto": true, "ts": 1783058980.017}
{"armed": false, "event": "idle_disarmed", "preset": "airplane_single", "single_auto": true, "ts": 1783058981.02}
{"armed": false, "event": "idle_disarmed", "preset": "airplane_single", "single_auto": true, "ts": 1783058981.02}
{"armed": false, "event": "idle_disarmed", "preset": "airplane_single", "single_auto": true, "ts": 1783058982.023}
{"armed": false, "event": "idle_disarmed", "preset": "airplane_single", "single_auto": true, "ts": 1783058982.023}
{"armed": false, "event": "idle_disarmed", "preset": "airplane_single", "single_auto": true, "ts": 1783058983.025}
{"armed": false, "event": "idle_disarmed", "preset": "airplane_single", "single_auto": true, "ts": 1783058983.025}
{"armed": false, "event": "idle_disarmed", "preset": "airplane_single", "single_auto": true, "ts": 1783058984.028}
{"armed": false, "event": "idle_disarmed", "preset": "airplane_single", "single_auto": true, "ts": 1783058984.028}
{"armed": false, "event": "idle_disarmed", "preset": "airplane_single", "single_auto": true, "ts": 1783058985.031}
{"armed": false, "event": "idle_disarmed", "preset": "airplane_single", "single_auto": true, "ts": 1783058985.031}
{"armed": false, "event": "idle_disarmed", "preset": "airplane_single", "single_auto": true, "ts": 1783058986.034}
{"armed": false, "event": "idle_disarmed", "preset": "airplane_single", "single_auto": true, "ts": 1783058986.034}
{"armed": false, "event": "idle_disarmed", "preset": "airplane_single", "single_auto": true, "ts": 1783058987.036}
{"armed": false, "event": "idle_disarmed", "preset": "airplane_single", "single_auto": true, "ts": 1783058987.036}
{"armed": false, "event": "idle_disarmed", "preset": "airplane_single", "single_auto": true, "ts": 1783058988.039}
{"armed": false, "event": "idle_disarmed", "preset": "airplane_single", "single_auto": true, "ts": 1783058988.039}
{"armed": false, "event": "idle_disarmed", "preset": "airplane_single", "single_auto": true, "ts": 1783058989.042}
{"armed": false, "event": "idle_disarmed", "preset": "airplane_single", "single_auto": true, "ts": 1783058989.042}
{"armed": false, "event": "idle_disarmed", "preset": "airplane_single", "single_auto": true, "ts": 1783058990.044}
{"armed": false, "event": "idle_disarmed", "preset": "airplane_single", "single_auto": true, "ts": 1783058990.044}
{"armed": false, "event": "idle_disarmed", "preset": "airplane_single", "single_auto": true, "ts": 1783058991.047}
{"armed": false, "event": "idle_disarmed", "preset": "airplane_single", "single_auto": true, "ts": 1783058991.047}
{"armed": false, "event": "idle_disarmed", "preset": "airplane_single", "single_auto": true, "ts": 1783058992.05}
{"armed": false, "event": "idle_disarmed", "preset": "airplane_single", "single_auto": true, "ts": 1783058992.05}
{"armed": false, "event": "idle_disarmed", "preset": "airplane_single", "single_auto": true, "ts": 1783058993.052}
{"armed": false, "event": "idle_disarmed", "preset": "airplane_single", "single_auto": true, "ts": 1783058993.052}
{"armed": false, "event": "idle_disarmed", "preset": "airplane_single", "single_auto": true, "ts": 1783058994.055}
{"armed": false, "event": "idle_disarmed", "preset": "airplane_single", "single_auto": true, "ts": 1783058994.055}
{"armed": false, "event": "idle_disarmed", "preset": "airplane_single", "single_auto": true, "ts": 1783058995.058}
{"armed": false, "event": "idle_disarmed", "preset": "airplane_single", "single_auto": true, "ts": 1783058995.058}
{"armed": false, "event": "idle_disarmed", "preset": "airplane_single", "single_auto": true, "ts": 1783058996.06}
{"armed": false, "event": "idle_disarmed", "preset": "airplane_single", "single_auto": true, "ts": 1783058996.06}
{"armed": false, "event": "idle_disarmed", "preset": "airplane_single", "single_auto": true, "ts": 1783058997.063}
{"armed": false, "event": "idle_disarmed", "preset": "airplane_single", "single_auto": true, "ts": 1783058997.063}
{"armed": false, "event": "idle_disarmed", "preset": "airplane_single", "single_auto": true, "ts": 1783058998.065}
{"armed": false, "event": "idle_disarmed", "preset": "airplane_single", "single_auto": true, "ts": 1783058998.065}
{"armed": false, "event": "idle_disarmed", "preset": "airplane_single", "single_auto": true, "ts": 1783058999.068}
{"armed": false, "event": "idle_disarmed", "preset": "airplane_single", "single_auto": true, "ts": 1783058999.068}
{"armed": false, "event": "idle_disarmed", "preset": "airplane_single", "single_auto": true, "ts": 1783059000.071}
{"armed": false, "event": "idle_disarmed", "preset": "airplane_single", "single_auto": true, "ts": 1783059000.071}
{"armed": false, "event": "idle_disarmed", "preset": "airplane_single", "single_auto": true, "ts": 1783059001.073}
{"armed": false, "event": "idle_disarmed", "preset": "airplane_single", "single_auto": true, "ts": 1783059001.073}
{"armed": false, "event": "idle_disarmed", "preset": "airplane_single", "single_auto": true, "ts": 1783059002.076}
{"armed": false, "event": "idle_disarmed", "preset": "airplane_single", "single_auto": true, "ts": 1783059002.076}
{"armed": false, "event": "idle_disarmed", "preset": "airplane_single", "single_auto": true, "ts": 1783059003.079}
{"armed": false, "event": "idle_disarmed", "preset": "airplane_single", "single_auto": true, "ts": 1783059003.079}
{"armed": false, "event": "idle_disarmed", "preset": "airplane_single", "single_auto": true, "ts": 1783059004.081}
{"armed": false, "event": "idle_disarmed", "preset": "airplane_single", "single_auto": true, "ts": 1783059004.081}
{"armed": false, "event": "idle_disarmed", "preset": "airplane_single", "single_auto": true, "ts": 1783059005.084}
{"armed": false, "event": "idle_disarmed", "preset": "airplane_single", "single_auto": true, "ts": 1783059005.084}
{"armed": false, "event": "idle_disarmed", "preset": "airplane_single", "single_auto": true, "ts": 1783059006.087}
{"armed": false, "event": "idle_disarmed", "preset": "airplane_single", "single_auto": true, "ts": 1783059006.087}
{"armed": false, "event": "idle_disarmed", "preset": "airplane_single", "single_auto": true, "ts": 1783059007.089}
{"armed": false, "event": "idle_disarmed", "preset": "airplane_single", "single_auto": true, "ts": 1783059007.089}
{"armed": false, "event": "idle_disarmed", "preset": "airplane_single", "single_auto": true, "ts": 1783059008.092}
{"armed": false, "event": "idle_disarmed", "preset": "airplane_single", "single_auto": true, "ts": 1783059008.092}
{"armed": false, "event": "idle_disarmed", "preset": "airplane_single", "single_auto": true, "ts": 1783059009.095}
{"armed": false, "event": "idle_disarmed", "preset": "airplane_single", "single_auto": true, "ts": 1783059009.095}
{"armed": false, "event": "idle_disarmed", "preset": "airplane_single", "single_auto": true, "ts": 1783059010.098}
{"armed": false, "event": "idle_disarmed", "preset": "airplane_single", "single_auto": true, "ts": 1783059010.098}
{"armed": false, "event": "idle_disarmed", "preset": "airplane_single", "single_auto": true, "ts": 1783059011.1}
{"armed": false, "event": "idle_disarmed", "preset": "airplane_single", "single_auto": true, "ts": 1783059011.1}
{"armed": false, "event": "idle_disarmed", "preset": "airplane_single", "single_auto": true, "ts": 1783059012.103}
{"armed": false, "event": "idle_disarmed", "preset": "airplane_single", "single_auto": true, "ts": 1783059012.103}
{"armed": false, "event": "idle_disarmed", "preset": "airplane_single", "single_auto": true, "ts": 1783059013.105}
{"armed": false, "event": "idle_disarmed", "preset": "airplane_single", "single_auto": true, "ts": 1783059013.105}
{"armed": false, "event": "idle_disarmed", "preset": "airplane_single", "single_auto": true, "ts": 1783059014.108}
{"armed": false, "event": "idle_disarmed", "preset": "airplane_single", "single_auto": true, "ts": 1783059014.108}
{"armed": false, "event": "idle_disarmed", "preset": "airplane_single", "single_auto": true, "ts": 1783059015.111}
{"armed": false, "event": "idle_disarmed", "preset": "airplane_single", "single_auto": true, "ts": 1783059015.111}
{"armed": false, "event": "idle_disarmed", "preset": "airplane_single", "single_auto": true, "ts": 1783059016.113}
{"armed": false, "event": "idle_disarmed", "preset": "airplane_single", "single_auto": true, "ts": 1783059016.113}
{"armed": false, "event": "idle_disarmed", "preset": "airplane_single", "single_auto": true, "ts": 1783059017.116}
{"armed": false, "event": "idle_disarmed", "preset": "airplane_single", "single_auto": true, "ts": 1783059017.116}
{"armed": false, "event": "idle_disarmed", "preset": "airplane_single", "single_auto": true, "ts": 1783059018.119}
{"armed": false, "event": "idle_disarmed", "preset": "airplane_single", "single_auto": true, "ts": 1783059018.119}
{"armed": false, "event": "idle_disarmed", "preset": "airplane_single", "single_auto": true, "ts": 1783059019.121}
{"armed": false, "event": "idle_disarmed", "preset": "airplane_single", "single_auto": true, "ts": 1783059019.121}
{"armed": false, "event": "idle_disarmed", "preset": "airplane_single", "single_auto": true, "ts": 1783059020.124}
{"armed": false, "event": "idle_disarmed", "preset": "airplane_single", "single_auto": true, "ts": 1783059020.124}
{"armed": false, "event": "idle_disarmed", "preset": "airplane_single", "single_auto": true, "ts": 1783059021.127}
{"armed": false, "event": "idle_disarmed", "preset": "airplane_single", "single_auto": true, "ts": 1783059021.127}
{"armed": false, "event": "idle_disarmed", "preset": "airplane_single", "single_auto": true, "ts": 1783059022.129}
{"armed": false, "event": "idle_disarmed", "preset": "airplane_single", "single_auto": true, "ts": 1783059022.129}
{"armed": false, "event": "idle_disarmed", "preset": "airplane_single", "single_auto": true, "ts": 1783059023.132}
{"armed": false, "event": "idle_disarmed", "preset": "airplane_single", "single_auto": true, "ts": 1783059023.132}
{"armed": false, "event": "idle_disarmed", "preset": "airplane_single", "single_auto": true, "ts": 1783059024.135}
{"armed": false, "event": "idle_disarmed", "preset": "airplane_single", "single_auto": true, "ts": 1783059024.135}
{"armed": false, "event": "idle_disarmed", "preset": "airplane_single", "single_auto": true, "ts": 1783059025.137}
{"armed": false, "event": "idle_disarmed", "preset": "airplane_single", "single_auto": true, "ts": 1783059025.137}
{"armed": false, "event": "idle_disarmed", "preset": "airplane_single", "single_auto": true, "ts": 1783059026.14}
{"armed": false, "event": "idle_disarmed", "preset": "airplane_single", "single_auto": true, "ts": 1783059026.14}
{"armed": false, "event": "idle_disarmed", "preset": "airplane_single", "single_auto": true, "ts": 1783059027.142}
{"armed": false, "event": "idle_disarmed", "preset": "airplane_single", "single_auto": true, "ts": 1783059027.142}
{"armed": false, "event": "idle_disarmed", "preset": "airplane_single", "single_auto": true, "ts": 1783059028.145}
{"armed": false, "event": "idle_disarmed", "preset": "airplane_single", "single_auto": true, "ts": 1783059028.145}
{"armed": false, "event": "idle_disarmed", "preset": "airplane_single", "single_auto": true, "ts": 1783059029.148}
{"armed": false, "event": "idle_disarmed", "preset": "airplane_single", "single_auto": true, "ts": 1783059029.148}
{"armed": false, "event": "idle_disarmed", "preset": "airplane_single", "single_auto": true, "ts": 1783059030.15}
{"armed": false, "event": "idle_disarmed", "preset": "airplane_single", "single_auto": true, "ts": 1783059030.15}
{"armed": false, "event": "idle_disarmed", "preset": "airplane_single", "single_auto": true, "ts": 1783059031.153}
{"armed": false, "event": "idle_disarmed", "preset": "airplane_single", "single_auto": true, "ts": 1783059031.153}
{"armed": false, "event": "idle_disarmed", "preset": "airplane_single", "single_auto": true, "ts": 1783059032.156}
{"armed": false, "event": "idle_disarmed", "preset": "airplane_single", "single_auto": true, "ts": 1783059032.156}
{"armed": false, "event": "idle_disarmed", "preset": "airplane_single", "single_auto": true, "ts": 1783059033.159}
{"armed": false, "event": "idle_disarmed", "preset": "airplane_single", "single_auto": true, "ts": 1783059033.159}
{"armed": false, "event": "idle_disarmed", "preset": "airplane_single", "single_auto": true, "ts": 1783059034.162}
{"armed": false, "event": "idle_disarmed", "preset": "airplane_single", "single_auto": true, "ts": 1783059034.162}
{"armed": false, "event": "idle_disarmed", "preset": "airplane_single", "single_auto": true, "ts": 1783059035.164}
{"armed": false, "event": "idle_disarmed", "preset": "airplane_single", "single_auto": true, "ts": 1783059035.164}
{"armed": false, "event": "idle_disarmed", "preset": "airplane_single", "single_auto": true, "ts": 1783059036.167}
{"armed": false, "event": "idle_disarmed", "preset": "airplane_single", "single_auto": true, "ts": 1783059036.167}
{"armed": false, "event": "idle_disarmed", "preset": "airplane_single", "single_auto": true, "ts": 1783059037.17}
{"armed": false, "event": "idle_disarmed", "preset": "airplane_single", "single_auto": true, "ts": 1783059037.17}
{"armed": false, "event": "idle_disarmed", "preset": "airplane_single", "single_auto": true, "ts": 1783059038.172}
{"armed": false, "event": "idle_disarmed", "preset": "airplane_single", "single_auto": true, "ts": 1783059038.172}
{"armed": false, "event": "idle_disarmed", "preset": "airplane_single", "single_auto": true, "ts": 1783059039.175}
{"armed": false, "event": "idle_disarmed", "preset": "airplane_single", "single_auto": true, "ts": 1783059039.175}
{"armed": false, "event": "idle_disarmed", "preset": "airplane_single", "single_auto": true, "ts": 1783059040.177}
{"armed": false, "event": "idle_disarmed", "preset": "airplane_single", "single_auto": true, "ts": 1783059040.177}
{"armed": false, "event": "idle_disarmed", "preset": "airplane_single", "single_auto": true, "ts": 1783059041.18}
{"armed": false, "event": "idle_disarmed", "preset": "airplane_single", "single_auto": true, "ts": 1783059041.18}
{"armed": false, "event": "idle_disarmed", "preset": "airplane_single", "single_auto": true, "ts": 1783059042.183}
{"armed": false, "event": "idle_disarmed", "preset": "airplane_single", "single_auto": true, "ts": 1783059042.183}
{"armed": false, "event": "idle_disarmed", "preset": "airplane_single", "single_auto": true, "ts": 1783059043.186}
{"armed": false, "event": "idle_disarmed", "preset": "airplane_single", "single_auto": true, "ts": 1783059043.186}
{"armed": false, "event": "idle_disarmed", "preset": "airplane_single", "single_auto": true, "ts": 1783059044.188}
{"armed": false, "event": "idle_disarmed", "preset": "airplane_single", "single_auto": true, "ts": 1783059044.188}
{"armed": false, "event": "idle_disarmed", "preset": "airplane_single", "single_auto": true, "ts": 1783059045.191}
{"armed": false, "event": "idle_disarmed", "preset": "airplane_single", "single_auto": true, "ts": 1783059045.191}
{"armed": false, "event": "idle_disarmed", "preset": "airplane_single", "single_auto": true, "ts": 1783059046.193}
{"armed": false, "event": "idle_disarmed", "preset": "airplane_single", "single_auto": true, "ts": 1783059046.193}
{"armed": false, "event": "idle_disarmed", "preset": "airplane_single", "single_auto": true, "ts": 1783059047.196}
{"armed": false, "event": "idle_disarmed", "preset": "airplane_single", "single_auto": true, "ts": 1783059047.196}
{"armed": false, "event": "idle_disarmed", "preset": "airplane_single", "single_auto": true, "ts": 1783059048.199}
{"armed": false, "event": "idle_disarmed", "preset": "airplane_single", "single_auto": true, "ts": 1783059048.199}
{"armed": false, "event": "idle_disarmed", "preset": "airplane_single", "single_auto": true, "ts": 1783059049.201}
{"armed": false, "event": "idle_disarmed", "preset": "airplane_single", "single_auto": true, "ts": 1783059049.201}
{"armed": false, "event": "idle_disarmed", "preset": "airplane_single", "single_auto": true, "ts": 1783059050.204}
{"armed": false, "event": "idle_disarmed", "preset": "airplane_single", "single_auto": true, "ts": 1783059050.204}
{"armed": false, "event": "idle_disarmed", "preset": "airplane_single", "single_auto": true, "ts": 1783059051.207}
{"armed": false, "event": "idle_disarmed", "preset": "airplane_single", "single_auto": true, "ts": 1783059051.207}
{"armed": false, "event": "idle_disarmed", "preset": "airplane_single", "single_auto": true, "ts": 1783059052.209}
{"armed": false, "event": "idle_disarmed", "preset": "airplane_single", "single_auto": true, "ts": 1783059052.209}
{"armed": false, "event": "idle_disarmed", "preset": "airplane_single", "single_auto": true, "ts": 1783059053.212}
{"armed": false, "event": "idle_disarmed", "preset": "airplane_single", "single_auto": true, "ts": 1783059053.212}
{"armed": false, "event": "idle_disarmed", "preset": "airplane_single", "single_auto": true, "ts": 1783059054.215}
{"armed": false, "event": "idle_disarmed", "preset": "airplane_single", "single_auto": true, "ts": 1783059054.215}
{"armed": false, "event": "idle_disarmed", "preset": "airplane_single", "single_auto": true, "ts": 1783059055.218}
{"armed": false, "event": "idle_disarmed", "preset": "airplane_single", "single_auto": true, "ts": 1783059055.218}
{"armed": false, "event": "idle_disarmed", "preset": "airplane_single", "single_auto": true, "ts": 1783059056.22}
{"armed": false, "event": "idle_disarmed", "preset": "airplane_single", "single_auto": true, "ts": 1783059056.22}
{"armed": false, "event": "idle_disarmed", "preset": "airplane_single", "single_auto": true, "ts": 1783059057.223}
{"armed": false, "event": "idle_disarmed", "preset": "airplane_single", "single_auto": true, "ts": 1783059057.223}
{"armed": false, "event": "idle_disarmed", "preset": "airplane_single", "single_auto": true, "ts": 1783059058.226}
{"armed": false, "event": "idle_disarmed", "preset": "airplane_single", "single_auto": true, "ts": 1783059058.226}
{"armed": false, "event": "idle_disarmed", "preset": "airplane_single", "single_auto": true, "ts": 1783059059.228}
{"armed": false, "event": "idle_disarmed", "preset": "airplane_single", "single_auto": true, "ts": 1783059059.228}
{"armed": false, "event": "idle_disarmed", "preset": "airplane_single", "single_auto": true, "ts": 1783059060.231}
{"armed": false, "event": "idle_disarmed", "preset": "airplane_single", "single_auto": true, "ts": 1783059060.231}
{"armed": false, "event": "idle_disarmed", "preset": "airplane_single", "single_auto": true, "ts": 1783059061.234}
{"armed": false, "event": "idle_disarmed", "preset": "airplane_single", "single_auto": true, "ts": 1783059061.234}
{"armed": false, "event": "idle_disarmed", "preset": "airplane_single", "single_auto": true, "ts": 1783059062.236}
{"armed": false, "event": "idle_disarmed", "preset": "airplane_single", "single_auto": true, "ts": 1783059062.236}
{"armed": false, "event": "idle_disarmed", "preset": "airplane_single", "single_auto": true, "ts": 1783059063.239}
{"armed": false, "event": "idle_disarmed", "preset": "airplane_single", "single_auto": true, "ts": 1783059063.239}
{"armed": false, "event": "idle_disarmed", "preset": "airplane_single", "single_auto": true, "ts": 1783059064.242}
{"armed": false, "event": "idle_disarmed", "preset": "airplane_single", "single_auto": true, "ts": 1783059064.242}
{"armed": false, "event": "idle_disarmed", "preset": "airplane_single", "single_auto": true, "ts": 1783059065.244}
{"armed": false, "event": "idle_disarmed", "preset": "airplane_single", "single_auto": true, "ts": 1783059065.244}
{"armed": false, "event": "idle_disarmed", "preset": "airplane_single", "single_auto": true, "ts": 1783059066.247}
{"armed": false, "event": "idle_disarmed", "preset": "airplane_single", "single_auto": true, "ts": 1783059066.247}
{"armed": false, "event": "idle_disarmed", "preset": "airplane_single", "single_auto": true, "ts": 1783059067.25}
{"armed": false, "event": "idle_disarmed", "preset": "airplane_single", "single_auto": true, "ts": 1783059067.25}
{"armed": false, "event": "idle_disarmed", "preset": "airplane_single", "single_auto": true, "ts": 1783059068.252}
{"armed": false, "event": "idle_disarmed", "preset": "airplane_single", "single_auto": true, "ts": 1783059068.252}
{"armed": false, "event": "idle_disarmed", "preset": "airplane_single", "single_auto": true, "ts": 1783059069.255}
{"armed": false, "event": "idle_disarmed", "preset": "airplane_single", "single_auto": true, "ts": 1783059069.255}
{"armed": false, "event": "idle_disarmed", "preset": "airplane_single", "single_auto": true, "ts": 1783059070.257}
{"armed": false, "event": "idle_disarmed", "preset": "airplane_single", "single_auto": true, "ts": 1783059070.257}
{"armed": false, "event": "idle_disarmed", "preset": "airplane_single", "single_auto": true, "ts": 1783059071.26}
{"armed": false, "event": "idle_disarmed", "preset": "airplane_single", "single_auto": true, "ts": 1783059071.26}
{"armed": false, "event": "idle_disarmed", "preset": "airplane_single", "single_auto": true, "ts": 1783059072.262}
{"armed": false, "event": "idle_disarmed", "preset": "airplane_single", "single_auto": true, "ts": 1783059072.262}
{"armed": false, "event": "idle_disarmed", "preset": "airplane_single", "single_auto": true, "ts": 1783059073.265}
{"armed": false, "event": "idle_disarmed", "preset": "airplane_single", "single_auto": true, "ts": 1783059073.265}
{"armed": false, "event": "idle_disarmed", "preset": "airplane_single", "single_auto": true, "ts": 1783059074.268}
{"armed": false, "event": "idle_disarmed", "preset": "airplane_single", "single_auto": true, "ts": 1783059074.268}
{"armed": false, "event": "idle_disarmed", "preset": "airplane_single", "single_auto": true, "ts": 1783059075.27}
{"armed": false, "event": "idle_disarmed", "preset": "airplane_single", "single_auto": true, "ts": 1783059075.27}
{"armed": false, "event": "idle_disarmed", "preset": "airplane_single", "single_auto": true, "ts": 1783059076.273}
{"armed": false, "event": "idle_disarmed", "preset": "airplane_single", "single_auto": true, "ts": 1783059076.273}
{"armed": false, "event": "idle_disarmed", "preset": "airplane_single", "single_auto": true, "ts": 1783059077.276}
{"armed": false, "event": "idle_disarmed", "preset": "airplane_single", "single_auto": true, "ts": 1783059077.276}
{"armed": false, "event": "idle_disarmed", "preset": "airplane_single", "single_auto": true, "ts": 1783059078.279}
{"armed": false, "event": "idle_disarmed", "preset": "airplane_single", "single_auto": true, "ts": 1783059078.279}
{"armed": false, "event": "idle_disarmed", "preset": "airplane_single", "single_auto": true, "ts": 1783059079.282}
{"armed": false, "event": "idle_disarmed", "preset": "airplane_single", "single_auto": true, "ts": 1783059079.282}
{"armed": false, "event": "idle_disarmed", "preset": "airplane_single", "single_auto": true, "ts": 1783059080.284}
{"armed": false, "event": "idle_disarmed", "preset": "airplane_single", "single_auto": true, "ts": 1783059080.284}
{"armed": false, "event": "idle_disarmed", "preset": "airplane_single", "single_auto": true, "ts": 1783059081.287}
{"armed": false, "event": "idle_disarmed", "preset": "airplane_single", "single_auto": true, "ts": 1783059081.287}
{"armed": false, "event": "idle_disarmed", "preset": "airplane_single", "single_auto": true, "ts": 1783059082.289}
{"armed": false, "event": "idle_disarmed", "preset": "airplane_single", "single_auto": true, "ts": 1783059082.289}
{"armed": false, "event": "idle_disarmed", "preset": "airplane_single", "single_auto": true, "ts": 1783059083.291}
{"armed": false, "event": "idle_disarmed", "preset": "airplane_single", "single_auto": true, "ts": 1783059083.291}
{"armed": false, "event": "idle_disarmed", "preset": "airplane_single", "single_auto": true, "ts": 1783059084.294}
{"armed": false, "event": "idle_disarmed", "preset": "airplane_single", "single_auto": true, "ts": 1783059084.294}
{"armed": false, "event": "idle_disarmed", "preset": "airplane_single", "single_auto": true, "ts": 1783059085.296}
{"armed": false, "event": "idle_disarmed", "preset": "airplane_single", "single_auto": true, "ts": 1783059085.296}
{"armed": false, "event": "idle_disarmed", "preset": "airplane_single", "single_auto": true, "ts": 1783059086.299}
{"armed": false, "event": "idle_disarmed", "preset": "airplane_single", "single_auto": true, "ts": 1783059086.299}
{"armed": false, "event": "idle_disarmed", "preset": "airplane_single", "single_auto": true, "ts": 1783059087.301}
{"armed": false, "event": "idle_disarmed", "preset": "airplane_single", "single_auto": true, "ts": 1783059087.301}
{"armed": false, "event": "idle_disarmed", "preset": "airplane_single", "single_auto": true, "ts": 1783059088.303}
{"armed": false, "event": "idle_disarmed", "preset": "airplane_single", "single_auto": true, "ts": 1783059088.303}
{"armed": false, "event": "idle_disarmed", "preset": "airplane_single", "single_auto": true, "ts": 1783059089.306}
{"armed": false, "event": "idle_disarmed", "preset": "airplane_single", "single_auto": true, "ts": 1783059089.306}
{"armed": false, "event": "idle_disarmed", "preset": "airplane_single", "single_auto": true, "ts": 1783059090.308}
{"armed": false, "event": "idle_disarmed", "preset": "airplane_single", "single_auto": true, "ts": 1783059090.308}
{"armed": false, "event": "idle_disarmed", "preset": "airplane_single", "single_auto": true, "ts": 1783059091.31}
{"armed": false, "event": "idle_disarmed", "preset": "airplane_single", "single_auto": true, "ts": 1783059091.31}
{"armed": false, "event": "idle_disarmed", "preset": "airplane_single", "single_auto": true, "ts": 1783059092.313}
{"armed": false, "event": "idle_disarmed", "preset": "airplane_single", "single_auto": true, "ts": 1783059092.313}
{"armed": false, "event": "idle_disarmed", "preset": "airplane_single", "single_auto": true, "ts": 1783059093.315}
{"armed": false, "event": "idle_disarmed", "preset": "airplane_single", "single_auto": true, "ts": 1783059093.315}
{"armed": false, "event": "idle_disarmed", "preset": "airplane_single", "single_auto": true, "ts": 1783059094.318}
{"armed": false, "event": "idle_disarmed", "preset": "airplane_single", "single_auto": true, "ts": 1783059094.318}
{"armed": false, "event": "idle_disarmed", "preset": "airplane_single", "single_auto": true, "ts": 1783059095.32}
{"armed": false, "event": "idle_disarmed", "preset": "airplane_single", "single_auto": true, "ts": 1783059095.32}
{"armed": false, "event": "idle_disarmed", "preset": "airplane_single", "single_auto": true, "ts": 1783059096.323}
{"armed": false, "event": "idle_disarmed", "preset": "airplane_single", "single_auto": true, "ts": 1783059096.323}
{"armed": false, "event": "idle_disarmed", "preset": "airplane_single", "single_auto": true, "ts": 1783059097.325}
{"armed": false, "event": "idle_disarmed", "preset": "airplane_single", "single_auto": true, "ts": 1783059097.325}
{"armed": false, "event": "idle_disarmed", "preset": "airplane_single", "single_auto": true, "ts": 1783059098.328}
{"armed": false, "event": "idle_disarmed", "preset": "airplane_single", "single_auto": true, "ts": 1783059098.328}
{"armed": false, "event": "idle_disarmed", "preset": "airplane_single", "single_auto": true, "ts": 1783059099.33}
{"armed": false, "event": "idle_disarmed", "preset": "airplane_single", "single_auto": true, "ts": 1783059099.33}
{"armed": false, "event": "idle_disarmed", "preset": "airplane_single", "single_auto": true, "ts": 1783059100.333}
{"armed": false, "event": "idle_disarmed", "preset": "airplane_single", "single_auto": true, "ts": 1783059100.333}
{"armed": false, "event": "idle_disarmed", "preset": "airplane_single", "single_auto": true, "ts": 1783059101.336}
{"armed": false, "event": "idle_disarmed", "preset": "airplane_single", "single_auto": true, "ts": 1783059101.336}
{"armed": false, "event": "idle_disarmed", "preset": "airplane_single", "single_auto": true, "ts": 1783059102.338}
{"armed": false, "event": "idle_disarmed", "preset": "airplane_single", "single_auto": true, "ts": 1783059102.338}
{"armed": false, "event": "idle_disarmed", "preset": "airplane_single", "single_auto": true, "ts": 1783059103.34}
{"armed": false, "event": "idle_disarmed", "preset": "airplane_single", "single_auto": true, "ts": 1783059103.34}
{"armed": false, "event": "idle_disarmed", "preset": "airplane_single", "single_auto": true, "ts": 1783059104.343}
{"armed": false, "event": "idle_disarmed", "preset": "airplane_single", "single_auto": true, "ts": 1783059104.343}
{"armed": false, "event": "idle_disarmed", "preset": "airplane_single", "single_auto": true, "ts": 1783059105.345}
{"armed": false, "event": "idle_disarmed", "preset": "airplane_single", "single_auto": true, "ts": 1783059105.345}
{"armed": false, "event": "idle_disarmed", "preset": "airplane_single", "single_auto": true, "ts": 1783059106.347}
{"armed": false, "event": "idle_disarmed", "preset": "airplane_single", "single_auto": true, "ts": 1783059106.347}
{"armed": false, "event": "idle_disarmed", "preset": "airplane_single", "single_auto": true, "ts": 1783059107.35}
{"armed": false, "event": "idle_disarmed", "preset": "airplane_single", "single_auto": true, "ts": 1783059107.35}
{"armed": false, "event": "idle_disarmed", "preset": "airplane_single", "single_auto": true, "ts": 1783059108.352}
{"armed": false, "event": "idle_disarmed", "preset": "airplane_single", "single_auto": true, "ts": 1783059108.352}
{"armed": false, "event": "idle_disarmed", "preset": "airplane_single", "single_auto": true, "ts": 1783059109.355}
{"armed": false, "event": "idle_disarmed", "preset": "airplane_single", "single_auto": true, "ts": 1783059109.355}
{"armed": false, "event": "idle_disarmed", "preset": "airplane_single", "single_auto": true, "ts": 1783059110.357}
{"armed": false, "event": "idle_disarmed", "preset": "airplane_single", "single_auto": true, "ts": 1783059110.357}
{"armed": false, "event": "idle_disarmed", "preset": "airplane_single", "single_auto": true, "ts": 1783059111.36}
{"armed": false, "event": "idle_disarmed", "preset": "airplane_single", "single_auto": true, "ts": 1783059111.36}
{"armed": false, "event": "idle_disarmed", "preset": "airplane_single", "single_auto": true, "ts": 1783059112.362}
{"armed": false, "event": "idle_disarmed", "preset": "airplane_single", "single_auto": true, "ts": 1783059112.362}
{"armed": false, "event": "idle_disarmed", "preset": "airplane_single", "single_auto": true, "ts": 1783059113.365}
{"armed": false, "event": "idle_disarmed", "preset": "airplane_single", "single_auto": true, "ts": 1783059113.365}
{"armed": false, "event": "idle_disarmed", "preset": "airplane_single", "single_auto": true, "ts": 1783059114.368}
{"armed": false, "event": "idle_disarmed", "preset": "airplane_single", "single_auto": true, "ts": 1783059114.368}
{"armed": false, "event": "idle_disarmed", "preset": "airplane_single", "single_auto": true, "ts": 1783059115.37}
{"armed": false, "event": "idle_disarmed", "preset": "airplane_single", "single_auto": true, "ts": 1783059115.37}
{"armed": false, "event": "idle_disarmed", "preset": "airplane_single", "single_auto": true, "ts": 1783059116.373}
{"armed": false, "event": "idle_disarmed", "preset": "airplane_single", "single_auto": true, "ts": 1783059116.373}
{"armed": false, "event": "idle_disarmed", "preset": "airplane_single", "single_auto": true, "ts": 1783059117.375}
{"armed": false, "event": "idle_disarmed", "preset": "airplane_single", "single_auto": true, "ts": 1783059117.375}
{"armed": false, "event": "idle_disarmed", "preset": "airplane_single", "single_auto": true, "ts": 1783059118.378}
{"armed": false, "event": "idle_disarmed", "preset": "airplane_single", "single_auto": true, "ts": 1783059118.378}
{"armed": false, "event": "idle_disarmed", "preset": "airplane_single", "single_auto": true, "ts": 1783059119.38}
{"armed": false, "event": "idle_disarmed", "preset": "airplane_single", "single_auto": true, "ts": 1783059119.38}
{"armed": false, "event": "idle_disarmed", "preset": "airplane_single", "single_auto": true, "ts": 1783059120.383}
{"armed": false, "event": "idle_disarmed", "preset": "airplane_single", "single_auto": true, "ts": 1783059120.383}
{"armed": false, "event": "idle_disarmed", "preset": "airplane_single", "single_auto": true, "ts": 1783059121.385}
{"armed": false, "event": "idle_disarmed", "preset": "airplane_single", "single_auto": true, "ts": 1783059121.385}
{"armed": false, "event": "idle_disarmed", "preset": "airplane_single", "single_auto": true, "ts": 1783059122.388}
{"armed": false, "event": "idle_disarmed", "preset": "airplane_single", "single_auto": true, "ts": 1783059122.388}
{"armed": false, "event": "idle_disarmed", "preset": "airplane_single", "single_auto": true, "ts": 1783059123.39}
{"armed": false, "event": "idle_disarmed", "preset": "airplane_single", "single_auto": true, "ts": 1783059123.39}
{"armed": false, "event": "idle_disarmed", "preset": "airplane_single", "single_auto": true, "ts": 1783059124.393}
{"armed": false, "event": "idle_disarmed", "preset": "airplane_single", "single_auto": true, "ts": 1783059124.393}
{"armed": false, "event": "idle_disarmed", "preset": "airplane_single", "single_auto": true, "ts": 1783059125.395}
{"armed": false, "event": "idle_disarmed", "preset": "airplane_single", "single_auto": true, "ts": 1783059125.395}
{"armed": false, "event": "idle_disarmed", "preset": "airplane_single", "single_auto": true, "ts": 1783059126.398}
{"armed": false, "event": "idle_disarmed", "preset": "airplane_single", "single_auto": true, "ts": 1783059126.398}
{"armed": false, "event": "idle_disarmed", "preset": "airplane_single", "single_auto": true, "ts": 1783059127.4}
{"armed": false, "event": "idle_disarmed", "preset": "airplane_single", "single_auto": true, "ts": 1783059127.4}
{"armed": false, "event": "idle_disarmed", "preset": "airplane_single", "single_auto": true, "ts": 1783059128.403}
{"armed": false, "event": "idle_disarmed", "preset": "airplane_single", "single_auto": true, "ts": 1783059128.403}
{"armed": false, "event": "idle_disarmed", "preset": "airplane_single", "single_auto": true, "ts": 1783059129.405}
{"armed": false, "event": "idle_disarmed", "preset": "airplane_single", "single_auto": true, "ts": 1783059129.405}
{"armed": false, "event": "idle_disarmed", "preset": "airplane_single", "single_auto": true, "ts": 1783059130.407}
{"armed": false, "event": "idle_disarmed", "preset": "airplane_single", "single_auto": true, "ts": 1783059130.407}
{"armed": false, "event": "idle_disarmed", "preset": "airplane_single", "single_auto": true, "ts": 1783059131.41}
{"armed": false, "event": "idle_disarmed", "preset": "airplane_single", "single_auto": true, "ts": 1783059131.41}
{"armed": false, "event": "idle_disarmed", "preset": "airplane_single", "single_auto": true, "ts": 1783059132.412}
{"armed": false, "event": "idle_disarmed", "preset": "airplane_single", "single_auto": true, "ts": 1783059132.412}
{"armed": false, "event": "idle_disarmed", "preset": "airplane_single", "single_auto": true, "ts": 1783059133.415}
{"armed": false, "event": "idle_disarmed", "preset": "airplane_single", "single_auto": true, "ts": 1783059133.415}
{"armed": false, "event": "idle_disarmed", "preset": "airplane_single", "single_auto": true, "ts": 1783059134.417}
{"armed": false, "event": "idle_disarmed", "preset": "airplane_single", "single_auto": true, "ts": 1783059134.417}
{"armed": false, "event": "idle_disarmed", "preset": "airplane_single", "single_auto": true, "ts": 1783059135.419}
{"armed": false, "event": "idle_disarmed", "preset": "airplane_single", "single_auto": true, "ts": 1783059135.419}
{"armed": false, "event": "idle_disarmed", "preset": "airplane_single", "single_auto": true, "ts": 1783059136.422}
{"armed": false, "event": "idle_disarmed", "preset": "airplane_single", "single_auto": true, "ts": 1783059136.422}
{"armed": false, "event": "idle_disarmed", "preset": "airplane_single", "single_auto": true, "ts": 1783059137.424}
{"armed": false, "event": "idle_disarmed", "preset": "airplane_single", "single_auto": true, "ts": 1783059137.424}
{"armed": false, "event": "idle_disarmed", "preset": "airplane_single", "single_auto": true, "ts": 1783059138.427}
{"armed": false, "event": "idle_disarmed", "preset": "airplane_single", "single_auto": true, "ts": 1783059138.427}
{"armed": false, "event": "idle_disarmed", "preset": "airplane_single", "single_auto": true, "ts": 1783059139.429}
{"armed": false, "event": "idle_disarmed", "preset": "airplane_single", "single_auto": true, "ts": 1783059139.429}
{"armed": false, "event": "idle_disarmed", "preset": "airplane_single", "single_auto": true, "ts": 1783059140.431}
{"armed": false, "event": "idle_disarmed", "preset": "airplane_single", "single_auto": true, "ts": 1783059140.431}
{"armed": false, "event": "idle_disarmed", "preset": "airplane_single", "single_auto": true, "ts": 1783059141.434}
{"armed": false, "event": "idle_disarmed", "preset": "airplane_single", "single_auto": true, "ts": 1783059141.434}
{"armed": false, "event": "idle_disarmed", "preset": "airplane_single", "single_auto": true, "ts": 1783059142.436}
{"armed": false, "event": "idle_disarmed", "preset": "airplane_single", "single_auto": true, "ts": 1783059142.436}
{"armed": false, "event": "idle_disarmed", "preset": "airplane_single", "single_auto": true, "ts": 1783059143.439}
{"armed": false, "event": "idle_disarmed", "preset": "airplane_single", "single_auto": true, "ts": 1783059143.439}
{"armed": false, "event": "idle_disarmed", "preset": "airplane_single", "single_auto": true, "ts": 1783059144.441}
{"armed": false, "event": "idle_disarmed", "preset": "airplane_single", "single_auto": true, "ts": 1783059144.441}
{"armed": false, "event": "idle_disarmed", "preset": "airplane_single", "single_auto": true, "ts": 1783059145.443}
{"armed": false, "event": "idle_disarmed", "preset": "airplane_single", "single_auto": true, "ts": 1783059145.443}
{"armed": false, "event": "idle_disarmed", "preset": "airplane_single", "single_auto": true, "ts": 1783059146.446}
{"armed": false, "event": "idle_disarmed", "preset": "airplane_single", "single_auto": true, "ts": 1783059146.446}
{"armed": false, "event": "idle_disarmed", "preset": "airplane_single", "single_auto": true, "ts": 1783059147.449}
{"armed": false, "event": "idle_disarmed", "preset": "airplane_single", "single_auto": true, "ts": 1783059147.449}
{"armed": false, "event": "idle_disarmed", "preset": "airplane_single", "single_auto": true, "ts": 1783059148.451}
{"armed": false, "event": "idle_disarmed", "preset": "airplane_single", "single_auto": true, "ts": 1783059148.451}
{"armed": false, "event": "idle_disarmed", "preset": "airplane_single", "single_auto": true, "ts": 1783059149.453}
{"armed": false, "event": "idle_disarmed", "preset": "airplane_single", "single_auto": true, "ts": 1783059149.453}
{"armed": false, "event": "idle_disarmed", "preset": "airplane_single", "single_auto": true, "ts": 1783059150.456}
{"armed": false, "event": "idle_disarmed", "preset": "airplane_single", "single_auto": true, "ts": 1783059150.456}
{"armed": false, "event": "idle_disarmed", "preset": "airplane_single", "single_auto": true, "ts": 1783059151.458}
{"armed": false, "event": "idle_disarmed", "preset": "airplane_single", "single_auto": true, "ts": 1783059151.458}
{"armed": false, "event": "idle_disarmed", "preset": "airplane_single", "single_auto": true, "ts": 1783059152.46}
{"armed": false, "event": "idle_disarmed", "preset": "airplane_single", "single_auto": true, "ts": 1783059152.46}
{"armed": false, "event": "idle_disarmed", "preset": "airplane_single", "single_auto": true, "ts": 1783059153.463}
{"armed": false, "event": "idle_disarmed", "preset": "airplane_single", "single_auto": true, "ts": 1783059153.463}
{"armed": false, "event": "idle_disarmed", "preset": "airplane_single", "single_auto": true, "ts": 1783059154.465}
{"armed": false, "event": "idle_disarmed", "preset": "airplane_single", "single_auto": true, "ts": 1783059154.465}
{"armed": false, "event": "idle_disarmed", "preset": "airplane_single", "single_auto": true, "ts": 1783059155.468}
{"armed": false, "event": "idle_disarmed", "preset": "airplane_single", "single_auto": true, "ts": 1783059155.468}
{"armed": false, "event": "idle_disarmed", "preset": "airplane_single", "single_auto": true, "ts": 1783059156.471}
{"armed": false, "event": "idle_disarmed", "preset": "airplane_single", "single_auto": true, "ts": 1783059156.471}
{"armed": false, "event": "idle_disarmed", "preset": "airplane_single", "single_auto": true, "ts": 1783059157.473}
{"armed": false, "event": "idle_disarmed", "preset": "airplane_single", "single_auto": true, "ts": 1783059157.473}
{"armed": false, "event": "idle_disarmed", "preset": "airplane_single", "single_auto": true, "ts": 1783059158.476}
{"armed": false, "event": "idle_disarmed", "preset": "airplane_single", "single_auto": true, "ts": 1783059158.476}
{"armed": false, "event": "idle_disarmed", "preset": "airplane_single", "single_auto": true, "ts": 1783059159.478}
{"armed": false, "event": "idle_disarmed", "preset": "airplane_single", "single_auto": true, "ts": 1783059159.478}
{"armed": false, "event": "idle_disarmed", "preset": "airplane_single", "single_auto": true, "ts": 1783059160.48}
{"armed": false, "event": "idle_disarmed", "preset": "airplane_single", "single_auto": true, "ts": 1783059160.48}
{"armed": false, "event": "idle_disarmed", "preset": "airplane_single", "single_auto": true, "ts": 1783059161.483}
{"armed": false, "event": "idle_disarmed", "preset": "airplane_single", "single_auto": true, "ts": 1783059161.483}
{"armed": false, "event": "idle_disarmed", "preset": "airplane_single", "single_auto": true, "ts": 1783059162.486}
{"armed": false, "event": "idle_disarmed", "preset": "airplane_single", "single_auto": true, "ts": 1783059162.486}
{"armed": false, "event": "idle_disarmed", "preset": "airplane_single", "single_auto": true, "ts": 1783059163.488}
{"armed": false, "event": "idle_disarmed", "preset": "airplane_single", "single_auto": true, "ts": 1783059163.488}
{"armed": false, "event": "idle_disarmed", "preset": "airplane_single", "single_auto": true, "ts": 1783059164.491}
{"armed": false, "event": "idle_disarmed", "preset": "airplane_single", "single_auto": true, "ts": 1783059164.491}
{"armed": false, "event": "idle_disarmed", "preset": "airplane_single", "single_auto": true, "ts": 1783059165.494}
{"armed": false, "event": "idle_disarmed", "preset": "airplane_single", "single_auto": true, "ts": 1783059165.494}
{"armed": false, "event": "idle_disarmed", "preset": "airplane_single", "single_auto": true, "ts": 1783059166.496}
{"armed": false, "event": "idle_disarmed", "preset": "airplane_single", "single_auto": true, "ts": 1783059166.496}
{"armed": false, "event": "idle_disarmed", "preset": "airplane_single", "single_auto": true, "ts": 1783059167.499}
{"armed": false, "event": "idle_disarmed", "preset": "airplane_single", "single_auto": true, "ts": 1783059167.499}
{"armed": false, "event": "idle_disarmed", "preset": "airplane_single", "single_auto": true, "ts": 1783059168.501}
{"armed": false, "event": "idle_disarmed", "preset": "airplane_single", "single_auto": true, "ts": 1783059168.501}
{"armed": false, "event": "idle_disarmed", "preset": "airplane_single", "single_auto": true, "ts": 1783059169.504}
{"armed": false, "event": "idle_disarmed", "preset": "airplane_single", "single_auto": true, "ts": 1783059169.504}
{"armed": false, "event": "idle_disarmed", "preset": "airplane_single", "single_auto": true, "ts": 1783059170.507}
{"armed": false, "event": "idle_disarmed", "preset": "airplane_single", "single_auto": true, "ts": 1783059170.507}
{"armed": false, "event": "idle_disarmed", "preset": "airplane_single", "single_auto": true, "ts": 1783059171.51}
{"armed": false, "event": "idle_disarmed", "preset": "airplane_single", "single_auto": true, "ts": 1783059171.51}
{"armed": false, "event": "idle_disarmed", "preset": "airplane_single", "single_auto": true, "ts": 1783059172.512}
{"armed": false, "event": "idle_disarmed", "preset": "airplane_single", "single_auto": true, "ts": 1783059172.512}
{"armed": false, "event": "idle_disarmed", "preset": "airplane_single", "single_auto": true, "ts": 1783059173.515}
{"armed": false, "event": "idle_disarmed", "preset": "airplane_single", "single_auto": true, "ts": 1783059173.515}
{"armed": false, "event": "idle_disarmed", "preset": "airplane_single", "single_auto": true, "ts": 1783059174.518}
{"armed": false, "event": "idle_disarmed", "preset": "airplane_single", "single_auto": true, "ts": 1783059174.518}
{"armed": false, "event": "idle_disarmed", "preset": "airplane_single", "single_auto": true, "ts": 1783059175.52}
{"armed": false, "event": "idle_disarmed", "preset": "airplane_single", "single_auto": true, "ts": 1783059175.52}
{"armed": false, "event": "idle_disarmed", "preset": "airplane_single", "single_auto": true, "ts": 1783059176.523}
{"armed": false, "event": "idle_disarmed", "preset": "airplane_single", "single_auto": true, "ts": 1783059176.523}
{"armed": false, "event": "idle_disarmed", "preset": "airplane_single", "single_auto": true, "ts": 1783059177.526}
{"armed": false, "event": "idle_disarmed", "preset": "airplane_single", "single_auto": true, "ts": 1783059177.526}
{"armed": false, "event": "idle_disarmed", "preset": "airplane_single", "single_auto": true, "ts": 1783059178.528}
{"armed": false, "event": "idle_disarmed", "preset": "airplane_single", "single_auto": true, "ts": 1783059178.528}
{"armed": false, "event": "idle_disarmed", "preset": "airplane_single", "single_auto": true, "ts": 1783059179.531}
{"armed": false, "event": "idle_disarmed", "preset": "airplane_single", "single_auto": true, "ts": 1783059179.531}
{"armed": false, "event": "idle_disarmed", "preset": "airplane_single", "single_auto": true, "ts": 1783059180.534}
{"armed": false, "event": "idle_disarmed", "preset": "airplane_single", "single_auto": true, "ts": 1783059180.534}
{"armed": false, "event": "idle_disarmed", "preset": "airplane_single", "single_auto": true, "ts": 1783059181.536}
{"armed": false, "event": "idle_disarmed", "preset": "airplane_single", "single_auto": true, "ts": 1783059181.536}
{"armed": false, "event": "idle_disarmed", "preset": "airplane_single", "single_auto": true, "ts": 1783059182.539}
{"armed": false, "event": "idle_disarmed", "preset": "airplane_single", "single_auto": true, "ts": 1783059182.539}
{"armed": false, "event": "idle_disarmed", "preset": "airplane_single", "single_auto": true, "ts": 1783059183.541}
{"armed": false, "event": "idle_disarmed", "preset": "airplane_single", "single_auto": true, "ts": 1783059183.541}
{"armed": false, "event": "idle_disarmed", "preset": "airplane_single", "single_auto": true, "ts": 1783059184.544}
{"armed": false, "event": "idle_disarmed", "preset": "airplane_single", "single_auto": true, "ts": 1783059184.544}
{"armed": false, "event": "idle_disarmed", "preset": "airplane_single", "single_auto": true, "ts": 1783059185.546}
{"armed": false, "event": "idle_disarmed", "preset": "airplane_single", "single_auto": true, "ts": 1783059185.546}
{"armed": false, "event": "idle_disarmed", "preset": "airplane_single", "single_auto": true, "ts": 1783059186.549}
{"armed": false, "event": "idle_disarmed", "preset": "airplane_single", "single_auto": true, "ts": 1783059186.549}
{"armed": false, "event": "idle_disarmed", "preset": "airplane_single", "single_auto": true, "ts": 1783059187.552}
{"armed": false, "event": "idle_disarmed", "preset": "airplane_single", "single_auto": true, "ts": 1783059187.552}
{"armed": false, "event": "idle_disarmed", "preset": "airplane_single", "single_auto": true, "ts": 1783059188.554}
{"armed": false, "event": "idle_disarmed", "preset": "airplane_single", "single_auto": true, "ts": 1783059188.554}
{"armed": false, "event": "idle_disarmed", "preset": "airplane_single", "single_auto": true, "ts": 1783059189.557}
{"armed": false, "event": "idle_disarmed", "preset": "airplane_single", "single_auto": true, "ts": 1783059189.557}
{"armed": false, "event": "idle_disarmed", "preset": "airplane_single", "single_auto": true, "ts": 1783059190.56}
{"armed": false, "event": "idle_disarmed", "preset": "airplane_single", "single_auto": true, "ts": 1783059190.56}
{"armed": false, "event": "idle_disarmed", "preset": "airplane_single", "single_auto": true, "ts": 1783059191.562}
{"armed": false, "event": "idle_disarmed", "preset": "airplane_single", "single_auto": true, "ts": 1783059191.562}
{"armed": false, "event": "idle_disarmed", "preset": "airplane_single", "single_auto": true, "ts": 1783059192.565}
{"armed": false, "event": "idle_disarmed", "preset": "airplane_single", "single_auto": true, "ts": 1783059192.565}
{"armed": false, "event": "idle_disarmed", "preset": "airplane_single", "single_auto": true, "ts": 1783059193.568}
{"armed": false, "event": "idle_disarmed", "preset": "airplane_single", "single_auto": true, "ts": 1783059193.568}
{"armed": false, "event": "idle_disarmed", "preset": "airplane_single", "single_auto": true, "ts": 1783059194.572}
{"armed": false, "event": "idle_disarmed", "preset": "airplane_single", "single_auto": true, "ts": 1783059194.572}
{"armed": false, "event": "idle_disarmed", "preset": "airplane_single", "single_auto": true, "ts": 1783059195.575}
{"armed": false, "event": "idle_disarmed", "preset": "airplane_single", "single_auto": true, "ts": 1783059195.575}
{"armed": false, "event": "idle_disarmed", "preset": "airplane_single", "single_auto": true, "ts": 1783059196.577}
{"armed": false, "event": "idle_disarmed", "preset": "airplane_single", "single_auto": true, "ts": 1783059196.577}
{"armed": false, "event": "idle_disarmed", "preset": "airplane_single", "single_auto": true, "ts": 1783059197.581}
{"armed": false, "event": "idle_disarmed", "preset": "airplane_single", "single_auto": true, "ts": 1783059197.581}
{"armed": false, "event": "idle_disarmed", "preset": "airplane_single", "single_auto": true, "ts": 1783059198.584}
{"armed": false, "event": "idle_disarmed", "preset": "airplane_single", "single_auto": true, "ts": 1783059198.584}
{"armed": false, "event": "idle_disarmed", "preset": "airplane_single", "single_auto": true, "ts": 1783059199.587}
{"armed": false, "event": "idle_disarmed", "preset": "airplane_single", "single_auto": true, "ts": 1783059199.587}
{"armed": false, "event": "idle_disarmed", "preset": "airplane_single", "single_auto": true, "ts": 1783059200.589}
{"armed": false, "event": "idle_disarmed", "preset": "airplane_single", "single_auto": true, "ts": 1783059200.589}
{"armed": false, "event": "idle_disarmed", "preset": "airplane_single", "single_auto": true, "ts": 1783059201.592}
{"armed": false, "event": "idle_disarmed", "preset": "airplane_single", "single_auto": true, "ts": 1783059201.592}
{"armed": false, "event": "idle_disarmed", "preset": "airplane_single", "single_auto": true, "ts": 1783059202.595}
{"armed": false, "event": "idle_disarmed", "preset": "airplane_single", "single_auto": true, "ts": 1783059202.595}
{"armed": false, "event": "idle_disarmed", "preset": "airplane_single", "single_auto": true, "ts": 1783059203.598}
{"armed": false, "event": "idle_disarmed", "preset": "airplane_single", "single_auto": true, "ts": 1783059203.598}
{"armed": false, "event": "idle_disarmed", "preset": "airplane_single", "single_auto": true, "ts": 1783059204.601}
{"armed": false, "event": "idle_disarmed", "preset": "airplane_single", "single_auto": true, "ts": 1783059204.601}
{"armed": false, "event": "idle_disarmed", "preset": "airplane_single", "single_auto": true, "ts": 1783059205.604}
{"armed": false, "event": "idle_disarmed", "preset": "airplane_single", "single_auto": true, "ts": 1783059205.604}
{"armed": false, "event": "idle_disarmed", "preset": "airplane_single", "single_auto": true, "ts": 1783059206.606}
{"armed": false, "event": "idle_disarmed", "preset": "airplane_single", "single_auto": true, "ts": 1783059206.606}
{"armed": false, "event": "idle_disarmed", "preset": "airplane_single", "single_auto": true, "ts": 1783059207.609}
{"armed": false, "event": "idle_disarmed", "preset": "airplane_single", "single_auto": true, "ts": 1783059207.609}
{"armed": false, "event": "idle_disarmed", "preset": "airplane_single", "single_auto": true, "ts": 1783059208.612}
{"armed": false, "event": "idle_disarmed", "preset": "airplane_single", "single_auto": true, "ts": 1783059208.612}
{"armed": false, "event": "idle_disarmed", "preset": "airplane_single", "single_auto": true, "ts": 1783059209.614}
{"armed": false, "event": "idle_disarmed", "preset": "airplane_single", "single_auto": true, "ts": 1783059209.614}
{"armed": false, "event": "idle_disarmed", "preset": "airplane_single", "single_auto": true, "ts": 1783059210.617}
{"armed": false, "event": "idle_disarmed", "preset": "airplane_single", "single_auto": true, "ts": 1783059210.617}
{"armed": false, "event": "idle_disarmed", "preset": "airplane_single", "single_auto": true, "ts": 1783059211.62}
{"armed": false, "event": "idle_disarmed", "preset": "airplane_single", "single_auto": true, "ts": 1783059211.62}
{"armed": false, "event": "idle_disarmed", "preset": "airplane_single", "single_auto": true, "ts": 1783059212.622}
{"armed": false, "event": "idle_disarmed", "preset": "airplane_single", "single_auto": true, "ts": 1783059212.622}
{"armed": false, "event": "idle_disarmed", "preset": "airplane_single", "single_auto": true, "ts": 1783059213.625}
{"armed": false, "event": "idle_disarmed", "preset": "airplane_single", "single_auto": true, "ts": 1783059213.625}
{"armed": false, "event": "idle_disarmed", "preset": "airplane_single", "single_auto": true, "ts": 1783059214.628}
{"armed": false, "event": "idle_disarmed", "preset": "airplane_single", "single_auto": true, "ts": 1783059214.628}
{"armed": false, "event": "idle_disarmed", "preset": "airplane_single", "single_auto": true, "ts": 1783059215.631}
{"armed": false, "event": "idle_disarmed", "preset": "airplane_single", "single_auto": true, "ts": 1783059215.631}
{"armed": false, "event": "idle_disarmed", "preset": "airplane_single", "single_auto": true, "ts": 1783059216.635}
{"armed": false, "event": "idle_disarmed", "preset": "airplane_single", "single_auto": true, "ts": 1783059216.635}
{"armed": false, "event": "idle_disarmed", "preset": "airplane_single", "single_auto": true, "ts": 1783059217.638}
{"armed": false, "event": "idle_disarmed", "preset": "airplane_single", "single_auto": true, "ts": 1783059217.638}
{"armed": false, "event": "idle_disarmed", "preset": "airplane_single", "single_auto": true, "ts": 1783059218.64}
{"armed": false, "event": "idle_disarmed", "preset": "airplane_single", "single_auto": true, "ts": 1783059218.64}
{"armed": false, "event": "idle_disarmed", "preset": "airplane_single", "single_auto": true, "ts": 1783059219.643}
{"armed": false, "event": "idle_disarmed", "preset": "airplane_single", "single_auto": true, "ts": 1783059219.643}
{"armed": false, "event": "idle_disarmed", "preset": "airplane_single", "single_auto": true, "ts": 1783059220.645}
{"armed": false, "event": "idle_disarmed", "preset": "airplane_single", "single_auto": true, "ts": 1783059220.645}
{"armed": false, "event": "idle_disarmed", "preset": "airplane_single", "single_auto": true, "ts": 1783059221.648}
{"armed": false, "event": "idle_disarmed", "preset": "airplane_single", "single_auto": true, "ts": 1783059221.648}
{"armed": false, "event": "idle_disarmed", "preset": "airplane_single", "single_auto": true, "ts": 1783059222.651}
{"armed": false, "event": "idle_disarmed", "preset": "airplane_single", "single_auto": true, "ts": 1783059222.651}
{"armed": false, "event": "idle_disarmed", "preset": "airplane_single", "single_auto": true, "ts": 1783059223.653}
{"armed": false, "event": "idle_disarmed", "preset": "airplane_single", "single_auto": true, "ts": 1783059223.653}
{"armed": false, "event": "idle_disarmed", "preset": "airplane_single", "single_auto": true, "ts": 1783059224.656}
{"armed": false, "event": "idle_disarmed", "preset": "airplane_single", "single_auto": true, "ts": 1783059224.656}
{"armed": false, "event": "idle_disarmed", "preset": "airplane_single", "single_auto": true, "ts": 1783059225.658}
{"armed": false, "event": "idle_disarmed", "preset": "airplane_single", "single_auto": true, "ts": 1783059225.658}
{"armed": false, "event": "idle_disarmed", "preset": "airplane_single", "single_auto": true, "ts": 1783059226.661}
{"armed": false, "event": "idle_disarmed", "preset": "airplane_single", "single_auto": true, "ts": 1783059226.661}
{"armed": false, "event": "idle_disarmed", "preset": "airplane_single", "single_auto": true, "ts": 1783059227.664}
{"armed": false, "event": "idle_disarmed", "preset": "airplane_single", "single_auto": true, "ts": 1783059227.664}
{"armed": false, "event": "idle_disarmed", "preset": "airplane_single", "single_auto": true, "ts": 1783059228.667}
{"armed": false, "event": "idle_disarmed", "preset": "airplane_single", "single_auto": true, "ts": 1783059228.667}
{"armed": false, "event": "idle_disarmed", "preset": "airplane_single", "single_auto": true, "ts": 1783059229.669}
{"armed": false, "event": "idle_disarmed", "preset": "airplane_single", "single_auto": true, "ts": 1783059229.669}
{"armed": false, "event": "idle_disarmed", "preset": "airplane_single", "single_auto": true, "ts": 1783059230.672}
{"armed": false, "event": "idle_disarmed", "preset": "airplane_single", "single_auto": true, "ts": 1783059230.672}
{"armed": false, "event": "idle_disarmed", "preset": "airplane_single", "single_auto": true, "ts": 1783059231.674}
{"armed": false, "event": "idle_disarmed", "preset": "airplane_single", "single_auto": true, "ts": 1783059231.674}
{"armed": false, "event": "idle_disarmed", "preset": "airplane_single", "single_auto": true, "ts": 1783059232.677}
{"armed": false, "event": "idle_disarmed", "preset": "airplane_single", "single_auto": true, "ts": 1783059232.677}
{"armed": false, "event": "idle_disarmed", "preset": "airplane_single", "single_auto": true, "ts": 1783059233.68}
{"armed": false, "event": "idle_disarmed", "preset": "airplane_single", "single_auto": true, "ts": 1783059233.68}
{"armed": false, "event": "idle_disarmed", "preset": "airplane_single", "single_auto": true, "ts": 1783059234.683}
{"armed": false, "event": "idle_disarmed", "preset": "airplane_single", "single_auto": true, "ts": 1783059234.683}
{"armed": false, "event": "idle_disarmed", "preset": "airplane_single", "single_auto": true, "ts": 1783059235.686}
{"armed": false, "event": "idle_disarmed", "preset": "airplane_single", "single_auto": true, "ts": 1783059235.686}
{"armed": false, "event": "idle_disarmed", "preset": "airplane_single", "single_auto": true, "ts": 1783059236.688}
{"armed": false, "event": "idle_disarmed", "preset": "airplane_single", "single_auto": true, "ts": 1783059236.688}
{"armed": false, "event": "idle_disarmed", "preset": "airplane_single", "single_auto": true, "ts": 1783059237.691}
{"armed": false, "event": "idle_disarmed", "preset": "airplane_single", "single_auto": true, "ts": 1783059237.691}
{"armed": false, "event": "idle_disarmed", "preset": "airplane_single", "single_auto": true, "ts": 1783059238.694}
{"armed": false, "event": "idle_disarmed", "preset": "airplane_single", "single_auto": true, "ts": 1783059238.694}
{"armed": false, "event": "idle_disarmed", "preset": "airplane_single", "single_auto": true, "ts": 1783059239.697}
{"armed": false, "event": "idle_disarmed", "preset": "airplane_single", "single_auto": true, "ts": 1783059239.697}
{"armed": false, "event": "idle_disarmed", "preset": "airplane_single", "single_auto": true, "ts": 1783059240.699}
{"armed": false, "event": "idle_disarmed", "preset": "airplane_single", "single_auto": true, "ts": 1783059240.699}
{"armed": false, "event": "idle_disarmed", "preset": "airplane_single", "single_auto": true, "ts": 1783059241.702}
{"armed": false, "event": "idle_disarmed", "preset": "airplane_single", "single_auto": true, "ts": 1783059241.702}
{"armed": false, "event": "idle_disarmed", "preset": "airplane_single", "single_auto": true, "ts": 1783059242.704}
{"armed": false, "event": "idle_disarmed", "preset": "airplane_single", "single_auto": true, "ts": 1783059242.704}
{"armed": false, "event": "idle_disarmed", "preset": "airplane_single", "single_auto": true, "ts": 1783059243.707}
{"armed": false, "event": "idle_disarmed", "preset": "airplane_single", "single_auto": true, "ts": 1783059243.707}
{"armed": false, "event": "idle_disarmed", "preset": "airplane_single", "single_auto": true, "ts": 1783059244.71}
{"armed": false, "event": "idle_disarmed", "preset": "airplane_single", "single_auto": true, "ts": 1783059244.71}
{"armed": false, "event": "idle_disarmed", "preset": "airplane_single", "single_auto": true, "ts": 1783059245.713}
{"armed": false, "event": "idle_disarmed", "preset": "airplane_single", "single_auto": true, "ts": 1783059245.713}
{"armed": false, "event": "idle_disarmed", "preset": "airplane_single", "single_auto": true, "ts": 1783059246.715}
{"armed": false, "event": "idle_disarmed", "preset": "airplane_single", "single_auto": true, "ts": 1783059246.715}
{"armed": false, "event": "idle_disarmed", "preset": "airplane_single", "single_auto": true, "ts": 1783059247.717}
{"armed": false, "event": "idle_disarmed", "preset": "airplane_single", "single_auto": true, "ts": 1783059247.717}
{"armed": false, "event": "idle_disarmed", "preset": "airplane_single", "single_auto": true, "ts": 1783059248.72}
{"armed": false, "event": "idle_disarmed", "preset": "airplane_single", "single_auto": true, "ts": 1783059248.72}
{"armed": false, "event": "idle_disarmed", "preset": "airplane_single", "single_auto": true, "ts": 1783059249.722}
{"armed": false, "event": "idle_disarmed", "preset": "airplane_single", "single_auto": true, "ts": 1783059249.722}
{"armed": false, "event": "idle_disarmed", "preset": "airplane_single", "single_auto": true, "ts": 1783059250.725}
{"armed": false, "event": "idle_disarmed", "preset": "airplane_single", "single_auto": true, "ts": 1783059250.725}
{"armed": false, "event": "idle_disarmed", "preset": "airplane_single", "single_auto": true, "ts": 1783059251.727}
{"armed": false, "event": "idle_disarmed", "preset": "airplane_single", "single_auto": true, "ts": 1783059251.727}
{"armed": false, "event": "idle_disarmed", "preset": "airplane_single", "single_auto": true, "ts": 1783059252.729}
{"armed": false, "event": "idle_disarmed", "preset": "airplane_single", "single_auto": true, "ts": 1783059252.729}
{"armed": false, "event": "idle_disarmed", "preset": "airplane_single", "single_auto": true, "ts": 1783059253.732}
{"armed": false, "event": "idle_disarmed", "preset": "airplane_single", "single_auto": true, "ts": 1783059253.732}
{"armed": false, "event": "idle_disarmed", "preset": "airplane_single", "single_auto": true, "ts": 1783059254.734}
{"armed": false, "event": "idle_disarmed", "preset": "airplane_single", "single_auto": true, "ts": 1783059254.734}
{"armed": false, "event": "idle_disarmed", "preset": "airplane_single", "single_auto": true, "ts": 1783059255.737}
{"armed": false, "event": "idle_disarmed", "preset": "airplane_single", "single_auto": true, "ts": 1783059255.737}
{"armed": false, "event": "idle_disarmed", "preset": "airplane_single", "single_auto": true, "ts": 1783059256.739}
{"armed": false, "event": "idle_disarmed", "preset": "airplane_single", "single_auto": true, "ts": 1783059256.739}
{"armed": false, "event": "idle_disarmed", "preset": "airplane_single", "single_auto": true, "ts": 1783059257.741}
{"armed": false, "event": "idle_disarmed", "preset": "airplane_single", "single_auto": true, "ts": 1783059257.741}
{"armed": false, "event": "idle_disarmed", "preset": "airplane_single", "single_auto": true, "ts": 1783059258.744}
{"armed": false, "event": "idle_disarmed", "preset": "airplane_single", "single_auto": true, "ts": 1783059258.744}
{"armed": false, "event": "idle_disarmed", "preset": "airplane_single", "single_auto": true, "ts": 1783059259.746}
{"armed": false, "event": "idle_disarmed", "preset": "airplane_single", "single_auto": true, "ts": 1783059259.746}
{"armed": false, "event": "idle_disarmed", "preset": "airplane_single", "single_auto": true, "ts": 1783059260.748}
{"armed": false, "event": "idle_disarmed", "preset": "airplane_single", "single_auto": true, "ts": 1783059260.748}
{"armed": false, "event": "idle_disarmed", "preset": "airplane_single", "single_auto": true, "ts": 1783059261.751}
{"armed": false, "event": "idle_disarmed", "preset": "airplane_single", "single_auto": true, "ts": 1783059261.751}
{"armed": false, "event": "idle_disarmed", "preset": "airplane_single", "single_auto": true, "ts": 1783059262.753}
{"armed": false, "event": "idle_disarmed", "preset": "airplane_single", "single_auto": true, "ts": 1783059262.753}
{"armed": false, "event": "idle_disarmed", "preset": "airplane_single", "single_auto": true, "ts": 1783059263.756}
{"armed": false, "event": "idle_disarmed", "preset": "airplane_single", "single_auto": true, "ts": 1783059263.756}
{"armed": false, "event": "idle_disarmed", "preset": "airplane_single", "single_auto": true, "ts": 1783059264.759}
{"armed": false, "event": "idle_disarmed", "preset": "airplane_single", "single_auto": true, "ts": 1783059264.759}
{"armed": false, "event": "idle_disarmed", "preset": "airplane_single", "single_auto": true, "ts": 1783059265.761}
{"armed": false, "event": "idle_disarmed", "preset": "airplane_single", "single_auto": true, "ts": 1783059265.761}
{"armed": false, "event": "idle_disarmed", "preset": "airplane_single", "single_auto": true, "ts": 1783059266.764}
{"armed": false, "event": "idle_disarmed", "preset": "airplane_single", "single_auto": true, "ts": 1783059266.764}
{"armed": false, "event": "idle_disarmed", "preset": "airplane_single", "single_auto": true, "ts": 1783059267.767}
{"armed": false, "event": "idle_disarmed", "preset": "airplane_single", "single_auto": true, "ts": 1783059267.767}
{"armed": false, "event": "idle_disarmed", "preset": "airplane_single", "single_auto": true, "ts": 1783059268.769}
{"armed": false, "event": "idle_disarmed", "preset": "airplane_single", "single_auto": true, "ts": 1783059268.769}
{"armed": false, "event": "idle_disarmed", "preset": "airplane_single", "single_auto": true, "ts": 1783059269.772}
{"armed": false, "event": "idle_disarmed", "preset": "airplane_single", "single_auto": true, "ts": 1783059269.772}
{"armed": false, "event": "idle_disarmed", "preset": "airplane_single", "single_auto": true, "ts": 1783059270.775}
{"armed": false, "event": "idle_disarmed", "preset": "airplane_single", "single_auto": true, "ts": 1783059270.775}
{"armed": false, "event": "idle_disarmed", "preset": "airplane_single", "single_auto": true, "ts": 1783059271.777}
{"armed": false, "event": "idle_disarmed", "preset": "airplane_single", "single_auto": true, "ts": 1783059271.777}
{"armed": false, "event": "idle_disarmed", "preset": "airplane_single", "single_auto": true, "ts": 1783059272.78}
{"armed": false, "event": "idle_disarmed", "preset": "airplane_single", "single_auto": true, "ts": 1783059272.78}
{"armed": false, "event": "idle_disarmed", "preset": "airplane_single", "single_auto": true, "ts": 1783059273.783}
{"armed": false, "event": "idle_disarmed", "preset": "airplane_single", "single_auto": true, "ts": 1783059273.783}
{"armed": false, "event": "idle_disarmed", "preset": "airplane_single", "single_auto": true, "ts": 1783059274.785}
{"armed": false, "event": "idle_disarmed", "preset": "airplane_single", "single_auto": true, "ts": 1783059274.785}
{"armed": false, "event": "idle_disarmed", "preset": "airplane_single", "single_auto": true, "ts": 1783059275.788}
{"armed": false, "event": "idle_disarmed", "preset": "airplane_single", "single_auto": true, "ts": 1783059275.788}
{"armed": false, "event": "idle_disarmed", "preset": "airplane_single", "single_auto": true, "ts": 1783059276.791}
{"armed": false, "event": "idle_disarmed", "preset": "airplane_single", "single_auto": true, "ts": 1783059276.791}
{"armed": false, "event": "idle_disarmed", "preset": "airplane_single", "single_auto": true, "ts": 1783059277.793}
{"armed": false, "event": "idle_disarmed", "preset": "airplane_single", "single_auto": true, "ts": 1783059277.793}
{"armed": false, "event": "idle_disarmed", "preset": "airplane_single", "single_auto": true, "ts": 1783059278.796}
{"armed": false, "event": "idle_disarmed", "preset": "airplane_single", "single_auto": true, "ts": 1783059278.796}
{"armed": false, "event": "idle_disarmed", "preset": "airplane_single", "single_auto": true, "ts": 1783059279.799}
{"armed": false, "event": "idle_disarmed", "preset": "airplane_single", "single_auto": true, "ts": 1783059279.799}
{"armed": false, "event": "idle_disarmed", "preset": "airplane_single", "single_auto": true, "ts": 1783059280.801}
{"armed": false, "event": "idle_disarmed", "preset": "airplane_single", "single_auto": true, "ts": 1783059280.801}
{"armed": false, "event": "idle_disarmed", "preset": "airplane_single", "single_auto": true, "ts": 1783059281.804}
{"armed": false, "event": "idle_disarmed", "preset": "airplane_single", "single_auto": true, "ts": 1783059281.804}
{"armed": false, "event": "idle_disarmed", "preset": "airplane_single", "single_auto": true, "ts": 1783059282.806}
{"armed": false, "event": "idle_disarmed", "preset": "airplane_single", "single_auto": true, "ts": 1783059282.806}
{"armed": false, "event": "idle_disarmed", "preset": "airplane_single", "single_auto": true, "ts": 1783059283.809}
{"armed": false, "event": "idle_disarmed", "preset": "airplane_single", "single_auto": true, "ts": 1783059283.809}
{"armed": false, "event": "idle_disarmed", "preset": "airplane_single", "single_auto": true, "ts": 1783059284.812}
{"armed": false, "event": "idle_disarmed", "preset": "airplane_single", "single_auto": true, "ts": 1783059284.812}
{"armed": false, "event": "idle_disarmed", "preset": "airplane_single", "single_auto": true, "ts": 1783059285.815}
{"armed": false, "event": "idle_disarmed", "preset": "airplane_single", "single_auto": true, "ts": 1783059285.815}
{"armed": false, "event": "idle_disarmed", "preset": "airplane_single", "single_auto": true, "ts": 1783059286.818}
{"armed": false, "event": "idle_disarmed", "preset": "airplane_single", "single_auto": true, "ts": 1783059286.818}
{"armed": false, "event": "idle_disarmed", "preset": "airplane_single", "single_auto": true, "ts": 1783059287.82}
{"armed": false, "event": "idle_disarmed", "preset": "airplane_single", "single_auto": true, "ts": 1783059287.82}
{"armed": false, "event": "idle_disarmed", "preset": "airplane_single", "single_auto": true, "ts": 1783059288.823}
{"armed": false, "event": "idle_disarmed", "preset": "airplane_single", "single_auto": true, "ts": 1783059288.823}
{"armed": false, "event": "idle_disarmed", "preset": "airplane_single", "single_auto": true, "ts": 1783059289.825}
{"armed": false, "event": "idle_disarmed", "preset": "airplane_single", "single_auto": true, "ts": 1783059289.825}
{"armed": false, "event": "idle_disarmed", "preset": "airplane_single", "single_auto": true, "ts": 1783059290.828}
{"armed": false, "event": "idle_disarmed", "preset": "airplane_single", "single_auto": true, "ts": 1783059290.828}
{"armed": false, "event": "idle_disarmed", "preset": "airplane_single", "single_auto": true, "ts": 1783059291.831}
{"armed": false, "event": "idle_disarmed", "preset": "airplane_single", "single_auto": true, "ts": 1783059291.831}
{"armed": false, "event": "idle_disarmed", "preset": "airplane_single", "single_auto": true, "ts": 1783059292.833}
{"armed": false, "event": "idle_disarmed", "preset": "airplane_single", "single_auto": true, "ts": 1783059292.833}
{"armed": false, "event": "idle_disarmed", "preset": "airplane_single", "single_auto": true, "ts": 1783059293.836}
{"armed": false, "event": "idle_disarmed", "preset": "airplane_single", "single_auto": true, "ts": 1783059293.836}
{"armed": false, "event": "idle_disarmed", "preset": "airplane_single", "single_auto": true, "ts": 1783059294.838}
{"armed": false, "event": "idle_disarmed", "preset": "airplane_single", "single_auto": true, "ts": 1783059294.838}
{"armed": false, "event": "idle_disarmed", "preset": "airplane_single", "single_auto": true, "ts": 1783059295.841}
{"armed": false, "event": "idle_disarmed", "preset": "airplane_single", "single_auto": true, "ts": 1783059295.841}
{"armed": false, "event": "idle_disarmed", "preset": "airplane_single", "single_auto": true, "ts": 1783059296.843}
{"armed": false, "event": "idle_disarmed", "preset": "airplane_single", "single_auto": true, "ts": 1783059296.843}
{"armed": false, "event": "idle_disarmed", "preset": "airplane_single", "single_auto": true, "ts": 1783059297.846}
{"armed": false, "event": "idle_disarmed", "preset": "airplane_single", "single_auto": true, "ts": 1783059297.846}
{"armed": false, "event": "idle_disarmed", "preset": "airplane_single", "single_auto": true, "ts": 1783059298.849}
{"armed": false, "event": "idle_disarmed", "preset": "airplane_single", "single_auto": true, "ts": 1783059298.849}
{"armed": false, "event": "idle_disarmed", "preset": "airplane_single", "single_auto": true, "ts": 1783059299.851}
{"armed": false, "event": "idle_disarmed", "preset": "airplane_single", "single_auto": true, "ts": 1783059299.851}
{"armed": false, "event": "idle_disarmed", "preset": "airplane_single", "single_auto": true, "ts": 1783059300.854}
{"armed": false, "event": "idle_disarmed", "preset": "airplane_single", "single_auto": true, "ts": 1783059300.854}
{"armed": false, "event": "idle_disarmed", "preset": "airplane_single", "single_auto": true, "ts": 1783059301.856}
{"armed": false, "event": "idle_disarmed", "preset": "airplane_single", "single_auto": true, "ts": 1783059301.856}
{"armed": false, "event": "idle_disarmed", "preset": "airplane_single", "single_auto": true, "ts": 1783059302.859}
{"armed": false, "event": "idle_disarmed", "preset": "airplane_single", "single_auto": true, "ts": 1783059302.859}
{"armed": false, "event": "idle_disarmed", "preset": "airplane_single", "single_auto": true, "ts": 1783059303.861}
{"armed": false, "event": "idle_disarmed", "preset": "airplane_single", "single_auto": true, "ts": 1783059303.861}
{"armed": false, "event": "idle_disarmed", "preset": "airplane_single", "single_auto": true, "ts": 1783059304.864}
{"armed": false, "event": "idle_disarmed", "preset": "airplane_single", "single_auto": true, "ts": 1783059304.864}
{"armed": false, "event": "idle_disarmed", "preset": "airplane_single", "single_auto": true, "ts": 1783059305.867}
{"armed": false, "event": "idle_disarmed", "preset": "airplane_single", "single_auto": true, "ts": 1783059305.867}
{"armed": false, "event": "idle_disarmed", "preset": "airplane_single", "single_auto": true, "ts": 1783059306.869}
{"armed": false, "event": "idle_disarmed", "preset": "airplane_single", "single_auto": true, "ts": 1783059306.869}
{"armed": false, "event": "idle_disarmed", "preset": "airplane_single", "single_auto": true, "ts": 1783059307.873}
{"armed": false, "event": "idle_disarmed", "preset": "airplane_single", "single_auto": true, "ts": 1783059307.873}
{"armed": false, "event": "idle_disarmed", "preset": "airplane_single", "single_auto": true, "ts": 1783059308.876}
{"armed": false, "event": "idle_disarmed", "preset": "airplane_single", "single_auto": true, "ts": 1783059308.876}
{"armed": false, "event": "idle_disarmed", "preset": "airplane_single", "single_auto": true, "ts": 1783059309.879}
{"armed": false, "event": "idle_disarmed", "preset": "airplane_single", "single_auto": true, "ts": 1783059309.879}
{"armed": false, "event": "idle_disarmed", "preset": "airplane_single", "single_auto": true, "ts": 1783059310.882}
{"armed": false, "event": "idle_disarmed", "preset": "airplane_single", "single_auto": true, "ts": 1783059310.882}
{"armed": false, "event": "idle_disarmed", "preset": "airplane_single", "single_auto": true, "ts": 1783059311.884}
{"armed": false, "event": "idle_disarmed", "preset": "airplane_single", "single_auto": true, "ts": 1783059311.884}
{"armed": false, "event": "idle_disarmed", "preset": "airplane_single", "single_auto": true, "ts": 1783059312.887}
{"armed": false, "event": "idle_disarmed", "preset": "airplane_single", "single_auto": true, "ts": 1783059312.887}
{"armed": false, "event": "idle_disarmed", "preset": "airplane_single", "single_auto": true, "ts": 1783059313.89}
{"armed": false, "event": "idle_disarmed", "preset": "airplane_single", "single_auto": true, "ts": 1783059313.89}
{"armed": false, "event": "idle_disarmed", "preset": "airplane_single", "single_auto": true, "ts": 1783059314.893}
{"armed": false, "event": "idle_disarmed", "preset": "airplane_single", "single_auto": true, "ts": 1783059314.893}
{"armed": false, "event": "idle_disarmed", "preset": "airplane_single", "single_auto": true, "ts": 1783059315.895}
{"armed": false, "event": "idle_disarmed", "preset": "airplane_single", "single_auto": true, "ts": 1783059315.895}
{"armed": false, "event": "idle_disarmed", "preset": "airplane_single", "single_auto": true, "ts": 1783059316.898}
{"armed": false, "event": "idle_disarmed", "preset": "airplane_single", "single_auto": true, "ts": 1783059316.898}
{"armed": false, "event": "idle_disarmed", "preset": "airplane_single", "single_auto": true, "ts": 1783059317.9}
{"armed": false, "event": "idle_disarmed", "preset": "airplane_single", "single_auto": true, "ts": 1783059317.9}
{"armed": false, "event": "idle_disarmed", "preset": "airplane_single", "single_auto": true, "ts": 1783059318.903}
{"armed": false, "event": "idle_disarmed", "preset": "airplane_single", "single_auto": true, "ts": 1783059318.903}
{"armed": false, "event": "idle_disarmed", "preset": "airplane_single", "single_auto": true, "ts": 1783059319.905}
{"armed": false, "event": "idle_disarmed", "preset": "airplane_single", "single_auto": true, "ts": 1783059319.905}
{"armed": false, "event": "idle_disarmed", "preset": "airplane_single", "single_auto": true, "ts": 1783059320.908}
{"armed": false, "event": "idle_disarmed", "preset": "airplane_single", "single_auto": true, "ts": 1783059320.908}
{"armed": false, "event": "idle_disarmed", "preset": "airplane_single", "single_auto": true, "ts": 1783059321.911}
{"armed": false, "event": "idle_disarmed", "preset": "airplane_single", "single_auto": true, "ts": 1783059321.911}
{"armed": false, "event": "idle_disarmed", "preset": "airplane_single", "single_auto": true, "ts": 1783059322.913}
{"armed": false, "event": "idle_disarmed", "preset": "airplane_single", "single_auto": true, "ts": 1783059322.913}
{"armed": false, "event": "idle_disarmed", "preset": "airplane_single", "single_auto": true, "ts": 1783059323.916}
{"armed": false, "event": "idle_disarmed", "preset": "airplane_single", "single_auto": true, "ts": 1783059323.916}
{"armed": false, "event": "idle_disarmed", "preset": "airplane_single", "single_auto": true, "ts": 1783059324.919}
{"armed": false, "event": "idle_disarmed", "preset": "airplane_single", "single_auto": true, "ts": 1783059324.919}
{"armed": false, "event": "idle_disarmed", "preset": "airplane_single", "single_auto": true, "ts": 1783059325.922}
{"armed": false, "event": "idle_disarmed", "preset": "airplane_single", "single_auto": true, "ts": 1783059325.922}
{"armed": false, "event": "idle_disarmed", "preset": "airplane_single", "single_auto": true, "ts": 1783059326.924}
{"armed": false, "event": "idle_disarmed", "preset": "airplane_single", "single_auto": true, "ts": 1783059326.924}
{"armed": false, "event": "idle_disarmed", "preset": "airplane_single", "single_auto": true, "ts": 1783059327.927}
{"armed": false, "event": "idle_disarmed", "preset": "airplane_single", "single_auto": true, "ts": 1783059327.927}
{"armed": false, "event": "idle_disarmed", "preset": "airplane_single", "single_auto": true, "ts": 1783059328.93}
{"armed": false, "event": "idle_disarmed", "preset": "airplane_single", "single_auto": true, "ts": 1783059328.93}
{"armed": false, "event": "idle_disarmed", "preset": "airplane_single", "single_auto": true, "ts": 1783059329.932}
{"armed": false, "event": "idle_disarmed", "preset": "airplane_single", "single_auto": true, "ts": 1783059329.932}
{"armed": false, "event": "idle_disarmed", "preset": "airplane_single", "single_auto": true, "ts": 1783059330.935}
{"armed": false, "event": "idle_disarmed", "preset": "airplane_single", "single_auto": true, "ts": 1783059330.935}
{"armed": false, "event": "idle_disarmed", "preset": "airplane_single", "single_auto": true, "ts": 1783059331.938}
{"armed": false, "event": "idle_disarmed", "preset": "airplane_single", "single_auto": true, "ts": 1783059331.938}
{"armed": false, "event": "idle_disarmed", "preset": "airplane_single", "single_auto": true, "ts": 1783059332.94}
{"armed": false, "event": "idle_disarmed", "preset": "airplane_single", "single_auto": true, "ts": 1783059332.94}
{"armed": false, "event": "idle_disarmed", "preset": "airplane_single", "single_auto": true, "ts": 1783059333.942}
{"armed": false, "event": "idle_disarmed", "preset": "airplane_single", "single_auto": true, "ts": 1783059333.942}
{"armed": false, "event": "idle_disarmed", "preset": "airplane_single", "single_auto": true, "ts": 1783059334.945}
{"armed": false, "event": "idle_disarmed", "preset": "airplane_single", "single_auto": true, "ts": 1783059334.945}
{"armed": false, "event": "idle_disarmed", "preset": "airplane_single", "single_auto": true, "ts": 1783059335.948}
{"armed": false, "event": "idle_disarmed", "preset": "airplane_single", "single_auto": true, "ts": 1783059335.948}
{"armed": false, "event": "idle_disarmed", "preset": "airplane_single", "single_auto": true, "ts": 1783059336.95}
{"armed": false, "event": "idle_disarmed", "preset": "airplane_single", "single_auto": true, "ts": 1783059336.95}
{"armed": false, "event": "idle_disarmed", "preset": "airplane_single", "single_auto": true, "ts": 1783059337.953}
{"armed": false, "event": "idle_disarmed", "preset": "airplane_single", "single_auto": true, "ts": 1783059337.953}
{"armed": false, "event": "idle_disarmed", "preset": "airplane_single", "single_auto": true, "ts": 1783059338.955}
{"armed": false, "event": "idle_disarmed", "preset": "airplane_single", "single_auto": true, "ts": 1783059338.955}
{"armed": false, "event": "idle_disarmed", "preset": "airplane_single", "single_auto": true, "ts": 1783059339.958}
{"armed": false, "event": "idle_disarmed", "preset": "airplane_single", "single_auto": true, "ts": 1783059339.958}
{"armed": false, "event": "idle_disarmed", "preset": "airplane_single", "single_auto": true, "ts": 1783059340.961}
{"armed": false, "event": "idle_disarmed", "preset": "airplane_single", "single_auto": true, "ts": 1783059340.961}
{"armed": false, "event": "idle_disarmed", "preset": "airplane_single", "single_auto": true, "ts": 1783059341.963}
{"armed": false, "event": "idle_disarmed", "preset": "airplane_single", "single_auto": true, "ts": 1783059341.963}
{"armed": false, "event": "idle_disarmed", "preset": "airplane_single", "single_auto": true, "ts": 1783059342.966}
{"armed": false, "event": "idle_disarmed", "preset": "airplane_single", "single_auto": true, "ts": 1783059342.966}
{"armed": false, "event": "idle_disarmed", "preset": "airplane_single", "single_auto": true, "ts": 1783059343.969}
{"armed": false, "event": "idle_disarmed", "preset": "airplane_single", "single_auto": true, "ts": 1783059343.969}
{"armed": false, "event": "idle_disarmed", "preset": "airplane_single", "single_auto": true, "ts": 1783059344.971}
{"armed": false, "event": "idle_disarmed", "preset": "airplane_single", "single_auto": true, "ts": 1783059344.971}
{"armed": false, "event": "idle_disarmed", "preset": "airplane_single", "single_auto": true, "ts": 1783059345.974}
{"armed": false, "event": "idle_disarmed", "preset": "airplane_single", "single_auto": true, "ts": 1783059345.974}
{"armed": false, "event": "idle_disarmed", "preset": "airplane_single", "single_auto": true, "ts": 1783059346.977}
{"armed": false, "event": "idle_disarmed", "preset": "airplane_single", "single_auto": true, "ts": 1783059346.977}
{"armed": false, "event": "idle_disarmed", "preset": "airplane_single", "single_auto": true, "ts": 1783059347.979}
{"armed": false, "event": "idle_disarmed", "preset": "airplane_single", "single_auto": true, "ts": 1783059347.979}
{"armed": false, "event": "idle_disarmed", "preset": "airplane_single", "single_auto": true, "ts": 1783059348.982}
{"armed": false, "event": "idle_disarmed", "preset": "airplane_single", "single_auto": true, "ts": 1783059348.982}
{"armed": false, "event": "idle_disarmed", "preset": "airplane_single", "single_auto": true, "ts": 1783059349.985}
{"armed": false, "event": "idle_disarmed", "preset": "airplane_single", "single_auto": true, "ts": 1783059349.985}
{"armed": false, "event": "idle_disarmed", "preset": "airplane_single", "single_auto": true, "ts": 1783059350.987}
{"armed": false, "event": "idle_disarmed", "preset": "airplane_single", "single_auto": true, "ts": 1783059350.987}
{"armed": false, "event": "idle_disarmed", "preset": "airplane_single", "single_auto": true, "ts": 1783059351.99}
{"armed": false, "event": "idle_disarmed", "preset": "airplane_single", "single_auto": true, "ts": 1783059351.99}
{"armed": false, "event": "idle_disarmed", "preset": "airplane_single", "single_auto": true, "ts": 1783059352.992}
{"armed": false, "event": "idle_disarmed", "preset": "airplane_single", "single_auto": true, "ts": 1783059352.992}
{"armed": false, "event": "idle_disarmed", "preset": "airplane_single", "single_auto": true, "ts": 1783059353.995}
{"armed": false, "event": "idle_disarmed", "preset": "airplane_single", "single_auto": true, "ts": 1783059353.995}
{"armed": false, "event": "idle_disarmed", "preset": "airplane_single", "single_auto": true, "ts": 1783059354.998}
{"armed": false, "event": "idle_disarmed", "preset": "airplane_single", "single_auto": true, "ts": 1783059354.998}
{"armed": false, "event": "idle_disarmed", "preset": "airplane_single", "single_auto": true, "ts": 1783059356.001}
{"armed": false, "event": "idle_disarmed", "preset": "airplane_single", "single_auto": true, "ts": 1783059356.001}
{"armed": false, "event": "idle_disarmed", "preset": "airplane_single", "single_auto": true, "ts": 1783059357.003}
{"armed": false, "event": "idle_disarmed", "preset": "airplane_single", "single_auto": true, "ts": 1783059357.003}
{"armed": false, "event": "idle_disarmed", "preset": "airplane_single", "single_auto": true, "ts": 1783059358.007}
{"armed": false, "event": "idle_disarmed", "preset": "airplane_single", "single_auto": true, "ts": 1783059358.007}
{"armed": false, "event": "idle_disarmed", "preset": "airplane_single", "single_auto": true, "ts": 1783059359.009}
{"armed": false, "event": "idle_disarmed", "preset": "airplane_single", "single_auto": true, "ts": 1783059359.009}
{"armed": false, "event": "idle_disarmed", "preset": "airplane_single", "single_auto": true, "ts": 1783059360.012}
{"armed": false, "event": "idle_disarmed", "preset": "airplane_single", "single_auto": true, "ts": 1783059360.012}
{"armed": false, "event": "idle_disarmed", "preset": "airplane_single", "single_auto": true, "ts": 1783059361.015}
{"armed": false, "event": "idle_disarmed", "preset": "airplane_single", "single_auto": true, "ts": 1783059361.015}
{"armed": false, "event": "idle_disarmed", "preset": "airplane_single", "single_auto": true, "ts": 1783059362.017}
{"armed": false, "event": "idle_disarmed", "preset": "airplane_single", "single_auto": true, "ts": 1783059362.017}
{"armed": false, "event": "idle_disarmed", "preset": "airplane_single", "single_auto": true, "ts": 1783059363.02}
{"armed": false, "event": "idle_disarmed", "preset": "airplane_single", "single_auto": true, "ts": 1783059363.02}
{"armed": false, "event": "idle_disarmed", "preset": "airplane_single", "single_auto": true, "ts": 1783059364.023}
{"armed": false, "event": "idle_disarmed", "preset": "airplane_single", "single_auto": true, "ts": 1783059364.023}
{"armed": false, "event": "idle_disarmed", "preset": "airplane_single", "single_auto": true, "ts": 1783059365.025}
{"armed": false, "event": "idle_disarmed", "preset": "airplane_single", "single_auto": true, "ts": 1783059365.025}
{"armed": false, "event": "idle_disarmed", "preset": "airplane_single", "single_auto": true, "ts": 1783059366.027}
{"armed": false, "event": "idle_disarmed", "preset": "airplane_single", "single_auto": true, "ts": 1783059366.027}
{"armed": false, "event": "idle_disarmed", "preset": "airplane_single", "single_auto": true, "ts": 1783059367.03}
{"armed": false, "event": "idle_disarmed", "preset": "airplane_single", "single_auto": true, "ts": 1783059367.03}
{"armed": false, "event": "idle_disarmed", "preset": "airplane_single", "single_auto": true, "ts": 1783059368.032}
{"armed": false, "event": "idle_disarmed", "preset": "airplane_single", "single_auto": true, "ts": 1783059368.032}
{"armed": false, "event": "idle_disarmed", "preset": "airplane_single", "single_auto": true, "ts": 1783059369.035}
{"armed": false, "event": "idle_disarmed", "preset": "airplane_single", "single_auto": true, "ts": 1783059369.035}
{"armed": false, "event": "idle_disarmed", "preset": "airplane_single", "single_auto": true, "ts": 1783059370.037}
{"armed": false, "event": "idle_disarmed", "preset": "airplane_single", "single_auto": true, "ts": 1783059370.037}
{"armed": false, "event": "idle_disarmed", "preset": "airplane_single", "single_auto": true, "ts": 1783059371.04}
{"armed": false, "event": "idle_disarmed", "preset": "airplane_single", "single_auto": true, "ts": 1783059371.04}
{"armed": false, "event": "idle_disarmed", "preset": "airplane_single", "single_auto": true, "ts": 1783059372.042}
{"armed": false, "event": "idle_disarmed", "preset": "airplane_single", "single_auto": true, "ts": 1783059372.042}
{"armed": false, "event": "idle_disarmed", "preset": "airplane_single", "single_auto": true, "ts": 1783059373.045}
{"armed": false, "event": "idle_disarmed", "preset": "airplane_single", "single_auto": true, "ts": 1783059373.045}
{"armed": false, "event": "idle_disarmed", "preset": "airplane_single", "single_auto": true, "ts": 1783059374.048}
{"armed": false, "event": "idle_disarmed", "preset": "airplane_single", "single_auto": true, "ts": 1783059374.048}
{"armed": false, "event": "idle_disarmed", "preset": "airplane_single", "single_auto": true, "ts": 1783059375.051}
{"armed": false, "event": "idle_disarmed", "preset": "airplane_single", "single_auto": true, "ts": 1783059375.051}
{"armed": false, "event": "idle_disarmed", "preset": "airplane_single", "single_auto": true, "ts": 1783059376.053}
{"armed": false, "event": "idle_disarmed", "preset": "airplane_single", "single_auto": true, "ts": 1783059376.053}
{"armed": false, "event": "idle_disarmed", "preset": "airplane_single", "single_auto": true, "ts": 1783059377.056}
{"armed": false, "event": "idle_disarmed", "preset": "airplane_single", "single_auto": true, "ts": 1783059377.056}
{"armed": false, "event": "idle_disarmed", "preset": "airplane_single", "single_auto": true, "ts": 1783059378.059}
{"armed": false, "event": "idle_disarmed", "preset": "airplane_single", "single_auto": true, "ts": 1783059378.059}
{"armed": false, "event": "idle_disarmed", "preset": "airplane_single", "single_auto": true, "ts": 1783059379.061}
{"armed": false, "event": "idle_disarmed", "preset": "airplane_single", "single_auto": true, "ts": 1783059379.061}
{"armed": false, "event": "idle_disarmed", "preset": "airplane_single", "single_auto": true, "ts": 1783059380.064}
{"armed": false, "event": "idle_disarmed", "preset": "airplane_single", "single_auto": true, "ts": 1783059380.064}
{"armed": false, "event": "idle_disarmed", "preset": "airplane_single", "single_auto": true, "ts": 1783059381.066}
{"armed": false, "event": "idle_disarmed", "preset": "airplane_single", "single_auto": true, "ts": 1783059381.066}
{"armed": false, "event": "idle_disarmed", "preset": "airplane_single", "single_auto": true, "ts": 1783059382.069}
{"armed": false, "event": "idle_disarmed", "preset": "airplane_single", "single_auto": true, "ts": 1783059382.069}
{"armed": false, "event": "idle_disarmed", "preset": "airplane_single", "single_auto": true, "ts": 1783059383.072}
{"armed": false, "event": "idle_disarmed", "preset": "airplane_single", "single_auto": true, "ts": 1783059383.072}
{"armed": false, "event": "idle_disarmed", "preset": "airplane_single", "single_auto": true, "ts": 1783059384.074}
{"armed": false, "event": "idle_disarmed", "preset": "airplane_single", "single_auto": true, "ts": 1783059384.074}
{"armed": false, "event": "idle_disarmed", "preset": "airplane_single", "single_auto": true, "ts": 1783059385.077}
{"armed": false, "event": "idle_disarmed", "preset": "airplane_single", "single_auto": true, "ts": 1783059385.077}
{"armed": false, "event": "idle_disarmed", "preset": "airplane_single", "single_auto": true, "ts": 1783059386.08}
{"armed": false, "event": "idle_disarmed", "preset": "airplane_single", "single_auto": true, "ts": 1783059386.08}
{"armed": false, "event": "idle_disarmed", "preset": "airplane_single", "single_auto": true, "ts": 1783059387.083}
{"armed": false, "event": "idle_disarmed", "preset": "airplane_single", "single_auto": true, "ts": 1783059387.083}
{"armed": false, "event": "idle_disarmed", "preset": "airplane_single", "single_auto": true, "ts": 1783059388.086}
{"armed": false, "event": "idle_disarmed", "preset": "airplane_single", "single_auto": true, "ts": 1783059388.086}
{"armed": false, "event": "idle_disarmed", "preset": "airplane_single", "single_auto": true, "ts": 1783059389.088}
{"armed": false, "event": "idle_disarmed", "preset": "airplane_single", "single_auto": true, "ts": 1783059389.088}
{"armed": false, "event": "idle_disarmed", "preset": "airplane_single", "single_auto": true, "ts": 1783059390.09}
{"armed": false, "event": "idle_disarmed", "preset": "airplane_single", "single_auto": true, "ts": 1783059390.09}
{"armed": false, "event": "idle_disarmed", "preset": "airplane_single", "single_auto": true, "ts": 1783059391.093}
{"armed": false, "event": "idle_disarmed", "preset": "airplane_single", "single_auto": true, "ts": 1783059391.093}
{"armed": false, "event": "idle_disarmed", "preset": "airplane_single", "single_auto": true, "ts": 1783059392.095}
{"armed": false, "event": "idle_disarmed", "preset": "airplane_single", "single_auto": true, "ts": 1783059392.095}
{"armed": false, "event": "idle_disarmed", "preset": "airplane_single", "single_auto": true, "ts": 1783059393.098}
{"armed": false, "event": "idle_disarmed", "preset": "airplane_single", "single_auto": true, "ts": 1783059393.098}
{"armed": false, "event": "idle_disarmed", "preset": "airplane_single", "single_auto": true, "ts": 1783059394.1}
{"armed": false, "event": "idle_disarmed", "preset": "airplane_single", "single_auto": true, "ts": 1783059394.1}
{"armed": false, "event": "idle_disarmed", "preset": "airplane_single", "single_auto": true, "ts": 1783059395.102}
{"armed": false, "event": "idle_disarmed", "preset": "airplane_single", "single_auto": true, "ts": 1783059395.102}
{"armed": false, "event": "idle_disarmed", "preset": "airplane_single", "single_auto": true, "ts": 1783059396.105}
{"armed": false, "event": "idle_disarmed", "preset": "airplane_single", "single_auto": true, "ts": 1783059396.105}
{"armed": false, "event": "idle_disarmed", "preset": "airplane_single", "single_auto": true, "ts": 1783059397.107}
{"armed": false, "event": "idle_disarmed", "preset": "airplane_single", "single_auto": true, "ts": 1783059397.107}
{"armed": false, "event": "idle_disarmed", "preset": "airplane_single", "single_auto": true, "ts": 1783059398.11}
{"armed": false, "event": "idle_disarmed", "preset": "airplane_single", "single_auto": true, "ts": 1783059398.11}
{"armed": false, "event": "idle_disarmed", "preset": "airplane_single", "single_auto": true, "ts": 1783059399.113}
{"armed": false, "event": "idle_disarmed", "preset": "airplane_single", "single_auto": true, "ts": 1783059399.113}
{"armed": false, "event": "idle_disarmed", "preset": "airplane_single", "single_auto": true, "ts": 1783059400.115}
{"armed": false, "event": "idle_disarmed", "preset": "airplane_single", "single_auto": true, "ts": 1783059400.115}
{"armed": false, "event": "idle_disarmed", "preset": "airplane_single", "single_auto": true, "ts": 1783059401.118}
{"armed": false, "event": "idle_disarmed", "preset": "airplane_single", "single_auto": true, "ts": 1783059401.118}
{"armed": false, "event": "idle_disarmed", "preset": "airplane_single", "single_auto": true, "ts": 1783059402.121}
{"armed": false, "event": "idle_disarmed", "preset": "airplane_single", "single_auto": true, "ts": 1783059402.121}
{"armed": false, "event": "idle_disarmed", "preset": "airplane_single", "single_auto": true, "ts": 1783059403.124}
{"armed": false, "event": "idle_disarmed", "preset": "airplane_single", "single_auto": true, "ts": 1783059403.124}
{"armed": false, "event": "idle_disarmed", "preset": "airplane_single", "single_auto": true, "ts": 1783059404.126}
{"armed": false, "event": "idle_disarmed", "preset": "airplane_single", "single_auto": true, "ts": 1783059404.126}
{"armed": false, "event": "idle_disarmed", "preset": "airplane_single", "single_auto": true, "ts": 1783059405.129}
{"armed": false, "event": "idle_disarmed", "preset": "airplane_single", "single_auto": true, "ts": 1783059405.129}
{"armed": false, "event": "idle_disarmed", "preset": "airplane_single", "single_auto": true, "ts": 1783059406.132}
{"armed": false, "event": "idle_disarmed", "preset": "airplane_single", "single_auto": true, "ts": 1783059406.132}
{"armed": false, "event": "idle_disarmed", "preset": "airplane_single", "single_auto": true, "ts": 1783059407.134}
{"armed": false, "event": "idle_disarmed", "preset": "airplane_single", "single_auto": true, "ts": 1783059407.134}
{"armed": false, "event": "idle_disarmed", "preset": "airplane_single", "single_auto": true, "ts": 1783059408.136}
{"armed": false, "event": "idle_disarmed", "preset": "airplane_single", "single_auto": true, "ts": 1783059408.136}
{"armed": false, "event": "idle_disarmed", "preset": "airplane_single", "single_auto": true, "ts": 1783059409.139}
{"armed": false, "event": "idle_disarmed", "preset": "airplane_single", "single_auto": true, "ts": 1783059409.139}
{"armed": false, "event": "idle_disarmed", "preset": "airplane_single", "single_auto": true, "ts": 1783059410.142}
{"armed": false, "event": "idle_disarmed", "preset": "airplane_single", "single_auto": true, "ts": 1783059410.142}
{"armed": false, "event": "idle_disarmed", "preset": "airplane_single", "single_auto": true, "ts": 1783059411.144}
{"armed": false, "event": "idle_disarmed", "preset": "airplane_single", "single_auto": true, "ts": 1783059411.144}
{"armed": false, "event": "idle_disarmed", "preset": "airplane_single", "single_auto": true, "ts": 1783059412.146}
{"armed": false, "event": "idle_disarmed", "preset": "airplane_single", "single_auto": true, "ts": 1783059412.146}
{"armed": false, "event": "idle_disarmed", "preset": "airplane_single", "single_auto": true, "ts": 1783059413.149}
{"armed": false, "event": "idle_disarmed", "preset": "airplane_single", "single_auto": true, "ts": 1783059413.149}
{"armed": false, "event": "idle_disarmed", "preset": "airplane_single", "single_auto": true, "ts": 1783059414.151}
{"armed": false, "event": "idle_disarmed", "preset": "airplane_single", "single_auto": true, "ts": 1783059414.151}
{"armed": false, "event": "idle_disarmed", "preset": "airplane_single", "single_auto": true, "ts": 1783059415.154}
{"armed": false, "event": "idle_disarmed", "preset": "airplane_single", "single_auto": true, "ts": 1783059415.154}
{"armed": false, "event": "idle_disarmed", "preset": "airplane_single", "single_auto": true, "ts": 1783059416.156}
{"armed": false, "event": "idle_disarmed", "preset": "airplane_single", "single_auto": true, "ts": 1783059416.156}
{"armed": false, "event": "idle_disarmed", "preset": "airplane_single", "single_auto": true, "ts": 1783059417.158}
{"armed": false, "event": "idle_disarmed", "preset": "airplane_single", "single_auto": true, "ts": 1783059417.158}
{"armed": false, "event": "idle_disarmed", "preset": "airplane_single", "single_auto": true, "ts": 1783059418.161}
{"armed": false, "event": "idle_disarmed", "preset": "airplane_single", "single_auto": true, "ts": 1783059418.161}
{"armed": false, "event": "idle_disarmed", "preset": "airplane_single", "single_auto": true, "ts": 1783059419.163}
{"armed": false, "event": "idle_disarmed", "preset": "airplane_single", "single_auto": true, "ts": 1783059419.163}
{"armed": false, "event": "idle_disarmed", "preset": "airplane_single", "single_auto": true, "ts": 1783059420.166}
{"armed": false, "event": "idle_disarmed", "preset": "airplane_single", "single_auto": true, "ts": 1783059420.166}
{"armed": false, "event": "idle_disarmed", "preset": "airplane_single", "single_auto": true, "ts": 1783059421.169}
{"armed": false, "event": "idle_disarmed", "preset": "airplane_single", "single_auto": true, "ts": 1783059421.169}
{"armed": false, "event": "idle_disarmed", "preset": "airplane_single", "single_auto": true, "ts": 1783059422.172}
{"armed": false, "event": "idle_disarmed", "preset": "airplane_single", "single_auto": true, "ts": 1783059422.172}
{"armed": false, "event": "idle_disarmed", "preset": "airplane_single", "single_auto": true, "ts": 1783059423.175}
{"armed": false, "event": "idle_disarmed", "preset": "airplane_single", "single_auto": true, "ts": 1783059423.175}
{"armed": false, "event": "idle_disarmed", "preset": "airplane_single", "single_auto": true, "ts": 1783059424.179}
{"armed": false, "event": "idle_disarmed", "preset": "airplane_single", "single_auto": true, "ts": 1783059424.179}
{"armed": false, "event": "idle_disarmed", "preset": "airplane_single", "single_auto": true, "ts": 1783059425.182}
{"armed": false, "event": "idle_disarmed", "preset": "airplane_single", "single_auto": true, "ts": 1783059425.182}
{"armed": false, "event": "idle_disarmed", "preset": "airplane_single", "single_auto": true, "ts": 1783059426.185}
{"armed": false, "event": "idle_disarmed", "preset": "airplane_single", "single_auto": true, "ts": 1783059426.185}
{"armed": false, "event": "idle_disarmed", "preset": "airplane_single", "single_auto": true, "ts": 1783059427.187}
{"armed": false, "event": "idle_disarmed", "preset": "airplane_single", "single_auto": true, "ts": 1783059427.187}
{"armed": false, "event": "idle_disarmed", "preset": "airplane_single", "single_auto": true, "ts": 1783059428.19}
{"armed": false, "event": "idle_disarmed", "preset": "airplane_single", "single_auto": true, "ts": 1783059428.19}
{"armed": false, "event": "idle_disarmed", "preset": "airplane_single", "single_auto": true, "ts": 1783059429.193}
{"armed": false, "event": "idle_disarmed", "preset": "airplane_single", "single_auto": true, "ts": 1783059429.193}
{"armed": false, "event": "idle_disarmed", "preset": "airplane_single", "single_auto": true, "ts": 1783059430.195}
{"armed": false, "event": "idle_disarmed", "preset": "airplane_single", "single_auto": true, "ts": 1783059430.195}
{"armed": false, "event": "idle_disarmed", "preset": "airplane_single", "single_auto": true, "ts": 1783059431.198}
{"armed": false, "event": "idle_disarmed", "preset": "airplane_single", "single_auto": true, "ts": 1783059431.198}
{"armed": false, "event": "idle_disarmed", "preset": "airplane_single", "single_auto": true, "ts": 1783059432.201}
{"armed": false, "event": "idle_disarmed", "preset": "airplane_single", "single_auto": true, "ts": 1783059432.201}
{"armed": false, "event": "idle_disarmed", "preset": "airplane_single", "single_auto": true, "ts": 1783059433.204}
{"armed": false, "event": "idle_disarmed", "preset": "airplane_single", "single_auto": true, "ts": 1783059433.204}
{"armed": false, "event": "idle_disarmed", "preset": "airplane_single", "single_auto": true, "ts": 1783059434.207}
{"armed": false, "event": "idle_disarmed", "preset": "airplane_single", "single_auto": true, "ts": 1783059434.207}
{"armed": false, "event": "idle_disarmed", "preset": "airplane_single", "single_auto": true, "ts": 1783059435.21}
{"armed": false, "event": "idle_disarmed", "preset": "airplane_single", "single_auto": true, "ts": 1783059435.21}
{"armed": false, "event": "idle_disarmed", "preset": "airplane_single", "single_auto": true, "ts": 1783059436.213}
{"armed": false, "event": "idle_disarmed", "preset": "airplane_single", "single_auto": true, "ts": 1783059436.213}
{"armed": false, "event": "idle_disarmed", "preset": "airplane_single", "single_auto": true, "ts": 1783059437.217}
{"armed": false, "event": "idle_disarmed", "preset": "airplane_single", "single_auto": true, "ts": 1783059437.217}
{"armed": false, "event": "idle_disarmed", "preset": "airplane_single", "single_auto": true, "ts": 1783059438.22}
{"armed": false, "event": "idle_disarmed", "preset": "airplane_single", "single_auto": true, "ts": 1783059438.22}
{"armed": false, "event": "idle_disarmed", "preset": "airplane_single", "single_auto": true, "ts": 1783059439.223}
{"armed": false, "event": "idle_disarmed", "preset": "airplane_single", "single_auto": true, "ts": 1783059439.223}
{"armed": false, "event": "idle_disarmed", "preset": "airplane_single", "single_auto": true, "ts": 1783059440.225}
{"armed": false, "event": "idle_disarmed", "preset": "airplane_single", "single_auto": true, "ts": 1783059440.225}
{"armed": false, "event": "idle_disarmed", "preset": "airplane_single", "single_auto": true, "ts": 1783059441.228}
{"armed": false, "event": "idle_disarmed", "preset": "airplane_single", "single_auto": true, "ts": 1783059441.228}
{"armed": false, "event": "idle_disarmed", "preset": "airplane_single", "single_auto": true, "ts": 1783059442.231}
{"armed": false, "event": "idle_disarmed", "preset": "airplane_single", "single_auto": true, "ts": 1783059442.231}
{"armed": false, "event": "idle_disarmed", "preset": "airplane_single", "single_auto": true, "ts": 1783059443.235}
{"armed": false, "event": "idle_disarmed", "preset": "airplane_single", "single_auto": true, "ts": 1783059443.235}
{"armed": false, "event": "idle_disarmed", "preset": "airplane_single", "single_auto": true, "ts": 1783059444.238}
{"armed": false, "event": "idle_disarmed", "preset": "airplane_single", "single_auto": true, "ts": 1783059444.238}
{"armed": false, "event": "idle_disarmed", "preset": "airplane_single", "single_auto": true, "ts": 1783059445.24}
{"armed": false, "event": "idle_disarmed", "preset": "airplane_single", "single_auto": true, "ts": 1783059445.24}
{"armed": false, "event": "idle_disarmed", "preset": "airplane_single", "single_auto": true, "ts": 1783059446.243}
{"armed": false, "event": "idle_disarmed", "preset": "airplane_single", "single_auto": true, "ts": 1783059446.243}
{"armed": false, "event": "idle_disarmed", "preset": "airplane_single", "single_auto": true, "ts": 1783059447.246}
{"armed": false, "event": "idle_disarmed", "preset": "airplane_single", "single_auto": true, "ts": 1783059447.246}
{"armed": false, "event": "idle_disarmed", "preset": "airplane_single", "single_auto": true, "ts": 1783059448.249}
{"armed": false, "event": "idle_disarmed", "preset": "airplane_single", "single_auto": true, "ts": 1783059448.249}
{"armed": false, "event": "idle_disarmed", "preset": "airplane_single", "single_auto": true, "ts": 1783059449.251}
{"armed": false, "event": "idle_disarmed", "preset": "airplane_single", "single_auto": true, "ts": 1783059449.251}
{"armed": false, "event": "idle_disarmed", "preset": "airplane_single", "single_auto": true, "ts": 1783059450.254}
{"armed": false, "event": "idle_disarmed", "preset": "airplane_single", "single_auto": true, "ts": 1783059450.254}
{"armed": false, "event": "idle_disarmed", "preset": "airplane_single", "single_auto": true, "ts": 1783059451.257}
{"armed": false, "event": "idle_disarmed", "preset": "airplane_single", "single_auto": true, "ts": 1783059451.257}
{"armed": false, "event": "idle_disarmed", "preset": "airplane_single", "single_auto": true, "ts": 1783059452.259}
{"armed": false, "event": "idle_disarmed", "preset": "airplane_single", "single_auto": true, "ts": 1783059452.259}
{"armed": false, "event": "idle_disarmed", "preset": "airplane_single", "single_auto": true, "ts": 1783059453.262}
{"armed": false, "event": "idle_disarmed", "preset": "airplane_single", "single_auto": true, "ts": 1783059453.262}
{"armed": false, "event": "idle_disarmed", "preset": "airplane_single", "single_auto": true, "ts": 1783059454.265}
{"armed": false, "event": "idle_disarmed", "preset": "airplane_single", "single_auto": true, "ts": 1783059454.265}
{"armed": false, "event": "idle_disarmed", "preset": "airplane_single", "single_auto": true, "ts": 1783059455.267}
{"armed": false, "event": "idle_disarmed", "preset": "airplane_single", "single_auto": true, "ts": 1783059455.267}
{"armed": false, "event": "idle_disarmed", "preset": "airplane_single", "single_auto": true, "ts": 1783059456.27}
{"armed": false, "event": "idle_disarmed", "preset": "airplane_single", "single_auto": true, "ts": 1783059456.27}
{"armed": false, "event": "idle_disarmed", "preset": "airplane_single", "single_auto": true, "ts": 1783059457.272}
{"armed": false, "event": "idle_disarmed", "preset": "airplane_single", "single_auto": true, "ts": 1783059457.272}
{"armed": false, "event": "idle_disarmed", "preset": "airplane_single", "single_auto": true, "ts": 1783059458.275}
{"armed": false, "event": "idle_disarmed", "preset": "airplane_single", "single_auto": true, "ts": 1783059458.275}
{"armed": false, "event": "idle_disarmed", "preset": "airplane_single", "single_auto": true, "ts": 1783059459.278}
{"armed": false, "event": "idle_disarmed", "preset": "airplane_single", "single_auto": true, "ts": 1783059459.278}
{"armed": false, "event": "idle_disarmed", "preset": "airplane_single", "single_auto": true, "ts": 1783059460.28}
{"armed": false, "event": "idle_disarmed", "preset": "airplane_single", "single_auto": true, "ts": 1783059460.28}
{"armed": false, "event": "idle_disarmed", "preset": "airplane_single", "single_auto": true, "ts": 1783059461.283}
{"armed": false, "event": "idle_disarmed", "preset": "airplane_single", "single_auto": true, "ts": 1783059461.283}
{"armed": false, "event": "idle_disarmed", "preset": "airplane_single", "single_auto": true, "ts": 1783059462.286}
{"armed": false, "event": "idle_disarmed", "preset": "airplane_single", "single_auto": true, "ts": 1783059462.286}
{"armed": false, "event": "idle_disarmed", "preset": "airplane_single", "single_auto": true, "ts": 1783059463.288}
{"armed": false, "event": "idle_disarmed", "preset": "airplane_single", "single_auto": true, "ts": 1783059463.288}
{"armed": false, "event": "idle_disarmed", "preset": "airplane_single", "single_auto": true, "ts": 1783059464.291}
{"armed": false, "event": "idle_disarmed", "preset": "airplane_single", "single_auto": true, "ts": 1783059464.291}
{"armed": false, "event": "idle_disarmed", "preset": "airplane_single", "single_auto": true, "ts": 1783059465.294}
{"armed": false, "event": "idle_disarmed", "preset": "airplane_single", "single_auto": true, "ts": 1783059465.294}
{"armed": false, "event": "idle_disarmed", "preset": "airplane_single", "single_auto": true, "ts": 1783059466.296}
{"armed": false, "event": "idle_disarmed", "preset": "airplane_single", "single_auto": true, "ts": 1783059466.296}
{"armed": false, "event": "idle_disarmed", "preset": "airplane_single", "single_auto": true, "ts": 1783059467.299}
{"armed": false, "event": "idle_disarmed", "preset": "airplane_single", "single_auto": true, "ts": 1783059467.299}
{"armed": false, "event": "idle_disarmed", "preset": "airplane_single", "single_auto": true, "ts": 1783059468.302}
{"armed": false, "event": "idle_disarmed", "preset": "airplane_single", "single_auto": true, "ts": 1783059468.302}
{"armed": false, "event": "idle_disarmed", "preset": "airplane_single", "single_auto": true, "ts": 1783059469.304}
{"armed": false, "event": "idle_disarmed", "preset": "airplane_single", "single_auto": true, "ts": 1783059469.304}
{"armed": false, "event": "idle_disarmed", "preset": "airplane_single", "single_auto": true, "ts": 1783059470.307}
{"armed": false, "event": "idle_disarmed", "preset": "airplane_single", "single_auto": true, "ts": 1783059470.307}
{"armed": false, "event": "idle_disarmed", "preset": "airplane_single", "single_auto": true, "ts": 1783059471.31}
{"armed": false, "event": "idle_disarmed", "preset": "airplane_single", "single_auto": true, "ts": 1783059471.31}
{"armed": false, "event": "idle_disarmed", "preset": "airplane_single", "single_auto": true, "ts": 1783059472.313}
{"armed": false, "event": "idle_disarmed", "preset": "airplane_single", "single_auto": true, "ts": 1783059472.313}
{"armed": false, "event": "idle_disarmed", "preset": "airplane_single", "single_auto": true, "ts": 1783059473.316}
{"armed": false, "event": "idle_disarmed", "preset": "airplane_single", "single_auto": true, "ts": 1783059473.316}
{"armed": false, "event": "idle_disarmed", "preset": "airplane_single", "single_auto": true, "ts": 1783059474.318}
{"armed": false, "event": "idle_disarmed", "preset": "airplane_single", "single_auto": true, "ts": 1783059474.318}
{"armed": false, "event": "idle_disarmed", "preset": "airplane_single", "single_auto": true, "ts": 1783059475.321}
{"armed": false, "event": "idle_disarmed", "preset": "airplane_single", "single_auto": true, "ts": 1783059475.321}
{"armed": false, "event": "idle_disarmed", "preset": "airplane_single", "single_auto": true, "ts": 1783059476.325}
{"armed": false, "event": "idle_disarmed", "preset": "airplane_single", "single_auto": true, "ts": 1783059476.325}
{"armed": false, "event": "idle_disarmed", "preset": "airplane_single", "single_auto": true, "ts": 1783059477.328}
{"armed": false, "event": "idle_disarmed", "preset": "airplane_single", "single_auto": true, "ts": 1783059477.328}
{"armed": false, "event": "idle_disarmed", "preset": "airplane_single", "single_auto": true, "ts": 1783059478.331}
{"armed": false, "event": "idle_disarmed", "preset": "airplane_single", "single_auto": true, "ts": 1783059478.331}
{"armed": false, "event": "idle_disarmed", "preset": "airplane_single", "single_auto": true, "ts": 1783059479.333}
{"armed": false, "event": "idle_disarmed", "preset": "airplane_single", "single_auto": true, "ts": 1783059479.333}
{"armed": false, "event": "idle_disarmed", "preset": "airplane_single", "single_auto": true, "ts": 1783059480.337}
{"armed": false, "event": "idle_disarmed", "preset": "airplane_single", "single_auto": true, "ts": 1783059480.337}
{"armed": false, "event": "idle_disarmed", "preset": "airplane_single", "single_auto": true, "ts": 1783059481.34}
{"armed": false, "event": "idle_disarmed", "preset": "airplane_single", "single_auto": true, "ts": 1783059481.34}
{"armed": false, "event": "idle_disarmed", "preset": "airplane_single", "single_auto": true, "ts": 1783059482.343}
{"armed": false, "event": "idle_disarmed", "preset": "airplane_single", "single_auto": true, "ts": 1783059482.343}
{"armed": false, "event": "idle_disarmed", "preset": "airplane_single", "single_auto": true, "ts": 1783059483.345}
{"armed": false, "event": "idle_disarmed", "preset": "airplane_single", "single_auto": true, "ts": 1783059483.345}
{"armed": false, "event": "idle_disarmed", "preset": "airplane_single", "single_auto": true, "ts": 1783059484.348}
{"armed": false, "event": "idle_disarmed", "preset": "airplane_single", "single_auto": true, "ts": 1783059484.348}
{"armed": false, "event": "idle_disarmed", "preset": "airplane_single", "single_auto": true, "ts": 1783059485.35}
{"armed": false, "event": "idle_disarmed", "preset": "airplane_single", "single_auto": true, "ts": 1783059485.35}
{"armed": false, "event": "idle_disarmed", "preset": "airplane_single", "single_auto": true, "ts": 1783059486.353}
{"armed": false, "event": "idle_disarmed", "preset": "airplane_single", "single_auto": true, "ts": 1783059486.353}
{"armed": false, "event": "idle_disarmed", "preset": "airplane_single", "single_auto": true, "ts": 1783059487.355}
{"armed": false, "event": "idle_disarmed", "preset": "airplane_single", "single_auto": true, "ts": 1783059487.355}
{"armed": false, "event": "idle_disarmed", "preset": "airplane_single", "single_auto": true, "ts": 1783059488.358}
{"armed": false, "event": "idle_disarmed", "preset": "airplane_single", "single_auto": true, "ts": 1783059488.358}
{"armed": false, "event": "idle_disarmed", "preset": "airplane_single", "single_auto": true, "ts": 1783059489.36}
{"armed": false, "event": "idle_disarmed", "preset": "airplane_single", "single_auto": true, "ts": 1783059489.36}
{"armed": false, "event": "idle_disarmed", "preset": "airplane_single", "single_auto": true, "ts": 1783059490.363}
{"armed": false, "event": "idle_disarmed", "preset": "airplane_single", "single_auto": true, "ts": 1783059490.363}
{"armed": false, "event": "idle_disarmed", "preset": "airplane_single", "single_auto": true, "ts": 1783059491.366}
{"armed": false, "event": "idle_disarmed", "preset": "airplane_single", "single_auto": true, "ts": 1783059491.366}
{"armed": false, "event": "idle_disarmed", "preset": "airplane_single", "single_auto": true, "ts": 1783059492.368}
{"armed": false, "event": "idle_disarmed", "preset": "airplane_single", "single_auto": true, "ts": 1783059492.368}
{"armed": false, "event": "idle_disarmed", "preset": "airplane_single", "single_auto": true, "ts": 1783059493.371}
{"armed": false, "event": "idle_disarmed", "preset": "airplane_single", "single_auto": true, "ts": 1783059493.371}
{"armed": false, "event": "idle_disarmed", "preset": "airplane_single", "single_auto": true, "ts": 1783059494.374}
{"armed": false, "event": "idle_disarmed", "preset": "airplane_single", "single_auto": true, "ts": 1783059494.374}
{"armed": false, "event": "idle_disarmed", "preset": "airplane_single", "single_auto": true, "ts": 1783059495.377}
{"armed": false, "event": "idle_disarmed", "preset": "airplane_single", "single_auto": true, "ts": 1783059495.377}
{"armed": false, "event": "idle_disarmed", "preset": "airplane_single", "single_auto": true, "ts": 1783059496.379}
{"armed": false, "event": "idle_disarmed", "preset": "airplane_single", "single_auto": true, "ts": 1783059496.379}
{"armed": false, "event": "idle_disarmed", "preset": "airplane_single", "single_auto": true, "ts": 1783059497.382}
{"armed": false, "event": "idle_disarmed", "preset": "airplane_single", "single_auto": true, "ts": 1783059497.382}
{"armed": false, "event": "idle_disarmed", "preset": "airplane_single", "single_auto": true, "ts": 1783059498.385}
{"armed": false, "event": "idle_disarmed", "preset": "airplane_single", "single_auto": true, "ts": 1783059498.385}
{"armed": false, "event": "idle_disarmed", "preset": "airplane_single", "single_auto": true, "ts": 1783059499.387}
{"armed": false, "event": "idle_disarmed", "preset": "airplane_single", "single_auto": true, "ts": 1783059499.387}
{"armed": false, "event": "idle_disarmed", "preset": "airplane_single", "single_auto": true, "ts": 1783059500.39}
{"armed": false, "event": "idle_disarmed", "preset": "airplane_single", "single_auto": true, "ts": 1783059500.39}
{"armed": false, "event": "idle_disarmed", "preset": "airplane_single", "single_auto": true, "ts": 1783059501.392}
{"armed": false, "event": "idle_disarmed", "preset": "airplane_single", "single_auto": true, "ts": 1783059501.392}
{"armed": false, "event": "idle_disarmed", "preset": "airplane_single", "single_auto": true, "ts": 1783059502.395}
{"armed": false, "event": "idle_disarmed", "preset": "airplane_single", "single_auto": true, "ts": 1783059502.395}
{"armed": false, "event": "idle_disarmed", "preset": "airplane_single", "single_auto": true, "ts": 1783059503.398}
{"armed": false, "event": "idle_disarmed", "preset": "airplane_single", "single_auto": true, "ts": 1783059503.398}
{"armed": false, "event": "idle_disarmed", "preset": "airplane_single", "single_auto": true, "ts": 1783059504.4}
{"armed": false, "event": "idle_disarmed", "preset": "airplane_single", "single_auto": true, "ts": 1783059504.4}
{"armed": false, "event": "idle_disarmed", "preset": "airplane_single", "single_auto": true, "ts": 1783059505.403}
{"armed": false, "event": "idle_disarmed", "preset": "airplane_single", "single_auto": true, "ts": 1783059505.403}
{"armed": false, "event": "idle_disarmed", "preset": "airplane_single", "single_auto": true, "ts": 1783059506.406}
{"armed": false, "event": "idle_disarmed", "preset": "airplane_single", "single_auto": true, "ts": 1783059506.406}
{"armed": false, "event": "idle_disarmed", "preset": "airplane_single", "single_auto": true, "ts": 1783059507.408}
{"armed": false, "event": "idle_disarmed", "preset": "airplane_single", "single_auto": true, "ts": 1783059507.408}
{"armed": false, "event": "idle_disarmed", "preset": "airplane_single", "single_auto": true, "ts": 1783059508.411}
{"armed": false, "event": "idle_disarmed", "preset": "airplane_single", "single_auto": true, "ts": 1783059508.411}
{"armed": false, "event": "idle_disarmed", "preset": "airplane_single", "single_auto": true, "ts": 1783059509.413}
{"armed": false, "event": "idle_disarmed", "preset": "airplane_single", "single_auto": true, "ts": 1783059509.413}
{"armed": false, "event": "idle_disarmed", "preset": "airplane_single", "single_auto": true, "ts": 1783059510.416}
{"armed": false, "event": "idle_disarmed", "preset": "airplane_single", "single_auto": true, "ts": 1783059510.416}
{"armed": false, "event": "idle_disarmed", "preset": "airplane_single", "single_auto": true, "ts": 1783059511.418}
{"armed": false, "event": "idle_disarmed", "preset": "airplane_single", "single_auto": true, "ts": 1783059511.418}
{"armed": false, "event": "idle_disarmed", "preset": "airplane_single", "single_auto": true, "ts": 1783059512.421}
{"armed": false, "event": "idle_disarmed", "preset": "airplane_single", "single_auto": true, "ts": 1783059512.421}
{"armed": false, "event": "idle_disarmed", "preset": "airplane_single", "single_auto": true, "ts": 1783059513.423}
{"armed": false, "event": "idle_disarmed", "preset": "airplane_single", "single_auto": true, "ts": 1783059513.423}
{"armed": false, "event": "idle_disarmed", "preset": "airplane_single", "single_auto": true, "ts": 1783059514.425}
{"armed": false, "event": "idle_disarmed", "preset": "airplane_single", "single_auto": true, "ts": 1783059514.425}
{"armed": false, "event": "idle_disarmed", "preset": "airplane_single", "single_auto": true, "ts": 1783059515.428}
{"armed": false, "event": "idle_disarmed", "preset": "airplane_single", "single_auto": true, "ts": 1783059515.428}
{"armed": false, "event": "idle_disarmed", "preset": "airplane_single", "single_auto": true, "ts": 1783059516.431}
{"armed": false, "event": "idle_disarmed", "preset": "airplane_single", "single_auto": true, "ts": 1783059516.431}
{"armed": false, "event": "idle_disarmed", "preset": "airplane_single", "single_auto": true, "ts": 1783059517.433}
{"armed": false, "event": "idle_disarmed", "preset": "airplane_single", "single_auto": true, "ts": 1783059517.433}
{"armed": false, "event": "idle_disarmed", "preset": "airplane_single", "single_auto": true, "ts": 1783059518.435}
{"armed": false, "event": "idle_disarmed", "preset": "airplane_single", "single_auto": true, "ts": 1783059518.435}
{"armed": false, "event": "idle_disarmed", "preset": "airplane_single", "single_auto": true, "ts": 1783059519.438}
{"armed": false, "event": "idle_disarmed", "preset": "airplane_single", "single_auto": true, "ts": 1783059519.438}
{"armed": false, "event": "idle_disarmed", "preset": "airplane_single", "single_auto": true, "ts": 1783059520.441}
{"armed": false, "event": "idle_disarmed", "preset": "airplane_single", "single_auto": true, "ts": 1783059520.441}
{"armed": false, "event": "idle_disarmed", "preset": "airplane_single", "single_auto": true, "ts": 1783059521.444}
{"armed": false, "event": "idle_disarmed", "preset": "airplane_single", "single_auto": true, "ts": 1783059521.444}
{"armed": false, "event": "idle_disarmed", "preset": "airplane_single", "single_auto": true, "ts": 1783059522.446}
{"armed": false, "event": "idle_disarmed", "preset": "airplane_single", "single_auto": true, "ts": 1783059522.446}
{"armed": false, "event": "idle_disarmed", "preset": "airplane_single", "single_auto": true, "ts": 1783059523.449}
{"armed": false, "event": "idle_disarmed", "preset": "airplane_single", "single_auto": true, "ts": 1783059523.449}
{"armed": false, "event": "idle_disarmed", "preset": "airplane_single", "single_auto": true, "ts": 1783059524.452}
{"armed": false, "event": "idle_disarmed", "preset": "airplane_single", "single_auto": true, "ts": 1783059524.452}
{"armed": false, "event": "idle_disarmed", "preset": "airplane_single", "single_auto": true, "ts": 1783059525.455}
{"armed": false, "event": "idle_disarmed", "preset": "airplane_single", "single_auto": true, "ts": 1783059525.455}
{"armed": false, "event": "idle_disarmed", "preset": "airplane_single", "single_auto": true, "ts": 1783059526.457}
{"armed": false, "event": "idle_disarmed", "preset": "airplane_single", "single_auto": true, "ts": 1783059526.457}
{"armed": false, "event": "idle_disarmed", "preset": "airplane_single", "single_auto": true, "ts": 1783059527.46}
{"armed": false, "event": "idle_disarmed", "preset": "airplane_single", "single_auto": true, "ts": 1783059527.46}
{"armed": false, "event": "idle_disarmed", "preset": "airplane_single", "single_auto": true, "ts": 1783059528.462}
{"armed": false, "event": "idle_disarmed", "preset": "airplane_single", "single_auto": true, "ts": 1783059528.462}
{"armed": false, "event": "idle_disarmed", "preset": "airplane_single", "single_auto": true, "ts": 1783059529.465}
{"armed": false, "event": "idle_disarmed", "preset": "airplane_single", "single_auto": true, "ts": 1783059529.465}
{"armed": false, "event": "idle_disarmed", "preset": "airplane_single", "single_auto": true, "ts": 1783059530.468}
{"armed": false, "event": "idle_disarmed", "preset": "airplane_single", "single_auto": true, "ts": 1783059530.468}
{"armed": false, "event": "idle_disarmed", "preset": "airplane_single", "single_auto": true, "ts": 1783059531.47}
{"armed": false, "event": "idle_disarmed", "preset": "airplane_single", "single_auto": true, "ts": 1783059531.47}
{"armed": false, "event": "idle_disarmed", "preset": "airplane_single", "single_auto": true, "ts": 1783059532.473}
{"armed": false, "event": "idle_disarmed", "preset": "airplane_single", "single_auto": true, "ts": 1783059532.473}
{"armed": false, "event": "idle_disarmed", "preset": "airplane_single", "single_auto": true, "ts": 1783059533.475}
{"armed": false, "event": "idle_disarmed", "preset": "airplane_single", "single_auto": true, "ts": 1783059533.475}
{"armed": false, "event": "idle_disarmed", "preset": "airplane_single", "single_auto": true, "ts": 1783059534.478}
{"armed": false, "event": "idle_disarmed", "preset": "airplane_single", "single_auto": true, "ts": 1783059534.478}
{"armed": false, "event": "idle_disarmed", "preset": "airplane_single", "single_auto": true, "ts": 1783059535.48}
{"armed": false, "event": "idle_disarmed", "preset": "airplane_single", "single_auto": true, "ts": 1783059535.48}
{"armed": false, "event": "idle_disarmed", "preset": "airplane_single", "single_auto": true, "ts": 1783059536.483}
{"armed": false, "event": "idle_disarmed", "preset": "airplane_single", "single_auto": true, "ts": 1783059536.483}
{"armed": false, "event": "idle_disarmed", "preset": "airplane_single", "single_auto": true, "ts": 1783059537.486}
{"armed": false, "event": "idle_disarmed", "preset": "airplane_single", "single_auto": true, "ts": 1783059537.486}
{"armed": false, "event": "idle_disarmed", "preset": "airplane_single", "single_auto": true, "ts": 1783059538.488}
{"armed": false, "event": "idle_disarmed", "preset": "airplane_single", "single_auto": true, "ts": 1783059538.488}
{"armed": false, "event": "idle_disarmed", "preset": "airplane_single", "single_auto": true, "ts": 1783059539.491}
{"armed": false, "event": "idle_disarmed", "preset": "airplane_single", "single_auto": true, "ts": 1783059539.491}
{"armed": false, "event": "idle_disarmed", "preset": "airplane_single", "single_auto": true, "ts": 1783059540.494}
{"armed": false, "event": "idle_disarmed", "preset": "airplane_single", "single_auto": true, "ts": 1783059540.494}
{"armed": false, "event": "idle_disarmed", "preset": "airplane_single", "single_auto": true, "ts": 1783059541.497}
{"armed": false, "event": "idle_disarmed", "preset": "airplane_single", "single_auto": true, "ts": 1783059541.497}
{"armed": false, "event": "idle_disarmed", "preset": "airplane_single", "single_auto": true, "ts": 1783059542.499}
{"armed": false, "event": "idle_disarmed", "preset": "airplane_single", "single_auto": true, "ts": 1783059542.499}
{"armed": false, "event": "idle_disarmed", "preset": "airplane_single", "single_auto": true, "ts": 1783059543.502}
{"armed": false, "event": "idle_disarmed", "preset": "airplane_single", "single_auto": true, "ts": 1783059543.502}
{"armed": false, "event": "idle_disarmed", "preset": "airplane_single", "single_auto": true, "ts": 1783059544.505}
{"armed": false, "event": "idle_disarmed", "preset": "airplane_single", "single_auto": true, "ts": 1783059544.505}
{"armed": false, "event": "idle_disarmed", "preset": "airplane_single", "single_auto": true, "ts": 1783059545.507}
{"armed": false, "event": "idle_disarmed", "preset": "airplane_single", "single_auto": true, "ts": 1783059545.507}
{"armed": false, "event": "idle_disarmed", "preset": "airplane_single", "single_auto": true, "ts": 1783059546.51}
{"armed": false, "event": "idle_disarmed", "preset": "airplane_single", "single_auto": true, "ts": 1783059546.51}
{"armed": false, "event": "idle_disarmed", "preset": "airplane_single", "single_auto": true, "ts": 1783059547.512}
{"armed": false, "event": "idle_disarmed", "preset": "airplane_single", "single_auto": true, "ts": 1783059547.512}
{"armed": false, "event": "idle_disarmed", "preset": "airplane_single", "single_auto": true, "ts": 1783059548.515}
{"armed": false, "event": "idle_disarmed", "preset": "airplane_single", "single_auto": true, "ts": 1783059548.515}
{"armed": false, "event": "idle_disarmed", "preset": "airplane_single", "single_auto": true, "ts": 1783059549.518}
{"armed": false, "event": "idle_disarmed", "preset": "airplane_single", "single_auto": true, "ts": 1783059549.518}
{"armed": false, "event": "idle_disarmed", "preset": "airplane_single", "single_auto": true, "ts": 1783059550.52}
{"armed": false, "event": "idle_disarmed", "preset": "airplane_single", "single_auto": true, "ts": 1783059550.52}
{"armed": false, "event": "idle_disarmed", "preset": "airplane_single", "single_auto": true, "ts": 1783059551.523}
{"armed": false, "event": "idle_disarmed", "preset": "airplane_single", "single_auto": true, "ts": 1783059551.523}
{"armed": false, "event": "idle_disarmed", "preset": "airplane_single", "single_auto": true, "ts": 1783059552.526}
{"armed": false, "event": "idle_disarmed", "preset": "airplane_single", "single_auto": true, "ts": 1783059552.526}
{"armed": false, "event": "idle_disarmed", "preset": "airplane_single", "single_auto": true, "ts": 1783059553.528}
{"armed": false, "event": "idle_disarmed", "preset": "airplane_single", "single_auto": true, "ts": 1783059553.528}
{"armed": false, "event": "idle_disarmed", "preset": "airplane_single", "single_auto": true, "ts": 1783059554.531}
{"armed": false, "event": "idle_disarmed", "preset": "airplane_single", "single_auto": true, "ts": 1783059554.531}
{"armed": false, "event": "idle_disarmed", "preset": "airplane_single", "single_auto": true, "ts": 1783059555.533}
{"armed": false, "event": "idle_disarmed", "preset": "airplane_single", "single_auto": true, "ts": 1783059555.533}
{"armed": false, "event": "idle_disarmed", "preset": "airplane_single", "single_auto": true, "ts": 1783059556.536}
{"armed": false, "event": "idle_disarmed", "preset": "airplane_single", "single_auto": true, "ts": 1783059556.536}
{"armed": false, "event": "idle_disarmed", "preset": "airplane_single", "single_auto": true, "ts": 1783059557.539}
{"armed": false, "event": "idle_disarmed", "preset": "airplane_single", "single_auto": true, "ts": 1783059557.539}
{"armed": false, "event": "idle_disarmed", "preset": "airplane_single", "single_auto": true, "ts": 1783059558.542}
{"armed": false, "event": "idle_disarmed", "preset": "airplane_single", "single_auto": true, "ts": 1783059558.542}
{"armed": false, "event": "idle_disarmed", "preset": "airplane_single", "single_auto": true, "ts": 1783059559.544}
{"armed": false, "event": "idle_disarmed", "preset": "airplane_single", "single_auto": true, "ts": 1783059559.544}
{"armed": false, "event": "idle_disarmed", "preset": "airplane_single", "single_auto": true, "ts": 1783059560.548}
{"armed": false, "event": "idle_disarmed", "preset": "airplane_single", "single_auto": true, "ts": 1783059560.548}
{"armed": false, "event": "idle_disarmed", "preset": "airplane_single", "single_auto": true, "ts": 1783059561.551}
{"armed": false, "event": "idle_disarmed", "preset": "airplane_single", "single_auto": true, "ts": 1783059561.551}
{"armed": false, "event": "idle_disarmed", "preset": "airplane_single", "single_auto": true, "ts": 1783059562.554}
{"armed": false, "event": "idle_disarmed", "preset": "airplane_single", "single_auto": true, "ts": 1783059562.554}
{"armed": false, "event": "idle_disarmed", "preset": "airplane_single", "single_auto": true, "ts": 1783059563.557}
{"armed": false, "event": "idle_disarmed", "preset": "airplane_single", "single_auto": true, "ts": 1783059563.557}
{"armed": false, "event": "idle_disarmed", "preset": "airplane_single", "single_auto": true, "ts": 1783059564.56}
{"armed": false, "event": "idle_disarmed", "preset": "airplane_single", "single_auto": true, "ts": 1783059564.56}
{"armed": false, "event": "idle_disarmed", "preset": "airplane_single", "single_auto": true, "ts": 1783059565.562}
{"armed": false, "event": "idle_disarmed", "preset": "airplane_single", "single_auto": true, "ts": 1783059565.562}
{"armed": false, "event": "idle_disarmed", "preset": "airplane_single", "single_auto": true, "ts": 1783059566.565}
{"armed": false, "event": "idle_disarmed", "preset": "airplane_single", "single_auto": true, "ts": 1783059566.565}
{"armed": false, "event": "idle_disarmed", "preset": "airplane_single", "single_auto": true, "ts": 1783059567.567}
{"armed": false, "event": "idle_disarmed", "preset": "airplane_single", "single_auto": true, "ts": 1783059567.567}
{"armed": false, "event": "idle_disarmed", "preset": "airplane_single", "single_auto": true, "ts": 1783059568.57}
{"armed": false, "event": "idle_disarmed", "preset": "airplane_single", "single_auto": true, "ts": 1783059568.57}
{"armed": false, "event": "idle_disarmed", "preset": "airplane_single", "single_auto": true, "ts": 1783059569.572}
{"armed": false, "event": "idle_disarmed", "preset": "airplane_single", "single_auto": true, "ts": 1783059569.572}
{"armed": false, "event": "idle_disarmed", "preset": "airplane_single", "single_auto": true, "ts": 1783059570.575}
{"armed": false, "event": "idle_disarmed", "preset": "airplane_single", "single_auto": true, "ts": 1783059570.575}
{"armed": false, "event": "idle_disarmed", "preset": "airplane_single", "single_auto": true, "ts": 1783059571.577}
{"armed": false, "event": "idle_disarmed", "preset": "airplane_single", "single_auto": true, "ts": 1783059571.577}
{"armed": false, "event": "idle_disarmed", "preset": "airplane_single", "single_auto": true, "ts": 1783059572.58}
{"armed": false, "event": "idle_disarmed", "preset": "airplane_single", "single_auto": true, "ts": 1783059572.58}
{"armed": false, "event": "idle_disarmed", "preset": "airplane_single", "single_auto": true, "ts": 1783059573.583}
{"armed": false, "event": "idle_disarmed", "preset": "airplane_single", "single_auto": true, "ts": 1783059573.583}
{"armed": false, "event": "idle_disarmed", "preset": "airplane_single", "single_auto": true, "ts": 1783059574.585}
{"armed": false, "event": "idle_disarmed", "preset": "airplane_single", "single_auto": true, "ts": 1783059574.585}
{"armed": false, "event": "idle_disarmed", "preset": "airplane_single", "single_auto": true, "ts": 1783059575.588}
{"armed": false, "event": "idle_disarmed", "preset": "airplane_single", "single_auto": true, "ts": 1783059575.588}
{"armed": false, "event": "idle_disarmed", "preset": "airplane_single", "single_auto": true, "ts": 1783059576.591}
{"armed": false, "event": "idle_disarmed", "preset": "airplane_single", "single_auto": true, "ts": 1783059576.591}
{"armed": false, "event": "idle_disarmed", "preset": "airplane_single", "single_auto": true, "ts": 1783059577.593}
{"armed": false, "event": "idle_disarmed", "preset": "airplane_single", "single_auto": true, "ts": 1783059577.593}
{"armed": false, "event": "idle_disarmed", "preset": "airplane_single", "single_auto": true, "ts": 1783059578.595}
{"armed": false, "event": "idle_disarmed", "preset": "airplane_single", "single_auto": true, "ts": 1783059578.595}
{"armed": false, "event": "idle_disarmed", "preset": "airplane_single", "single_auto": true, "ts": 1783059579.597}
{"armed": false, "event": "idle_disarmed", "preset": "airplane_single", "single_auto": true, "ts": 1783059579.597}
{"armed": false, "event": "idle_disarmed", "preset": "airplane_single", "single_auto": true, "ts": 1783059580.598}
{"armed": false, "event": "idle_disarmed", "preset": "airplane_single", "single_auto": true, "ts": 1783059580.598}
{"armed": false, "event": "idle_disarmed", "preset": "airplane_single", "single_auto": true, "ts": 1783059581.6}
{"armed": false, "event": "idle_disarmed", "preset": "airplane_single", "single_auto": true, "ts": 1783059581.6}
{"armed": false, "event": "idle_disarmed", "preset": "airplane_single", "single_auto": true, "ts": 1783059582.603}
{"armed": false, "event": "idle_disarmed", "preset": "airplane_single", "single_auto": true, "ts": 1783059582.603}
{"armed": false, "event": "idle_disarmed", "preset": "airplane_single", "single_auto": true, "ts": 1783059583.606}
{"armed": false, "event": "idle_disarmed", "preset": "airplane_single", "single_auto": true, "ts": 1783059583.606}
{"armed": false, "event": "idle_disarmed", "preset": "airplane_single", "single_auto": true, "ts": 1783059584.608}
{"armed": false, "event": "idle_disarmed", "preset": "airplane_single", "single_auto": true, "ts": 1783059584.608}
{"armed": false, "event": "idle_disarmed", "preset": "airplane_single", "single_auto": true, "ts": 1783059585.611}
{"armed": false, "event": "idle_disarmed", "preset": "airplane_single", "single_auto": true, "ts": 1783059585.611}
{"armed": false, "event": "idle_disarmed", "preset": "airplane_single", "single_auto": true, "ts": 1783059586.614}
{"armed": false, "event": "idle_disarmed", "preset": "airplane_single", "single_auto": true, "ts": 1783059586.614}
{"armed": false, "event": "idle_disarmed", "preset": "airplane_single", "single_auto": true, "ts": 1783059587.616}
{"armed": false, "event": "idle_disarmed", "preset": "airplane_single", "single_auto": true, "ts": 1783059587.616}
{"armed": false, "event": "idle_disarmed", "preset": "airplane_single", "single_auto": true, "ts": 1783059588.619}
{"armed": false, "event": "idle_disarmed", "preset": "airplane_single", "single_auto": true, "ts": 1783059588.619}
{"armed": false, "event": "idle_disarmed", "preset": "airplane_single", "single_auto": true, "ts": 1783059589.621}
{"armed": false, "event": "idle_disarmed", "preset": "airplane_single", "single_auto": true, "ts": 1783059589.621}
{"armed": false, "event": "idle_disarmed", "preset": "airplane_single", "single_auto": true, "ts": 1783059590.624}
{"armed": false, "event": "idle_disarmed", "preset": "airplane_single", "single_auto": true, "ts": 1783059590.624}
{"armed": false, "event": "idle_disarmed", "preset": "airplane_single", "single_auto": true, "ts": 1783059591.626}
{"armed": false, "event": "idle_disarmed", "preset": "airplane_single", "single_auto": true, "ts": 1783059591.626}
{"armed": false, "event": "idle_disarmed", "preset": "airplane_single", "single_auto": true, "ts": 1783059592.629}
{"armed": false, "event": "idle_disarmed", "preset": "airplane_single", "single_auto": true, "ts": 1783059592.629}
{"armed": false, "event": "idle_disarmed", "preset": "airplane_single", "single_auto": true, "ts": 1783059593.631}
{"armed": false, "event": "idle_disarmed", "preset": "airplane_single", "single_auto": true, "ts": 1783059593.631}
{"armed": false, "event": "idle_disarmed", "preset": "airplane_single", "single_auto": true, "ts": 1783059594.634}
{"armed": false, "event": "idle_disarmed", "preset": "airplane_single", "single_auto": true, "ts": 1783059594.634}
{"armed": false, "event": "idle_disarmed", "preset": "airplane_single", "single_auto": true, "ts": 1783059595.636}
{"armed": false, "event": "idle_disarmed", "preset": "airplane_single", "single_auto": true, "ts": 1783059595.636}
{"armed": false, "event": "idle_disarmed", "preset": "airplane_single", "single_auto": true, "ts": 1783059596.639}
{"armed": false, "event": "idle_disarmed", "preset": "airplane_single", "single_auto": true, "ts": 1783059596.639}
{"armed": false, "event": "idle_disarmed", "preset": "airplane_single", "single_auto": true, "ts": 1783059597.641}
{"armed": false, "event": "idle_disarmed", "preset": "airplane_single", "single_auto": true, "ts": 1783059597.641}
{"armed": false, "event": "idle_disarmed", "preset": "airplane_single", "single_auto": true, "ts": 1783059598.644}
{"armed": false, "event": "idle_disarmed", "preset": "airplane_single", "single_auto": true, "ts": 1783059598.644}
{"armed": false, "event": "idle_disarmed", "preset": "airplane_single", "single_auto": true, "ts": 1783059599.646}
{"armed": false, "event": "idle_disarmed", "preset": "airplane_single", "single_auto": true, "ts": 1783059599.646}
{"armed": false, "event": "idle_disarmed", "preset": "airplane_single", "single_auto": true, "ts": 1783059600.649}
{"armed": false, "event": "idle_disarmed", "preset": "airplane_single", "single_auto": true, "ts": 1783059600.649}
{"armed": false, "event": "idle_disarmed", "preset": "airplane_single", "single_auto": true, "ts": 1783059601.651}
{"armed": false, "event": "idle_disarmed", "preset": "airplane_single", "single_auto": true, "ts": 1783059601.651}
{"armed": false, "event": "idle_disarmed", "preset": "airplane_single", "single_auto": true, "ts": 1783059602.654}
{"armed": false, "event": "idle_disarmed", "preset": "airplane_single", "single_auto": true, "ts": 1783059602.654}
{"armed": false, "event": "idle_disarmed", "preset": "airplane_single", "single_auto": true, "ts": 1783059603.656}
{"armed": false, "event": "idle_disarmed", "preset": "airplane_single", "single_auto": true, "ts": 1783059603.656}
{"armed": false, "event": "idle_disarmed", "preset": "airplane_single", "single_auto": true, "ts": 1783059604.658}
{"armed": false, "event": "idle_disarmed", "preset": "airplane_single", "single_auto": true, "ts": 1783059604.658}
{"armed": false, "event": "idle_disarmed", "preset": "airplane_single", "single_auto": true, "ts": 1783059605.661}
{"armed": false, "event": "idle_disarmed", "preset": "airplane_single", "single_auto": true, "ts": 1783059605.661}
{"armed": false, "event": "idle_disarmed", "preset": "airplane_single", "single_auto": true, "ts": 1783059606.663}
{"armed": false, "event": "idle_disarmed", "preset": "airplane_single", "single_auto": true, "ts": 1783059606.663}
{"armed": false, "event": "idle_disarmed", "preset": "airplane_single", "single_auto": true, "ts": 1783059607.666}
{"armed": false, "event": "idle_disarmed", "preset": "airplane_single", "single_auto": true, "ts": 1783059607.666}
{"armed": false, "event": "idle_disarmed", "preset": "airplane_single", "single_auto": true, "ts": 1783059608.669}
{"armed": false, "event": "idle_disarmed", "preset": "airplane_single", "single_auto": true, "ts": 1783059608.669}
{"armed": false, "event": "idle_disarmed", "preset": "airplane_single", "single_auto": true, "ts": 1783059609.671}
{"armed": false, "event": "idle_disarmed", "preset": "airplane_single", "single_auto": true, "ts": 1783059609.671}
{"armed": false, "event": "idle_disarmed", "preset": "airplane_single", "single_auto": true, "ts": 1783059610.674}
{"armed": false, "event": "idle_disarmed", "preset": "airplane_single", "single_auto": true, "ts": 1783059610.674}
{"armed": false, "event": "idle_disarmed", "preset": "airplane_single", "single_auto": true, "ts": 1783059611.677}
{"armed": false, "event": "idle_disarmed", "preset": "airplane_single", "single_auto": true, "ts": 1783059611.677}
{"armed": false, "event": "idle_disarmed", "preset": "airplane_single", "single_auto": true, "ts": 1783059612.681}
{"armed": false, "event": "idle_disarmed", "preset": "airplane_single", "single_auto": true, "ts": 1783059612.681}
{"armed": false, "event": "idle_disarmed", "preset": "airplane_single", "single_auto": true, "ts": 1783059613.682}
{"armed": false, "event": "idle_disarmed", "preset": "airplane_single", "single_auto": true, "ts": 1783059613.682}
{"armed": false, "event": "idle_disarmed", "preset": "airplane_single", "single_auto": true, "ts": 1783059614.683}
{"armed": false, "event": "idle_disarmed", "preset": "airplane_single", "single_auto": true, "ts": 1783059614.683}
{"armed": false, "event": "idle_disarmed", "preset": "airplane_single", "single_auto": true, "ts": 1783059615.686}
{"armed": false, "event": "idle_disarmed", "preset": "airplane_single", "single_auto": true, "ts": 1783059615.686}
{"armed": false, "event": "idle_disarmed", "preset": "airplane_single", "single_auto": true, "ts": 1783059616.689}
{"armed": false, "event": "idle_disarmed", "preset": "airplane_single", "single_auto": true, "ts": 1783059616.689}
{"armed": false, "event": "idle_disarmed", "preset": "airplane_single", "single_auto": true, "ts": 1783059617.693}
{"armed": false, "event": "idle_disarmed", "preset": "airplane_single", "single_auto": true, "ts": 1783059617.693}
{"armed": false, "event": "idle_disarmed", "preset": "airplane_single", "single_auto": true, "ts": 1783059618.696}
{"armed": false, "event": "idle_disarmed", "preset": "airplane_single", "single_auto": true, "ts": 1783059618.696}
{"armed": false, "event": "idle_disarmed", "preset": "airplane_single", "single_auto": true, "ts": 1783059619.698}
{"armed": false, "event": "idle_disarmed", "preset": "airplane_single", "single_auto": true, "ts": 1783059619.698}
{"armed": false, "event": "idle_disarmed", "preset": "airplane_single", "single_auto": true, "ts": 1783059620.7}
{"armed": false, "event": "idle_disarmed", "preset": "airplane_single", "single_auto": true, "ts": 1783059620.7}
{"armed": false, "event": "idle_disarmed", "preset": "airplane_single", "single_auto": true, "ts": 1783059621.703}
{"armed": false, "event": "idle_disarmed", "preset": "airplane_single", "single_auto": true, "ts": 1783059621.703}
{"armed": false, "event": "idle_disarmed", "preset": "airplane_single", "single_auto": true, "ts": 1783059622.706}
{"armed": false, "event": "idle_disarmed", "preset": "airplane_single", "single_auto": true, "ts": 1783059622.706}
{"armed": false, "event": "idle_disarmed", "preset": "airplane_single", "single_auto": true, "ts": 1783059623.708}
{"armed": false, "event": "idle_disarmed", "preset": "airplane_single", "single_auto": true, "ts": 1783059623.708}
{"armed": false, "event": "idle_disarmed", "preset": "airplane_single", "single_auto": true, "ts": 1783059624.711}
{"armed": false, "event": "idle_disarmed", "preset": "airplane_single", "single_auto": true, "ts": 1783059624.711}
{"armed": false, "event": "idle_disarmed", "preset": "airplane_single", "single_auto": true, "ts": 1783059625.713}
{"armed": false, "event": "idle_disarmed", "preset": "airplane_single", "single_auto": true, "ts": 1783059625.713}
{"armed": false, "event": "idle_disarmed", "preset": "airplane_single", "single_auto": true, "ts": 1783059626.716}
{"armed": false, "event": "idle_disarmed", "preset": "airplane_single", "single_auto": true, "ts": 1783059626.716}
{"armed": false, "event": "idle_disarmed", "preset": "airplane_single", "single_auto": true, "ts": 1783059627.719}
{"armed": false, "event": "idle_disarmed", "preset": "airplane_single", "single_auto": true, "ts": 1783059627.719}
{"armed": false, "event": "idle_disarmed", "preset": "airplane_single", "single_auto": true, "ts": 1783059628.722}
{"armed": false, "event": "idle_disarmed", "preset": "airplane_single", "single_auto": true, "ts": 1783059628.722}
{"armed": false, "event": "idle_disarmed", "preset": "airplane_single", "single_auto": true, "ts": 1783059629.724}
{"armed": false, "event": "idle_disarmed", "preset": "airplane_single", "single_auto": true, "ts": 1783059629.724}
{"armed": false, "event": "idle_disarmed", "preset": "airplane_single", "single_auto": true, "ts": 1783059630.727}
{"armed": false, "event": "idle_disarmed", "preset": "airplane_single", "single_auto": true, "ts": 1783059630.727}
{"armed": false, "event": "idle_disarmed", "preset": "airplane_single", "single_auto": true, "ts": 1783059631.73}
{"armed": false, "event": "idle_disarmed", "preset": "airplane_single", "single_auto": true, "ts": 1783059631.73}
{"armed": false, "event": "idle_disarmed", "preset": "airplane_single", "single_auto": true, "ts": 1783059632.733}
{"armed": false, "event": "idle_disarmed", "preset": "airplane_single", "single_auto": true, "ts": 1783059632.733}
{"armed": false, "event": "idle_disarmed", "preset": "airplane_single", "single_auto": true, "ts": 1783059633.736}
{"armed": false, "event": "idle_disarmed", "preset": "airplane_single", "single_auto": true, "ts": 1783059633.736}
{"armed": false, "event": "idle_disarmed", "preset": "airplane_single", "single_auto": true, "ts": 1783059634.738}
{"armed": false, "event": "idle_disarmed", "preset": "airplane_single", "single_auto": true, "ts": 1783059634.738}
{"armed": false, "event": "idle_disarmed", "preset": "airplane_single", "single_auto": true, "ts": 1783059635.741}
{"armed": false, "event": "idle_disarmed", "preset": "airplane_single", "single_auto": true, "ts": 1783059635.741}
{"armed": false, "event": "idle_disarmed", "preset": "airplane_single", "single_auto": true, "ts": 1783059636.744}
{"armed": false, "event": "idle_disarmed", "preset": "airplane_single", "single_auto": true, "ts": 1783059636.744}
{"armed": false, "event": "idle_disarmed", "preset": "airplane_single", "single_auto": true, "ts": 1783059637.746}
{"armed": false, "event": "idle_disarmed", "preset": "airplane_single", "single_auto": true, "ts": 1783059637.746}
{"armed": false, "event": "idle_disarmed", "preset": "airplane_single", "single_auto": true, "ts": 1783059638.749}
{"armed": false, "event": "idle_disarmed", "preset": "airplane_single", "single_auto": true, "ts": 1783059638.749}
{"armed": false, "event": "idle_disarmed", "preset": "airplane_single", "single_auto": true, "ts": 1783059639.752}
{"armed": false, "event": "idle_disarmed", "preset": "airplane_single", "single_auto": true, "ts": 1783059639.752}
{"armed": false, "event": "idle_disarmed", "preset": "airplane_single", "single_auto": true, "ts": 1783059640.754}
{"armed": false, "event": "idle_disarmed", "preset": "airplane_single", "single_auto": true, "ts": 1783059640.754}
{"armed": false, "event": "idle_disarmed", "preset": "airplane_single", "single_auto": true, "ts": 1783059641.757}
{"armed": false, "event": "idle_disarmed", "preset": "airplane_single", "single_auto": true, "ts": 1783059641.757}
{"armed": false, "event": "idle_disarmed", "preset": "airplane_single", "single_auto": true, "ts": 1783059642.76}
{"armed": false, "event": "idle_disarmed", "preset": "airplane_single", "single_auto": true, "ts": 1783059642.76}
{"armed": false, "event": "idle_disarmed", "preset": "airplane_single", "single_auto": true, "ts": 1783059643.763}
{"armed": false, "event": "idle_disarmed", "preset": "airplane_single", "single_auto": true, "ts": 1783059643.763}
{"armed": false, "event": "idle_disarmed", "preset": "airplane_single", "single_auto": true, "ts": 1783059644.766}
{"armed": false, "event": "idle_disarmed", "preset": "airplane_single", "single_auto": true, "ts": 1783059644.766}
{"armed": false, "event": "idle_disarmed", "preset": "airplane_single", "single_auto": true, "ts": 1783059645.769}
{"armed": false, "event": "idle_disarmed", "preset": "airplane_single", "single_auto": true, "ts": 1783059645.769}
{"armed": false, "event": "idle_disarmed", "preset": "airplane_single", "single_auto": true, "ts": 1783059646.771}
{"armed": false, "event": "idle_disarmed", "preset": "airplane_single", "single_auto": true, "ts": 1783059646.771}
{"armed": false, "event": "idle_disarmed", "preset": "airplane_single", "single_auto": true, "ts": 1783059647.774}
{"armed": false, "event": "idle_disarmed", "preset": "airplane_single", "single_auto": true, "ts": 1783059647.774}
{"armed": false, "event": "idle_disarmed", "preset": "airplane_single", "single_auto": true, "ts": 1783059648.777}
{"armed": false, "event": "idle_disarmed", "preset": "airplane_single", "single_auto": true, "ts": 1783059648.777}
{"armed": false, "event": "idle_disarmed", "preset": "airplane_single", "single_auto": true, "ts": 1783059649.78}
{"armed": false, "event": "idle_disarmed", "preset": "airplane_single", "single_auto": true, "ts": 1783059649.78}
{"armed": false, "event": "idle_disarmed", "preset": "airplane_single", "single_auto": true, "ts": 1783059650.782}
{"armed": false, "event": "idle_disarmed", "preset": "airplane_single", "single_auto": true, "ts": 1783059650.782}
{"armed": false, "event": "idle_disarmed", "preset": "airplane_single", "single_auto": true, "ts": 1783059651.785}
{"armed": false, "event": "idle_disarmed", "preset": "airplane_single", "single_auto": true, "ts": 1783059651.785}
{"armed": false, "event": "idle_disarmed", "preset": "airplane_single", "single_auto": true, "ts": 1783059652.788}
{"armed": false, "event": "idle_disarmed", "preset": "airplane_single", "single_auto": true, "ts": 1783059652.788}
{"armed": false, "event": "idle_disarmed", "preset": "airplane_single", "single_auto": true, "ts": 1783059653.79}
{"armed": false, "event": "idle_disarmed", "preset": "airplane_single", "single_auto": true, "ts": 1783059653.79}
{"armed": false, "event": "idle_disarmed", "preset": "airplane_single", "single_auto": true, "ts": 1783059654.793}
{"armed": false, "event": "idle_disarmed", "preset": "airplane_single", "single_auto": true, "ts": 1783059654.793}
{"armed": false, "event": "idle_disarmed", "preset": "airplane_single", "single_auto": true, "ts": 1783059655.796}
{"armed": false, "event": "idle_disarmed", "preset": "airplane_single", "single_auto": true, "ts": 1783059655.796}
{"armed": false, "event": "idle_disarmed", "preset": "airplane_single", "single_auto": true, "ts": 1783059656.799}
{"armed": false, "event": "idle_disarmed", "preset": "airplane_single", "single_auto": true, "ts": 1783059656.799}
{"armed": false, "event": "idle_disarmed", "preset": "airplane_single", "single_auto": true, "ts": 1783059657.802}
{"armed": false, "event": "idle_disarmed", "preset": "airplane_single", "single_auto": true, "ts": 1783059657.802}
{"armed": false, "event": "idle_disarmed", "preset": "airplane_single", "single_auto": true, "ts": 1783059658.804}
{"armed": false, "event": "idle_disarmed", "preset": "airplane_single", "single_auto": true, "ts": 1783059658.804}
{"armed": false, "event": "idle_disarmed", "preset": "airplane_single", "single_auto": true, "ts": 1783059659.807}
{"armed": false, "event": "idle_disarmed", "preset": "airplane_single", "single_auto": true, "ts": 1783059659.807}
{"armed": false, "event": "idle_disarmed", "preset": "airplane_single", "single_auto": true, "ts": 1783059660.809}
{"armed": false, "event": "idle_disarmed", "preset": "airplane_single", "single_auto": true, "ts": 1783059660.809}
{"armed": false, "event": "idle_disarmed", "preset": "airplane_single", "single_auto": true, "ts": 1783059661.812}
{"armed": false, "event": "idle_disarmed", "preset": "airplane_single", "single_auto": true, "ts": 1783059661.812}
{"armed": false, "event": "idle_disarmed", "preset": "airplane_single", "single_auto": true, "ts": 1783059662.814}
{"armed": false, "event": "idle_disarmed", "preset": "airplane_single", "single_auto": true, "ts": 1783059662.814}
{"armed": false, "event": "idle_disarmed", "preset": "airplane_single", "single_auto": true, "ts": 1783059663.817}
{"armed": false, "event": "idle_disarmed", "preset": "airplane_single", "single_auto": true, "ts": 1783059663.817}
{"armed": false, "event": "idle_disarmed", "preset": "airplane_single", "single_auto": true, "ts": 1783059664.819}
{"armed": false, "event": "idle_disarmed", "preset": "airplane_single", "single_auto": true, "ts": 1783059664.819}
{"armed": false, "event": "idle_disarmed", "preset": "airplane_single", "single_auto": true, "ts": 1783059665.822}
{"armed": false, "event": "idle_disarmed", "preset": "airplane_single", "single_auto": true, "ts": 1783059665.822}
{"armed": false, "event": "idle_disarmed", "preset": "airplane_single", "single_auto": true, "ts": 1783059666.824}
{"armed": false, "event": "idle_disarmed", "preset": "airplane_single", "single_auto": true, "ts": 1783059666.824}
{"armed": false, "event": "idle_disarmed", "preset": "airplane_single", "single_auto": true, "ts": 1783059667.827}
{"armed": false, "event": "idle_disarmed", "preset": "airplane_single", "single_auto": true, "ts": 1783059667.827}
{"armed": false, "event": "idle_disarmed", "preset": "airplane_single", "single_auto": true, "ts": 1783059668.829}
{"armed": false, "event": "idle_disarmed", "preset": "airplane_single", "single_auto": true, "ts": 1783059668.829}
{"armed": false, "event": "idle_disarmed", "preset": "airplane_single", "single_auto": true, "ts": 1783059669.832}
{"armed": false, "event": "idle_disarmed", "preset": "airplane_single", "single_auto": true, "ts": 1783059669.832}
{"armed": false, "event": "idle_disarmed", "preset": "airplane_single", "single_auto": true, "ts": 1783059670.835}
{"armed": false, "event": "idle_disarmed", "preset": "airplane_single", "single_auto": true, "ts": 1783059670.835}
{"armed": false, "event": "idle_disarmed", "preset": "airplane_single", "single_auto": true, "ts": 1783059671.837}
{"armed": false, "event": "idle_disarmed", "preset": "airplane_single", "single_auto": true, "ts": 1783059671.837}
{"armed": false, "event": "idle_disarmed", "preset": "airplane_single", "single_auto": true, "ts": 1783059672.84}
{"armed": false, "event": "idle_disarmed", "preset": "airplane_single", "single_auto": true, "ts": 1783059672.84}
{"armed": false, "event": "idle_disarmed", "preset": "airplane_single", "single_auto": true, "ts": 1783059673.843}
{"armed": false, "event": "idle_disarmed", "preset": "airplane_single", "single_auto": true, "ts": 1783059673.843}
{"armed": false, "event": "idle_disarmed", "preset": "airplane_single", "single_auto": true, "ts": 1783059674.845}
{"armed": false, "event": "idle_disarmed", "preset": "airplane_single", "single_auto": true, "ts": 1783059674.845}
{"armed": false, "event": "idle_disarmed", "preset": "airplane_single", "single_auto": true, "ts": 1783059675.848}
{"armed": false, "event": "idle_disarmed", "preset": "airplane_single", "single_auto": true, "ts": 1783059675.848}
{"armed": false, "event": "idle_disarmed", "preset": "airplane_single", "single_auto": true, "ts": 1783059676.85}
{"armed": false, "event": "idle_disarmed", "preset": "airplane_single", "single_auto": true, "ts": 1783059676.85}
{"armed": false, "event": "idle_disarmed", "preset": "airplane_single", "single_auto": true, "ts": 1783059677.853}
{"armed": false, "event": "idle_disarmed", "preset": "airplane_single", "single_auto": true, "ts": 1783059677.853}
{"armed": false, "event": "idle_disarmed", "preset": "airplane_single", "single_auto": true, "ts": 1783059678.855}
{"armed": false, "event": "idle_disarmed", "preset": "airplane_single", "single_auto": true, "ts": 1783059678.855}
{"armed": false, "event": "idle_disarmed", "preset": "airplane_single", "single_auto": true, "ts": 1783059679.858}
{"armed": false, "event": "idle_disarmed", "preset": "airplane_single", "single_auto": true, "ts": 1783059679.858}
{"armed": false, "event": "idle_disarmed", "preset": "airplane_single", "single_auto": true, "ts": 1783059680.86}
{"armed": false, "event": "idle_disarmed", "preset": "airplane_single", "single_auto": true, "ts": 1783059680.86}
{"armed": false, "event": "idle_disarmed", "preset": "airplane_single", "single_auto": true, "ts": 1783059681.863}
{"armed": false, "event": "idle_disarmed", "preset": "airplane_single", "single_auto": true, "ts": 1783059681.863}
{"armed": false, "event": "idle_disarmed", "preset": "airplane_single", "single_auto": true, "ts": 1783059682.865}
{"armed": false, "event": "idle_disarmed", "preset": "airplane_single", "single_auto": true, "ts": 1783059682.865}
{"armed": false, "event": "idle_disarmed", "preset": "airplane_single", "single_auto": true, "ts": 1783059683.868}
{"armed": false, "event": "idle_disarmed", "preset": "airplane_single", "single_auto": true, "ts": 1783059683.868}
{"armed": false, "event": "idle_disarmed", "preset": "airplane_single", "single_auto": true, "ts": 1783059684.87}
{"armed": false, "event": "idle_disarmed", "preset": "airplane_single", "single_auto": true, "ts": 1783059684.87}
{"armed": false, "event": "idle_disarmed", "preset": "airplane_single", "single_auto": true, "ts": 1783059685.873}
{"armed": false, "event": "idle_disarmed", "preset": "airplane_single", "single_auto": true, "ts": 1783059685.873}
{"armed": false, "event": "idle_disarmed", "preset": "airplane_single", "single_auto": true, "ts": 1783059686.875}
{"armed": false, "event": "idle_disarmed", "preset": "airplane_single", "single_auto": true, "ts": 1783059686.875}
{"armed": false, "event": "idle_disarmed", "preset": "airplane_single", "single_auto": true, "ts": 1783059687.877}
{"armed": false, "event": "idle_disarmed", "preset": "airplane_single", "single_auto": true, "ts": 1783059687.877}
{"armed": false, "event": "idle_disarmed", "preset": "airplane_single", "single_auto": true, "ts": 1783059688.88}
{"armed": false, "event": "idle_disarmed", "preset": "airplane_single", "single_auto": true, "ts": 1783059688.88}
{"armed": false, "event": "idle_disarmed", "preset": "airplane_single", "single_auto": true, "ts": 1783059689.882}
{"armed": false, "event": "idle_disarmed", "preset": "airplane_single", "single_auto": true, "ts": 1783059689.882}
{"armed": false, "event": "idle_disarmed", "preset": "airplane_single", "single_auto": true, "ts": 1783059690.885}
{"armed": false, "event": "idle_disarmed", "preset": "airplane_single", "single_auto": true, "ts": 1783059690.885}
{"armed": false, "event": "idle_disarmed", "preset": "airplane_single", "single_auto": true, "ts": 1783059691.887}
{"armed": false, "event": "idle_disarmed", "preset": "airplane_single", "single_auto": true, "ts": 1783059691.887}
{"armed": false, "event": "idle_disarmed", "preset": "airplane_single", "single_auto": true, "ts": 1783059692.89}
{"armed": false, "event": "idle_disarmed", "preset": "airplane_single", "single_auto": true, "ts": 1783059692.89}
{"armed": false, "event": "idle_disarmed", "preset": "airplane_single", "single_auto": true, "ts": 1783059693.892}
{"armed": false, "event": "idle_disarmed", "preset": "airplane_single", "single_auto": true, "ts": 1783059693.892}
{"armed": false, "event": "idle_disarmed", "preset": "airplane_single", "single_auto": true, "ts": 1783059694.895}
{"armed": false, "event": "idle_disarmed", "preset": "airplane_single", "single_auto": true, "ts": 1783059694.895}
{"armed": false, "event": "idle_disarmed", "preset": "airplane_single", "single_auto": true, "ts": 1783059695.897}
{"armed": false, "event": "idle_disarmed", "preset": "airplane_single", "single_auto": true, "ts": 1783059695.897}
{"armed": false, "event": "idle_disarmed", "preset": "airplane_single", "single_auto": true, "ts": 1783059696.9}
{"armed": false, "event": "idle_disarmed", "preset": "airplane_single", "single_auto": true, "ts": 1783059696.9}
{"armed": false, "event": "idle_disarmed", "preset": "airplane_single", "single_auto": true, "ts": 1783059697.902}
{"armed": false, "event": "idle_disarmed", "preset": "airplane_single", "single_auto": true, "ts": 1783059697.902}
{"armed": false, "event": "idle_disarmed", "preset": "airplane_single", "single_auto": true, "ts": 1783059698.905}
{"armed": false, "event": "idle_disarmed", "preset": "airplane_single", "single_auto": true, "ts": 1783059698.905}
{"armed": false, "event": "idle_disarmed", "preset": "airplane_single", "single_auto": true, "ts": 1783059699.907}
{"armed": false, "event": "idle_disarmed", "preset": "airplane_single", "single_auto": true, "ts": 1783059699.907}
{"armed": false, "event": "idle_disarmed", "preset": "airplane_single", "single_auto": true, "ts": 1783059700.91}
{"armed": false, "event": "idle_disarmed", "preset": "airplane_single", "single_auto": true, "ts": 1783059700.91}
{"armed": false, "event": "idle_disarmed", "preset": "airplane_single", "single_auto": true, "ts": 1783059701.912}
{"armed": false, "event": "idle_disarmed", "preset": "airplane_single", "single_auto": true, "ts": 1783059701.912}
{"armed": false, "event": "idle_disarmed", "preset": "airplane_single", "single_auto": true, "ts": 1783059702.915}
{"armed": false, "event": "idle_disarmed", "preset": "airplane_single", "single_auto": true, "ts": 1783059702.915}
{"armed": false, "event": "idle_disarmed", "preset": "airplane_single", "single_auto": true, "ts": 1783059703.917}
{"armed": false, "event": "idle_disarmed", "preset": "airplane_single", "single_auto": true, "ts": 1783059703.917}
{"armed": false, "event": "idle_disarmed", "preset": "airplane_single", "single_auto": true, "ts": 1783059704.92}
{"armed": false, "event": "idle_disarmed", "preset": "airplane_single", "single_auto": true, "ts": 1783059704.92}
{"armed": false, "event": "idle_disarmed", "preset": "airplane_single", "single_auto": true, "ts": 1783059705.922}
{"armed": false, "event": "idle_disarmed", "preset": "airplane_single", "single_auto": true, "ts": 1783059705.922}
{"armed": false, "event": "idle_disarmed", "preset": "airplane_single", "single_auto": true, "ts": 1783059706.925}
{"armed": false, "event": "idle_disarmed", "preset": "airplane_single", "single_auto": true, "ts": 1783059706.925}
{"armed": false, "event": "idle_disarmed", "preset": "airplane_single", "single_auto": true, "ts": 1783059707.927}
{"armed": false, "event": "idle_disarmed", "preset": "airplane_single", "single_auto": true, "ts": 1783059707.927}
{"armed": false, "event": "idle_disarmed", "preset": "airplane_single", "single_auto": true, "ts": 1783059708.929}
{"armed": false, "event": "idle_disarmed", "preset": "airplane_single", "single_auto": true, "ts": 1783059708.929}
{"armed": false, "event": "idle_disarmed", "preset": "airplane_single", "single_auto": true, "ts": 1783059709.932}
{"armed": false, "event": "idle_disarmed", "preset": "airplane_single", "single_auto": true, "ts": 1783059709.932}
{"armed": false, "event": "idle_disarmed", "preset": "airplane_single", "single_auto": true, "ts": 1783059710.934}
{"armed": false, "event": "idle_disarmed", "preset": "airplane_single", "single_auto": true, "ts": 1783059710.934}
{"armed": false, "event": "idle_disarmed", "preset": "airplane_single", "single_auto": true, "ts": 1783059711.937}
{"armed": false, "event": "idle_disarmed", "preset": "airplane_single", "single_auto": true, "ts": 1783059711.937}
{"armed": false, "event": "idle_disarmed", "preset": "airplane_single", "single_auto": true, "ts": 1783059712.938}
{"armed": false, "event": "idle_disarmed", "preset": "airplane_single", "single_auto": true, "ts": 1783059712.938}
{"armed": false, "event": "idle_disarmed", "preset": "airplane_single", "single_auto": true, "ts": 1783059713.94}
{"armed": false, "event": "idle_disarmed", "preset": "airplane_single", "single_auto": true, "ts": 1783059713.94}
{"armed": false, "event": "idle_disarmed", "preset": "airplane_single", "single_auto": true, "ts": 1783059714.941}
{"armed": false, "event": "idle_disarmed", "preset": "airplane_single", "single_auto": true, "ts": 1783059714.941}
{"armed": false, "event": "idle_disarmed", "preset": "airplane_single", "single_auto": true, "ts": 1783059715.942}
{"armed": false, "event": "idle_disarmed", "preset": "airplane_single", "single_auto": true, "ts": 1783059715.942}
{"armed": false, "event": "idle_disarmed", "preset": "airplane_single", "single_auto": true, "ts": 1783059716.944}
{"armed": false, "event": "idle_disarmed", "preset": "airplane_single", "single_auto": true, "ts": 1783059716.944}
{"armed": false, "event": "idle_disarmed", "preset": "airplane_single", "single_auto": true, "ts": 1783059717.948}
{"armed": false, "event": "idle_disarmed", "preset": "airplane_single", "single_auto": true, "ts": 1783059717.948}
{"armed": false, "event": "idle_disarmed", "preset": "airplane_single", "single_auto": true, "ts": 1783059718.951}
{"armed": false, "event": "idle_disarmed", "preset": "airplane_single", "single_auto": true, "ts": 1783059718.951}
{"armed": false, "event": "idle_disarmed", "preset": "airplane_single", "single_auto": true, "ts": 1783059719.953}
{"armed": false, "event": "idle_disarmed", "preset": "airplane_single", "single_auto": true, "ts": 1783059719.953}
{"armed": false, "event": "idle_disarmed", "preset": "airplane_single", "single_auto": true, "ts": 1783059720.954}
{"armed": false, "event": "idle_disarmed", "preset": "airplane_single", "single_auto": true, "ts": 1783059720.954}
{"armed": false, "event": "idle_disarmed", "preset": "airplane_single", "single_auto": true, "ts": 1783059721.957}
{"armed": false, "event": "idle_disarmed", "preset": "airplane_single", "single_auto": true, "ts": 1783059721.957}
{"armed": false, "event": "idle_disarmed", "preset": "airplane_single", "single_auto": true, "ts": 1783059722.96}
{"armed": false, "event": "idle_disarmed", "preset": "airplane_single", "single_auto": true, "ts": 1783059722.96}
{"armed": false, "event": "idle_disarmed", "preset": "airplane_single", "single_auto": true, "ts": 1783059723.964}
{"armed": false, "event": "idle_disarmed", "preset": "airplane_single", "single_auto": true, "ts": 1783059723.964}
{"armed": false, "event": "idle_disarmed", "preset": "airplane_single", "single_auto": true, "ts": 1783059724.966}
{"armed": false, "event": "idle_disarmed", "preset": "airplane_single", "single_auto": true, "ts": 1783059724.966}
{"armed": false, "event": "idle_disarmed", "preset": "airplane_single", "single_auto": true, "ts": 1783059725.967}
{"armed": false, "event": "idle_disarmed", "preset": "airplane_single", "single_auto": true, "ts": 1783059725.967}
{"armed": false, "event": "idle_disarmed", "preset": "airplane_single", "single_auto": true, "ts": 1783059726.968}
{"armed": false, "event": "idle_disarmed", "preset": "airplane_single", "single_auto": true, "ts": 1783059726.968}
{"armed": false, "event": "idle_disarmed", "preset": "airplane_single", "single_auto": true, "ts": 1783059727.969}
{"armed": false, "event": "idle_disarmed", "preset": "airplane_single", "single_auto": true, "ts": 1783059727.969}
{"armed": false, "event": "idle_disarmed", "preset": "airplane_single", "single_auto": true, "ts": 1783059728.972}
{"armed": false, "event": "idle_disarmed", "preset": "airplane_single", "single_auto": true, "ts": 1783059728.972}
{"armed": false, "event": "idle_disarmed", "preset": "airplane_single", "single_auto": true, "ts": 1783059729.975}
{"armed": false, "event": "idle_disarmed", "preset": "airplane_single", "single_auto": true, "ts": 1783059729.975}
{"armed": false, "event": "idle_disarmed", "preset": "airplane_single", "single_auto": true, "ts": 1783059730.977}
{"armed": false, "event": "idle_disarmed", "preset": "airplane_single", "single_auto": true, "ts": 1783059730.977}
{"armed": false, "event": "idle_disarmed", "preset": "airplane_single", "single_auto": true, "ts": 1783059731.978}
{"armed": false, "event": "idle_disarmed", "preset": "airplane_single", "single_auto": true, "ts": 1783059731.978}
{"armed": false, "event": "idle_disarmed", "preset": "airplane_single", "single_auto": true, "ts": 1783059732.979}
{"armed": false, "event": "idle_disarmed", "preset": "airplane_single", "single_auto": true, "ts": 1783059732.979}
{"armed": false, "event": "idle_disarmed", "preset": "airplane_single", "single_auto": true, "ts": 1783059733.98}
{"armed": false, "event": "idle_disarmed", "preset": "airplane_single", "single_auto": true, "ts": 1783059733.98}
{"armed": false, "event": "idle_disarmed", "preset": "airplane_single", "single_auto": true, "ts": 1783059734.982}
{"armed": false, "event": "idle_disarmed", "preset": "airplane_single", "single_auto": true, "ts": 1783059734.982}
{"armed": false, "event": "idle_disarmed", "preset": "airplane_single", "single_auto": true, "ts": 1783059735.985}
{"armed": false, "event": "idle_disarmed", "preset": "airplane_single", "single_auto": true, "ts": 1783059735.985}
{"armed": false, "event": "idle_disarmed", "preset": "airplane_single", "single_auto": true, "ts": 1783059736.987}
{"armed": false, "event": "idle_disarmed", "preset": "airplane_single", "single_auto": true, "ts": 1783059736.987}
{"armed": false, "event": "idle_disarmed", "preset": "airplane_single", "single_auto": true, "ts": 1783059737.99}
{"armed": false, "event": "idle_disarmed", "preset": "airplane_single", "single_auto": true, "ts": 1783059737.99}
{"armed": false, "event": "idle_disarmed", "preset": "airplane_single", "single_auto": true, "ts": 1783059738.992}
{"armed": false, "event": "idle_disarmed", "preset": "airplane_single", "single_auto": true, "ts": 1783059738.992}
{"armed": false, "event": "idle_disarmed", "preset": "airplane_single", "single_auto": true, "ts": 1783059739.994}
{"armed": false, "event": "idle_disarmed", "preset": "airplane_single", "single_auto": true, "ts": 1783059739.994}
{"armed": false, "event": "idle_disarmed", "preset": "airplane_single", "single_auto": true, "ts": 1783059740.997}
{"armed": false, "event": "idle_disarmed", "preset": "airplane_single", "single_auto": true, "ts": 1783059740.997}
{"armed": false, "event": "idle_disarmed", "preset": "airplane_single", "single_auto": true, "ts": 1783059742.0}
{"armed": false, "event": "idle_disarmed", "preset": "airplane_single", "single_auto": true, "ts": 1783059742.0}
{"armed": false, "event": "idle_disarmed", "preset": "airplane_single", "single_auto": true, "ts": 1783059743.002}
{"armed": false, "event": "idle_disarmed", "preset": "airplane_single", "single_auto": true, "ts": 1783059743.002}
{"armed": false, "event": "idle_disarmed", "preset": "airplane_single", "single_auto": true, "ts": 1783059744.004}
{"armed": false, "event": "idle_disarmed", "preset": "airplane_single", "single_auto": true, "ts": 1783059744.004}
{"armed": false, "event": "idle_disarmed", "preset": "airplane_single", "single_auto": true, "ts": 1783059745.007}
{"armed": false, "event": "idle_disarmed", "preset": "airplane_single", "single_auto": true, "ts": 1783059745.007}
{"armed": false, "event": "idle_disarmed", "preset": "airplane_single", "single_auto": true, "ts": 1783059746.01}
{"armed": false, "event": "idle_disarmed", "preset": "airplane_single", "single_auto": true, "ts": 1783059746.01}
{"armed": false, "event": "idle_disarmed", "preset": "airplane_single", "single_auto": true, "ts": 1783059747.013}
{"armed": false, "event": "idle_disarmed", "preset": "airplane_single", "single_auto": true, "ts": 1783059747.013}
{"armed": false, "event": "idle_disarmed", "preset": "airplane_single", "single_auto": true, "ts": 1783059748.015}
{"armed": false, "event": "idle_disarmed", "preset": "airplane_single", "single_auto": true, "ts": 1783059748.015}
{"armed": false, "event": "idle_disarmed", "preset": "airplane_single", "single_auto": true, "ts": 1783059749.018}
{"armed": false, "event": "idle_disarmed", "preset": "airplane_single", "single_auto": true, "ts": 1783059749.018}
{"armed": false, "event": "idle_disarmed", "preset": "airplane_single", "single_auto": true, "ts": 1783059750.021}
{"armed": false, "event": "idle_disarmed", "preset": "airplane_single", "single_auto": true, "ts": 1783059750.021}
{"armed": false, "event": "idle_disarmed", "preset": "airplane_single", "single_auto": true, "ts": 1783059751.024}
{"armed": false, "event": "idle_disarmed", "preset": "airplane_single", "single_auto": true, "ts": 1783059751.024}
{"armed": false, "event": "idle_disarmed", "preset": "airplane_single", "single_auto": true, "ts": 1783059752.026}
{"armed": false, "event": "idle_disarmed", "preset": "airplane_single", "single_auto": true, "ts": 1783059752.026}
{"armed": false, "event": "idle_disarmed", "preset": "airplane_single", "single_auto": true, "ts": 1783059753.029}
{"armed": false, "event": "idle_disarmed", "preset": "airplane_single", "single_auto": true, "ts": 1783059753.029}
{"armed": false, "event": "idle_disarmed", "preset": "airplane_single", "single_auto": true, "ts": 1783059754.032}
{"armed": false, "event": "idle_disarmed", "preset": "airplane_single", "single_auto": true, "ts": 1783059754.032}
{"armed": false, "event": "idle_disarmed", "preset": "airplane_single", "single_auto": true, "ts": 1783059755.034}
{"armed": false, "event": "idle_disarmed", "preset": "airplane_single", "single_auto": true, "ts": 1783059755.034}
{"armed": false, "event": "idle_disarmed", "preset": "airplane_single", "single_auto": true, "ts": 1783059756.037}
{"armed": false, "event": "idle_disarmed", "preset": "airplane_single", "single_auto": true, "ts": 1783059756.037}
{"armed": false, "event": "idle_disarmed", "preset": "airplane_single", "single_auto": true, "ts": 1783059757.039}
{"armed": false, "event": "idle_disarmed", "preset": "airplane_single", "single_auto": true, "ts": 1783059757.039}
{"armed": false, "event": "idle_disarmed", "preset": "airplane_single", "single_auto": true, "ts": 1783059758.042}
{"armed": false, "event": "idle_disarmed", "preset": "airplane_single", "single_auto": true, "ts": 1783059758.042}
{"armed": false, "event": "idle_disarmed", "preset": "airplane_single", "single_auto": true, "ts": 1783059759.045}
{"armed": false, "event": "idle_disarmed", "preset": "airplane_single", "single_auto": true, "ts": 1783059759.045}
{"armed": false, "event": "idle_disarmed", "preset": "airplane_single", "single_auto": true, "ts": 1783059760.048}
{"armed": false, "event": "idle_disarmed", "preset": "airplane_single", "single_auto": true, "ts": 1783059760.048}
{"armed": false, "event": "idle_disarmed", "preset": "airplane_single", "single_auto": true, "ts": 1783059761.05}
{"armed": false, "event": "idle_disarmed", "preset": "airplane_single", "single_auto": true, "ts": 1783059761.05}
{"armed": false, "event": "idle_disarmed", "preset": "airplane_single", "single_auto": true, "ts": 1783059762.053}
{"armed": false, "event": "idle_disarmed", "preset": "airplane_single", "single_auto": true, "ts": 1783059762.053}
{"armed": false, "event": "idle_disarmed", "preset": "airplane_single", "single_auto": true, "ts": 1783059763.056}
{"armed": false, "event": "idle_disarmed", "preset": "airplane_single", "single_auto": true, "ts": 1783059763.056}
{"armed": false, "event": "idle_disarmed", "preset": "airplane_single", "single_auto": true, "ts": 1783059764.059}
{"armed": false, "event": "idle_disarmed", "preset": "airplane_single", "single_auto": true, "ts": 1783059764.059}
{"armed": false, "event": "idle_disarmed", "preset": "airplane_single", "single_auto": true, "ts": 1783059765.062}
{"armed": false, "event": "idle_disarmed", "preset": "airplane_single", "single_auto": true, "ts": 1783059765.062}
{"armed": false, "event": "idle_disarmed", "preset": "airplane_single", "single_auto": true, "ts": 1783059766.064}
{"armed": false, "event": "idle_disarmed", "preset": "airplane_single", "single_auto": true, "ts": 1783059766.064}
{"armed": false, "event": "idle_disarmed", "preset": "airplane_single", "single_auto": true, "ts": 1783059767.067}
{"armed": false, "event": "idle_disarmed", "preset": "airplane_single", "single_auto": true, "ts": 1783059767.067}
{"armed": false, "event": "idle_disarmed", "preset": "airplane_single", "single_auto": true, "ts": 1783059768.07}
{"armed": false, "event": "idle_disarmed", "preset": "airplane_single", "single_auto": true, "ts": 1783059768.07}
{"armed": false, "event": "idle_disarmed", "preset": "airplane_single", "single_auto": true, "ts": 1783059769.072}
{"armed": false, "event": "idle_disarmed", "preset": "airplane_single", "single_auto": true, "ts": 1783059769.072}
{"armed": false, "event": "idle_disarmed", "preset": "airplane_single", "single_auto": true, "ts": 1783059770.076}
{"armed": false, "event": "idle_disarmed", "preset": "airplane_single", "single_auto": true, "ts": 1783059770.076}
{"armed": false, "event": "idle_disarmed", "preset": "airplane_single", "single_auto": true, "ts": 1783059771.078}
{"armed": false, "event": "idle_disarmed", "preset": "airplane_single", "single_auto": true, "ts": 1783059771.078}
{"armed": false, "event": "idle_disarmed", "preset": "airplane_single", "single_auto": true, "ts": 1783059772.081}
{"armed": false, "event": "idle_disarmed", "preset": "airplane_single", "single_auto": true, "ts": 1783059772.081}
{"armed": false, "event": "idle_disarmed", "preset": "airplane_single", "single_auto": true, "ts": 1783059773.084}
{"armed": false, "event": "idle_disarmed", "preset": "airplane_single", "single_auto": true, "ts": 1783059773.084}
{"armed": false, "event": "idle_disarmed", "preset": "airplane_single", "single_auto": true, "ts": 1783059774.086}
{"armed": false, "event": "idle_disarmed", "preset": "airplane_single", "single_auto": true, "ts": 1783059774.086}
{"armed": false, "event": "idle_disarmed", "preset": "airplane_single", "single_auto": true, "ts": 1783059775.089}
{"armed": false, "event": "idle_disarmed", "preset": "airplane_single", "single_auto": true, "ts": 1783059775.089}
{"armed": false, "event": "idle_disarmed", "preset": "airplane_single", "single_auto": true, "ts": 1783059776.092}
{"armed": false, "event": "idle_disarmed", "preset": "airplane_single", "single_auto": true, "ts": 1783059776.092}
{"armed": false, "event": "idle_disarmed", "preset": "airplane_single", "single_auto": true, "ts": 1783059777.094}
{"armed": false, "event": "idle_disarmed", "preset": "airplane_single", "single_auto": true, "ts": 1783059777.094}
{"armed": false, "event": "idle_disarmed", "preset": "airplane_single", "single_auto": true, "ts": 1783059778.097}
{"armed": false, "event": "idle_disarmed", "preset": "airplane_single", "single_auto": true, "ts": 1783059778.097}
{"armed": false, "event": "idle_disarmed", "preset": "airplane_single", "single_auto": true, "ts": 1783059779.1}
{"armed": false, "event": "idle_disarmed", "preset": "airplane_single", "single_auto": true, "ts": 1783059779.1}
{"armed": false, "event": "idle_disarmed", "preset": "airplane_single", "single_auto": true, "ts": 1783059780.103}
{"armed": false, "event": "idle_disarmed", "preset": "airplane_single", "single_auto": true, "ts": 1783059780.103}
{"armed": false, "event": "idle_disarmed", "preset": "airplane_single", "single_auto": true, "ts": 1783059781.105}
{"armed": false, "event": "idle_disarmed", "preset": "airplane_single", "single_auto": true, "ts": 1783059781.105}
{"armed": false, "event": "idle_disarmed", "preset": "airplane_single", "single_auto": true, "ts": 1783059782.108}
{"armed": false, "event": "idle_disarmed", "preset": "airplane_single", "single_auto": true, "ts": 1783059782.108}
{"armed": false, "event": "idle_disarmed", "preset": "airplane_single", "single_auto": true, "ts": 1783059783.111}
{"armed": false, "event": "idle_disarmed", "preset": "airplane_single", "single_auto": true, "ts": 1783059783.111}
{"armed": false, "event": "idle_disarmed", "preset": "airplane_single", "single_auto": true, "ts": 1783059784.113}
{"armed": false, "event": "idle_disarmed", "preset": "airplane_single", "single_auto": true, "ts": 1783059784.113}
{"armed": false, "event": "idle_disarmed", "preset": "airplane_single", "single_auto": true, "ts": 1783059785.116}
{"armed": false, "event": "idle_disarmed", "preset": "airplane_single", "single_auto": true, "ts": 1783059785.116}
{"armed": false, "event": "idle_disarmed", "preset": "airplane_single", "single_auto": true, "ts": 1783059786.118}
{"armed": false, "event": "idle_disarmed", "preset": "airplane_single", "single_auto": true, "ts": 1783059786.118}
{"armed": false, "event": "idle_disarmed", "preset": "airplane_single", "single_auto": true, "ts": 1783059787.121}
{"armed": false, "event": "idle_disarmed", "preset": "airplane_single", "single_auto": true, "ts": 1783059787.121}
{"armed": false, "event": "idle_disarmed", "preset": "airplane_single", "single_auto": true, "ts": 1783059788.123}
{"armed": false, "event": "idle_disarmed", "preset": "airplane_single", "single_auto": true, "ts": 1783059788.123}
{"armed": false, "event": "idle_disarmed", "preset": "airplane_single", "single_auto": true, "ts": 1783059789.126}
{"armed": false, "event": "idle_disarmed", "preset": "airplane_single", "single_auto": true, "ts": 1783059789.126}
{"armed": false, "event": "idle_disarmed", "preset": "airplane_single", "single_auto": true, "ts": 1783059790.128}
{"armed": false, "event": "idle_disarmed", "preset": "airplane_single", "single_auto": true, "ts": 1783059790.128}
{"armed": false, "event": "idle_disarmed", "preset": "airplane_single", "single_auto": true, "ts": 1783059791.131}
{"armed": false, "event": "idle_disarmed", "preset": "airplane_single", "single_auto": true, "ts": 1783059791.131}
{"armed": false, "event": "idle_disarmed", "preset": "airplane_single", "single_auto": true, "ts": 1783059792.134}
{"armed": false, "event": "idle_disarmed", "preset": "airplane_single", "single_auto": true, "ts": 1783059792.134}
{"armed": false, "event": "idle_disarmed", "preset": "airplane_single", "single_auto": true, "ts": 1783059793.137}
{"armed": false, "event": "idle_disarmed", "preset": "airplane_single", "single_auto": true, "ts": 1783059793.137}
{"armed": false, "event": "idle_disarmed", "preset": "airplane_single", "single_auto": true, "ts": 1783059794.14}
{"armed": false, "event": "idle_disarmed", "preset": "airplane_single", "single_auto": true, "ts": 1783059794.14}
{"armed": false, "event": "idle_disarmed", "preset": "airplane_single", "single_auto": true, "ts": 1783059795.142}
{"armed": false, "event": "idle_disarmed", "preset": "airplane_single", "single_auto": true, "ts": 1783059795.142}
{"armed": false, "event": "idle_disarmed", "preset": "airplane_single", "single_auto": true, "ts": 1783059796.145}
{"armed": false, "event": "idle_disarmed", "preset": "airplane_single", "single_auto": true, "ts": 1783059796.145}
{"armed": false, "event": "idle_disarmed", "preset": "airplane_single", "single_auto": true, "ts": 1783059797.147}
{"armed": false, "event": "idle_disarmed", "preset": "airplane_single", "single_auto": true, "ts": 1783059797.147}
{"armed": false, "event": "idle_disarmed", "preset": "airplane_single", "single_auto": true, "ts": 1783059798.148}
{"armed": false, "event": "idle_disarmed", "preset": "airplane_single", "single_auto": true, "ts": 1783059798.148}
{"armed": false, "event": "idle_disarmed", "preset": "airplane_single", "single_auto": true, "ts": 1783059799.15}
{"armed": false, "event": "idle_disarmed", "preset": "airplane_single", "single_auto": true, "ts": 1783059799.15}
{"armed": false, "event": "idle_disarmed", "preset": "airplane_single", "single_auto": true, "ts": 1783059800.152}
{"armed": false, "event": "idle_disarmed", "preset": "airplane_single", "single_auto": true, "ts": 1783059800.152}
{"armed": false, "event": "idle_disarmed", "preset": "airplane_single", "single_auto": true, "ts": 1783059801.153}
{"armed": false, "event": "idle_disarmed", "preset": "airplane_single", "single_auto": true, "ts": 1783059801.153}
{"armed": false, "event": "idle_disarmed", "preset": "airplane_single", "single_auto": true, "ts": 1783059802.154}
{"armed": false, "event": "idle_disarmed", "preset": "airplane_single", "single_auto": true, "ts": 1783059802.154}
{"armed": false, "event": "idle_disarmed", "preset": "airplane_single", "single_auto": true, "ts": 1783059803.155}
{"armed": false, "event": "idle_disarmed", "preset": "airplane_single", "single_auto": true, "ts": 1783059803.155}
{"armed": false, "event": "idle_disarmed", "preset": "airplane_single", "single_auto": true, "ts": 1783059804.157}
{"armed": false, "event": "idle_disarmed", "preset": "airplane_single", "single_auto": true, "ts": 1783059804.157}
{"armed": false, "event": "idle_disarmed", "preset": "airplane_single", "single_auto": true, "ts": 1783059805.158}
{"armed": false, "event": "idle_disarmed", "preset": "airplane_single", "single_auto": true, "ts": 1783059805.158}
{"armed": false, "event": "idle_disarmed", "preset": "airplane_single", "single_auto": true, "ts": 1783059806.159}
{"armed": false, "event": "idle_disarmed", "preset": "airplane_single", "single_auto": true, "ts": 1783059806.159}
{"armed": false, "event": "idle_disarmed", "preset": "airplane_single", "single_auto": true, "ts": 1783059807.16}
{"armed": false, "event": "idle_disarmed", "preset": "airplane_single", "single_auto": true, "ts": 1783059807.16}
{"armed": false, "event": "idle_disarmed", "preset": "airplane_single", "single_auto": true, "ts": 1783059808.161}
{"armed": false, "event": "idle_disarmed", "preset": "airplane_single", "single_auto": true, "ts": 1783059808.161}
{"armed": false, "event": "idle_disarmed", "preset": "airplane_single", "single_auto": true, "ts": 1783059809.162}
{"armed": false, "event": "idle_disarmed", "preset": "airplane_single", "single_auto": true, "ts": 1783059809.162}
{"armed": false, "event": "idle_disarmed", "preset": "airplane_single", "single_auto": true, "ts": 1783059810.163}
{"armed": false, "event": "idle_disarmed", "preset": "airplane_single", "single_auto": true, "ts": 1783059810.163}
{"armed": false, "event": "idle_disarmed", "preset": "airplane_single", "single_auto": true, "ts": 1783059811.164}
{"armed": false, "event": "idle_disarmed", "preset": "airplane_single", "single_auto": true, "ts": 1783059811.164}
{"armed": false, "event": "idle_disarmed", "preset": "airplane_single", "single_auto": true, "ts": 1783059812.166}
{"armed": false, "event": "idle_disarmed", "preset": "airplane_single", "single_auto": true, "ts": 1783059812.166}
{"armed": false, "event": "idle_disarmed", "preset": "airplane_single", "single_auto": true, "ts": 1783059813.169}
{"armed": false, "event": "idle_disarmed", "preset": "airplane_single", "single_auto": true, "ts": 1783059813.169}
{"armed": false, "event": "idle_disarmed", "preset": "airplane_single", "single_auto": true, "ts": 1783059814.171}
{"armed": false, "event": "idle_disarmed", "preset": "airplane_single", "single_auto": true, "ts": 1783059814.171}
{"armed": false, "event": "idle_disarmed", "preset": "airplane_single", "single_auto": true, "ts": 1783059815.174}
{"armed": false, "event": "idle_disarmed", "preset": "airplane_single", "single_auto": true, "ts": 1783059815.174}
{"armed": false, "event": "idle_disarmed", "preset": "airplane_single", "single_auto": true, "ts": 1783059816.177}
{"armed": false, "event": "idle_disarmed", "preset": "airplane_single", "single_auto": true, "ts": 1783059816.177}
{"armed": false, "event": "idle_disarmed", "preset": "airplane_single", "single_auto": true, "ts": 1783059817.179}
{"armed": false, "event": "idle_disarmed", "preset": "airplane_single", "single_auto": true, "ts": 1783059817.179}
{"armed": false, "event": "idle_disarmed", "preset": "airplane_single", "single_auto": true, "ts": 1783059818.182}
{"armed": false, "event": "idle_disarmed", "preset": "airplane_single", "single_auto": true, "ts": 1783059818.182}
{"armed": false, "event": "idle_disarmed", "preset": "airplane_single", "single_auto": true, "ts": 1783059819.184}
{"armed": false, "event": "idle_disarmed", "preset": "airplane_single", "single_auto": true, "ts": 1783059819.184}
{"armed": false, "event": "idle_disarmed", "preset": "airplane_single", "single_auto": true, "ts": 1783059820.187}
{"armed": false, "event": "idle_disarmed", "preset": "airplane_single", "single_auto": true, "ts": 1783059820.187}
{"armed": false, "event": "idle_disarmed", "preset": "airplane_single", "single_auto": true, "ts": 1783059821.189}
{"armed": false, "event": "idle_disarmed", "preset": "airplane_single", "single_auto": true, "ts": 1783059821.189}
{"armed": false, "event": "idle_disarmed", "preset": "airplane_single", "single_auto": true, "ts": 1783059822.191}
{"armed": false, "event": "idle_disarmed", "preset": "airplane_single", "single_auto": true, "ts": 1783059822.191}
{"armed": false, "event": "idle_disarmed", "preset": "airplane_single", "single_auto": true, "ts": 1783059823.194}
{"armed": false, "event": "idle_disarmed", "preset": "airplane_single", "single_auto": true, "ts": 1783059823.194}
{"armed": false, "event": "idle_disarmed", "preset": "airplane_single", "single_auto": true, "ts": 1783059824.196}
{"armed": false, "event": "idle_disarmed", "preset": "airplane_single", "single_auto": true, "ts": 1783059824.196}
{"armed": false, "event": "idle_disarmed", "preset": "airplane_single", "single_auto": true, "ts": 1783059825.198}
{"armed": false, "event": "idle_disarmed", "preset": "airplane_single", "single_auto": true, "ts": 1783059825.198}
{"armed": false, "event": "idle_disarmed", "preset": "airplane_single", "single_auto": true, "ts": 1783059826.201}
{"armed": false, "event": "idle_disarmed", "preset": "airplane_single", "single_auto": true, "ts": 1783059826.201}
{"armed": false, "event": "idle_disarmed", "preset": "airplane_single", "single_auto": true, "ts": 1783059827.203}
{"armed": false, "event": "idle_disarmed", "preset": "airplane_single", "single_auto": true, "ts": 1783059827.203}
{"armed": false, "event": "idle_disarmed", "preset": "airplane_single", "single_auto": true, "ts": 1783059828.206}
{"armed": false, "event": "idle_disarmed", "preset": "airplane_single", "single_auto": true, "ts": 1783059828.206}
{"armed": false, "event": "idle_disarmed", "preset": "airplane_single", "single_auto": true, "ts": 1783059829.208}
{"armed": false, "event": "idle_disarmed", "preset": "airplane_single", "single_auto": true, "ts": 1783059829.208}
{"armed": false, "event": "idle_disarmed", "preset": "airplane_single", "single_auto": true, "ts": 1783059830.211}
{"armed": false, "event": "idle_disarmed", "preset": "airplane_single", "single_auto": true, "ts": 1783059830.211}
{"armed": false, "event": "idle_disarmed", "preset": "airplane_single", "single_auto": true, "ts": 1783059831.213}
{"armed": false, "event": "idle_disarmed", "preset": "airplane_single", "single_auto": true, "ts": 1783059831.213}
{"armed": false, "event": "idle_disarmed", "preset": "airplane_single", "single_auto": true, "ts": 1783059832.215}
{"armed": false, "event": "idle_disarmed", "preset": "airplane_single", "single_auto": true, "ts": 1783059832.215}
{"armed": false, "event": "idle_disarmed", "preset": "airplane_single", "single_auto": true, "ts": 1783059833.216}
{"armed": false, "event": "idle_disarmed", "preset": "airplane_single", "single_auto": true, "ts": 1783059833.216}
{"armed": false, "event": "idle_disarmed", "preset": "airplane_single", "single_auto": true, "ts": 1783059834.217}
{"armed": false, "event": "idle_disarmed", "preset": "airplane_single", "single_auto": true, "ts": 1783059834.217}
{"armed": false, "event": "idle_disarmed", "preset": "airplane_single", "single_auto": true, "ts": 1783059835.218}
{"armed": false, "event": "idle_disarmed", "preset": "airplane_single", "single_auto": true, "ts": 1783059835.218}
{"armed": false, "event": "idle_disarmed", "preset": "airplane_single", "single_auto": true, "ts": 1783059836.219}
{"armed": false, "event": "idle_disarmed", "preset": "airplane_single", "single_auto": true, "ts": 1783059836.219}
{"armed": false, "event": "idle_disarmed", "preset": "airplane_single", "single_auto": true, "ts": 1783059837.22}
{"armed": false, "event": "idle_disarmed", "preset": "airplane_single", "single_auto": true, "ts": 1783059837.22}
{"armed": false, "event": "idle_disarmed", "preset": "airplane_single", "single_auto": true, "ts": 1783059838.221}
{"armed": false, "event": "idle_disarmed", "preset": "airplane_single", "single_auto": true, "ts": 1783059838.221}
{"armed": false, "event": "idle_disarmed", "preset": "airplane_single", "single_auto": true, "ts": 1783059839.223}
{"armed": false, "event": "idle_disarmed", "preset": "airplane_single", "single_auto": true, "ts": 1783059839.223}
{"armed": false, "event": "idle_disarmed", "preset": "airplane_single", "single_auto": true, "ts": 1783059840.224}
{"armed": false, "event": "idle_disarmed", "preset": "airplane_single", "single_auto": true, "ts": 1783059840.224}
{"armed": false, "event": "idle_disarmed", "preset": "airplane_single", "single_auto": true, "ts": 1783059841.225}
{"armed": false, "event": "idle_disarmed", "preset": "airplane_single", "single_auto": true, "ts": 1783059841.225}
{"armed": false, "event": "idle_disarmed", "preset": "airplane_single", "single_auto": true, "ts": 1783059842.226}
{"armed": false, "event": "idle_disarmed", "preset": "airplane_single", "single_auto": true, "ts": 1783059842.226}
{"armed": false, "event": "idle_disarmed", "preset": "airplane_single", "single_auto": true, "ts": 1783059843.227}
{"armed": false, "event": "idle_disarmed", "preset": "airplane_single", "single_auto": true, "ts": 1783059843.227}
{"armed": false, "event": "idle_disarmed", "preset": "airplane_single", "single_auto": true, "ts": 1783059844.228}
{"armed": false, "event": "idle_disarmed", "preset": "airplane_single", "single_auto": true, "ts": 1783059844.228}
{"armed": false, "event": "idle_disarmed", "preset": "airplane_single", "single_auto": true, "ts": 1783059845.229}
{"armed": false, "event": "idle_disarmed", "preset": "airplane_single", "single_auto": true, "ts": 1783059845.229}
{"armed": false, "event": "idle_disarmed", "preset": "airplane_single", "single_auto": true, "ts": 1783059846.23}
{"armed": false, "event": "idle_disarmed", "preset": "airplane_single", "single_auto": true, "ts": 1783059846.23}
{"armed": false, "event": "idle_disarmed", "preset": "airplane_single", "single_auto": true, "ts": 1783059847.231}
{"armed": false, "event": "idle_disarmed", "preset": "airplane_single", "single_auto": true, "ts": 1783059847.231}
{"armed": false, "event": "idle_disarmed", "preset": "airplane_single", "single_auto": true, "ts": 1783059848.232}
{"armed": false, "event": "idle_disarmed", "preset": "airplane_single", "single_auto": true, "ts": 1783059848.232}
{"armed": false, "event": "idle_disarmed", "preset": "airplane_single", "single_auto": true, "ts": 1783059849.233}
{"armed": false, "event": "idle_disarmed", "preset": "airplane_single", "single_auto": true, "ts": 1783059849.233}
{"armed": false, "event": "idle_disarmed", "preset": "airplane_single", "single_auto": true, "ts": 1783059850.234}
{"armed": false, "event": "idle_disarmed", "preset": "airplane_single", "single_auto": true, "ts": 1783059850.234}
{"armed": false, "event": "idle_disarmed", "preset": "airplane_single", "single_auto": true, "ts": 1783059851.235}
{"armed": false, "event": "idle_disarmed", "preset": "airplane_single", "single_auto": true, "ts": 1783059851.235}
{"armed": false, "event": "idle_disarmed", "preset": "airplane_single", "single_auto": true, "ts": 1783059852.236}
{"armed": false, "event": "idle_disarmed", "preset": "airplane_single", "single_auto": true, "ts": 1783059852.236}
{"armed": false, "event": "idle_disarmed", "preset": "airplane_single", "single_auto": true, "ts": 1783059853.238}
{"armed": false, "event": "idle_disarmed", "preset": "airplane_single", "single_auto": true, "ts": 1783059853.238}
{"armed": false, "event": "idle_disarmed", "preset": "airplane_single", "single_auto": true, "ts": 1783059854.241}
{"armed": false, "event": "idle_disarmed", "preset": "airplane_single", "single_auto": true, "ts": 1783059854.241}
{"armed": false, "event": "idle_disarmed", "preset": "airplane_single", "single_auto": true, "ts": 1783059855.245}
{"armed": false, "event": "idle_disarmed", "preset": "airplane_single", "single_auto": true, "ts": 1783059855.245}
{"armed": false, "event": "idle_disarmed", "preset": "car_single", "single_auto": true, "ts": 1783059856.246}
{"armed": false, "event": "idle_disarmed", "preset": "car_single", "single_auto": true, "ts": 1783059856.246}
{"armed": false, "event": "idle_disarmed", "preset": "car_single", "single_auto": true, "ts": 1783059857.247}
{"armed": false, "event": "idle_disarmed", "preset": "car_single", "single_auto": true, "ts": 1783059857.247}
{"armed": false, "event": "idle_disarmed", "preset": "car_single", "single_auto": true, "ts": 1783059858.248}
{"armed": false, "event": "idle_disarmed", "preset": "car_single", "single_auto": true, "ts": 1783059858.248}
{"cmd": ["/usr/bin/python3", "/root/rknpu2/examples/rknn_yolov8_demo_opencv_2_work_2/new_yolo8/apply_ptz_object_preset.py", "--preset", "car_single", "--arm", "force", "--strategy", "preset", "--watch"], "event": "child_start", "pid": 342703, "preset": "car_single", "search_preset": "lost_step_wait", "ts": 1783059859.25}
{"cmd": ["/usr/bin/python3", "/root/rknpu2/examples/rknn_yolov8_demo_opencv_2_work_2/new_yolo8/apply_ptz_object_preset.py", "--preset", "car_single", "--arm", "force", "--strategy", "preset", "--watch"], "event": "child_start", "pid": 342703, "preset": "car_single", "search_preset": "lost_step_wait", "ts": 1783059859.25}
{"event": "armed_running", "pid": 342703, "preset": "car_single", "search_preset": "lost_step_wait", "ts": 1783059860.252}
{"event": "armed_running", "pid": 342703, "preset": "car_single", "search_preset": "lost_step_wait", "ts": 1783059860.252}
{"event": "child_stop", "pid": 342703, "preset": "car_single::lost_step_wait", "reason": "ptzArmed_false", "ts": 1783059872.27}
{"event": "child_stop", "pid": 342703, "preset": "car_single::lost_step_wait", "reason": "ptzArmed_false", "ts": 1783059872.27}
{"archived": "/root/rknpu2/examples/rknn_yolov8_demo_opencv_2_work_2/new_yolo8/logs/session_20260703_062432_ptzArmed_false", "event": "logs_archived", "reason": "ptzArmed_false", "ts": 1783059873.118}
{"archived": "/root/rknpu2/examples/rknn_yolov8_demo_opencv_2_work_2/new_yolo8/logs/session_20260703_062432_ptzArmed_false", "event": "logs_archived", "reason": "ptzArmed_false", "ts": 1783059873.118}
{"armed": false, "event": "idle_disarmed", "preset": "car_single", "single_auto": true, "ts": 1783059873.118}
{"armed": false, "event": "idle_disarmed", "preset": "car_single", "single_auto": true, "ts": 1783059873.118}
{"armed": false, "event": "idle_disarmed", "preset": "car_single", "single_auto": true, "ts": 1783059874.119}
{"armed": false, "event": "idle_disarmed", "preset": "car_single", "single_auto": true, "ts": 1783059874.119}
{"armed": false, "event": "idle_disarmed", "preset": "car_single", "single_auto": true, "ts": 1783059875.12}
{"armed": false, "event": "idle_disarmed", "preset": "car_single", "single_auto": true, "ts": 1783059875.12}
{"armed": false, "event": "idle_disarmed", "preset": "airplane_single", "single_auto": true, "ts": 1783059876.121}
{"armed": false, "event": "idle_disarmed", "preset": "airplane_single", "single_auto": true, "ts": 1783059876.121}
{"armed": false, "event": "idle_disarmed", "preset": "airplane_single", "single_auto": true, "ts": 1783059877.122}
{"armed": false, "event": "idle_disarmed", "preset": "airplane_single", "single_auto": true, "ts": 1783059877.122}
{"armed": false, "event": "idle_disarmed", "preset": "airplane_single", "single_auto": true, "ts": 1783059878.123}
{"armed": false, "event": "idle_disarmed", "preset": "airplane_single", "single_auto": true, "ts": 1783059878.123}
{"armed": false, "event": "idle_disarmed", "preset": "airplane_single", "single_auto": true, "ts": 1783059879.124}
{"armed": false, "event": "idle_disarmed", "preset": "airplane_single", "single_auto": true, "ts": 1783059879.124}
{"armed": false, "event": "idle_disarmed", "preset": "airplane_single", "single_auto": true, "ts": 1783059880.125}
{"armed": false, "event": "idle_disarmed", "preset": "airplane_single", "single_auto": true, "ts": 1783059880.125}
{"armed": false, "event": "idle_disarmed", "preset": "airplane_single", "single_auto": true, "ts": 1783059881.127}
{"armed": false, "event": "idle_disarmed", "preset": "airplane_single", "single_auto": true, "ts": 1783059881.127}
{"armed": false, "event": "idle_disarmed", "preset": "airplane_single", "single_auto": true, "ts": 1783059882.128}
{"armed": false, "event": "idle_disarmed", "preset": "airplane_single", "single_auto": true, "ts": 1783059882.128}
{"armed": false, "event": "idle_disarmed", "preset": "airplane_single", "single_auto": true, "ts": 1783059883.129}
{"armed": false, "event": "idle_disarmed", "preset": "airplane_single", "single_auto": true, "ts": 1783059883.129}
{"armed": false, "event": "idle_disarmed", "preset": "airplane_single", "single_auto": true, "ts": 1783059884.13}
{"armed": false, "event": "idle_disarmed", "preset": "airplane_single", "single_auto": true, "ts": 1783059884.13}
{"armed": false, "event": "idle_disarmed", "preset": "airplane_single", "single_auto": true, "ts": 1783059885.131}
{"armed": false, "event": "idle_disarmed", "preset": "airplane_single", "single_auto": true, "ts": 1783059885.131}
{"armed": false, "event": "idle_disarmed", "preset": "airplane_single", "single_auto": true, "ts": 1783059886.133}
{"armed": false, "event": "idle_disarmed", "preset": "airplane_single", "single_auto": true, "ts": 1783059886.133}
{"armed": false, "event": "idle_disarmed", "preset": "airplane_single", "single_auto": true, "ts": 1783059887.134}
{"armed": false, "event": "idle_disarmed", "preset": "airplane_single", "single_auto": true, "ts": 1783059887.134}
{"armed": false, "event": "idle_disarmed", "preset": "airplane_single", "single_auto": true, "ts": 1783059888.135}
{"armed": false, "event": "idle_disarmed", "preset": "airplane_single", "single_auto": true, "ts": 1783059888.135}
{"armed": false, "event": "idle_disarmed", "preset": "airplane_single", "single_auto": true, "ts": 1783059889.136}
{"armed": false, "event": "idle_disarmed", "preset": "airplane_single", "single_auto": true, "ts": 1783059889.136}
{"armed": false, "event": "idle_disarmed", "preset": "airplane_single", "single_auto": true, "ts": 1783059890.137}
{"armed": false, "event": "idle_disarmed", "preset": "airplane_single", "single_auto": true, "ts": 1783059890.137}
{"armed": false, "event": "idle_disarmed", "preset": "airplane_single", "single_auto": true, "ts": 1783059891.138}
{"armed": false, "event": "idle_disarmed", "preset": "airplane_single", "single_auto": true, "ts": 1783059891.138}
{"armed": false, "event": "idle_disarmed", "preset": "airplane_single", "single_auto": true, "ts": 1783059892.139}
{"armed": false, "event": "idle_disarmed", "preset": "airplane_single", "single_auto": true, "ts": 1783059892.139}
{"armed": false, "event": "idle_disarmed", "preset": "airplane_single", "single_auto": true, "ts": 1783059893.141}
{"armed": false, "event": "idle_disarmed", "preset": "airplane_single", "single_auto": true, "ts": 1783059893.141}
{"armed": false, "event": "idle_disarmed", "preset": "airplane_single", "single_auto": true, "ts": 1783059894.142}
{"armed": false, "event": "idle_disarmed", "preset": "airplane_single", "single_auto": true, "ts": 1783059894.142}
{"armed": false, "event": "idle_disarmed", "preset": "airplane_single", "single_auto": true, "ts": 1783059895.143}
{"armed": false, "event": "idle_disarmed", "preset": "airplane_single", "single_auto": true, "ts": 1783059895.143}
{"armed": false, "event": "idle_disarmed", "preset": "airplane_single", "single_auto": true, "ts": 1783059896.144}
{"armed": false, "event": "idle_disarmed", "preset": "airplane_single", "single_auto": true, "ts": 1783059896.144}
{"armed": false, "event": "idle_disarmed", "preset": "airplane_single", "single_auto": true, "ts": 1783059897.147}
{"armed": false, "event": "idle_disarmed", "preset": "airplane_single", "single_auto": true, "ts": 1783059897.147}
{"armed": false, "event": "idle_disarmed", "preset": "airplane_single", "single_auto": true, "ts": 1783059898.15}
{"armed": false, "event": "idle_disarmed", "preset": "airplane_single", "single_auto": true, "ts": 1783059898.15}
{"armed": false, "event": "idle_disarmed", "preset": "airplane_single", "single_auto": true, "ts": 1783059899.154}
{"armed": false, "event": "idle_disarmed", "preset": "airplane_single", "single_auto": true, "ts": 1783059899.154}
{"armed": false, "event": "idle_disarmed", "preset": "airplane_single", "single_auto": true, "ts": 1783059900.155}
{"armed": false, "event": "idle_disarmed", "preset": "airplane_single", "single_auto": true, "ts": 1783059900.155}
{"armed": false, "event": "idle_disarmed", "preset": "airplane_single", "single_auto": true, "ts": 1783059901.157}
{"armed": false, "event": "idle_disarmed", "preset": "airplane_single", "single_auto": true, "ts": 1783059901.157}
{"armed": false, "event": "idle_disarmed", "preset": "airplane_single", "single_auto": true, "ts": 1783059902.158}
{"armed": false, "event": "idle_disarmed", "preset": "airplane_single", "single_auto": true, "ts": 1783059902.158}
{"armed": false, "event": "idle_disarmed", "preset": "airplane_single", "single_auto": true, "ts": 1783059903.159}
{"armed": false, "event": "idle_disarmed", "preset": "airplane_single", "single_auto": true, "ts": 1783059903.159}
{"armed": false, "event": "idle_disarmed", "preset": "airplane_single", "single_auto": true, "ts": 1783059904.16}
{"armed": false, "event": "idle_disarmed", "preset": "airplane_single", "single_auto": true, "ts": 1783059904.16}
{"armed": false, "event": "idle_disarmed", "preset": "airplane_single", "single_auto": true, "ts": 1783059905.161}
{"armed": false, "event": "idle_disarmed", "preset": "airplane_single", "single_auto": true, "ts": 1783059905.161}
{"armed": false, "event": "idle_disarmed", "preset": "airplane_single", "single_auto": true, "ts": 1783059906.163}
{"armed": false, "event": "idle_disarmed", "preset": "airplane_single", "single_auto": true, "ts": 1783059906.163}
{"armed": false, "event": "idle_disarmed", "preset": "airplane_single", "single_auto": true, "ts": 1783059907.165}
{"armed": false, "event": "idle_disarmed", "preset": "airplane_single", "single_auto": true, "ts": 1783059907.165}
{"armed": false, "event": "idle_disarmed", "preset": "airplane_single", "single_auto": true, "ts": 1783059908.167}
{"armed": false, "event": "idle_disarmed", "preset": "airplane_single", "single_auto": true, "ts": 1783059908.167}
{"armed": false, "event": "idle_disarmed", "preset": "airplane_single", "single_auto": true, "ts": 1783059909.168}
{"armed": false, "event": "idle_disarmed", "preset": "airplane_single", "single_auto": true, "ts": 1783059909.168}
{"armed": false, "event": "idle_disarmed", "preset": "airplane_single", "single_auto": true, "ts": 1783059910.169}
{"armed": false, "event": "idle_disarmed", "preset": "airplane_single", "single_auto": true, "ts": 1783059910.169}
{"armed": false, "event": "idle_disarmed", "preset": "airplane_single", "single_auto": true, "ts": 1783059911.171}
{"armed": false, "event": "idle_disarmed", "preset": "airplane_single", "single_auto": true, "ts": 1783059911.171}
{"armed": false, "event": "idle_disarmed", "preset": "airplane_single", "single_auto": true, "ts": 1783059912.173}
{"armed": false, "event": "idle_disarmed", "preset": "airplane_single", "single_auto": true, "ts": 1783059912.173}
{"armed": false, "event": "idle_disarmed", "preset": "airplane_single", "single_auto": true, "ts": 1783059913.175}
{"armed": false, "event": "idle_disarmed", "preset": "airplane_single", "single_auto": true, "ts": 1783059913.175}
{"armed": false, "event": "idle_disarmed", "preset": "airplane_single", "single_auto": true, "ts": 1783059914.176}
{"armed": false, "event": "idle_disarmed", "preset": "airplane_single", "single_auto": true, "ts": 1783059914.176}
{"armed": false, "event": "idle_disarmed", "preset": "airplane_single", "single_auto": true, "ts": 1783059915.179}
{"armed": false, "event": "idle_disarmed", "preset": "airplane_single", "single_auto": true, "ts": 1783059915.179}
{"armed": false, "event": "idle_disarmed", "preset": "airplane_single", "single_auto": true, "ts": 1783059916.181}
{"armed": false, "event": "idle_disarmed", "preset": "airplane_single", "single_auto": true, "ts": 1783059916.181}
{"armed": false, "event": "idle_disarmed", "preset": "airplane_single", "single_auto": true, "ts": 1783059917.182}
{"armed": false, "event": "idle_disarmed", "preset": "airplane_single", "single_auto": true, "ts": 1783059917.182}
{"armed": false, "event": "idle_disarmed", "preset": "airplane_single", "single_auto": true, "ts": 1783059918.184}
{"armed": false, "event": "idle_disarmed", "preset": "airplane_single", "single_auto": true, "ts": 1783059918.184}
{"armed": false, "event": "idle_disarmed", "preset": "airplane_single", "single_auto": true, "ts": 1783059919.186}
{"armed": false, "event": "idle_disarmed", "preset": "airplane_single", "single_auto": true, "ts": 1783059919.186}
{"armed": false, "event": "idle_disarmed", "preset": "airplane_single", "single_auto": true, "ts": 1783059920.187}
{"armed": false, "event": "idle_disarmed", "preset": "airplane_single", "single_auto": true, "ts": 1783059920.187}
{"armed": false, "event": "idle_disarmed", "preset": "airplane_single", "single_auto": true, "ts": 1783059921.188}
{"armed": false, "event": "idle_disarmed", "preset": "airplane_single", "single_auto": true, "ts": 1783059921.188}
{"armed": false, "event": "idle_disarmed", "preset": "airplane_single", "single_auto": true, "ts": 1783059922.189}
{"armed": false, "event": "idle_disarmed", "preset": "airplane_single", "single_auto": true, "ts": 1783059922.189}
{"armed": false, "event": "idle_disarmed", "preset": "airplane_single", "single_auto": true, "ts": 1783059923.19}
{"armed": false, "event": "idle_disarmed", "preset": "airplane_single", "single_auto": true, "ts": 1783059923.19}
{"armed": false, "event": "idle_disarmed", "preset": "airplane_single", "single_auto": true, "ts": 1783059924.191}
{"armed": false, "event": "idle_disarmed", "preset": "airplane_single", "single_auto": true, "ts": 1783059924.191}
{"armed": false, "event": "idle_disarmed", "preset": "airplane_single", "single_auto": true, "ts": 1783059925.192}
{"armed": false, "event": "idle_disarmed", "preset": "airplane_single", "single_auto": true, "ts": 1783059925.192}
{"armed": false, "event": "idle_disarmed", "preset": "airplane_single", "single_auto": true, "ts": 1783059926.194}
{"armed": false, "event": "idle_disarmed", "preset": "airplane_single", "single_auto": true, "ts": 1783059926.194}
{"armed": false, "event": "idle_disarmed", "preset": "airplane_single", "single_auto": true, "ts": 1783059927.195}
{"armed": false, "event": "idle_disarmed", "preset": "airplane_single", "single_auto": true, "ts": 1783059927.195}
{"armed": false, "event": "idle_disarmed", "preset": "airplane_single", "single_auto": true, "ts": 1783059928.196}
{"armed": false, "event": "idle_disarmed", "preset": "airplane_single", "single_auto": true, "ts": 1783059928.196}
{"armed": false, "event": "idle_disarmed", "preset": "airplane_single", "single_auto": true, "ts": 1783059929.197}
{"armed": false, "event": "idle_disarmed", "preset": "airplane_single", "single_auto": true, "ts": 1783059929.197}
{"armed": false, "event": "idle_disarmed", "preset": "airplane_single", "single_auto": true, "ts": 1783059930.198}
{"armed": false, "event": "idle_disarmed", "preset": "airplane_single", "single_auto": true, "ts": 1783059930.198}
{"armed": false, "event": "idle_disarmed", "preset": "airplane_single", "single_auto": true, "ts": 1783059931.2}
{"armed": false, "event": "idle_disarmed", "preset": "airplane_single", "single_auto": true, "ts": 1783059931.2}
{"armed": false, "event": "idle_disarmed", "preset": "airplane_single", "single_auto": true, "ts": 1783059932.201}
{"armed": false, "event": "idle_disarmed", "preset": "airplane_single", "single_auto": true, "ts": 1783059932.201}
{"armed": false, "event": "idle_disarmed", "preset": "airplane_single", "single_auto": true, "ts": 1783059933.202}
{"armed": false, "event": "idle_disarmed", "preset": "airplane_single", "single_auto": true, "ts": 1783059933.202}
{"armed": false, "event": "idle_disarmed", "preset": "airplane_single", "single_auto": true, "ts": 1783059934.204}
{"armed": false, "event": "idle_disarmed", "preset": "airplane_single", "single_auto": true, "ts": 1783059934.204}
{"armed": false, "event": "idle_disarmed", "preset": "airplane_single", "single_auto": true, "ts": 1783059935.205}
{"armed": false, "event": "idle_disarmed", "preset": "airplane_single", "single_auto": true, "ts": 1783059935.205}
{"armed": false, "event": "idle_disarmed", "preset": "airplane_single", "single_auto": true, "ts": 1783059936.206}
{"armed": false, "event": "idle_disarmed", "preset": "airplane_single", "single_auto": true, "ts": 1783059936.206}
{"armed": false, "event": "idle_disarmed", "preset": "airplane_single", "single_auto": true, "ts": 1783059937.207}
{"armed": false, "event": "idle_disarmed", "preset": "airplane_single", "single_auto": true, "ts": 1783059937.207}
{"armed": false, "event": "idle_disarmed", "preset": "airplane_single", "single_auto": true, "ts": 1783059938.208}
{"armed": false, "event": "idle_disarmed", "preset": "airplane_single", "single_auto": true, "ts": 1783059938.208}
{"armed": false, "event": "idle_disarmed", "preset": "airplane_single", "single_auto": true, "ts": 1783059939.209}
{"armed": false, "event": "idle_disarmed", "preset": "airplane_single", "single_auto": true, "ts": 1783059939.209}
{"armed": false, "event": "idle_disarmed", "preset": "airplane_single", "single_auto": true, "ts": 1783059940.21}
{"armed": false, "event": "idle_disarmed", "preset": "airplane_single", "single_auto": true, "ts": 1783059940.21}
{"armed": false, "event": "idle_disarmed", "preset": "airplane_single", "single_auto": true, "ts": 1783059941.211}
{"armed": false, "event": "idle_disarmed", "preset": "airplane_single", "single_auto": true, "ts": 1783059941.211}
{"armed": false, "event": "idle_disarmed", "preset": "airplane_single", "single_auto": true, "ts": 1783059942.212}
{"armed": false, "event": "idle_disarmed", "preset": "airplane_single", "single_auto": true, "ts": 1783059942.212}
{"armed": false, "event": "idle_disarmed", "preset": "airplane_single", "single_auto": true, "ts": 1783059943.214}
{"armed": false, "event": "idle_disarmed", "preset": "airplane_single", "single_auto": true, "ts": 1783059943.214}
{"armed": false, "event": "idle_disarmed", "preset": "airplane_single", "single_auto": true, "ts": 1783059944.215}
{"armed": false, "event": "idle_disarmed", "preset": "airplane_single", "single_auto": true, "ts": 1783059944.215}
{"armed": false, "event": "idle_disarmed", "preset": "airplane_single", "single_auto": true, "ts": 1783059945.216}
{"armed": false, "event": "idle_disarmed", "preset": "airplane_single", "single_auto": true, "ts": 1783059945.216}
{"armed": false, "event": "idle_disarmed", "preset": "airplane_single", "single_auto": true, "ts": 1783059946.217}
{"armed": false, "event": "idle_disarmed", "preset": "airplane_single", "single_auto": true, "ts": 1783059946.217}
{"armed": false, "event": "idle_disarmed", "preset": "airplane_single", "single_auto": true, "ts": 1783059947.218}
{"armed": false, "event": "idle_disarmed", "preset": "airplane_single", "single_auto": true, "ts": 1783059947.218}
{"armed": false, "event": "idle_disarmed", "preset": "airplane_single", "single_auto": true, "ts": 1783059948.219}
{"armed": false, "event": "idle_disarmed", "preset": "airplane_single", "single_auto": true, "ts": 1783059948.219}
{"armed": false, "event": "idle_disarmed", "preset": "airplane_single", "single_auto": true, "ts": 1783059949.22}
{"armed": false, "event": "idle_disarmed", "preset": "airplane_single", "single_auto": true, "ts": 1783059949.22}
{"armed": false, "event": "idle_disarmed", "preset": "airplane_single", "single_auto": true, "ts": 1783059950.221}
{"armed": false, "event": "idle_disarmed", "preset": "airplane_single", "single_auto": true, "ts": 1783059950.221}
{"armed": false, "event": "idle_disarmed", "preset": "airplane_single", "single_auto": true, "ts": 1783059951.222}
{"armed": false, "event": "idle_disarmed", "preset": "airplane_single", "single_auto": true, "ts": 1783059951.222}
{"armed": false, "event": "idle_disarmed", "preset": "airplane_single", "single_auto": true, "ts": 1783059952.223}
{"armed": false, "event": "idle_disarmed", "preset": "airplane_single", "single_auto": true, "ts": 1783059952.223}
{"armed": false, "event": "idle_disarmed", "preset": "airplane_single", "single_auto": true, "ts": 1783059953.225}
{"armed": false, "event": "idle_disarmed", "preset": "airplane_single", "single_auto": true, "ts": 1783059953.225}
{"armed": false, "event": "idle_disarmed", "preset": "airplane_single", "single_auto": true, "ts": 1783059954.226}
{"armed": false, "event": "idle_disarmed", "preset": "airplane_single", "single_auto": true, "ts": 1783059954.226}
{"armed": false, "event": "idle_disarmed", "preset": "airplane_single", "single_auto": true, "ts": 1783059955.227}
{"armed": false, "event": "idle_disarmed", "preset": "airplane_single", "single_auto": true, "ts": 1783059955.227}
{"armed": false, "event": "idle_disarmed", "preset": "airplane_single", "single_auto": true, "ts": 1783059956.228}
{"armed": false, "event": "idle_disarmed", "preset": "airplane_single", "single_auto": true, "ts": 1783059956.228}
{"armed": false, "event": "idle_disarmed", "preset": "airplane_single", "single_auto": true, "ts": 1783059957.229}
{"armed": false, "event": "idle_disarmed", "preset": "airplane_single", "single_auto": true, "ts": 1783059957.229}
{"armed": false, "event": "idle_disarmed", "preset": "airplane_single", "single_auto": true, "ts": 1783059958.23}
{"armed": false, "event": "idle_disarmed", "preset": "airplane_single", "single_auto": true, "ts": 1783059958.23}
{"armed": false, "event": "idle_disarmed", "preset": "airplane_single", "single_auto": true, "ts": 1783059959.231}
{"armed": false, "event": "idle_disarmed", "preset": "airplane_single", "single_auto": true, "ts": 1783059959.231}
{"armed": false, "event": "idle_disarmed", "preset": "airplane_single", "single_auto": true, "ts": 1783059960.232}
{"armed": false, "event": "idle_disarmed", "preset": "airplane_single", "single_auto": true, "ts": 1783059960.232}
{"armed": false, "event": "idle_disarmed", "preset": "airplane_single", "single_auto": true, "ts": 1783059961.233}
{"armed": false, "event": "idle_disarmed", "preset": "airplane_single", "single_auto": true, "ts": 1783059961.233}
{"armed": false, "event": "idle_disarmed", "preset": "airplane_single", "single_auto": true, "ts": 1783059962.234}
{"armed": false, "event": "idle_disarmed", "preset": "airplane_single", "single_auto": true, "ts": 1783059962.234}
{"armed": false, "event": "idle_disarmed", "preset": "airplane_single", "single_auto": true, "ts": 1783059963.235}
{"armed": false, "event": "idle_disarmed", "preset": "airplane_single", "single_auto": true, "ts": 1783059963.235}
{"armed": false, "event": "idle_disarmed", "preset": "airplane_single", "single_auto": true, "ts": 1783059964.236}
{"armed": false, "event": "idle_disarmed", "preset": "airplane_single", "single_auto": true, "ts": 1783059964.236}
{"armed": false, "event": "idle_disarmed", "preset": "airplane_single", "single_auto": true, "ts": 1783059965.238}
{"armed": false, "event": "idle_disarmed", "preset": "airplane_single", "single_auto": true, "ts": 1783059965.238}
{"armed": false, "event": "idle_disarmed", "preset": "airplane_single", "single_auto": true, "ts": 1783059966.239}
{"armed": false, "event": "idle_disarmed", "preset": "airplane_single", "single_auto": true, "ts": 1783059966.239}
{"armed": false, "event": "idle_disarmed", "preset": "airplane_single", "single_auto": true, "ts": 1783059967.24}
{"armed": false, "event": "idle_disarmed", "preset": "airplane_single", "single_auto": true, "ts": 1783059967.24}
{"armed": false, "event": "idle_disarmed", "preset": "airplane_single", "single_auto": true, "ts": 1783059968.241}
{"armed": false, "event": "idle_disarmed", "preset": "airplane_single", "single_auto": true, "ts": 1783059968.241}
{"armed": false, "event": "idle_disarmed", "preset": "airplane_single", "single_auto": true, "ts": 1783059969.242}
{"armed": false, "event": "idle_disarmed", "preset": "airplane_single", "single_auto": true, "ts": 1783059969.242}
{"armed": false, "event": "idle_disarmed", "preset": "airplane_single", "single_auto": true, "ts": 1783059970.243}
{"armed": false, "event": "idle_disarmed", "preset": "airplane_single", "single_auto": true, "ts": 1783059970.243}
{"armed": false, "event": "idle_disarmed", "preset": "airplane_single", "single_auto": true, "ts": 1783059971.244}
{"armed": false, "event": "idle_disarmed", "preset": "airplane_single", "single_auto": true, "ts": 1783059971.244}
{"armed": false, "event": "idle_disarmed", "preset": "airplane_single", "single_auto": true, "ts": 1783059972.245}
{"armed": false, "event": "idle_disarmed", "preset": "airplane_single", "single_auto": true, "ts": 1783059972.245}
{"armed": false, "event": "idle_disarmed", "preset": "airplane_single", "single_auto": true, "ts": 1783059973.246}
{"armed": false, "event": "idle_disarmed", "preset": "airplane_single", "single_auto": true, "ts": 1783059973.246}
{"armed": false, "event": "idle_disarmed", "preset": "airplane_single", "single_auto": true, "ts": 1783059974.247}
{"armed": false, "event": "idle_disarmed", "preset": "airplane_single", "single_auto": true, "ts": 1783059974.247}
{"armed": false, "event": "idle_disarmed", "preset": "airplane_single", "single_auto": true, "ts": 1783059975.248}
{"armed": false, "event": "idle_disarmed", "preset": "airplane_single", "single_auto": true, "ts": 1783059975.248}
{"armed": false, "event": "idle_disarmed", "preset": "airplane_single", "single_auto": true, "ts": 1783059976.249}
{"armed": false, "event": "idle_disarmed", "preset": "airplane_single", "single_auto": true, "ts": 1783059976.249}
{"armed": false, "event": "idle_disarmed", "preset": "airplane_single", "single_auto": true, "ts": 1783059977.25}
{"armed": false, "event": "idle_disarmed", "preset": "airplane_single", "single_auto": true, "ts": 1783059977.25}
{"armed": false, "event": "idle_disarmed", "preset": "airplane_single", "single_auto": true, "ts": 1783059978.251}
{"armed": false, "event": "idle_disarmed", "preset": "airplane_single", "single_auto": true, "ts": 1783059978.251}
{"armed": false, "event": "idle_disarmed", "preset": "airplane_single", "single_auto": true, "ts": 1783059979.252}
{"armed": false, "event": "idle_disarmed", "preset": "airplane_single", "single_auto": true, "ts": 1783059979.252}
{"armed": false, "event": "idle_disarmed", "preset": "airplane_single", "single_auto": true, "ts": 1783059980.253}
{"armed": false, "event": "idle_disarmed", "preset": "airplane_single", "single_auto": true, "ts": 1783059980.253}
{"armed": false, "event": "idle_disarmed", "preset": "airplane_single", "single_auto": true, "ts": 1783059981.254}
{"armed": false, "event": "idle_disarmed", "preset": "airplane_single", "single_auto": true, "ts": 1783059981.254}
{"armed": false, "event": "idle_disarmed", "preset": "airplane_single", "single_auto": true, "ts": 1783059982.255}
{"armed": false, "event": "idle_disarmed", "preset": "airplane_single", "single_auto": true, "ts": 1783059982.255}
{"armed": false, "event": "idle_disarmed", "preset": "airplane_single", "single_auto": true, "ts": 1783059983.256}
{"armed": false, "event": "idle_disarmed", "preset": "airplane_single", "single_auto": true, "ts": 1783059983.256}
{"armed": false, "event": "idle_disarmed", "preset": "airplane_single", "single_auto": true, "ts": 1783059984.257}
{"armed": false, "event": "idle_disarmed", "preset": "airplane_single", "single_auto": true, "ts": 1783059984.257}
{"armed": false, "event": "idle_disarmed", "preset": "airplane_single", "single_auto": true, "ts": 1783059985.259}
{"armed": false, "event": "idle_disarmed", "preset": "airplane_single", "single_auto": true, "ts": 1783059985.259}
{"armed": false, "event": "idle_disarmed", "preset": "airplane_single", "single_auto": true, "ts": 1783059986.26}
{"armed": false, "event": "idle_disarmed", "preset": "airplane_single", "single_auto": true, "ts": 1783059986.26}
{"armed": false, "event": "idle_disarmed", "preset": "airplane_single", "single_auto": true, "ts": 1783059987.261}
{"armed": false, "event": "idle_disarmed", "preset": "airplane_single", "single_auto": true, "ts": 1783059987.261}
{"armed": false, "event": "idle_disarmed", "preset": "airplane_single", "single_auto": true, "ts": 1783059988.262}
{"armed": false, "event": "idle_disarmed", "preset": "airplane_single", "single_auto": true, "ts": 1783059988.262}
{"armed": false, "event": "idle_disarmed", "preset": "airplane_single", "single_auto": true, "ts": 1783059989.265}
{"armed": false, "event": "idle_disarmed", "preset": "airplane_single", "single_auto": true, "ts": 1783059989.265}
{"armed": false, "event": "idle_disarmed", "preset": "airplane_single", "single_auto": true, "ts": 1783059990.268}
{"armed": false, "event": "idle_disarmed", "preset": "airplane_single", "single_auto": true, "ts": 1783059990.268}
{"armed": false, "event": "idle_disarmed", "preset": "airplane_single", "single_auto": true, "ts": 1783059991.271}
{"armed": false, "event": "idle_disarmed", "preset": "airplane_single", "single_auto": true, "ts": 1783059991.271}
{"armed": false, "event": "idle_disarmed", "preset": "airplane_single", "single_auto": true, "ts": 1783059992.273}
{"armed": false, "event": "idle_disarmed", "preset": "airplane_single", "single_auto": true, "ts": 1783059992.273}
{"armed": false, "event": "idle_disarmed", "preset": "airplane_single", "single_auto": true, "ts": 1783059993.274}
{"armed": false, "event": "idle_disarmed", "preset": "airplane_single", "single_auto": true, "ts": 1783059993.274}
{"armed": false, "event": "idle_disarmed", "preset": "airplane_single", "single_auto": true, "ts": 1783059994.275}
{"armed": false, "event": "idle_disarmed", "preset": "airplane_single", "single_auto": true, "ts": 1783059994.275}
{"armed": false, "event": "idle_disarmed", "preset": "airplane_single", "single_auto": true, "ts": 1783059995.276}
{"armed": false, "event": "idle_disarmed", "preset": "airplane_single", "single_auto": true, "ts": 1783059995.276}
{"armed": false, "event": "idle_disarmed", "preset": "airplane_single", "single_auto": true, "ts": 1783059996.277}
{"armed": false, "event": "idle_disarmed", "preset": "airplane_single", "single_auto": true, "ts": 1783059996.277}
{"armed": false, "event": "idle_disarmed", "preset": "airplane_single", "single_auto": true, "ts": 1783059997.278}
{"armed": false, "event": "idle_disarmed", "preset": "airplane_single", "single_auto": true, "ts": 1783059997.278}
{"armed": false, "event": "idle_disarmed", "preset": "airplane_single", "single_auto": true, "ts": 1783059998.279}
{"armed": false, "event": "idle_disarmed", "preset": "airplane_single", "single_auto": true, "ts": 1783059998.279}
{"armed": false, "event": "idle_disarmed", "preset": "airplane_single", "single_auto": true, "ts": 1783059999.28}
{"armed": false, "event": "idle_disarmed", "preset": "airplane_single", "single_auto": true, "ts": 1783059999.28}
{"armed": false, "event": "idle_disarmed", "preset": "airplane_single", "single_auto": true, "ts": 1783060000.282}
{"armed": false, "event": "idle_disarmed", "preset": "airplane_single", "single_auto": true, "ts": 1783060000.282}
{"armed": false, "event": "idle_disarmed", "preset": "airplane_single", "single_auto": true, "ts": 1783060001.283}
{"armed": false, "event": "idle_disarmed", "preset": "airplane_single", "single_auto": true, "ts": 1783060001.283}
{"armed": false, "event": "idle_disarmed", "preset": "airplane_single", "single_auto": true, "ts": 1783060002.284}
{"armed": false, "event": "idle_disarmed", "preset": "airplane_single", "single_auto": true, "ts": 1783060002.284}
{"armed": false, "event": "idle_disarmed", "preset": "airplane_single", "single_auto": true, "ts": 1783060003.285}
{"armed": false, "event": "idle_disarmed", "preset": "airplane_single", "single_auto": true, "ts": 1783060003.285}
{"armed": false, "event": "idle_disarmed", "preset": "airplane_single", "single_auto": true, "ts": 1783060004.286}
{"armed": false, "event": "idle_disarmed", "preset": "airplane_single", "single_auto": true, "ts": 1783060004.286}
{"armed": false, "event": "idle_disarmed", "preset": "car_single", "single_auto": true, "ts": 1783060005.287}
{"armed": false, "event": "idle_disarmed", "preset": "car_single", "single_auto": true, "ts": 1783060005.287}
{"armed": false, "event": "idle_disarmed", "preset": "car_single", "single_auto": true, "ts": 1783060006.288}
{"armed": false, "event": "idle_disarmed", "preset": "car_single", "single_auto": true, "ts": 1783060006.288}
{"armed": false, "event": "idle_disarmed", "preset": "car_single", "single_auto": true, "ts": 1783060007.289}
{"armed": false, "event": "idle_disarmed", "preset": "car_single", "single_auto": true, "ts": 1783060007.289}
{"cmd": ["/usr/bin/python3", "/root/rknpu2/examples/rknn_yolov8_demo_opencv_2_work_2/new_yolo8/apply_ptz_object_preset.py", "--preset", "car_single", "--arm", "force", "--strategy", "preset", "--watch"], "event": "child_start", "pid": 349827, "preset": "car_single", "search_preset": "lost_step_wait", "ts": 1783060008.29}
{"cmd": ["/usr/bin/python3", "/root/rknpu2/examples/rknn_yolov8_demo_opencv_2_work_2/new_yolo8/apply_ptz_object_preset.py", "--preset", "car_single", "--arm", "force", "--strategy", "preset", "--watch"], "event": "child_start", "pid": 349827, "preset": "car_single", "search_preset": "lost_step_wait", "ts": 1783060008.29}
{"event": "armed_running", "pid": 349827, "preset": "car_single", "search_preset": "lost_step_wait", "ts": 1783060009.292}
{"event": "armed_running", "pid": 349827, "preset": "car_single", "search_preset": "lost_step_wait", "ts": 1783060009.292}
{"event": "child_stop", "pid": 349827, "preset": "car_single::lost_step_wait", "reason": "ptzArmed_false", "ts": 1783060020.306}
{"event": "child_stop", "pid": 349827, "preset": "car_single::lost_step_wait", "reason": "ptzArmed_false", "ts": 1783060020.306}
{"archived": "/root/rknpu2/examples/rknn_yolov8_demo_opencv_2_work_2/new_yolo8/logs/session_20260703_062700_ptzArmed_false", "event": "logs_archived", "reason": "ptzArmed_false", "ts": 1783060020.47}
{"archived": "/root/rknpu2/examples/rknn_yolov8_demo_opencv_2_work_2/new_yolo8/logs/session_20260703_062700_ptzArmed_false", "event": "logs_archived", "reason": "ptzArmed_false", "ts": 1783060020.47}
{"armed": false, "event": "idle_disarmed", "preset": "car_single", "single_auto": true, "ts": 1783060020.471}
{"armed": false, "event": "idle_disarmed", "preset": "car_single", "single_auto": true, "ts": 1783060020.471}
{"armed": false, "event": "idle_disarmed", "preset": "car_single", "single_auto": true, "ts": 1783060021.472}
{"armed": false, "event": "idle_disarmed", "preset": "car_single", "single_auto": true, "ts": 1783060021.472}
{"armed": false, "event": "idle_disarmed", "preset": "car_single", "single_auto": true, "ts": 1783060022.474}
{"armed": false, "event": "idle_disarmed", "preset": "car_single", "single_auto": true, "ts": 1783060022.474}
{"armed": false, "event": "idle_disarmed", "preset": "car_single", "single_auto": true, "ts": 1783060023.476}
{"armed": false, "event": "idle_disarmed", "preset": "car_single", "single_auto": true, "ts": 1783060023.476}
{"armed": false, "event": "idle_disarmed", "preset": "airplane_single", "single_auto": true, "ts": 1783060024.477}
{"armed": false, "event": "idle_disarmed", "preset": "airplane_single", "single_auto": true, "ts": 1783060024.477}
{"armed": false, "event": "idle_disarmed", "preset": "airplane_single", "single_auto": true, "ts": 1783060025.48}
{"armed": false, "event": "idle_disarmed", "preset": "airplane_single", "single_auto": true, "ts": 1783060025.48}
{"armed": false, "event": "idle_disarmed", "preset": "airplane_single", "single_auto": true, "ts": 1783060026.482}
{"armed": false, "event": "idle_disarmed", "preset": "airplane_single", "single_auto": true, "ts": 1783060026.482}
{"armed": false, "event": "idle_disarmed", "preset": "airplane_single", "single_auto": true, "ts": 1783060027.483}
{"armed": false, "event": "idle_disarmed", "preset": "airplane_single", "single_auto": true, "ts": 1783060027.483}
{"armed": false, "event": "idle_disarmed", "preset": "airplane_single", "single_auto": true, "ts": 1783060028.484}
{"armed": false, "event": "idle_disarmed", "preset": "airplane_single", "single_auto": true, "ts": 1783060028.484}
{"armed": false, "event": "idle_disarmed", "preset": "airplane_single", "single_auto": true, "ts": 1783060029.485}
{"armed": false, "event": "idle_disarmed", "preset": "airplane_single", "single_auto": true, "ts": 1783060029.485}
{"armed": false, "event": "idle_disarmed", "preset": "airplane_single", "single_auto": true, "ts": 1783060030.488}
{"armed": false, "event": "idle_disarmed", "preset": "airplane_single", "single_auto": true, "ts": 1783060030.488}
{"armed": false, "event": "idle_disarmed", "preset": "airplane_single", "single_auto": true, "ts": 1783060031.491}
{"armed": false, "event": "idle_disarmed", "preset": "airplane_single", "single_auto": true, "ts": 1783060031.491}
{"armed": false, "event": "idle_disarmed", "preset": "airplane_single", "single_auto": true, "ts": 1783060032.492}
{"armed": false, "event": "idle_disarmed", "preset": "airplane_single", "single_auto": true, "ts": 1783060032.492}
{"armed": false, "event": "idle_disarmed", "preset": "airplane_single", "single_auto": true, "ts": 1783060033.493}
{"armed": false, "event": "idle_disarmed", "preset": "airplane_single", "single_auto": true, "ts": 1783060033.493}
{"armed": false, "event": "idle_disarmed", "preset": "airplane_single", "single_auto": true, "ts": 1783060034.496}
{"armed": false, "event": "idle_disarmed", "preset": "airplane_single", "single_auto": true, "ts": 1783060034.496}
{"armed": false, "event": "idle_disarmed", "preset": "airplane_single", "single_auto": true, "ts": 1783060035.498}
{"armed": false, "event": "idle_disarmed", "preset": "airplane_single", "single_auto": true, "ts": 1783060035.498}
{"armed": false, "event": "idle_disarmed", "preset": "airplane_single", "single_auto": true, "ts": 1783060036.499}
{"armed": false, "event": "idle_disarmed", "preset": "airplane_single", "single_auto": true, "ts": 1783060036.499}
{"armed": false, "event": "idle_disarmed", "preset": "airplane_single", "single_auto": true, "ts": 1783060037.5}
{"armed": false, "event": "idle_disarmed", "preset": "airplane_single", "single_auto": true, "ts": 1783060037.5}
{"armed": false, "event": "idle_disarmed", "preset": "airplane_single", "single_auto": true, "ts": 1783060038.501}
{"armed": false, "event": "idle_disarmed", "preset": "airplane_single", "single_auto": true, "ts": 1783060038.501}
{"armed": false, "event": "idle_disarmed", "preset": "airplane_single", "single_auto": true, "ts": 1783060039.502}
{"armed": false, "event": "idle_disarmed", "preset": "airplane_single", "single_auto": true, "ts": 1783060039.502}
{"armed": false, "event": "idle_disarmed", "preset": "airplane_single", "single_auto": true, "ts": 1783060040.503}
{"armed": false, "event": "idle_disarmed", "preset": "airplane_single", "single_auto": true, "ts": 1783060040.503}
{"armed": false, "event": "idle_disarmed", "preset": "airplane_single", "single_auto": true, "ts": 1783060041.505}
{"armed": false, "event": "idle_disarmed", "preset": "airplane_single", "single_auto": true, "ts": 1783060041.505}
{"armed": false, "event": "idle_disarmed", "preset": "airplane_single", "single_auto": true, "ts": 1783060042.507}
{"armed": false, "event": "idle_disarmed", "preset": "airplane_single", "single_auto": true, "ts": 1783060042.507}
{"armed": false, "event": "idle_disarmed", "preset": "airplane_single", "single_auto": true, "ts": 1783060043.508}
{"armed": false, "event": "idle_disarmed", "preset": "airplane_single", "single_auto": true, "ts": 1783060043.508}
{"armed": false, "event": "idle_disarmed", "preset": "airplane_single", "single_auto": true, "ts": 1783060044.509}
{"armed": false, "event": "idle_disarmed", "preset": "airplane_single", "single_auto": true, "ts": 1783060044.509}
{"armed": false, "event": "idle_disarmed", "preset": "airplane_single", "single_auto": true, "ts": 1783060045.51}
{"armed": false, "event": "idle_disarmed", "preset": "airplane_single", "single_auto": true, "ts": 1783060045.51}
{"armed": false, "event": "idle_disarmed", "preset": "airplane_single", "single_auto": true, "ts": 1783060046.511}
{"armed": false, "event": "idle_disarmed", "preset": "airplane_single", "single_auto": true, "ts": 1783060046.511}
{"armed": false, "event": "idle_disarmed", "preset": "airplane_single", "single_auto": true, "ts": 1783060047.512}
{"armed": false, "event": "idle_disarmed", "preset": "airplane_single", "single_auto": true, "ts": 1783060047.512}
{"armed": false, "event": "idle_disarmed", "preset": "airplane_single", "single_auto": true, "ts": 1783060048.513}
{"armed": false, "event": "idle_disarmed", "preset": "airplane_single", "single_auto": true, "ts": 1783060048.513}
{"armed": false, "event": "idle_disarmed", "preset": "airplane_single", "single_auto": true, "ts": 1783060049.514}
{"armed": false, "event": "idle_disarmed", "preset": "airplane_single", "single_auto": true, "ts": 1783060049.514}
{"armed": false, "event": "idle_disarmed", "preset": "airplane_single", "single_auto": true, "ts": 1783060050.516}
{"armed": false, "event": "idle_disarmed", "preset": "airplane_single", "single_auto": true, "ts": 1783060050.516}
{"armed": false, "event": "idle_disarmed", "preset": "airplane_single", "single_auto": true, "ts": 1783060051.517}
{"armed": false, "event": "idle_disarmed", "preset": "airplane_single", "single_auto": true, "ts": 1783060051.517}
{"armed": false, "event": "idle_disarmed", "preset": "airplane_single", "single_auto": true, "ts": 1783060052.518}
{"armed": false, "event": "idle_disarmed", "preset": "airplane_single", "single_auto": true, "ts": 1783060052.518}
{"armed": false, "event": "idle_disarmed", "preset": "airplane_single", "single_auto": true, "ts": 1783060053.519}
{"armed": false, "event": "idle_disarmed", "preset": "airplane_single", "single_auto": true, "ts": 1783060053.519}
{"armed": false, "event": "idle_disarmed", "preset": "airplane_single", "single_auto": true, "ts": 1783060054.521}
{"armed": false, "event": "idle_disarmed", "preset": "airplane_single", "single_auto": true, "ts": 1783060054.521}
{"armed": false, "event": "idle_disarmed", "preset": "airplane_single", "single_auto": true, "ts": 1783060055.523}
{"armed": false, "event": "idle_disarmed", "preset": "airplane_single", "single_auto": true, "ts": 1783060055.523}
{"armed": false, "event": "idle_disarmed", "preset": "airplane_single", "single_auto": true, "ts": 1783060056.524}
{"armed": false, "event": "idle_disarmed", "preset": "airplane_single", "single_auto": true, "ts": 1783060056.524}
{"armed": false, "event": "idle_disarmed", "preset": "airplane_single", "single_auto": true, "ts": 1783060057.526}
{"armed": false, "event": "idle_disarmed", "preset": "airplane_single", "single_auto": true, "ts": 1783060057.526}
{"armed": false, "event": "idle_disarmed", "preset": "airplane_single", "single_auto": true, "ts": 1783060058.527}
{"armed": false, "event": "idle_disarmed", "preset": "airplane_single", "single_auto": true, "ts": 1783060058.527}
{"armed": false, "event": "idle_disarmed", "preset": "airplane_single", "single_auto": true, "ts": 1783060059.528}
{"armed": false, "event": "idle_disarmed", "preset": "airplane_single", "single_auto": true, "ts": 1783060059.528}
{"armed": false, "event": "idle_disarmed", "preset": "airplane_single", "single_auto": true, "ts": 1783060060.529}
{"armed": false, "event": "idle_disarmed", "preset": "airplane_single", "single_auto": true, "ts": 1783060060.529}
{"armed": false, "event": "idle_disarmed", "preset": "airplane_single", "single_auto": true, "ts": 1783060061.532}
{"armed": false, "event": "idle_disarmed", "preset": "airplane_single", "single_auto": true, "ts": 1783060061.532}
{"armed": false, "event": "idle_disarmed", "preset": "airplane_single", "single_auto": true, "ts": 1783060062.535}
{"armed": false, "event": "idle_disarmed", "preset": "airplane_single", "single_auto": true, "ts": 1783060062.535}
{"armed": false, "event": "idle_disarmed", "preset": "airplane_single", "single_auto": true, "ts": 1783060063.538}
{"armed": false, "event": "idle_disarmed", "preset": "airplane_single", "single_auto": true, "ts": 1783060063.538}
{"armed": false, "event": "idle_disarmed", "preset": "airplane_single", "single_auto": true, "ts": 1783060064.54}
{"armed": false, "event": "idle_disarmed", "preset": "airplane_single", "single_auto": true, "ts": 1783060064.54}
{"armed": false, "event": "idle_disarmed", "preset": "airplane_single", "single_auto": true, "ts": 1783060065.541}
{"armed": false, "event": "idle_disarmed", "preset": "airplane_single", "single_auto": true, "ts": 1783060065.541}
{"armed": false, "event": "idle_disarmed", "preset": "airplane_single", "single_auto": true, "ts": 1783060066.542}
{"armed": false, "event": "idle_disarmed", "preset": "airplane_single", "single_auto": true, "ts": 1783060066.542}
{"armed": false, "event": "idle_disarmed", "preset": "airplane_single", "single_auto": true, "ts": 1783060067.543}
{"armed": false, "event": "idle_disarmed", "preset": "airplane_single", "single_auto": true, "ts": 1783060067.543}
{"armed": false, "event": "idle_disarmed", "preset": "airplane_single", "single_auto": true, "ts": 1783060068.544}
{"armed": false, "event": "idle_disarmed", "preset": "airplane_single", "single_auto": true, "ts": 1783060068.544}
{"armed": false, "event": "idle_disarmed", "preset": "airplane_single", "single_auto": true, "ts": 1783060069.546}
{"armed": false, "event": "idle_disarmed", "preset": "airplane_single", "single_auto": true, "ts": 1783060069.546}
{"armed": false, "event": "idle_disarmed", "preset": "airplane_single", "single_auto": true, "ts": 1783060070.547}
{"armed": false, "event": "idle_disarmed", "preset": "airplane_single", "single_auto": true, "ts": 1783060070.547}
{"armed": false, "event": "idle_disarmed", "preset": "airplane_single", "single_auto": true, "ts": 1783060071.548}
{"armed": false, "event": "idle_disarmed", "preset": "airplane_single", "single_auto": true, "ts": 1783060071.548}
{"armed": false, "event": "idle_disarmed", "preset": "airplane_single", "single_auto": true, "ts": 1783060072.55}
{"armed": false, "event": "idle_disarmed", "preset": "airplane_single", "single_auto": true, "ts": 1783060072.55}
{"armed": false, "event": "idle_disarmed", "preset": "airplane_single", "single_auto": true, "ts": 1783060073.552}
{"armed": false, "event": "idle_disarmed", "preset": "airplane_single", "single_auto": true, "ts": 1783060073.552}
{"armed": false, "event": "idle_disarmed", "preset": "airplane_single", "single_auto": true, "ts": 1783060074.553}
{"armed": false, "event": "idle_disarmed", "preset": "airplane_single", "single_auto": true, "ts": 1783060074.553}
{"armed": false, "event": "idle_disarmed", "preset": "airplane_single", "single_auto": true, "ts": 1783060075.554}
{"armed": false, "event": "idle_disarmed", "preset": "airplane_single", "single_auto": true, "ts": 1783060075.554}
{"armed": false, "event": "idle_disarmed", "preset": "airplane_single", "single_auto": true, "ts": 1783060076.555}
{"armed": false, "event": "idle_disarmed", "preset": "airplane_single", "single_auto": true, "ts": 1783060076.555}
{"armed": false, "event": "idle_disarmed", "preset": "airplane_single", "single_auto": true, "ts": 1783060077.556}
{"armed": false, "event": "idle_disarmed", "preset": "airplane_single", "single_auto": true, "ts": 1783060077.556}
{"armed": false, "event": "idle_disarmed", "preset": "airplane_single", "single_auto": true, "ts": 1783060078.559}
{"armed": false, "event": "idle_disarmed", "preset": "airplane_single", "single_auto": true, "ts": 1783060078.559}
{"armed": false, "event": "idle_disarmed", "preset": "airplane_single", "single_auto": true, "ts": 1783060079.562}
{"armed": false, "event": "idle_disarmed", "preset": "airplane_single", "single_auto": true, "ts": 1783060079.562}
{"armed": false, "event": "idle_disarmed", "preset": "airplane_single", "single_auto": true, "ts": 1783060080.565}
{"armed": false, "event": "idle_disarmed", "preset": "airplane_single", "single_auto": true, "ts": 1783060080.565}
{"armed": false, "event": "idle_disarmed", "preset": "airplane_single", "single_auto": true, "ts": 1783060081.567}
{"armed": false, "event": "idle_disarmed", "preset": "airplane_single", "single_auto": true, "ts": 1783060081.567}
{"armed": false, "event": "idle_disarmed", "preset": "airplane_single", "single_auto": true, "ts": 1783060082.568}
{"armed": false, "event": "idle_disarmed", "preset": "airplane_single", "single_auto": true, "ts": 1783060082.568}
{"armed": false, "event": "idle_disarmed", "preset": "airplane_single", "single_auto": true, "ts": 1783060083.57}
{"armed": false, "event": "idle_disarmed", "preset": "airplane_single", "single_auto": true, "ts": 1783060083.57}
{"armed": false, "event": "idle_disarmed", "preset": "airplane_single", "single_auto": true, "ts": 1783060084.573}
{"armed": false, "event": "idle_disarmed", "preset": "airplane_single", "single_auto": true, "ts": 1783060084.573}
{"armed": false, "event": "idle_disarmed", "preset": "airplane_single", "single_auto": true, "ts": 1783060085.576}
{"armed": false, "event": "idle_disarmed", "preset": "airplane_single", "single_auto": true, "ts": 1783060085.576}
{"armed": false, "event": "idle_disarmed", "preset": "airplane_single", "single_auto": true, "ts": 1783060086.578}
{"armed": false, "event": "idle_disarmed", "preset": "airplane_single", "single_auto": true, "ts": 1783060086.578}
{"armed": false, "event": "idle_disarmed", "preset": "airplane_single", "single_auto": true, "ts": 1783060087.579}
{"armed": false, "event": "idle_disarmed", "preset": "airplane_single", "single_auto": true, "ts": 1783060087.579}
{"armed": false, "event": "idle_disarmed", "preset": "airplane_single", "single_auto": true, "ts": 1783060088.581}
{"armed": false, "event": "idle_disarmed", "preset": "airplane_single", "single_auto": true, "ts": 1783060088.581}
{"armed": false, "event": "idle_disarmed", "preset": "airplane_single", "single_auto": true, "ts": 1783060089.582}
{"armed": false, "event": "idle_disarmed", "preset": "airplane_single", "single_auto": true, "ts": 1783060089.582}
{"armed": false, "event": "idle_disarmed", "preset": "airplane_single", "single_auto": true, "ts": 1783060090.584}
{"armed": false, "event": "idle_disarmed", "preset": "airplane_single", "single_auto": true, "ts": 1783060090.584}
{"armed": false, "event": "idle_disarmed", "preset": "airplane_single", "single_auto": true, "ts": 1783060091.586}
{"armed": false, "event": "idle_disarmed", "preset": "airplane_single", "single_auto": true, "ts": 1783060091.586}
{"armed": false, "event": "idle_disarmed", "preset": "airplane_single", "single_auto": true, "ts": 1783060092.588}
{"armed": false, "event": "idle_disarmed", "preset": "airplane_single", "single_auto": true, "ts": 1783060092.588}
{"armed": false, "event": "idle_disarmed", "preset": "airplane_single", "single_auto": true, "ts": 1783060093.589}
{"armed": false, "event": "idle_disarmed", "preset": "airplane_single", "single_auto": true, "ts": 1783060093.589}
{"armed": false, "event": "idle_disarmed", "preset": "airplane_single", "single_auto": true, "ts": 1783060094.59}
{"armed": false, "event": "idle_disarmed", "preset": "airplane_single", "single_auto": true, "ts": 1783060094.59}
{"armed": false, "event": "idle_disarmed", "preset": "airplane_single", "single_auto": true, "ts": 1783060095.592}
{"armed": false, "event": "idle_disarmed", "preset": "airplane_single", "single_auto": true, "ts": 1783060095.592}
{"armed": false, "event": "idle_disarmed", "preset": "airplane_single", "single_auto": true, "ts": 1783060096.593}
{"armed": false, "event": "idle_disarmed", "preset": "airplane_single", "single_auto": true, "ts": 1783060096.593}
{"armed": false, "event": "idle_disarmed", "preset": "airplane_single", "single_auto": true, "ts": 1783060097.594}
{"armed": false, "event": "idle_disarmed", "preset": "airplane_single", "single_auto": true, "ts": 1783060097.594}
{"armed": false, "event": "idle_disarmed", "preset": "airplane_single", "single_auto": true, "ts": 1783060098.596}
{"armed": false, "event": "idle_disarmed", "preset": "airplane_single", "single_auto": true, "ts": 1783060098.596}
{"armed": false, "event": "idle_disarmed", "preset": "airplane_single", "single_auto": true, "ts": 1783060099.598}
{"armed": false, "event": "idle_disarmed", "preset": "airplane_single", "single_auto": true, "ts": 1783060099.598}
{"armed": false, "event": "idle_disarmed", "preset": "airplane_single", "single_auto": true, "ts": 1783060100.599}
{"armed": false, "event": "idle_disarmed", "preset": "airplane_single", "single_auto": true, "ts": 1783060100.599}
{"armed": false, "event": "idle_disarmed", "preset": "airplane_single", "single_auto": true, "ts": 1783060101.6}
{"armed": false, "event": "idle_disarmed", "preset": "airplane_single", "single_auto": true, "ts": 1783060101.6}
{"armed": false, "event": "idle_disarmed", "preset": "airplane_single", "single_auto": true, "ts": 1783060102.601}
{"armed": false, "event": "idle_disarmed", "preset": "airplane_single", "single_auto": true, "ts": 1783060102.601}
{"armed": false, "event": "idle_disarmed", "preset": "airplane_single", "single_auto": true, "ts": 1783060103.603}
{"armed": false, "event": "idle_disarmed", "preset": "airplane_single", "single_auto": true, "ts": 1783060103.603}
{"armed": false, "event": "idle_disarmed", "preset": "airplane_single", "single_auto": true, "ts": 1783060104.604}
{"armed": false, "event": "idle_disarmed", "preset": "airplane_single", "single_auto": true, "ts": 1783060104.604}
{"armed": false, "event": "idle_disarmed", "preset": "airplane_single", "single_auto": true, "ts": 1783060105.605}
{"armed": false, "event": "idle_disarmed", "preset": "airplane_single", "single_auto": true, "ts": 1783060105.605}
{"armed": false, "event": "idle_disarmed", "preset": "airplane_single", "single_auto": true, "ts": 1783060106.606}
{"armed": false, "event": "idle_disarmed", "preset": "airplane_single", "single_auto": true, "ts": 1783060106.606}
{"armed": false, "event": "idle_disarmed", "preset": "airplane_single", "single_auto": true, "ts": 1783060107.609}
{"armed": false, "event": "idle_disarmed", "preset": "airplane_single", "single_auto": true, "ts": 1783060107.609}
{"armed": false, "event": "idle_disarmed", "preset": "airplane_single", "single_auto": true, "ts": 1783060108.612}
{"armed": false, "event": "idle_disarmed", "preset": "airplane_single", "single_auto": true, "ts": 1783060108.612}
{"armed": false, "event": "idle_disarmed", "preset": "airplane_single", "single_auto": true, "ts": 1783060109.615}
{"armed": false, "event": "idle_disarmed", "preset": "airplane_single", "single_auto": true, "ts": 1783060109.615}
{"armed": false, "event": "idle_disarmed", "preset": "airplane_single", "single_auto": true, "ts": 1783060110.617}
{"armed": false, "event": "idle_disarmed", "preset": "airplane_single", "single_auto": true, "ts": 1783060110.617}
{"armed": false, "event": "idle_disarmed", "preset": "airplane_single", "single_auto": true, "ts": 1783060111.618}
{"armed": false, "event": "idle_disarmed", "preset": "airplane_single", "single_auto": true, "ts": 1783060111.618}
{"armed": false, "event": "idle_disarmed", "preset": "airplane_single", "single_auto": true, "ts": 1783060112.619}
{"armed": false, "event": "idle_disarmed", "preset": "airplane_single", "single_auto": true, "ts": 1783060112.619}
{"armed": false, "event": "idle_disarmed", "preset": "airplane_single", "single_auto": true, "ts": 1783060113.621}
{"armed": false, "event": "idle_disarmed", "preset": "airplane_single", "single_auto": true, "ts": 1783060113.621}
{"armed": false, "event": "idle_disarmed", "preset": "airplane_single", "single_auto": true, "ts": 1783060114.622}
{"armed": false, "event": "idle_disarmed", "preset": "airplane_single", "single_auto": true, "ts": 1783060114.622}
{"armed": false, "event": "idle_disarmed", "preset": "airplane_single", "single_auto": true, "ts": 1783060115.623}
{"armed": false, "event": "idle_disarmed", "preset": "airplane_single", "single_auto": true, "ts": 1783060115.623}
{"armed": false, "event": "idle_disarmed", "preset": "airplane_single", "single_auto": true, "ts": 1783060116.624}
{"armed": false, "event": "idle_disarmed", "preset": "airplane_single", "single_auto": true, "ts": 1783060116.624}
{"armed": false, "event": "idle_disarmed", "preset": "airplane_single", "single_auto": true, "ts": 1783060117.625}
{"armed": false, "event": "idle_disarmed", "preset": "airplane_single", "single_auto": true, "ts": 1783060117.625}
{"armed": false, "event": "idle_disarmed", "preset": "airplane_single", "single_auto": true, "ts": 1783060118.627}
{"armed": false, "event": "idle_disarmed", "preset": "airplane_single", "single_auto": true, "ts": 1783060118.627}
{"armed": false, "event": "idle_disarmed", "preset": "airplane_single", "single_auto": true, "ts": 1783060119.628}
{"armed": false, "event": "idle_disarmed", "preset": "airplane_single", "single_auto": true, "ts": 1783060119.628}
{"armed": false, "event": "idle_disarmed", "preset": "airplane_single", "single_auto": true, "ts": 1783060120.629}
{"armed": false, "event": "idle_disarmed", "preset": "airplane_single", "single_auto": true, "ts": 1783060120.629}
{"armed": false, "event": "idle_disarmed", "preset": "airplane_single", "single_auto": true, "ts": 1783060121.63}
{"armed": false, "event": "idle_disarmed", "preset": "airplane_single", "single_auto": true, "ts": 1783060121.63}
{"armed": false, "event": "idle_disarmed", "preset": "airplane_single", "single_auto": true, "ts": 1783060122.631}
{"armed": false, "event": "idle_disarmed", "preset": "airplane_single", "single_auto": true, "ts": 1783060122.631}
{"armed": false, "event": "idle_disarmed", "preset": "airplane_single", "single_auto": true, "ts": 1783060123.632}
{"armed": false, "event": "idle_disarmed", "preset": "airplane_single", "single_auto": true, "ts": 1783060123.632}
{"armed": false, "event": "idle_disarmed", "preset": "airplane_single", "single_auto": true, "ts": 1783060124.633}
{"armed": false, "event": "idle_disarmed", "preset": "airplane_single", "single_auto": true, "ts": 1783060124.633}
{"armed": false, "event": "idle_disarmed", "preset": "airplane_single", "single_auto": true, "ts": 1783060125.634}
{"armed": false, "event": "idle_disarmed", "preset": "airplane_single", "single_auto": true, "ts": 1783060125.634}
{"armed": false, "event": "idle_disarmed", "preset": "airplane_single", "single_auto": true, "ts": 1783060126.636}
{"armed": false, "event": "idle_disarmed", "preset": "airplane_single", "single_auto": true, "ts": 1783060126.636}
{"armed": false, "event": "idle_disarmed", "preset": "airplane_single", "single_auto": true, "ts": 1783060127.639}
{"armed": false, "event": "idle_disarmed", "preset": "airplane_single", "single_auto": true, "ts": 1783060127.639}
{"armed": false, "event": "idle_disarmed", "preset": "airplane_single", "single_auto": true, "ts": 1783060128.642}
{"armed": false, "event": "idle_disarmed", "preset": "airplane_single", "single_auto": true, "ts": 1783060128.642}
{"armed": false, "event": "idle_disarmed", "preset": "airplane_single", "single_auto": true, "ts": 1783060129.645}
{"armed": false, "event": "idle_disarmed", "preset": "airplane_single", "single_auto": true, "ts": 1783060129.645}
{"armed": false, "event": "idle_disarmed", "preset": "airplane_single", "single_auto": true, "ts": 1783060130.647}
{"armed": false, "event": "idle_disarmed", "preset": "airplane_single", "single_auto": true, "ts": 1783060130.647}
{"armed": false, "event": "idle_disarmed", "preset": "airplane_single", "single_auto": true, "ts": 1783060131.65}
{"armed": false, "event": "idle_disarmed", "preset": "airplane_single", "single_auto": true, "ts": 1783060131.65}
{"armed": false, "event": "idle_disarmed", "preset": "airplane_single", "single_auto": true, "ts": 1783060132.652}
{"armed": false, "event": "idle_disarmed", "preset": "airplane_single", "single_auto": true, "ts": 1783060132.652}
{"armed": false, "event": "idle_disarmed", "preset": "airplane_single", "single_auto": true, "ts": 1783060133.655}
{"armed": false, "event": "idle_disarmed", "preset": "airplane_single", "single_auto": true, "ts": 1783060133.655}
{"armed": false, "event": "idle_disarmed", "preset": "airplane_single", "single_auto": true, "ts": 1783060134.658}
{"armed": false, "event": "idle_disarmed", "preset": "airplane_single", "single_auto": true, "ts": 1783060134.658}
{"armed": false, "event": "idle_disarmed", "preset": "airplane_single", "single_auto": true, "ts": 1783060135.66}
{"armed": false, "event": "idle_disarmed", "preset": "airplane_single", "single_auto": true, "ts": 1783060135.66}
{"armed": false, "event": "idle_disarmed", "preset": "airplane_single", "single_auto": true, "ts": 1783060136.663}
{"armed": false, "event": "idle_disarmed", "preset": "airplane_single", "single_auto": true, "ts": 1783060136.663}
{"armed": false, "event": "idle_disarmed", "preset": "airplane_single", "single_auto": true, "ts": 1783060137.666}
{"armed": false, "event": "idle_disarmed", "preset": "airplane_single", "single_auto": true, "ts": 1783060137.666}
{"armed": false, "event": "idle_disarmed", "preset": "airplane_single", "single_auto": true, "ts": 1783060138.669}
{"armed": false, "event": "idle_disarmed", "preset": "airplane_single", "single_auto": true, "ts": 1783060138.669}
{"armed": false, "event": "idle_disarmed", "preset": "airplane_single", "single_auto": true, "ts": 1783060139.671}
{"armed": false, "event": "idle_disarmed", "preset": "airplane_single", "single_auto": true, "ts": 1783060139.671}
{"armed": false, "event": "idle_disarmed", "preset": "airplane_single", "single_auto": true, "ts": 1783060140.674}
{"armed": false, "event": "idle_disarmed", "preset": "airplane_single", "single_auto": true, "ts": 1783060140.674}
{"armed": false, "event": "idle_disarmed", "preset": "airplane_single", "single_auto": true, "ts": 1783060141.677}
{"armed": false, "event": "idle_disarmed", "preset": "airplane_single", "single_auto": true, "ts": 1783060141.677}
{"armed": false, "event": "idle_disarmed", "preset": "airplane_single", "single_auto": true, "ts": 1783060142.679}
{"armed": false, "event": "idle_disarmed", "preset": "airplane_single", "single_auto": true, "ts": 1783060142.679}
{"armed": false, "event": "idle_disarmed", "preset": "airplane_single", "single_auto": true, "ts": 1783060143.682}
{"armed": false, "event": "idle_disarmed", "preset": "airplane_single", "single_auto": true, "ts": 1783060143.682}
{"armed": false, "event": "idle_disarmed", "preset": "airplane_single", "single_auto": true, "ts": 1783060144.684}
{"armed": false, "event": "idle_disarmed", "preset": "airplane_single", "single_auto": true, "ts": 1783060144.684}
{"armed": false, "event": "idle_disarmed", "preset": "airplane_single", "single_auto": true, "ts": 1783060145.687}
{"armed": false, "event": "idle_disarmed", "preset": "airplane_single", "single_auto": true, "ts": 1783060145.687}
{"armed": false, "event": "idle_disarmed", "preset": "airplane_single", "single_auto": true, "ts": 1783060146.69}
{"armed": false, "event": "idle_disarmed", "preset": "airplane_single", "single_auto": true, "ts": 1783060146.69}
{"armed": false, "event": "idle_disarmed", "preset": "airplane_single", "single_auto": true, "ts": 1783060147.692}
{"armed": false, "event": "idle_disarmed", "preset": "airplane_single", "single_auto": true, "ts": 1783060147.692}
{"armed": false, "event": "idle_disarmed", "preset": "airplane_single", "single_auto": true, "ts": 1783060148.695}
{"armed": false, "event": "idle_disarmed", "preset": "airplane_single", "single_auto": true, "ts": 1783060148.695}
{"armed": false, "event": "idle_disarmed", "preset": "airplane_single", "single_auto": true, "ts": 1783060149.697}
{"armed": false, "event": "idle_disarmed", "preset": "airplane_single", "single_auto": true, "ts": 1783060149.697}
{"armed": false, "event": "idle_disarmed", "preset": "airplane_single", "single_auto": true, "ts": 1783060150.7}
{"armed": false, "event": "idle_disarmed", "preset": "airplane_single", "single_auto": true, "ts": 1783060150.7}
{"armed": false, "event": "idle_disarmed", "preset": "airplane_single", "single_auto": true, "ts": 1783060151.702}
{"armed": false, "event": "idle_disarmed", "preset": "airplane_single", "single_auto": true, "ts": 1783060151.702}
{"armed": false, "event": "idle_disarmed", "preset": "airplane_single", "single_auto": true, "ts": 1783060152.705}
{"armed": false, "event": "idle_disarmed", "preset": "airplane_single", "single_auto": true, "ts": 1783060152.705}
{"armed": false, "event": "idle_disarmed", "preset": "airplane_single", "single_auto": true, "ts": 1783060153.708}
{"armed": false, "event": "idle_disarmed", "preset": "airplane_single", "single_auto": true, "ts": 1783060153.708}
{"armed": false, "event": "idle_disarmed", "preset": "airplane_single", "single_auto": true, "ts": 1783060154.711}
{"armed": false, "event": "idle_disarmed", "preset": "airplane_single", "single_auto": true, "ts": 1783060154.711}
{"armed": false, "event": "idle_disarmed", "preset": "airplane_single", "single_auto": true, "ts": 1783060155.713}
{"armed": false, "event": "idle_disarmed", "preset": "airplane_single", "single_auto": true, "ts": 1783060155.713}
{"armed": false, "event": "idle_disarmed", "preset": "airplane_single", "single_auto": true, "ts": 1783060156.716}
{"armed": false, "event": "idle_disarmed", "preset": "airplane_single", "single_auto": true, "ts": 1783060156.716}
{"armed": false, "event": "idle_disarmed", "preset": "airplane_single", "single_auto": true, "ts": 1783060157.719}
{"armed": false, "event": "idle_disarmed", "preset": "airplane_single", "single_auto": true, "ts": 1783060157.719}
{"armed": false, "event": "idle_disarmed", "preset": "airplane_single", "single_auto": true, "ts": 1783060158.721}
{"armed": false, "event": "idle_disarmed", "preset": "airplane_single", "single_auto": true, "ts": 1783060158.721}
{"armed": false, "event": "idle_disarmed", "preset": "airplane_single", "single_auto": true, "ts": 1783060159.724}
{"armed": false, "event": "idle_disarmed", "preset": "airplane_single", "single_auto": true, "ts": 1783060159.724}
{"armed": false, "event": "idle_disarmed", "preset": "airplane_single", "single_auto": true, "ts": 1783060160.727}
{"armed": false, "event": "idle_disarmed", "preset": "airplane_single", "single_auto": true, "ts": 1783060160.727}
{"armed": false, "event": "idle_disarmed", "preset": "airplane_single", "single_auto": true, "ts": 1783060161.73}
{"armed": false, "event": "idle_disarmed", "preset": "airplane_single", "single_auto": true, "ts": 1783060161.73}
{"armed": false, "event": "idle_disarmed", "preset": "airplane_single", "single_auto": true, "ts": 1783060162.732}
{"armed": false, "event": "idle_disarmed", "preset": "airplane_single", "single_auto": true, "ts": 1783060162.732}
{"armed": false, "event": "idle_disarmed", "preset": "airplane_single", "single_auto": true, "ts": 1783060163.735}
{"armed": false, "event": "idle_disarmed", "preset": "airplane_single", "single_auto": true, "ts": 1783060163.735}
{"armed": false, "event": "idle_disarmed", "preset": "airplane_single", "single_auto": true, "ts": 1783060164.738}
{"armed": false, "event": "idle_disarmed", "preset": "airplane_single", "single_auto": true, "ts": 1783060164.738}
{"armed": false, "event": "idle_disarmed", "preset": "airplane_single", "single_auto": true, "ts": 1783060165.74}
{"armed": false, "event": "idle_disarmed", "preset": "airplane_single", "single_auto": true, "ts": 1783060165.74}
{"armed": false, "event": "idle_disarmed", "preset": "airplane_single", "single_auto": true, "ts": 1783060166.743}
{"armed": false, "event": "idle_disarmed", "preset": "airplane_single", "single_auto": true, "ts": 1783060166.743}
{"armed": false, "event": "idle_disarmed", "preset": "airplane_single", "single_auto": true, "ts": 1783060167.746}
{"armed": false, "event": "idle_disarmed", "preset": "airplane_single", "single_auto": true, "ts": 1783060167.746}
{"armed": false, "event": "idle_disarmed", "preset": "airplane_single", "single_auto": true, "ts": 1783060168.748}
{"armed": false, "event": "idle_disarmed", "preset": "airplane_single", "single_auto": true, "ts": 1783060168.748}
{"armed": false, "event": "idle_disarmed", "preset": "airplane_single", "single_auto": true, "ts": 1783060169.751}
{"armed": false, "event": "idle_disarmed", "preset": "airplane_single", "single_auto": true, "ts": 1783060169.751}
{"armed": false, "event": "idle_disarmed", "preset": "airplane_single", "single_auto": true, "ts": 1783060170.754}
{"armed": false, "event": "idle_disarmed", "preset": "airplane_single", "single_auto": true, "ts": 1783060170.754}
{"armed": false, "event": "idle_disarmed", "preset": "airplane_single", "single_auto": true, "ts": 1783060171.757}
{"armed": false, "event": "idle_disarmed", "preset": "airplane_single", "single_auto": true, "ts": 1783060171.757}
{"armed": false, "event": "idle_disarmed", "preset": "airplane_single", "single_auto": true, "ts": 1783060172.759}
{"armed": false, "event": "idle_disarmed", "preset": "airplane_single", "single_auto": true, "ts": 1783060172.759}
{"armed": false, "event": "idle_disarmed", "preset": "airplane_single", "single_auto": true, "ts": 1783060173.762}
{"armed": false, "event": "idle_disarmed", "preset": "airplane_single", "single_auto": true, "ts": 1783060173.762}
{"armed": false, "event": "idle_disarmed", "preset": "airplane_single", "single_auto": true, "ts": 1783060174.765}
{"armed": false, "event": "idle_disarmed", "preset": "airplane_single", "single_auto": true, "ts": 1783060174.765}
{"armed": false, "event": "idle_disarmed", "preset": "airplane_single", "single_auto": true, "ts": 1783060175.767}
{"armed": false, "event": "idle_disarmed", "preset": "airplane_single", "single_auto": true, "ts": 1783060175.767}
{"armed": false, "event": "idle_disarmed", "preset": "airplane_single", "single_auto": true, "ts": 1783060176.77}
{"armed": false, "event": "idle_disarmed", "preset": "airplane_single", "single_auto": true, "ts": 1783060176.77}
{"armed": false, "event": "idle_disarmed", "preset": "airplane_single", "single_auto": true, "ts": 1783060177.772}
{"armed": false, "event": "idle_disarmed", "preset": "airplane_single", "single_auto": true, "ts": 1783060177.772}
{"armed": false, "event": "idle_disarmed", "preset": "airplane_single", "single_auto": true, "ts": 1783060178.775}
{"armed": false, "event": "idle_disarmed", "preset": "airplane_single", "single_auto": true, "ts": 1783060178.775}
{"armed": false, "event": "idle_disarmed", "preset": "airplane_single", "single_auto": true, "ts": 1783060179.778}
{"armed": false, "event": "idle_disarmed", "preset": "airplane_single", "single_auto": true, "ts": 1783060179.778}
{"armed": false, "event": "idle_disarmed", "preset": "airplane_single", "single_auto": true, "ts": 1783060180.781}
{"armed": false, "event": "idle_disarmed", "preset": "airplane_single", "single_auto": true, "ts": 1783060180.781}
{"armed": false, "event": "idle_disarmed", "preset": "airplane_single", "single_auto": true, "ts": 1783060181.784}
{"armed": false, "event": "idle_disarmed", "preset": "airplane_single", "single_auto": true, "ts": 1783060181.784}
{"armed": false, "event": "idle_disarmed", "preset": "airplane_single", "single_auto": true, "ts": 1783060182.786}
{"armed": false, "event": "idle_disarmed", "preset": "airplane_single", "single_auto": true, "ts": 1783060182.786}
{"armed": false, "event": "idle_disarmed", "preset": "airplane_single", "single_auto": true, "ts": 1783060183.79}
{"armed": false, "event": "idle_disarmed", "preset": "airplane_single", "single_auto": true, "ts": 1783060183.79}
{"armed": false, "event": "idle_disarmed", "preset": "airplane_single", "single_auto": true, "ts": 1783060184.792}
{"armed": false, "event": "idle_disarmed", "preset": "airplane_single", "single_auto": true, "ts": 1783060184.792}
{"armed": false, "event": "idle_disarmed", "preset": "airplane_single", "single_auto": true, "ts": 1783060185.795}
{"armed": false, "event": "idle_disarmed", "preset": "airplane_single", "single_auto": true, "ts": 1783060185.795}
{"armed": false, "event": "idle_disarmed", "preset": "airplane_single", "single_auto": true, "ts": 1783060186.797}
{"armed": false, "event": "idle_disarmed", "preset": "airplane_single", "single_auto": true, "ts": 1783060186.797}
{"armed": false, "event": "idle_disarmed", "preset": "airplane_single", "single_auto": true, "ts": 1783060187.8}
{"armed": false, "event": "idle_disarmed", "preset": "airplane_single", "single_auto": true, "ts": 1783060187.8}
{"armed": false, "event": "idle_disarmed", "preset": "airplane_single", "single_auto": true, "ts": 1783060188.803}
{"armed": false, "event": "idle_disarmed", "preset": "airplane_single", "single_auto": true, "ts": 1783060188.803}
{"armed": false, "event": "idle_disarmed", "preset": "airplane_single", "single_auto": true, "ts": 1783060189.805}
{"armed": false, "event": "idle_disarmed", "preset": "airplane_single", "single_auto": true, "ts": 1783060189.805}
{"armed": false, "event": "idle_disarmed", "preset": "airplane_single", "single_auto": true, "ts": 1783060190.808}
{"armed": false, "event": "idle_disarmed", "preset": "airplane_single", "single_auto": true, "ts": 1783060190.808}
{"armed": false, "event": "idle_disarmed", "preset": "airplane_single", "single_auto": true, "ts": 1783060191.81}
{"armed": false, "event": "idle_disarmed", "preset": "airplane_single", "single_auto": true, "ts": 1783060191.81}
{"armed": false, "event": "idle_disarmed", "preset": "airplane_single", "single_auto": true, "ts": 1783060192.813}
{"armed": false, "event": "idle_disarmed", "preset": "airplane_single", "single_auto": true, "ts": 1783060192.813}
{"armed": false, "event": "idle_disarmed", "preset": "airplane_single", "single_auto": true, "ts": 1783060193.815}
{"armed": false, "event": "idle_disarmed", "preset": "airplane_single", "single_auto": true, "ts": 1783060193.815}
{"armed": false, "event": "idle_disarmed", "preset": "airplane_single", "single_auto": true, "ts": 1783060194.818}
{"armed": false, "event": "idle_disarmed", "preset": "airplane_single", "single_auto": true, "ts": 1783060194.818}
{"armed": false, "event": "idle_disarmed", "preset": "airplane_single", "single_auto": true, "ts": 1783060195.821}
{"armed": false, "event": "idle_disarmed", "preset": "airplane_single", "single_auto": true, "ts": 1783060195.821}
{"armed": false, "event": "idle_disarmed", "preset": "airplane_single", "single_auto": true, "ts": 1783060196.823}
{"armed": false, "event": "idle_disarmed", "preset": "airplane_single", "single_auto": true, "ts": 1783060196.823}
{"armed": false, "event": "idle_disarmed", "preset": "airplane_single", "single_auto": true, "ts": 1783060197.826}
{"armed": false, "event": "idle_disarmed", "preset": "airplane_single", "single_auto": true, "ts": 1783060197.826}
{"armed": false, "event": "idle_disarmed", "preset": "airplane_single", "single_auto": true, "ts": 1783060198.828}
{"armed": false, "event": "idle_disarmed", "preset": "airplane_single", "single_auto": true, "ts": 1783060198.828}
{"armed": false, "event": "idle_disarmed", "preset": "airplane_single", "single_auto": true, "ts": 1783060199.831}
{"armed": false, "event": "idle_disarmed", "preset": "airplane_single", "single_auto": true, "ts": 1783060199.831}
{"armed": false, "event": "idle_disarmed", "preset": "airplane_single", "single_auto": true, "ts": 1783060200.834}
{"armed": false, "event": "idle_disarmed", "preset": "airplane_single", "single_auto": true, "ts": 1783060200.834}
{"armed": false, "event": "idle_disarmed", "preset": "airplane_single", "single_auto": true, "ts": 1783060201.837}
{"armed": false, "event": "idle_disarmed", "preset": "airplane_single", "single_auto": true, "ts": 1783060201.837}
{"armed": false, "event": "idle_disarmed", "preset": "airplane_single", "single_auto": true, "ts": 1783060202.839}
{"armed": false, "event": "idle_disarmed", "preset": "airplane_single", "single_auto": true, "ts": 1783060202.839}
{"armed": false, "event": "idle_disarmed", "preset": "airplane_single", "single_auto": true, "ts": 1783060203.842}
{"armed": false, "event": "idle_disarmed", "preset": "airplane_single", "single_auto": true, "ts": 1783060203.842}
{"armed": false, "event": "idle_disarmed", "preset": "airplane_single", "single_auto": true, "ts": 1783060204.844}
{"armed": false, "event": "idle_disarmed", "preset": "airplane_single", "single_auto": true, "ts": 1783060204.844}
{"armed": false, "event": "idle_disarmed", "preset": "airplane_single", "single_auto": true, "ts": 1783060205.847}
{"armed": false, "event": "idle_disarmed", "preset": "airplane_single", "single_auto": true, "ts": 1783060205.847}
{"armed": false, "event": "idle_disarmed", "preset": "airplane_single", "single_auto": true, "ts": 1783060206.85}
{"armed": false, "event": "idle_disarmed", "preset": "airplane_single", "single_auto": true, "ts": 1783060206.85}
{"armed": false, "event": "idle_disarmed", "preset": "airplane_single", "single_auto": true, "ts": 1783060207.852}
{"armed": false, "event": "idle_disarmed", "preset": "airplane_single", "single_auto": true, "ts": 1783060207.852}
{"armed": false, "event": "idle_disarmed", "preset": "airplane_single", "single_auto": true, "ts": 1783060208.855}
{"armed": false, "event": "idle_disarmed", "preset": "airplane_single", "single_auto": true, "ts": 1783060208.855}
{"armed": false, "event": "idle_disarmed", "preset": "airplane_single", "single_auto": true, "ts": 1783060209.858}
{"armed": false, "event": "idle_disarmed", "preset": "airplane_single", "single_auto": true, "ts": 1783060209.858}
{"armed": false, "event": "idle_disarmed", "preset": "airplane_single", "single_auto": true, "ts": 1783060210.86}
{"armed": false, "event": "idle_disarmed", "preset": "airplane_single", "single_auto": true, "ts": 1783060210.86}
{"armed": false, "event": "idle_disarmed", "preset": "airplane_single", "single_auto": true, "ts": 1783060211.863}
{"armed": false, "event": "idle_disarmed", "preset": "airplane_single", "single_auto": true, "ts": 1783060211.863}
{"armed": false, "event": "idle_disarmed", "preset": "airplane_single", "single_auto": true, "ts": 1783060212.866}
{"armed": false, "event": "idle_disarmed", "preset": "airplane_single", "single_auto": true, "ts": 1783060212.866}
{"armed": false, "event": "idle_disarmed", "preset": "airplane_single", "single_auto": true, "ts": 1783060213.868}
{"armed": false, "event": "idle_disarmed", "preset": "airplane_single", "single_auto": true, "ts": 1783060213.868}
{"armed": false, "event": "idle_disarmed", "preset": "airplane_single", "single_auto": true, "ts": 1783060214.871}
{"armed": false, "event": "idle_disarmed", "preset": "airplane_single", "single_auto": true, "ts": 1783060214.871}
{"armed": false, "event": "idle_disarmed", "preset": "airplane_single", "single_auto": true, "ts": 1783060215.874}
{"armed": false, "event": "idle_disarmed", "preset": "airplane_single", "single_auto": true, "ts": 1783060215.874}
{"armed": false, "event": "idle_disarmed", "preset": "airplane_single", "single_auto": true, "ts": 1783060216.877}
{"armed": false, "event": "idle_disarmed", "preset": "airplane_single", "single_auto": true, "ts": 1783060216.877}
{"armed": false, "event": "idle_disarmed", "preset": "airplane_single", "single_auto": true, "ts": 1783060217.879}
{"armed": false, "event": "idle_disarmed", "preset": "airplane_single", "single_auto": true, "ts": 1783060217.879}
{"armed": false, "event": "idle_disarmed", "preset": "airplane_single", "single_auto": true, "ts": 1783060218.882}
{"armed": false, "event": "idle_disarmed", "preset": "airplane_single", "single_auto": true, "ts": 1783060218.882}
{"armed": false, "event": "idle_disarmed", "preset": "airplane_single", "single_auto": true, "ts": 1783060219.884}
{"armed": false, "event": "idle_disarmed", "preset": "airplane_single", "single_auto": true, "ts": 1783060219.884}
{"armed": false, "event": "idle_disarmed", "preset": "airplane_single", "single_auto": true, "ts": 1783060220.887}
{"armed": false, "event": "idle_disarmed", "preset": "airplane_single", "single_auto": true, "ts": 1783060220.887}
{"armed": false, "event": "idle_disarmed", "preset": "airplane_single", "single_auto": true, "ts": 1783060221.89}
{"armed": false, "event": "idle_disarmed", "preset": "airplane_single", "single_auto": true, "ts": 1783060221.89}
{"armed": false, "event": "idle_disarmed", "preset": "airplane_single", "single_auto": true, "ts": 1783060222.892}
{"armed": false, "event": "idle_disarmed", "preset": "airplane_single", "single_auto": true, "ts": 1783060222.892}
{"armed": false, "event": "idle_disarmed", "preset": "airplane_single", "single_auto": true, "ts": 1783060223.895}
{"armed": false, "event": "idle_disarmed", "preset": "airplane_single", "single_auto": true, "ts": 1783060223.895}
{"armed": false, "event": "idle_disarmed", "preset": "airplane_single", "single_auto": true, "ts": 1783060224.898}
{"armed": false, "event": "idle_disarmed", "preset": "airplane_single", "single_auto": true, "ts": 1783060224.898}
{"armed": false, "event": "idle_disarmed", "preset": "airplane_single", "single_auto": true, "ts": 1783060225.9}
{"armed": false, "event": "idle_disarmed", "preset": "airplane_single", "single_auto": true, "ts": 1783060225.9}
{"armed": false, "event": "idle_disarmed", "preset": "airplane_single", "single_auto": true, "ts": 1783060226.903}
{"armed": false, "event": "idle_disarmed", "preset": "airplane_single", "single_auto": true, "ts": 1783060226.903}
{"armed": false, "event": "idle_disarmed", "preset": "airplane_single", "single_auto": true, "ts": 1783060227.905}
{"armed": false, "event": "idle_disarmed", "preset": "airplane_single", "single_auto": true, "ts": 1783060227.905}
{"armed": false, "event": "idle_disarmed", "preset": "airplane_single", "single_auto": true, "ts": 1783060228.908}
{"armed": false, "event": "idle_disarmed", "preset": "airplane_single", "single_auto": true, "ts": 1783060228.908}
{"armed": false, "event": "idle_disarmed", "preset": "airplane_single", "single_auto": true, "ts": 1783060229.911}
{"armed": false, "event": "idle_disarmed", "preset": "airplane_single", "single_auto": true, "ts": 1783060229.911}
{"armed": false, "event": "idle_disarmed", "preset": "airplane_single", "single_auto": true, "ts": 1783060230.914}
{"armed": false, "event": "idle_disarmed", "preset": "airplane_single", "single_auto": true, "ts": 1783060230.914}
{"armed": false, "event": "idle_disarmed", "preset": "airplane_single", "single_auto": true, "ts": 1783060231.917}
{"armed": false, "event": "idle_disarmed", "preset": "airplane_single", "single_auto": true, "ts": 1783060231.917}
{"armed": false, "event": "idle_disarmed", "preset": "airplane_single", "single_auto": true, "ts": 1783060232.919}
{"armed": false, "event": "idle_disarmed", "preset": "airplane_single", "single_auto": true, "ts": 1783060232.919}
{"armed": false, "event": "idle_disarmed", "preset": "airplane_single", "single_auto": true, "ts": 1783060233.922}
{"armed": false, "event": "idle_disarmed", "preset": "airplane_single", "single_auto": true, "ts": 1783060233.922}
{"armed": false, "event": "idle_disarmed", "preset": "airplane_single", "single_auto": true, "ts": 1783060234.924}
{"armed": false, "event": "idle_disarmed", "preset": "airplane_single", "single_auto": true, "ts": 1783060234.924}
{"armed": false, "event": "idle_disarmed", "preset": "airplane_single", "single_auto": true, "ts": 1783060235.927}
{"armed": false, "event": "idle_disarmed", "preset": "airplane_single", "single_auto": true, "ts": 1783060235.927}
{"armed": false, "event": "idle_disarmed", "preset": "airplane_single", "single_auto": true, "ts": 1783060236.93}
{"armed": false, "event": "idle_disarmed", "preset": "airplane_single", "single_auto": true, "ts": 1783060236.93}
{"armed": false, "event": "idle_disarmed", "preset": "airplane_single", "single_auto": true, "ts": 1783060237.932}
{"armed": false, "event": "idle_disarmed", "preset": "airplane_single", "single_auto": true, "ts": 1783060237.932}
{"armed": false, "event": "idle_disarmed", "preset": "airplane_single", "single_auto": true, "ts": 1783060238.935}
{"armed": false, "event": "idle_disarmed", "preset": "airplane_single", "single_auto": true, "ts": 1783060238.935}
{"armed": false, "event": "idle_disarmed", "preset": "airplane_single", "single_auto": true, "ts": 1783060239.938}
{"armed": false, "event": "idle_disarmed", "preset": "airplane_single", "single_auto": true, "ts": 1783060239.938}
{"armed": false, "event": "idle_disarmed", "preset": "airplane_single", "single_auto": true, "ts": 1783060240.941}
{"armed": false, "event": "idle_disarmed", "preset": "airplane_single", "single_auto": true, "ts": 1783060240.941}
{"armed": false, "event": "idle_disarmed", "preset": "airplane_single", "single_auto": true, "ts": 1783060241.944}
{"armed": false, "event": "idle_disarmed", "preset": "airplane_single", "single_auto": true, "ts": 1783060241.944}
{"armed": false, "event": "idle_disarmed", "preset": "airplane_single", "single_auto": true, "ts": 1783060242.946}
{"armed": false, "event": "idle_disarmed", "preset": "airplane_single", "single_auto": true, "ts": 1783060242.946}
{"armed": false, "event": "idle_disarmed", "preset": "airplane_single", "single_auto": true, "ts": 1783060243.949}
{"armed": false, "event": "idle_disarmed", "preset": "airplane_single", "single_auto": true, "ts": 1783060243.949}
{"armed": false, "event": "idle_disarmed", "preset": "airplane_single", "single_auto": true, "ts": 1783060244.952}
{"armed": false, "event": "idle_disarmed", "preset": "airplane_single", "single_auto": true, "ts": 1783060244.952}
{"armed": false, "event": "idle_disarmed", "preset": "airplane_single", "single_auto": true, "ts": 1783060245.954}
{"armed": false, "event": "idle_disarmed", "preset": "airplane_single", "single_auto": true, "ts": 1783060245.954}
{"armed": false, "event": "idle_disarmed", "preset": "airplane_single", "single_auto": true, "ts": 1783060246.957}
{"armed": false, "event": "idle_disarmed", "preset": "airplane_single", "single_auto": true, "ts": 1783060246.957}
{"armed": false, "event": "idle_disarmed", "preset": "airplane_single", "single_auto": true, "ts": 1783060247.96}
{"armed": false, "event": "idle_disarmed", "preset": "airplane_single", "single_auto": true, "ts": 1783060247.96}
{"armed": false, "event": "idle_disarmed", "preset": "airplane_single", "single_auto": true, "ts": 1783060248.962}
{"armed": false, "event": "idle_disarmed", "preset": "airplane_single", "single_auto": true, "ts": 1783060248.962}
{"armed": false, "event": "idle_disarmed", "preset": "airplane_single", "single_auto": true, "ts": 1783060249.965}
{"armed": false, "event": "idle_disarmed", "preset": "airplane_single", "single_auto": true, "ts": 1783060249.965}
{"armed": false, "event": "idle_disarmed", "preset": "airplane_single", "single_auto": true, "ts": 1783060250.968}
{"armed": false, "event": "idle_disarmed", "preset": "airplane_single", "single_auto": true, "ts": 1783060250.968}
{"armed": false, "event": "idle_disarmed", "preset": "airplane_single", "single_auto": true, "ts": 1783060251.97}
{"armed": false, "event": "idle_disarmed", "preset": "airplane_single", "single_auto": true, "ts": 1783060251.97}
{"armed": false, "event": "idle_disarmed", "preset": "airplane_single", "single_auto": true, "ts": 1783060252.973}
{"armed": false, "event": "idle_disarmed", "preset": "airplane_single", "single_auto": true, "ts": 1783060252.973}
{"armed": false, "event": "idle_disarmed", "preset": "airplane_single", "single_auto": true, "ts": 1783060253.976}
{"armed": false, "event": "idle_disarmed", "preset": "airplane_single", "single_auto": true, "ts": 1783060253.976}
{"armed": false, "event": "idle_disarmed", "preset": "airplane_single", "single_auto": true, "ts": 1783060254.979}
{"armed": false, "event": "idle_disarmed", "preset": "airplane_single", "single_auto": true, "ts": 1783060254.979}
{"armed": false, "event": "idle_disarmed", "preset": "airplane_single", "single_auto": true, "ts": 1783060255.981}
{"armed": false, "event": "idle_disarmed", "preset": "airplane_single", "single_auto": true, "ts": 1783060255.981}
{"armed": false, "event": "idle_disarmed", "preset": "airplane_single", "single_auto": true, "ts": 1783060256.984}
{"armed": false, "event": "idle_disarmed", "preset": "airplane_single", "single_auto": true, "ts": 1783060256.984}
{"armed": false, "event": "idle_disarmed", "preset": "airplane_single", "single_auto": true, "ts": 1783060257.987}
{"armed": false, "event": "idle_disarmed", "preset": "airplane_single", "single_auto": true, "ts": 1783060257.987}
{"armed": false, "event": "idle_disarmed", "preset": "airplane_single", "single_auto": true, "ts": 1783060258.989}
{"armed": false, "event": "idle_disarmed", "preset": "airplane_single", "single_auto": true, "ts": 1783060258.989}
{"armed": false, "event": "idle_disarmed", "preset": "airplane_single", "single_auto": true, "ts": 1783060259.992}
{"armed": false, "event": "idle_disarmed", "preset": "airplane_single", "single_auto": true, "ts": 1783060259.992}
{"armed": false, "event": "idle_disarmed", "preset": "airplane_single", "single_auto": true, "ts": 1783060260.995}
{"armed": false, "event": "idle_disarmed", "preset": "airplane_single", "single_auto": true, "ts": 1783060260.995}
{"armed": false, "event": "idle_disarmed", "preset": "airplane_single", "single_auto": true, "ts": 1783060261.998}
{"armed": false, "event": "idle_disarmed", "preset": "airplane_single", "single_auto": true, "ts": 1783060261.998}
{"armed": false, "event": "idle_disarmed", "preset": "airplane_single", "single_auto": true, "ts": 1783060263.001}
{"armed": false, "event": "idle_disarmed", "preset": "airplane_single", "single_auto": true, "ts": 1783060263.001}
{"armed": false, "event": "idle_disarmed", "preset": "airplane_single", "single_auto": true, "ts": 1783060264.003}
{"armed": false, "event": "idle_disarmed", "preset": "airplane_single", "single_auto": true, "ts": 1783060264.003}
{"armed": false, "event": "idle_disarmed", "preset": "airplane_single", "single_auto": true, "ts": 1783060265.006}
{"armed": false, "event": "idle_disarmed", "preset": "airplane_single", "single_auto": true, "ts": 1783060265.006}
{"armed": false, "event": "idle_disarmed", "preset": "airplane_single", "single_auto": true, "ts": 1783060266.009}
{"armed": false, "event": "idle_disarmed", "preset": "airplane_single", "single_auto": true, "ts": 1783060266.009}
{"armed": false, "event": "idle_disarmed", "preset": "airplane_single", "single_auto": true, "ts": 1783060267.012}
{"armed": false, "event": "idle_disarmed", "preset": "airplane_single", "single_auto": true, "ts": 1783060267.012}
{"armed": false, "event": "idle_disarmed", "preset": "airplane_single", "single_auto": true, "ts": 1783060268.014}
{"armed": false, "event": "idle_disarmed", "preset": "airplane_single", "single_auto": true, "ts": 1783060268.014}
{"armed": false, "event": "idle_disarmed", "preset": "airplane_single", "single_auto": true, "ts": 1783060269.017}
{"armed": false, "event": "idle_disarmed", "preset": "airplane_single", "single_auto": true, "ts": 1783060269.017}
{"armed": false, "event": "idle_disarmed", "preset": "airplane_single", "single_auto": true, "ts": 1783060270.02}
{"armed": false, "event": "idle_disarmed", "preset": "airplane_single", "single_auto": true, "ts": 1783060270.02}
{"armed": false, "event": "idle_disarmed", "preset": "airplane_single", "single_auto": true, "ts": 1783060271.022}
{"armed": false, "event": "idle_disarmed", "preset": "airplane_single", "single_auto": true, "ts": 1783060271.022}
{"armed": false, "event": "idle_disarmed", "preset": "airplane_single", "single_auto": true, "ts": 1783060272.025}
{"armed": false, "event": "idle_disarmed", "preset": "airplane_single", "single_auto": true, "ts": 1783060272.025}
{"armed": false, "event": "idle_disarmed", "preset": "airplane_single", "single_auto": true, "ts": 1783060273.028}
{"armed": false, "event": "idle_disarmed", "preset": "airplane_single", "single_auto": true, "ts": 1783060273.028}
{"armed": false, "event": "idle_disarmed", "preset": "airplane_single", "single_auto": true, "ts": 1783060274.031}
{"armed": false, "event": "idle_disarmed", "preset": "airplane_single", "single_auto": true, "ts": 1783060274.031}
{"armed": false, "event": "idle_disarmed", "preset": "airplane_single", "single_auto": true, "ts": 1783060275.033}
{"armed": false, "event": "idle_disarmed", "preset": "airplane_single", "single_auto": true, "ts": 1783060275.033}
{"armed": false, "event": "idle_disarmed", "preset": "airplane_single", "single_auto": true, "ts": 1783060276.037}
{"armed": false, "event": "idle_disarmed", "preset": "airplane_single", "single_auto": true, "ts": 1783060276.037}
{"armed": false, "event": "idle_disarmed", "preset": "airplane_single", "single_auto": true, "ts": 1783060277.039}
{"armed": false, "event": "idle_disarmed", "preset": "airplane_single", "single_auto": true, "ts": 1783060277.039}
{"armed": false, "event": "idle_disarmed", "preset": "airplane_single", "single_auto": true, "ts": 1783060278.042}
{"armed": false, "event": "idle_disarmed", "preset": "airplane_single", "single_auto": true, "ts": 1783060278.042}
{"armed": false, "event": "idle_disarmed", "preset": "airplane_single", "single_auto": true, "ts": 1783060279.045}
{"armed": false, "event": "idle_disarmed", "preset": "airplane_single", "single_auto": true, "ts": 1783060279.045}
{"armed": false, "event": "idle_disarmed", "preset": "airplane_single", "single_auto": true, "ts": 1783060280.047}
{"armed": false, "event": "idle_disarmed", "preset": "airplane_single", "single_auto": true, "ts": 1783060280.047}
{"armed": false, "event": "idle_disarmed", "preset": "airplane_single", "single_auto": true, "ts": 1783060281.05}
{"armed": false, "event": "idle_disarmed", "preset": "airplane_single", "single_auto": true, "ts": 1783060281.05}
{"armed": false, "event": "idle_disarmed", "preset": "airplane_single", "single_auto": true, "ts": 1783060282.052}
{"armed": false, "event": "idle_disarmed", "preset": "airplane_single", "single_auto": true, "ts": 1783060282.052}
{"armed": false, "event": "idle_disarmed", "preset": "airplane_single", "single_auto": true, "ts": 1783060283.055}
{"armed": false, "event": "idle_disarmed", "preset": "airplane_single", "single_auto": true, "ts": 1783060283.055}
{"armed": false, "event": "idle_disarmed", "preset": "airplane_single", "single_auto": true, "ts": 1783060284.058}
{"armed": false, "event": "idle_disarmed", "preset": "airplane_single", "single_auto": true, "ts": 1783060284.058}
{"armed": false, "event": "idle_disarmed", "preset": "airplane_single", "single_auto": true, "ts": 1783060285.06}
{"armed": false, "event": "idle_disarmed", "preset": "airplane_single", "single_auto": true, "ts": 1783060285.06}
{"armed": false, "event": "idle_disarmed", "preset": "airplane_single", "single_auto": true, "ts": 1783060286.063}
{"armed": false, "event": "idle_disarmed", "preset": "airplane_single", "single_auto": true, "ts": 1783060286.063}
{"armed": false, "event": "idle_disarmed", "preset": "airplane_single", "single_auto": true, "ts": 1783060287.066}
{"armed": false, "event": "idle_disarmed", "preset": "airplane_single", "single_auto": true, "ts": 1783060287.066}
{"armed": false, "event": "idle_disarmed", "preset": "airplane_single", "single_auto": true, "ts": 1783060288.068}
{"armed": false, "event": "idle_disarmed", "preset": "airplane_single", "single_auto": true, "ts": 1783060288.068}
{"armed": false, "event": "idle_disarmed", "preset": "airplane_single", "single_auto": true, "ts": 1783060289.071}
{"armed": false, "event": "idle_disarmed", "preset": "airplane_single", "single_auto": true, "ts": 1783060289.071}
{"armed": false, "event": "idle_disarmed", "preset": "airplane_single", "single_auto": true, "ts": 1783060290.074}
{"armed": false, "event": "idle_disarmed", "preset": "airplane_single", "single_auto": true, "ts": 1783060290.074}
{"armed": false, "event": "idle_disarmed", "preset": "airplane_single", "single_auto": true, "ts": 1783060291.077}
{"armed": false, "event": "idle_disarmed", "preset": "airplane_single", "single_auto": true, "ts": 1783060291.077}
{"armed": false, "event": "idle_disarmed", "preset": "airplane_single", "single_auto": true, "ts": 1783060292.079}
{"armed": false, "event": "idle_disarmed", "preset": "airplane_single", "single_auto": true, "ts": 1783060292.079}
{"armed": false, "event": "idle_disarmed", "preset": "airplane_single", "single_auto": true, "ts": 1783060293.082}
{"armed": false, "event": "idle_disarmed", "preset": "airplane_single", "single_auto": true, "ts": 1783060293.082}
{"armed": false, "event": "idle_disarmed", "preset": "airplane_single", "single_auto": true, "ts": 1783060294.085}
{"armed": false, "event": "idle_disarmed", "preset": "airplane_single", "single_auto": true, "ts": 1783060294.085}
{"armed": false, "event": "idle_disarmed", "preset": "airplane_single", "single_auto": true, "ts": 1783060295.087}
{"armed": false, "event": "idle_disarmed", "preset": "airplane_single", "single_auto": true, "ts": 1783060295.087}
{"armed": false, "event": "idle_disarmed", "preset": "airplane_single", "single_auto": true, "ts": 1783060296.09}
{"armed": false, "event": "idle_disarmed", "preset": "airplane_single", "single_auto": true, "ts": 1783060296.09}
{"armed": false, "event": "idle_disarmed", "preset": "airplane_single", "single_auto": true, "ts": 1783060297.093}
{"armed": false, "event": "idle_disarmed", "preset": "airplane_single", "single_auto": true, "ts": 1783060297.093}
{"armed": false, "event": "idle_disarmed", "preset": "airplane_single", "single_auto": true, "ts": 1783060298.096}
{"armed": false, "event": "idle_disarmed", "preset": "airplane_single", "single_auto": true, "ts": 1783060298.096}
{"armed": false, "event": "idle_disarmed", "preset": "airplane_single", "single_auto": true, "ts": 1783060299.099}
{"armed": false, "event": "idle_disarmed", "preset": "airplane_single", "single_auto": true, "ts": 1783060299.099}
{"armed": false, "event": "idle_disarmed", "preset": "airplane_single", "single_auto": true, "ts": 1783060300.102}
{"armed": false, "event": "idle_disarmed", "preset": "airplane_single", "single_auto": true, "ts": 1783060300.102}
{"armed": false, "event": "idle_disarmed", "preset": "airplane_single", "single_auto": true, "ts": 1783060301.105}
{"armed": false, "event": "idle_disarmed", "preset": "airplane_single", "single_auto": true, "ts": 1783060301.105}
{"armed": false, "event": "idle_disarmed", "preset": "airplane_single", "single_auto": true, "ts": 1783060302.107}
{"armed": false, "event": "idle_disarmed", "preset": "airplane_single", "single_auto": true, "ts": 1783060302.107}
{"armed": false, "event": "idle_disarmed", "preset": "airplane_single", "single_auto": true, "ts": 1783060303.11}
{"armed": false, "event": "idle_disarmed", "preset": "airplane_single", "single_auto": true, "ts": 1783060303.11}
{"armed": false, "event": "idle_disarmed", "preset": "airplane_single", "single_auto": true, "ts": 1783060304.113}
{"armed": false, "event": "idle_disarmed", "preset": "airplane_single", "single_auto": true, "ts": 1783060304.113}
{"armed": false, "event": "idle_disarmed", "preset": "airplane_single", "single_auto": true, "ts": 1783060305.115}
{"armed": false, "event": "idle_disarmed", "preset": "airplane_single", "single_auto": true, "ts": 1783060305.115}
{"armed": false, "event": "idle_disarmed", "preset": "airplane_single", "single_auto": true, "ts": 1783060306.118}
{"armed": false, "event": "idle_disarmed", "preset": "airplane_single", "single_auto": true, "ts": 1783060306.118}
{"armed": false, "event": "idle_disarmed", "preset": "airplane_single", "single_auto": true, "ts": 1783060307.121}
{"armed": false, "event": "idle_disarmed", "preset": "airplane_single", "single_auto": true, "ts": 1783060307.121}
{"armed": false, "event": "idle_disarmed", "preset": "airplane_single", "single_auto": true, "ts": 1783060308.124}
{"armed": false, "event": "idle_disarmed", "preset": "airplane_single", "single_auto": true, "ts": 1783060308.124}
{"armed": false, "event": "idle_disarmed", "preset": "airplane_single", "single_auto": true, "ts": 1783060309.127}
{"armed": false, "event": "idle_disarmed", "preset": "airplane_single", "single_auto": true, "ts": 1783060309.127}
{"armed": false, "event": "idle_disarmed", "preset": "airplane_single", "single_auto": true, "ts": 1783060310.13}
{"armed": false, "event": "idle_disarmed", "preset": "airplane_single", "single_auto": true, "ts": 1783060310.13}
{"armed": false, "event": "idle_disarmed", "preset": "airplane_single", "single_auto": true, "ts": 1783060311.132}
{"armed": false, "event": "idle_disarmed", "preset": "airplane_single", "single_auto": true, "ts": 1783060311.132}
{"armed": false, "event": "idle_disarmed", "preset": "airplane_single", "single_auto": true, "ts": 1783060312.135}
{"armed": false, "event": "idle_disarmed", "preset": "airplane_single", "single_auto": true, "ts": 1783060312.135}
{"armed": false, "event": "idle_disarmed", "preset": "airplane_single", "single_auto": true, "ts": 1783060313.138}
{"armed": false, "event": "idle_disarmed", "preset": "airplane_single", "single_auto": true, "ts": 1783060313.138}
{"armed": false, "event": "idle_disarmed", "preset": "airplane_single", "single_auto": true, "ts": 1783060314.14}
{"armed": false, "event": "idle_disarmed", "preset": "airplane_single", "single_auto": true, "ts": 1783060314.14}
{"armed": false, "event": "idle_disarmed", "preset": "airplane_single", "single_auto": true, "ts": 1783060315.143}
{"armed": false, "event": "idle_disarmed", "preset": "airplane_single", "single_auto": true, "ts": 1783060315.143}
{"armed": false, "event": "idle_disarmed", "preset": "airplane_single", "single_auto": true, "ts": 1783060316.146}
{"armed": false, "event": "idle_disarmed", "preset": "airplane_single", "single_auto": true, "ts": 1783060316.146}
{"armed": false, "event": "idle_disarmed", "preset": "airplane_single", "single_auto": true, "ts": 1783060317.148}
{"armed": false, "event": "idle_disarmed", "preset": "airplane_single", "single_auto": true, "ts": 1783060317.148}
{"armed": false, "event": "idle_disarmed", "preset": "airplane_single", "single_auto": true, "ts": 1783060318.151}
{"armed": false, "event": "idle_disarmed", "preset": "airplane_single", "single_auto": true, "ts": 1783060318.151}
{"armed": false, "event": "idle_disarmed", "preset": "airplane_single", "single_auto": true, "ts": 1783060319.154}
{"armed": false, "event": "idle_disarmed", "preset": "airplane_single", "single_auto": true, "ts": 1783060319.154}
{"armed": false, "event": "idle_disarmed", "preset": "airplane_single", "single_auto": true, "ts": 1783060320.157}
{"armed": false, "event": "idle_disarmed", "preset": "airplane_single", "single_auto": true, "ts": 1783060320.157}
{"armed": false, "event": "idle_disarmed", "preset": "airplane_single", "single_auto": true, "ts": 1783060321.159}
{"armed": false, "event": "idle_disarmed", "preset": "airplane_single", "single_auto": true, "ts": 1783060321.159}
{"armed": false, "event": "idle_disarmed", "preset": "airplane_single", "single_auto": true, "ts": 1783060322.162}
{"armed": false, "event": "idle_disarmed", "preset": "airplane_single", "single_auto": true, "ts": 1783060322.162}
{"armed": false, "event": "idle_disarmed", "preset": "airplane_single", "single_auto": true, "ts": 1783060323.165}
{"armed": false, "event": "idle_disarmed", "preset": "airplane_single", "single_auto": true, "ts": 1783060323.165}
{"armed": false, "event": "idle_disarmed", "preset": "airplane_single", "single_auto": true, "ts": 1783060324.167}
{"armed": false, "event": "idle_disarmed", "preset": "airplane_single", "single_auto": true, "ts": 1783060324.167}
{"armed": false, "event": "idle_disarmed", "preset": "airplane_single", "single_auto": true, "ts": 1783060325.17}
{"armed": false, "event": "idle_disarmed", "preset": "airplane_single", "single_auto": true, "ts": 1783060325.17}
{"armed": false, "event": "idle_disarmed", "preset": "airplane_single", "single_auto": true, "ts": 1783060326.173}
{"armed": false, "event": "idle_disarmed", "preset": "airplane_single", "single_auto": true, "ts": 1783060326.173}
{"armed": false, "event": "idle_disarmed", "preset": "airplane_single", "single_auto": true, "ts": 1783060327.175}
{"armed": false, "event": "idle_disarmed", "preset": "airplane_single", "single_auto": true, "ts": 1783060327.175}
{"armed": false, "event": "idle_disarmed", "preset": "airplane_single", "single_auto": true, "ts": 1783060328.178}
{"armed": false, "event": "idle_disarmed", "preset": "airplane_single", "single_auto": true, "ts": 1783060328.178}
{"armed": false, "event": "idle_disarmed", "preset": "airplane_single", "single_auto": true, "ts": 1783060329.181}
{"armed": false, "event": "idle_disarmed", "preset": "airplane_single", "single_auto": true, "ts": 1783060329.181}
{"armed": false, "event": "idle_disarmed", "preset": "airplane_single", "single_auto": true, "ts": 1783060330.184}
{"armed": false, "event": "idle_disarmed", "preset": "airplane_single", "single_auto": true, "ts": 1783060330.184}
{"armed": false, "event": "idle_disarmed", "preset": "airplane_single", "single_auto": true, "ts": 1783060331.186}
{"armed": false, "event": "idle_disarmed", "preset": "airplane_single", "single_auto": true, "ts": 1783060331.186}
{"armed": false, "event": "idle_disarmed", "preset": "airplane_single", "single_auto": true, "ts": 1783060332.189}
{"armed": false, "event": "idle_disarmed", "preset": "airplane_single", "single_auto": true, "ts": 1783060332.189}
{"armed": false, "event": "idle_disarmed", "preset": "airplane_single", "single_auto": true, "ts": 1783060333.192}
{"armed": false, "event": "idle_disarmed", "preset": "airplane_single", "single_auto": true, "ts": 1783060333.192}
{"armed": false, "event": "idle_disarmed", "preset": "airplane_single", "single_auto": true, "ts": 1783060334.195}
{"armed": false, "event": "idle_disarmed", "preset": "airplane_single", "single_auto": true, "ts": 1783060334.195}
{"armed": false, "event": "idle_disarmed", "preset": "airplane_single", "single_auto": true, "ts": 1783060335.197}
{"armed": false, "event": "idle_disarmed", "preset": "airplane_single", "single_auto": true, "ts": 1783060335.197}
{"armed": false, "event": "idle_disarmed", "preset": "airplane_single", "single_auto": true, "ts": 1783060336.2}
{"armed": false, "event": "idle_disarmed", "preset": "airplane_single", "single_auto": true, "ts": 1783060336.2}
{"armed": false, "event": "idle_disarmed", "preset": "airplane_single", "single_auto": true, "ts": 1783060337.203}
{"armed": false, "event": "idle_disarmed", "preset": "airplane_single", "single_auto": true, "ts": 1783060337.203}
{"armed": false, "event": "idle_disarmed", "preset": "airplane_single", "single_auto": true, "ts": 1783060338.207}
{"armed": false, "event": "idle_disarmed", "preset": "airplane_single", "single_auto": true, "ts": 1783060338.207}
{"armed": false, "event": "idle_disarmed", "preset": "airplane_single", "single_auto": true, "ts": 1783060339.209}
{"armed": false, "event": "idle_disarmed", "preset": "airplane_single", "single_auto": true, "ts": 1783060339.209}
{"armed": false, "event": "idle_disarmed", "preset": "airplane_single", "single_auto": true, "ts": 1783060340.212}
{"armed": false, "event": "idle_disarmed", "preset": "airplane_single", "single_auto": true, "ts": 1783060340.212}
{"armed": false, "event": "idle_disarmed", "preset": "airplane_single", "single_auto": true, "ts": 1783060341.215}
{"armed": false, "event": "idle_disarmed", "preset": "airplane_single", "single_auto": true, "ts": 1783060341.215}
{"armed": false, "event": "idle_disarmed", "preset": "airplane_single", "single_auto": true, "ts": 1783060342.217}
{"armed": false, "event": "idle_disarmed", "preset": "airplane_single", "single_auto": true, "ts": 1783060342.217}
{"armed": false, "event": "idle_disarmed", "preset": "airplane_single", "single_auto": true, "ts": 1783060343.22}
{"armed": false, "event": "idle_disarmed", "preset": "airplane_single", "single_auto": true, "ts": 1783060343.22}
{"armed": false, "event": "idle_disarmed", "preset": "airplane_single", "single_auto": true, "ts": 1783060344.223}
{"armed": false, "event": "idle_disarmed", "preset": "airplane_single", "single_auto": true, "ts": 1783060344.223}
{"armed": false, "event": "idle_disarmed", "preset": "airplane_single", "single_auto": true, "ts": 1783060345.226}
{"armed": false, "event": "idle_disarmed", "preset": "airplane_single", "single_auto": true, "ts": 1783060345.226}
{"armed": false, "event": "idle_disarmed", "preset": "airplane_single", "single_auto": true, "ts": 1783060346.228}
{"armed": false, "event": "idle_disarmed", "preset": "airplane_single", "single_auto": true, "ts": 1783060346.228}
{"armed": false, "event": "idle_disarmed", "preset": "airplane_single", "single_auto": true, "ts": 1783060347.231}
{"armed": false, "event": "idle_disarmed", "preset": "airplane_single", "single_auto": true, "ts": 1783060347.231}
{"armed": false, "event": "idle_disarmed", "preset": "airplane_single", "single_auto": true, "ts": 1783060348.233}
{"armed": false, "event": "idle_disarmed", "preset": "airplane_single", "single_auto": true, "ts": 1783060348.233}
{"armed": false, "event": "idle_disarmed", "preset": "airplane_single", "single_auto": true, "ts": 1783060349.236}
{"armed": false, "event": "idle_disarmed", "preset": "airplane_single", "single_auto": true, "ts": 1783060349.236}
{"armed": false, "event": "idle_disarmed", "preset": "airplane_single", "single_auto": true, "ts": 1783060350.239}
{"armed": false, "event": "idle_disarmed", "preset": "airplane_single", "single_auto": true, "ts": 1783060350.239}
{"armed": false, "event": "idle_disarmed", "preset": "airplane_single", "single_auto": true, "ts": 1783060351.241}
{"armed": false, "event": "idle_disarmed", "preset": "airplane_single", "single_auto": true, "ts": 1783060351.241}
{"armed": false, "event": "idle_disarmed", "preset": "airplane_single", "single_auto": true, "ts": 1783060352.244}
{"armed": false, "event": "idle_disarmed", "preset": "airplane_single", "single_auto": true, "ts": 1783060352.244}
{"armed": false, "event": "idle_disarmed", "preset": "airplane_single", "single_auto": true, "ts": 1783060353.246}
{"armed": false, "event": "idle_disarmed", "preset": "airplane_single", "single_auto": true, "ts": 1783060353.246}
{"armed": false, "event": "idle_disarmed", "preset": "airplane_single", "single_auto": true, "ts": 1783060354.249}
{"armed": false, "event": "idle_disarmed", "preset": "airplane_single", "single_auto": true, "ts": 1783060354.249}
{"armed": false, "event": "idle_disarmed", "preset": "airplane_single", "single_auto": true, "ts": 1783060355.252}
{"armed": false, "event": "idle_disarmed", "preset": "airplane_single", "single_auto": true, "ts": 1783060355.252}
{"armed": false, "event": "idle_disarmed", "preset": "airplane_single", "single_auto": true, "ts": 1783060356.254}
{"armed": false, "event": "idle_disarmed", "preset": "airplane_single", "single_auto": true, "ts": 1783060356.254}
{"armed": false, "event": "idle_disarmed", "preset": "airplane_single", "single_auto": true, "ts": 1783060357.257}
{"armed": false, "event": "idle_disarmed", "preset": "airplane_single", "single_auto": true, "ts": 1783060357.257}
{"armed": false, "event": "idle_disarmed", "preset": "airplane_single", "single_auto": true, "ts": 1783060358.26}
{"armed": false, "event": "idle_disarmed", "preset": "airplane_single", "single_auto": true, "ts": 1783060358.26}
{"armed": false, "event": "idle_disarmed", "preset": "airplane_single", "single_auto": true, "ts": 1783060359.262}
{"armed": false, "event": "idle_disarmed", "preset": "airplane_single", "single_auto": true, "ts": 1783060359.262}
{"armed": false, "event": "idle_disarmed", "preset": "airplane_single", "single_auto": true, "ts": 1783060360.265}
{"armed": false, "event": "idle_disarmed", "preset": "airplane_single", "single_auto": true, "ts": 1783060360.265}
{"armed": false, "event": "idle_disarmed", "preset": "airplane_single", "single_auto": true, "ts": 1783060361.267}
{"armed": false, "event": "idle_disarmed", "preset": "airplane_single", "single_auto": true, "ts": 1783060361.267}
{"armed": false, "event": "idle_disarmed", "preset": "airplane_single", "single_auto": true, "ts": 1783060362.27}
{"armed": false, "event": "idle_disarmed", "preset": "airplane_single", "single_auto": true, "ts": 1783060362.27}
{"armed": false, "event": "idle_disarmed", "preset": "airplane_single", "single_auto": true, "ts": 1783060363.273}
{"armed": false, "event": "idle_disarmed", "preset": "airplane_single", "single_auto": true, "ts": 1783060363.273}
{"armed": false, "event": "idle_disarmed", "preset": "airplane_single", "single_auto": true, "ts": 1783060364.275}
{"armed": false, "event": "idle_disarmed", "preset": "airplane_single", "single_auto": true, "ts": 1783060364.275}
{"armed": false, "event": "idle_disarmed", "preset": "airplane_single", "single_auto": true, "ts": 1783060365.278}
{"armed": false, "event": "idle_disarmed", "preset": "airplane_single", "single_auto": true, "ts": 1783060365.278}
{"armed": false, "event": "idle_disarmed", "preset": "airplane_single", "single_auto": true, "ts": 1783060366.281}
{"armed": false, "event": "idle_disarmed", "preset": "airplane_single", "single_auto": true, "ts": 1783060366.281}
{"armed": false, "event": "idle_disarmed", "preset": "airplane_single", "single_auto": true, "ts": 1783060367.283}
{"armed": false, "event": "idle_disarmed", "preset": "airplane_single", "single_auto": true, "ts": 1783060367.283}
{"armed": false, "event": "idle_disarmed", "preset": "airplane_single", "single_auto": true, "ts": 1783060368.286}
{"armed": false, "event": "idle_disarmed", "preset": "airplane_single", "single_auto": true, "ts": 1783060368.286}
{"armed": false, "event": "idle_disarmed", "preset": "airplane_single", "single_auto": true, "ts": 1783060369.289}
{"armed": false, "event": "idle_disarmed", "preset": "airplane_single", "single_auto": true, "ts": 1783060369.289}
{"armed": false, "event": "idle_disarmed", "preset": "airplane_single", "single_auto": true, "ts": 1783060370.292}
{"armed": false, "event": "idle_disarmed", "preset": "airplane_single", "single_auto": true, "ts": 1783060370.292}
{"armed": false, "event": "idle_disarmed", "preset": "airplane_single", "single_auto": true, "ts": 1783060371.294}
{"armed": false, "event": "idle_disarmed", "preset": "airplane_single", "single_auto": true, "ts": 1783060371.294}
{"armed": false, "event": "idle_disarmed", "preset": "airplane_single", "single_auto": true, "ts": 1783060372.297}
{"armed": false, "event": "idle_disarmed", "preset": "airplane_single", "single_auto": true, "ts": 1783060372.297}
{"armed": false, "event": "idle_disarmed", "preset": "airplane_single", "single_auto": true, "ts": 1783060373.3}
{"armed": false, "event": "idle_disarmed", "preset": "airplane_single", "single_auto": true, "ts": 1783060373.3}
{"armed": false, "event": "idle_disarmed", "preset": "airplane_single", "single_auto": true, "ts": 1783060374.302}
{"armed": false, "event": "idle_disarmed", "preset": "airplane_single", "single_auto": true, "ts": 1783060374.302}
{"armed": false, "event": "idle_disarmed", "preset": "airplane_single", "single_auto": true, "ts": 1783060375.305}
{"armed": false, "event": "idle_disarmed", "preset": "airplane_single", "single_auto": true, "ts": 1783060375.305}
{"armed": false, "event": "idle_disarmed", "preset": "airplane_single", "single_auto": true, "ts": 1783060376.307}
{"armed": false, "event": "idle_disarmed", "preset": "airplane_single", "single_auto": true, "ts": 1783060376.307}
{"armed": false, "event": "idle_disarmed", "preset": "airplane_single", "single_auto": true, "ts": 1783060377.31}
{"armed": false, "event": "idle_disarmed", "preset": "airplane_single", "single_auto": true, "ts": 1783060377.31}
{"armed": false, "event": "idle_disarmed", "preset": "airplane_single", "single_auto": true, "ts": 1783060378.313}
{"armed": false, "event": "idle_disarmed", "preset": "airplane_single", "single_auto": true, "ts": 1783060378.313}
{"armed": false, "event": "idle_disarmed", "preset": "airplane_single", "single_auto": true, "ts": 1783060379.315}
{"armed": false, "event": "idle_disarmed", "preset": "airplane_single", "single_auto": true, "ts": 1783060379.315}
{"armed": false, "event": "idle_disarmed", "preset": "airplane_single", "single_auto": true, "ts": 1783060380.318}
{"armed": false, "event": "idle_disarmed", "preset": "airplane_single", "single_auto": true, "ts": 1783060380.318}
{"armed": false, "event": "idle_disarmed", "preset": "airplane_single", "single_auto": true, "ts": 1783060381.321}
{"armed": false, "event": "idle_disarmed", "preset": "airplane_single", "single_auto": true, "ts": 1783060381.321}
{"armed": false, "event": "idle_disarmed", "preset": "airplane_single", "single_auto": true, "ts": 1783060382.323}
{"armed": false, "event": "idle_disarmed", "preset": "airplane_single", "single_auto": true, "ts": 1783060382.323}
{"armed": false, "event": "idle_disarmed", "preset": "airplane_single", "single_auto": true, "ts": 1783060383.326}
{"armed": false, "event": "idle_disarmed", "preset": "airplane_single", "single_auto": true, "ts": 1783060383.326}
{"armed": false, "event": "idle_disarmed", "preset": "airplane_single", "single_auto": true, "ts": 1783060384.329}
{"armed": false, "event": "idle_disarmed", "preset": "airplane_single", "single_auto": true, "ts": 1783060384.329}
{"armed": false, "event": "idle_disarmed", "preset": "airplane_single", "single_auto": true, "ts": 1783060385.331}
{"armed": false, "event": "idle_disarmed", "preset": "airplane_single", "single_auto": true, "ts": 1783060385.331}
{"armed": false, "event": "idle_disarmed", "preset": "airplane_single", "single_auto": true, "ts": 1783060386.334}
{"armed": false, "event": "idle_disarmed", "preset": "airplane_single", "single_auto": true, "ts": 1783060386.334}
{"armed": false, "event": "idle_disarmed", "preset": "airplane_single", "single_auto": true, "ts": 1783060387.337}
{"armed": false, "event": "idle_disarmed", "preset": "airplane_single", "single_auto": true, "ts": 1783060387.337}
{"armed": false, "event": "idle_disarmed", "preset": "airplane_single", "single_auto": true, "ts": 1783060388.339}
{"armed": false, "event": "idle_disarmed", "preset": "airplane_single", "single_auto": true, "ts": 1783060388.339}
{"armed": false, "event": "idle_disarmed", "preset": "airplane_single", "single_auto": true, "ts": 1783060389.342}
{"armed": false, "event": "idle_disarmed", "preset": "airplane_single", "single_auto": true, "ts": 1783060389.342}
{"armed": false, "event": "idle_disarmed", "preset": "airplane_single", "single_auto": true, "ts": 1783060390.344}
{"armed": false, "event": "idle_disarmed", "preset": "airplane_single", "single_auto": true, "ts": 1783060390.344}
{"armed": false, "event": "idle_disarmed", "preset": "airplane_single", "single_auto": true, "ts": 1783060391.348}
{"armed": false, "event": "idle_disarmed", "preset": "airplane_single", "single_auto": true, "ts": 1783060391.348}
{"armed": false, "event": "idle_disarmed", "preset": "airplane_single", "single_auto": true, "ts": 1783060392.351}
{"armed": false, "event": "idle_disarmed", "preset": "airplane_single", "single_auto": true, "ts": 1783060392.351}
{"armed": false, "event": "idle_disarmed", "preset": "airplane_single", "single_auto": true, "ts": 1783060393.354}
{"armed": false, "event": "idle_disarmed", "preset": "airplane_single", "single_auto": true, "ts": 1783060393.354}
{"armed": false, "event": "idle_disarmed", "preset": "airplane_single", "single_auto": true, "ts": 1783060394.356}
{"armed": false, "event": "idle_disarmed", "preset": "airplane_single", "single_auto": true, "ts": 1783060394.356}
{"armed": false, "event": "idle_disarmed", "preset": "airplane_single", "single_auto": true, "ts": 1783060395.359}
{"armed": false, "event": "idle_disarmed", "preset": "airplane_single", "single_auto": true, "ts": 1783060395.359}
{"armed": false, "event": "idle_disarmed", "preset": "airplane_single", "single_auto": true, "ts": 1783060396.362}
{"armed": false, "event": "idle_disarmed", "preset": "airplane_single", "single_auto": true, "ts": 1783060396.362}
{"armed": false, "event": "idle_disarmed", "preset": "airplane_single", "single_auto": true, "ts": 1783060397.364}
{"armed": false, "event": "idle_disarmed", "preset": "airplane_single", "single_auto": true, "ts": 1783060397.364}
{"armed": false, "event": "idle_disarmed", "preset": "airplane_single", "single_auto": true, "ts": 1783060398.367}
{"armed": false, "event": "idle_disarmed", "preset": "airplane_single", "single_auto": true, "ts": 1783060398.367}
{"armed": false, "event": "idle_disarmed", "preset": "airplane_single", "single_auto": true, "ts": 1783060399.369}
{"armed": false, "event": "idle_disarmed", "preset": "airplane_single", "single_auto": true, "ts": 1783060399.369}
{"armed": false, "event": "idle_disarmed", "preset": "airplane_single", "single_auto": true, "ts": 1783060400.372}
{"armed": false, "event": "idle_disarmed", "preset": "airplane_single", "single_auto": true, "ts": 1783060400.372}
{"armed": false, "event": "idle_disarmed", "preset": "airplane_single", "single_auto": true, "ts": 1783060401.375}
{"armed": false, "event": "idle_disarmed", "preset": "airplane_single", "single_auto": true, "ts": 1783060401.375}
{"armed": false, "event": "idle_disarmed", "preset": "airplane_single", "single_auto": true, "ts": 1783060402.377}
{"armed": false, "event": "idle_disarmed", "preset": "airplane_single", "single_auto": true, "ts": 1783060402.377}
{"armed": false, "event": "idle_disarmed", "preset": "airplane_single", "single_auto": true, "ts": 1783060403.38}
{"armed": false, "event": "idle_disarmed", "preset": "airplane_single", "single_auto": true, "ts": 1783060403.38}
{"armed": false, "event": "idle_disarmed", "preset": "airplane_single", "single_auto": true, "ts": 1783060404.383}
{"armed": false, "event": "idle_disarmed", "preset": "airplane_single", "single_auto": true, "ts": 1783060404.383}
{"armed": false, "event": "idle_disarmed", "preset": "airplane_single", "single_auto": true, "ts": 1783060405.385}
{"armed": false, "event": "idle_disarmed", "preset": "airplane_single", "single_auto": true, "ts": 1783060405.385}
{"armed": false, "event": "idle_disarmed", "preset": "airplane_single", "single_auto": true, "ts": 1783060406.388}
{"armed": false, "event": "idle_disarmed", "preset": "airplane_single", "single_auto": true, "ts": 1783060406.388}
{"armed": false, "event": "idle_disarmed", "preset": "airplane_single", "single_auto": true, "ts": 1783060407.391}
{"armed": false, "event": "idle_disarmed", "preset": "airplane_single", "single_auto": true, "ts": 1783060407.391}
{"armed": false, "event": "idle_disarmed", "preset": "airplane_single", "single_auto": true, "ts": 1783060408.393}
{"armed": false, "event": "idle_disarmed", "preset": "airplane_single", "single_auto": true, "ts": 1783060408.393}
{"armed": false, "event": "idle_disarmed", "preset": "airplane_single", "single_auto": true, "ts": 1783060409.396}
{"armed": false, "event": "idle_disarmed", "preset": "airplane_single", "single_auto": true, "ts": 1783060409.396}
{"armed": false, "event": "idle_disarmed", "preset": "airplane_single", "single_auto": true, "ts": 1783060410.399}
{"armed": false, "event": "idle_disarmed", "preset": "airplane_single", "single_auto": true, "ts": 1783060410.399}
{"armed": false, "event": "idle_disarmed", "preset": "airplane_single", "single_auto": true, "ts": 1783060411.401}
{"armed": false, "event": "idle_disarmed", "preset": "airplane_single", "single_auto": true, "ts": 1783060411.401}
{"armed": false, "event": "idle_disarmed", "preset": "airplane_single", "single_auto": true, "ts": 1783060412.404}
{"armed": false, "event": "idle_disarmed", "preset": "airplane_single", "single_auto": true, "ts": 1783060412.404}
{"armed": false, "event": "idle_disarmed", "preset": "airplane_single", "single_auto": true, "ts": 1783060413.407}
{"armed": false, "event": "idle_disarmed", "preset": "airplane_single", "single_auto": true, "ts": 1783060413.407}
{"armed": false, "event": "idle_disarmed", "preset": "airplane_single", "single_auto": true, "ts": 1783060414.41}
{"armed": false, "event": "idle_disarmed", "preset": "airplane_single", "single_auto": true, "ts": 1783060414.41}
{"armed": false, "event": "idle_disarmed", "preset": "airplane_single", "single_auto": true, "ts": 1783060415.412}
{"armed": false, "event": "idle_disarmed", "preset": "airplane_single", "single_auto": true, "ts": 1783060415.412}
{"armed": false, "event": "idle_disarmed", "preset": "airplane_single", "single_auto": true, "ts": 1783060416.415}
{"armed": false, "event": "idle_disarmed", "preset": "airplane_single", "single_auto": true, "ts": 1783060416.415}
{"armed": false, "event": "idle_disarmed", "preset": "airplane_single", "single_auto": true, "ts": 1783060417.418}
{"armed": false, "event": "idle_disarmed", "preset": "airplane_single", "single_auto": true, "ts": 1783060417.418}
{"armed": false, "event": "idle_disarmed", "preset": "airplane_single", "single_auto": true, "ts": 1783060418.42}
{"armed": false, "event": "idle_disarmed", "preset": "airplane_single", "single_auto": true, "ts": 1783060418.42}
{"armed": false, "event": "idle_disarmed", "preset": "airplane_single", "single_auto": true, "ts": 1783060419.423}
{"armed": false, "event": "idle_disarmed", "preset": "airplane_single", "single_auto": true, "ts": 1783060419.423}
{"armed": false, "event": "idle_disarmed", "preset": "airplane_single", "single_auto": true, "ts": 1783060420.426}
{"armed": false, "event": "idle_disarmed", "preset": "airplane_single", "single_auto": true, "ts": 1783060420.426}
{"armed": false, "event": "idle_disarmed", "preset": "airplane_single", "single_auto": true, "ts": 1783060421.429}
{"armed": false, "event": "idle_disarmed", "preset": "airplane_single", "single_auto": true, "ts": 1783060421.429}
{"armed": false, "event": "idle_disarmed", "preset": "airplane_single", "single_auto": true, "ts": 1783060422.431}
{"armed": false, "event": "idle_disarmed", "preset": "airplane_single", "single_auto": true, "ts": 1783060422.431}
{"armed": false, "event": "idle_disarmed", "preset": "airplane_single", "single_auto": true, "ts": 1783060423.434}
{"armed": false, "event": "idle_disarmed", "preset": "airplane_single", "single_auto": true, "ts": 1783060423.434}
{"armed": false, "event": "idle_disarmed", "preset": "airplane_single", "single_auto": true, "ts": 1783060424.436}
{"armed": false, "event": "idle_disarmed", "preset": "airplane_single", "single_auto": true, "ts": 1783060424.436}
{"armed": false, "event": "idle_disarmed", "preset": "airplane_single", "single_auto": true, "ts": 1783060425.439}
{"armed": false, "event": "idle_disarmed", "preset": "airplane_single", "single_auto": true, "ts": 1783060425.439}
{"armed": false, "event": "idle_disarmed", "preset": "airplane_single", "single_auto": true, "ts": 1783060426.442}
{"armed": false, "event": "idle_disarmed", "preset": "airplane_single", "single_auto": true, "ts": 1783060426.442}
{"armed": false, "event": "idle_disarmed", "preset": "airplane_single", "single_auto": true, "ts": 1783060427.444}
{"armed": false, "event": "idle_disarmed", "preset": "airplane_single", "single_auto": true, "ts": 1783060427.444}
{"armed": false, "event": "idle_disarmed", "preset": "airplane_single", "single_auto": true, "ts": 1783060428.448}
{"armed": false, "event": "idle_disarmed", "preset": "airplane_single", "single_auto": true, "ts": 1783060428.448}
{"armed": false, "event": "idle_disarmed", "preset": "airplane_single", "single_auto": true, "ts": 1783060429.451}
{"armed": false, "event": "idle_disarmed", "preset": "airplane_single", "single_auto": true, "ts": 1783060429.451}
{"armed": false, "event": "idle_disarmed", "preset": "airplane_single", "single_auto": true, "ts": 1783060430.454}
{"armed": false, "event": "idle_disarmed", "preset": "airplane_single", "single_auto": true, "ts": 1783060430.454}
{"armed": false, "event": "idle_disarmed", "preset": "airplane_single", "single_auto": true, "ts": 1783060431.456}
{"armed": false, "event": "idle_disarmed", "preset": "airplane_single", "single_auto": true, "ts": 1783060431.456}
{"armed": false, "event": "idle_disarmed", "preset": "airplane_single", "single_auto": true, "ts": 1783060432.459}
{"armed": false, "event": "idle_disarmed", "preset": "airplane_single", "single_auto": true, "ts": 1783060432.459}
{"armed": false, "event": "idle_disarmed", "preset": "airplane_single", "single_auto": true, "ts": 1783060433.462}
{"armed": false, "event": "idle_disarmed", "preset": "airplane_single", "single_auto": true, "ts": 1783060433.462}
{"armed": false, "event": "idle_disarmed", "preset": "airplane_single", "single_auto": true, "ts": 1783060434.465}
{"armed": false, "event": "idle_disarmed", "preset": "airplane_single", "single_auto": true, "ts": 1783060434.465}
{"armed": false, "event": "idle_disarmed", "preset": "airplane_single", "single_auto": true, "ts": 1783060435.467}
{"armed": false, "event": "idle_disarmed", "preset": "airplane_single", "single_auto": true, "ts": 1783060435.467}
{"armed": false, "event": "idle_disarmed", "preset": "airplane_single", "single_auto": true, "ts": 1783060436.47}
{"armed": false, "event": "idle_disarmed", "preset": "airplane_single", "single_auto": true, "ts": 1783060436.47}
{"armed": false, "event": "idle_disarmed", "preset": "airplane_single", "single_auto": true, "ts": 1783060437.473}
{"armed": false, "event": "idle_disarmed", "preset": "airplane_single", "single_auto": true, "ts": 1783060437.473}
{"armed": false, "event": "idle_disarmed", "preset": "airplane_single", "single_auto": true, "ts": 1783060438.476}
{"armed": false, "event": "idle_disarmed", "preset": "airplane_single", "single_auto": true, "ts": 1783060438.476}
{"armed": false, "event": "idle_disarmed", "preset": "airplane_single", "single_auto": true, "ts": 1783060439.48}
{"armed": false, "event": "idle_disarmed", "preset": "airplane_single", "single_auto": true, "ts": 1783060439.48}
{"armed": false, "event": "idle_disarmed", "preset": "airplane_single", "single_auto": true, "ts": 1783060440.483}
{"armed": false, "event": "idle_disarmed", "preset": "airplane_single", "single_auto": true, "ts": 1783060440.483}
{"armed": false, "event": "idle_disarmed", "preset": "airplane_single", "single_auto": true, "ts": 1783060441.485}
{"armed": false, "event": "idle_disarmed", "preset": "airplane_single", "single_auto": true, "ts": 1783060441.485}
{"armed": false, "event": "idle_disarmed", "preset": "airplane_single", "single_auto": true, "ts": 1783060442.488}
{"armed": false, "event": "idle_disarmed", "preset": "airplane_single", "single_auto": true, "ts": 1783060442.488}
{"armed": false, "event": "idle_disarmed", "preset": "airplane_single", "single_auto": true, "ts": 1783060443.49}
{"armed": false, "event": "idle_disarmed", "preset": "airplane_single", "single_auto": true, "ts": 1783060443.49}
{"armed": false, "event": "idle_disarmed", "preset": "airplane_single", "single_auto": true, "ts": 1783060444.493}
{"armed": false, "event": "idle_disarmed", "preset": "airplane_single", "single_auto": true, "ts": 1783060444.493}
{"armed": false, "event": "idle_disarmed", "preset": "airplane_single", "single_auto": true, "ts": 1783060445.495}
{"armed": false, "event": "idle_disarmed", "preset": "airplane_single", "single_auto": true, "ts": 1783060445.495}
{"armed": false, "event": "idle_disarmed", "preset": "airplane_single", "single_auto": true, "ts": 1783060446.498}
{"armed": false, "event": "idle_disarmed", "preset": "airplane_single", "single_auto": true, "ts": 1783060446.498}
{"armed": false, "event": "idle_disarmed", "preset": "airplane_single", "single_auto": true, "ts": 1783060447.502}
{"armed": false, "event": "idle_disarmed", "preset": "airplane_single", "single_auto": true, "ts": 1783060447.502}
{"armed": false, "event": "idle_disarmed", "preset": "airplane_single", "single_auto": true, "ts": 1783060448.505}
{"armed": false, "event": "idle_disarmed", "preset": "airplane_single", "single_auto": true, "ts": 1783060448.505}
{"armed": false, "event": "idle_disarmed", "preset": "airplane_single", "single_auto": true, "ts": 1783060449.507}
{"armed": false, "event": "idle_disarmed", "preset": "airplane_single", "single_auto": true, "ts": 1783060449.507}
{"armed": false, "event": "idle_disarmed", "preset": "airplane_single", "single_auto": true, "ts": 1783060450.51}
{"armed": false, "event": "idle_disarmed", "preset": "airplane_single", "single_auto": true, "ts": 1783060450.51}
{"armed": false, "event": "idle_disarmed", "preset": "airplane_single", "single_auto": true, "ts": 1783060451.513}
{"armed": false, "event": "idle_disarmed", "preset": "airplane_single", "single_auto": true, "ts": 1783060451.513}
{"armed": false, "event": "idle_disarmed", "preset": "airplane_single", "single_auto": true, "ts": 1783060452.515}
{"armed": false, "event": "idle_disarmed", "preset": "airplane_single", "single_auto": true, "ts": 1783060452.515}
{"armed": false, "event": "idle_disarmed", "preset": "airplane_single", "single_auto": true, "ts": 1783060453.518}
{"armed": false, "event": "idle_disarmed", "preset": "airplane_single", "single_auto": true, "ts": 1783060453.518}
{"armed": false, "event": "idle_disarmed", "preset": "airplane_single", "single_auto": true, "ts": 1783060454.52}
{"armed": false, "event": "idle_disarmed", "preset": "airplane_single", "single_auto": true, "ts": 1783060454.52}
{"armed": false, "event": "idle_disarmed", "preset": "airplane_single", "single_auto": true, "ts": 1783060455.523}
{"armed": false, "event": "idle_disarmed", "preset": "airplane_single", "single_auto": true, "ts": 1783060455.523}
{"armed": false, "event": "idle_disarmed", "preset": "airplane_single", "single_auto": true, "ts": 1783060456.526}
{"armed": false, "event": "idle_disarmed", "preset": "airplane_single", "single_auto": true, "ts": 1783060456.526}
{"armed": false, "event": "idle_disarmed", "preset": "airplane_single", "single_auto": true, "ts": 1783060457.528}
{"armed": false, "event": "idle_disarmed", "preset": "airplane_single", "single_auto": true, "ts": 1783060457.528}
{"armed": false, "event": "idle_disarmed", "preset": "airplane_single", "single_auto": true, "ts": 1783060458.531}
{"armed": false, "event": "idle_disarmed", "preset": "airplane_single", "single_auto": true, "ts": 1783060458.531}
{"armed": false, "event": "idle_disarmed", "preset": "airplane_single", "single_auto": true, "ts": 1783060459.533}
{"armed": false, "event": "idle_disarmed", "preset": "airplane_single", "single_auto": true, "ts": 1783060459.533}
{"armed": false, "event": "idle_disarmed", "preset": "airplane_single", "single_auto": true, "ts": 1783060460.536}
{"armed": false, "event": "idle_disarmed", "preset": "airplane_single", "single_auto": true, "ts": 1783060460.536}
{"armed": false, "event": "idle_disarmed", "preset": "airplane_single", "single_auto": true, "ts": 1783060461.539}
{"armed": false, "event": "idle_disarmed", "preset": "airplane_single", "single_auto": true, "ts": 1783060461.539}
{"armed": false, "event": "idle_disarmed", "preset": "airplane_single", "single_auto": true, "ts": 1783060462.542}
{"armed": false, "event": "idle_disarmed", "preset": "airplane_single", "single_auto": true, "ts": 1783060462.542}
{"armed": false, "event": "idle_disarmed", "preset": "airplane_single", "single_auto": true, "ts": 1783060463.544}
{"armed": false, "event": "idle_disarmed", "preset": "airplane_single", "single_auto": true, "ts": 1783060463.544}
{"armed": false, "event": "idle_disarmed", "preset": "airplane_single", "single_auto": true, "ts": 1783060464.547}
{"armed": false, "event": "idle_disarmed", "preset": "airplane_single", "single_auto": true, "ts": 1783060464.547}
{"armed": false, "event": "idle_disarmed", "preset": "airplane_single", "single_auto": true, "ts": 1783060465.549}
{"armed": false, "event": "idle_disarmed", "preset": "airplane_single", "single_auto": true, "ts": 1783060465.549}
{"armed": false, "event": "idle_disarmed", "preset": "airplane_single", "single_auto": true, "ts": 1783060466.552}
{"armed": false, "event": "idle_disarmed", "preset": "airplane_single", "single_auto": true, "ts": 1783060466.552}
{"armed": false, "event": "idle_disarmed", "preset": "airplane_single", "single_auto": true, "ts": 1783060467.555}
{"armed": false, "event": "idle_disarmed", "preset": "airplane_single", "single_auto": true, "ts": 1783060467.555}
{"armed": false, "event": "idle_disarmed", "preset": "airplane_single", "single_auto": true, "ts": 1783060468.557}
{"armed": false, "event": "idle_disarmed", "preset": "airplane_single", "single_auto": true, "ts": 1783060468.557}
{"armed": false, "event": "idle_disarmed", "preset": "airplane_single", "single_auto": true, "ts": 1783060469.56}
{"armed": false, "event": "idle_disarmed", "preset": "airplane_single", "single_auto": true, "ts": 1783060469.56}
{"armed": false, "event": "idle_disarmed", "preset": "airplane_single", "single_auto": true, "ts": 1783060470.563}
{"armed": false, "event": "idle_disarmed", "preset": "airplane_single", "single_auto": true, "ts": 1783060470.563}
{"armed": false, "event": "idle_disarmed", "preset": "airplane_single", "single_auto": true, "ts": 1783060471.565}
{"armed": false, "event": "idle_disarmed", "preset": "airplane_single", "single_auto": true, "ts": 1783060471.565}
{"armed": false, "event": "idle_disarmed", "preset": "airplane_single", "single_auto": true, "ts": 1783060472.568}
{"armed": false, "event": "idle_disarmed", "preset": "airplane_single", "single_auto": true, "ts": 1783060472.568}
{"armed": false, "event": "idle_disarmed", "preset": "airplane_single", "single_auto": true, "ts": 1783060473.571}
{"armed": false, "event": "idle_disarmed", "preset": "airplane_single", "single_auto": true, "ts": 1783060473.571}
{"armed": false, "event": "idle_disarmed", "preset": "airplane_single", "single_auto": true, "ts": 1783060474.573}
{"armed": false, "event": "idle_disarmed", "preset": "airplane_single", "single_auto": true, "ts": 1783060474.573}
{"armed": false, "event": "idle_disarmed", "preset": "airplane_single", "single_auto": true, "ts": 1783060475.576}
{"armed": false, "event": "idle_disarmed", "preset": "airplane_single", "single_auto": true, "ts": 1783060475.576}
{"armed": false, "event": "idle_disarmed", "preset": "airplane_single", "single_auto": true, "ts": 1783060476.579}
{"armed": false, "event": "idle_disarmed", "preset": "airplane_single", "single_auto": true, "ts": 1783060476.579}
{"armed": false, "event": "idle_disarmed", "preset": "airplane_single", "single_auto": true, "ts": 1783060477.582}
{"armed": false, "event": "idle_disarmed", "preset": "airplane_single", "single_auto": true, "ts": 1783060477.582}
{"armed": false, "event": "idle_disarmed", "preset": "airplane_single", "single_auto": true, "ts": 1783060478.584}
{"armed": false, "event": "idle_disarmed", "preset": "airplane_single", "single_auto": true, "ts": 1783060478.584}
{"armed": false, "event": "idle_disarmed", "preset": "airplane_single", "single_auto": true, "ts": 1783060479.587}
{"armed": false, "event": "idle_disarmed", "preset": "airplane_single", "single_auto": true, "ts": 1783060479.587}
{"armed": false, "event": "idle_disarmed", "preset": "airplane_single", "single_auto": true, "ts": 1783060480.59}
{"armed": false, "event": "idle_disarmed", "preset": "airplane_single", "single_auto": true, "ts": 1783060480.59}
{"armed": false, "event": "idle_disarmed", "preset": "airplane_single", "single_auto": true, "ts": 1783060481.592}
{"armed": false, "event": "idle_disarmed", "preset": "airplane_single", "single_auto": true, "ts": 1783060481.592}
{"armed": false, "event": "idle_disarmed", "preset": "airplane_single", "single_auto": true, "ts": 1783060482.595}
{"armed": false, "event": "idle_disarmed", "preset": "airplane_single", "single_auto": true, "ts": 1783060482.595}
{"armed": false, "event": "idle_disarmed", "preset": "airplane_single", "single_auto": true, "ts": 1783060483.598}
{"armed": false, "event": "idle_disarmed", "preset": "airplane_single", "single_auto": true, "ts": 1783060483.598}
{"armed": false, "event": "idle_disarmed", "preset": "airplane_single", "single_auto": true, "ts": 1783060484.601}
{"armed": false, "event": "idle_disarmed", "preset": "airplane_single", "single_auto": true, "ts": 1783060484.601}
{"armed": false, "event": "idle_disarmed", "preset": "airplane_single", "single_auto": true, "ts": 1783060485.604}
{"armed": false, "event": "idle_disarmed", "preset": "airplane_single", "single_auto": true, "ts": 1783060485.604}
{"armed": false, "event": "idle_disarmed", "preset": "airplane_single", "single_auto": true, "ts": 1783060486.606}
{"armed": false, "event": "idle_disarmed", "preset": "airplane_single", "single_auto": true, "ts": 1783060486.606}
{"armed": false, "event": "idle_disarmed", "preset": "airplane_single", "single_auto": true, "ts": 1783060487.609}
{"armed": false, "event": "idle_disarmed", "preset": "airplane_single", "single_auto": true, "ts": 1783060487.609}
{"armed": false, "event": "idle_disarmed", "preset": "airplane_single", "single_auto": true, "ts": 1783060488.611}
{"armed": false, "event": "idle_disarmed", "preset": "airplane_single", "single_auto": true, "ts": 1783060488.611}
{"armed": false, "event": "idle_disarmed", "preset": "airplane_single", "single_auto": true, "ts": 1783060489.614}
{"armed": false, "event": "idle_disarmed", "preset": "airplane_single", "single_auto": true, "ts": 1783060489.614}
{"armed": false, "event": "idle_disarmed", "preset": "airplane_single", "single_auto": true, "ts": 1783060490.617}
{"armed": false, "event": "idle_disarmed", "preset": "airplane_single", "single_auto": true, "ts": 1783060490.617}
{"armed": false, "event": "idle_disarmed", "preset": "airplane_single", "single_auto": true, "ts": 1783060491.619}
{"armed": false, "event": "idle_disarmed", "preset": "airplane_single", "single_auto": true, "ts": 1783060491.619}
{"armed": false, "event": "idle_disarmed", "preset": "airplane_single", "single_auto": true, "ts": 1783060492.622}
{"armed": false, "event": "idle_disarmed", "preset": "airplane_single", "single_auto": true, "ts": 1783060492.622}
{"armed": false, "event": "idle_disarmed", "preset": "airplane_single", "single_auto": true, "ts": 1783060493.625}
{"armed": false, "event": "idle_disarmed", "preset": "airplane_single", "single_auto": true, "ts": 1783060493.625}
{"armed": false, "event": "idle_disarmed", "preset": "airplane_single", "single_auto": true, "ts": 1783060494.627}
{"armed": false, "event": "idle_disarmed", "preset": "airplane_single", "single_auto": true, "ts": 1783060494.627}
{"armed": false, "event": "idle_disarmed", "preset": "airplane_single", "single_auto": true, "ts": 1783060495.63}
{"armed": false, "event": "idle_disarmed", "preset": "airplane_single", "single_auto": true, "ts": 1783060495.63}
{"armed": false, "event": "idle_disarmed", "preset": "airplane_single", "single_auto": true, "ts": 1783060496.632}
{"armed": false, "event": "idle_disarmed", "preset": "airplane_single", "single_auto": true, "ts": 1783060496.632}
{"armed": false, "event": "idle_disarmed", "preset": "airplane_single", "single_auto": true, "ts": 1783060497.635}
{"armed": false, "event": "idle_disarmed", "preset": "airplane_single", "single_auto": true, "ts": 1783060497.635}
{"armed": false, "event": "idle_disarmed", "preset": "airplane_single", "single_auto": true, "ts": 1783060498.638}
{"armed": false, "event": "idle_disarmed", "preset": "airplane_single", "single_auto": true, "ts": 1783060498.638}
{"armed": false, "event": "idle_disarmed", "preset": "airplane_single", "single_auto": true, "ts": 1783060499.64}
{"armed": false, "event": "idle_disarmed", "preset": "airplane_single", "single_auto": true, "ts": 1783060499.64}
{"armed": false, "event": "idle_disarmed", "preset": "airplane_single", "single_auto": true, "ts": 1783060500.643}
{"armed": false, "event": "idle_disarmed", "preset": "airplane_single", "single_auto": true, "ts": 1783060500.643}
{"armed": false, "event": "idle_disarmed", "preset": "airplane_single", "single_auto": true, "ts": 1783060501.646}
{"armed": false, "event": "idle_disarmed", "preset": "airplane_single", "single_auto": true, "ts": 1783060501.646}
{"armed": false, "event": "idle_disarmed", "preset": "airplane_single", "single_auto": true, "ts": 1783060502.648}
{"armed": false, "event": "idle_disarmed", "preset": "airplane_single", "single_auto": true, "ts": 1783060502.648}
{"armed": false, "event": "idle_disarmed", "preset": "airplane_single", "single_auto": true, "ts": 1783060503.651}
{"armed": false, "event": "idle_disarmed", "preset": "airplane_single", "single_auto": true, "ts": 1783060503.651}
{"armed": false, "event": "idle_disarmed", "preset": "airplane_single", "single_auto": true, "ts": 1783060504.653}
{"armed": false, "event": "idle_disarmed", "preset": "airplane_single", "single_auto": true, "ts": 1783060504.653}
{"armed": false, "event": "idle_disarmed", "preset": "airplane_single", "single_auto": true, "ts": 1783060505.656}
{"armed": false, "event": "idle_disarmed", "preset": "airplane_single", "single_auto": true, "ts": 1783060505.656}
{"armed": false, "event": "idle_disarmed", "preset": "airplane_single", "single_auto": true, "ts": 1783060506.659}
{"armed": false, "event": "idle_disarmed", "preset": "airplane_single", "single_auto": true, "ts": 1783060506.659}
{"armed": false, "event": "idle_disarmed", "preset": "airplane_single", "single_auto": true, "ts": 1783060507.661}
{"armed": false, "event": "idle_disarmed", "preset": "airplane_single", "single_auto": true, "ts": 1783060507.661}
{"armed": false, "event": "idle_disarmed", "preset": "airplane_single", "single_auto": true, "ts": 1783060508.664}
{"armed": false, "event": "idle_disarmed", "preset": "airplane_single", "single_auto": true, "ts": 1783060508.664}
{"armed": false, "event": "idle_disarmed", "preset": "airplane_single", "single_auto": true, "ts": 1783060509.667}
{"armed": false, "event": "idle_disarmed", "preset": "airplane_single", "single_auto": true, "ts": 1783060509.667}
{"armed": false, "event": "idle_disarmed", "preset": "airplane_single", "single_auto": true, "ts": 1783060510.669}
{"armed": false, "event": "idle_disarmed", "preset": "airplane_single", "single_auto": true, "ts": 1783060510.669}
{"armed": false, "event": "idle_disarmed", "preset": "airplane_single", "single_auto": true, "ts": 1783060511.672}
{"armed": false, "event": "idle_disarmed", "preset": "airplane_single", "single_auto": true, "ts": 1783060511.672}
{"armed": false, "event": "idle_disarmed", "preset": "airplane_single", "single_auto": true, "ts": 1783060512.675}
{"armed": false, "event": "idle_disarmed", "preset": "airplane_single", "single_auto": true, "ts": 1783060512.675}
{"armed": false, "event": "idle_disarmed", "preset": "airplane_single", "single_auto": true, "ts": 1783060513.677}
{"armed": false, "event": "idle_disarmed", "preset": "airplane_single", "single_auto": true, "ts": 1783060513.677}
{"armed": false, "event": "idle_disarmed", "preset": "airplane_single", "single_auto": true, "ts": 1783060514.68}
{"armed": false, "event": "idle_disarmed", "preset": "airplane_single", "single_auto": true, "ts": 1783060514.68}
{"armed": false, "event": "idle_disarmed", "preset": "airplane_single", "single_auto": true, "ts": 1783060515.683}
{"armed": false, "event": "idle_disarmed", "preset": "airplane_single", "single_auto": true, "ts": 1783060515.683}
{"armed": false, "event": "idle_disarmed", "preset": "airplane_single", "single_auto": true, "ts": 1783060516.685}
{"armed": false, "event": "idle_disarmed", "preset": "airplane_single", "single_auto": true, "ts": 1783060516.685}
{"armed": false, "event": "idle_disarmed", "preset": "airplane_single", "single_auto": true, "ts": 1783060517.688}
{"armed": false, "event": "idle_disarmed", "preset": "airplane_single", "single_auto": true, "ts": 1783060517.688}
{"armed": false, "event": "idle_disarmed", "preset": "airplane_single", "single_auto": true, "ts": 1783060518.69}
{"armed": false, "event": "idle_disarmed", "preset": "airplane_single", "single_auto": true, "ts": 1783060518.69}
{"armed": false, "event": "idle_disarmed", "preset": "airplane_single", "single_auto": true, "ts": 1783060519.693}
{"armed": false, "event": "idle_disarmed", "preset": "airplane_single", "single_auto": true, "ts": 1783060519.693}
{"armed": false, "event": "idle_disarmed", "preset": "airplane_single", "single_auto": true, "ts": 1783060520.696}
{"armed": false, "event": "idle_disarmed", "preset": "airplane_single", "single_auto": true, "ts": 1783060520.696}
{"armed": false, "event": "idle_disarmed", "preset": "airplane_single", "single_auto": true, "ts": 1783060521.698}
{"armed": false, "event": "idle_disarmed", "preset": "airplane_single", "single_auto": true, "ts": 1783060521.698}
{"armed": false, "event": "idle_disarmed", "preset": "airplane_single", "single_auto": true, "ts": 1783060522.701}
{"armed": false, "event": "idle_disarmed", "preset": "airplane_single", "single_auto": true, "ts": 1783060522.701}
{"armed": false, "event": "idle_disarmed", "preset": "airplane_single", "single_auto": true, "ts": 1783060523.704}
{"armed": false, "event": "idle_disarmed", "preset": "airplane_single", "single_auto": true, "ts": 1783060523.704}
{"armed": false, "event": "idle_disarmed", "preset": "airplane_single", "single_auto": true, "ts": 1783060524.706}
{"armed": false, "event": "idle_disarmed", "preset": "airplane_single", "single_auto": true, "ts": 1783060524.706}
{"armed": false, "event": "idle_disarmed", "preset": "airplane_single", "single_auto": true, "ts": 1783060525.709}
{"armed": false, "event": "idle_disarmed", "preset": "airplane_single", "single_auto": true, "ts": 1783060525.709}
{"armed": false, "event": "idle_disarmed", "preset": "airplane_single", "single_auto": true, "ts": 1783060526.712}
{"armed": false, "event": "idle_disarmed", "preset": "airplane_single", "single_auto": true, "ts": 1783060526.712}
{"armed": false, "event": "idle_disarmed", "preset": "airplane_single", "single_auto": true, "ts": 1783060527.715}
{"armed": false, "event": "idle_disarmed", "preset": "airplane_single", "single_auto": true, "ts": 1783060527.715}
{"armed": false, "event": "idle_disarmed", "preset": "airplane_single", "single_auto": true, "ts": 1783060528.717}
{"armed": false, "event": "idle_disarmed", "preset": "airplane_single", "single_auto": true, "ts": 1783060528.717}
{"armed": false, "event": "idle_disarmed", "preset": "airplane_single", "single_auto": true, "ts": 1783060529.729}
{"armed": false, "event": "idle_disarmed", "preset": "airplane_single", "single_auto": true, "ts": 1783060529.729}
{"armed": false, "event": "idle_disarmed", "preset": "airplane_single", "single_auto": true, "ts": 1783060530.732}
{"armed": false, "event": "idle_disarmed", "preset": "airplane_single", "single_auto": true, "ts": 1783060530.732}
{"armed": false, "event": "idle_disarmed", "preset": "airplane_single", "single_auto": true, "ts": 1783060531.734}
{"armed": false, "event": "idle_disarmed", "preset": "airplane_single", "single_auto": true, "ts": 1783060531.734}
{"armed": false, "event": "idle_disarmed", "preset": "airplane_single", "single_auto": true, "ts": 1783060532.736}
{"armed": false, "event": "idle_disarmed", "preset": "airplane_single", "single_auto": true, "ts": 1783060532.736}
{"armed": false, "event": "idle_disarmed", "preset": "airplane_single", "single_auto": true, "ts": 1783060533.739}
{"armed": false, "event": "idle_disarmed", "preset": "airplane_single", "single_auto": true, "ts": 1783060533.739}
{"armed": false, "event": "idle_disarmed", "preset": "airplane_single", "single_auto": true, "ts": 1783060534.741}
{"armed": false, "event": "idle_disarmed", "preset": "airplane_single", "single_auto": true, "ts": 1783060534.741}
{"armed": false, "event": "idle_disarmed", "preset": "airplane_single", "single_auto": true, "ts": 1783060535.743}
{"armed": false, "event": "idle_disarmed", "preset": "airplane_single", "single_auto": true, "ts": 1783060535.743}
{"armed": false, "event": "idle_disarmed", "preset": "airplane_single", "single_auto": true, "ts": 1783060536.746}
{"armed": false, "event": "idle_disarmed", "preset": "airplane_single", "single_auto": true, "ts": 1783060536.746}
{"armed": false, "event": "idle_disarmed", "preset": "airplane_single", "single_auto": true, "ts": 1783060537.748}
{"armed": false, "event": "idle_disarmed", "preset": "airplane_single", "single_auto": true, "ts": 1783060537.748}
{"armed": false, "event": "idle_disarmed", "preset": "airplane_single", "single_auto": true, "ts": 1783060538.751}
{"armed": false, "event": "idle_disarmed", "preset": "airplane_single", "single_auto": true, "ts": 1783060538.751}
{"armed": false, "event": "idle_disarmed", "preset": "airplane_single", "single_auto": true, "ts": 1783060539.753}
{"armed": false, "event": "idle_disarmed", "preset": "airplane_single", "single_auto": true, "ts": 1783060539.753}
{"armed": false, "event": "idle_disarmed", "preset": "airplane_single", "single_auto": true, "ts": 1783060540.756}
{"armed": false, "event": "idle_disarmed", "preset": "airplane_single", "single_auto": true, "ts": 1783060540.756}
{"armed": false, "event": "idle_disarmed", "preset": "airplane_single", "single_auto": true, "ts": 1783060541.758}
{"armed": false, "event": "idle_disarmed", "preset": "airplane_single", "single_auto": true, "ts": 1783060541.758}
{"armed": false, "event": "idle_disarmed", "preset": "airplane_single", "single_auto": true, "ts": 1783060542.761}
{"armed": false, "event": "idle_disarmed", "preset": "airplane_single", "single_auto": true, "ts": 1783060542.761}
{"armed": false, "event": "idle_disarmed", "preset": "airplane_single", "single_auto": true, "ts": 1783060543.763}
{"armed": false, "event": "idle_disarmed", "preset": "airplane_single", "single_auto": true, "ts": 1783060543.763}
{"armed": false, "event": "idle_disarmed", "preset": "airplane_single", "single_auto": true, "ts": 1783060544.766}
{"armed": false, "event": "idle_disarmed", "preset": "airplane_single", "single_auto": true, "ts": 1783060544.766}
{"armed": false, "event": "idle_disarmed", "preset": "airplane_single", "single_auto": true, "ts": 1783060545.768}
{"armed": false, "event": "idle_disarmed", "preset": "airplane_single", "single_auto": true, "ts": 1783060545.768}
{"armed": false, "event": "idle_disarmed", "preset": "airplane_single", "single_auto": true, "ts": 1783060546.77}
{"armed": false, "event": "idle_disarmed", "preset": "airplane_single", "single_auto": true, "ts": 1783060546.77}
{"armed": false, "event": "idle_disarmed", "preset": "airplane_single", "single_auto": true, "ts": 1783060547.773}
{"armed": false, "event": "idle_disarmed", "preset": "airplane_single", "single_auto": true, "ts": 1783060547.773}
{"armed": false, "event": "idle_disarmed", "preset": "airplane_single", "single_auto": true, "ts": 1783060548.776}
{"armed": false, "event": "idle_disarmed", "preset": "airplane_single", "single_auto": true, "ts": 1783060548.776}
{"armed": false, "event": "idle_disarmed", "preset": "airplane_single", "single_auto": true, "ts": 1783060549.778}
{"armed": false, "event": "idle_disarmed", "preset": "airplane_single", "single_auto": true, "ts": 1783060549.778}
{"armed": false, "event": "idle_disarmed", "preset": "airplane_single", "single_auto": true, "ts": 1783060550.781}
{"armed": false, "event": "idle_disarmed", "preset": "airplane_single", "single_auto": true, "ts": 1783060550.781}
{"armed": false, "event": "idle_disarmed", "preset": "airplane_single", "single_auto": true, "ts": 1783060551.784}
{"armed": false, "event": "idle_disarmed", "preset": "airplane_single", "single_auto": true, "ts": 1783060551.784}
{"armed": false, "event": "idle_disarmed", "preset": "airplane_single", "single_auto": true, "ts": 1783060552.787}
{"armed": false, "event": "idle_disarmed", "preset": "airplane_single", "single_auto": true, "ts": 1783060552.787}
{"armed": false, "event": "idle_disarmed", "preset": "airplane_single", "single_auto": true, "ts": 1783060553.789}
{"armed": false, "event": "idle_disarmed", "preset": "airplane_single", "single_auto": true, "ts": 1783060553.789}
{"armed": false, "event": "idle_disarmed", "preset": "airplane_single", "single_auto": true, "ts": 1783060554.792}
{"armed": false, "event": "idle_disarmed", "preset": "airplane_single", "single_auto": true, "ts": 1783060554.792}
{"armed": false, "event": "idle_disarmed", "preset": "airplane_single", "single_auto": true, "ts": 1783060555.795}
{"armed": false, "event": "idle_disarmed", "preset": "airplane_single", "single_auto": true, "ts": 1783060555.795}
{"armed": false, "event": "idle_disarmed", "preset": "airplane_single", "single_auto": true, "ts": 1783060556.797}
{"armed": false, "event": "idle_disarmed", "preset": "airplane_single", "single_auto": true, "ts": 1783060556.797}
{"armed": false, "event": "idle_disarmed", "preset": "airplane_single", "single_auto": true, "ts": 1783060557.8}
{"armed": false, "event": "idle_disarmed", "preset": "airplane_single", "single_auto": true, "ts": 1783060557.8}
{"armed": false, "event": "idle_disarmed", "preset": "airplane_single", "single_auto": true, "ts": 1783060558.803}
{"armed": false, "event": "idle_disarmed", "preset": "airplane_single", "single_auto": true, "ts": 1783060558.803}
{"armed": false, "event": "idle_disarmed", "preset": "airplane_single", "single_auto": true, "ts": 1783060559.805}
{"armed": false, "event": "idle_disarmed", "preset": "airplane_single", "single_auto": true, "ts": 1783060559.805}
{"armed": false, "event": "idle_disarmed", "preset": "airplane_single", "single_auto": true, "ts": 1783060560.808}
{"armed": false, "event": "idle_disarmed", "preset": "airplane_single", "single_auto": true, "ts": 1783060560.808}
{"armed": false, "event": "idle_disarmed", "preset": "airplane_single", "single_auto": true, "ts": 1783060561.811}
{"armed": false, "event": "idle_disarmed", "preset": "airplane_single", "single_auto": true, "ts": 1783060561.811}
{"armed": false, "event": "idle_disarmed", "preset": "airplane_single", "single_auto": true, "ts": 1783060562.813}
{"armed": false, "event": "idle_disarmed", "preset": "airplane_single", "single_auto": true, "ts": 1783060562.813}
{"armed": false, "event": "idle_disarmed", "preset": "airplane_single", "single_auto": true, "ts": 1783060563.816}
{"armed": false, "event": "idle_disarmed", "preset": "airplane_single", "single_auto": true, "ts": 1783060563.816}
{"armed": false, "event": "idle_disarmed", "preset": "airplane_single", "single_auto": true, "ts": 1783060564.819}
{"armed": false, "event": "idle_disarmed", "preset": "airplane_single", "single_auto": true, "ts": 1783060564.819}
{"armed": false, "event": "idle_disarmed", "preset": "airplane_single", "single_auto": true, "ts": 1783060565.822}
{"armed": false, "event": "idle_disarmed", "preset": "airplane_single", "single_auto": true, "ts": 1783060565.822}
{"armed": false, "event": "idle_disarmed", "preset": "airplane_single", "single_auto": true, "ts": 1783060566.824}
{"armed": false, "event": "idle_disarmed", "preset": "airplane_single", "single_auto": true, "ts": 1783060566.824}
{"armed": false, "event": "idle_disarmed", "preset": "airplane_single", "single_auto": true, "ts": 1783060567.827}
{"armed": false, "event": "idle_disarmed", "preset": "airplane_single", "single_auto": true, "ts": 1783060567.827}
{"armed": false, "event": "idle_disarmed", "preset": "airplane_single", "single_auto": true, "ts": 1783060568.83}
{"armed": false, "event": "idle_disarmed", "preset": "airplane_single", "single_auto": true, "ts": 1783060568.83}
{"armed": false, "event": "idle_disarmed", "preset": "airplane_single", "single_auto": true, "ts": 1783060569.833}
{"armed": false, "event": "idle_disarmed", "preset": "airplane_single", "single_auto": true, "ts": 1783060569.833}
{"armed": false, "event": "idle_disarmed", "preset": "airplane_single", "single_auto": true, "ts": 1783060570.835}
{"armed": false, "event": "idle_disarmed", "preset": "airplane_single", "single_auto": true, "ts": 1783060570.835}
{"armed": false, "event": "idle_disarmed", "preset": "airplane_single", "single_auto": true, "ts": 1783060571.838}
{"armed": false, "event": "idle_disarmed", "preset": "airplane_single", "single_auto": true, "ts": 1783060571.838}
{"armed": false, "event": "idle_disarmed", "preset": "airplane_single", "single_auto": true, "ts": 1783060572.841}
{"armed": false, "event": "idle_disarmed", "preset": "airplane_single", "single_auto": true, "ts": 1783060572.841}
{"armed": false, "event": "idle_disarmed", "preset": "airplane_single", "single_auto": true, "ts": 1783060573.843}
{"armed": false, "event": "idle_disarmed", "preset": "airplane_single", "single_auto": true, "ts": 1783060573.843}
{"armed": false, "event": "idle_disarmed", "preset": "airplane_single", "single_auto": true, "ts": 1783060574.846}
{"armed": false, "event": "idle_disarmed", "preset": "airplane_single", "single_auto": true, "ts": 1783060574.846}
{"armed": false, "event": "idle_disarmed", "preset": "airplane_single", "single_auto": true, "ts": 1783060575.849}
{"armed": false, "event": "idle_disarmed", "preset": "airplane_single", "single_auto": true, "ts": 1783060575.849}
{"armed": false, "event": "idle_disarmed", "preset": "airplane_single", "single_auto": true, "ts": 1783060576.851}
{"armed": false, "event": "idle_disarmed", "preset": "airplane_single", "single_auto": true, "ts": 1783060576.851}
{"armed": false, "event": "idle_disarmed", "preset": "airplane_single", "single_auto": true, "ts": 1783060577.854}
{"armed": false, "event": "idle_disarmed", "preset": "airplane_single", "single_auto": true, "ts": 1783060577.854}
{"armed": false, "event": "idle_disarmed", "preset": "airplane_single", "single_auto": true, "ts": 1783060578.856}
{"armed": false, "event": "idle_disarmed", "preset": "airplane_single", "single_auto": true, "ts": 1783060578.856}
{"armed": false, "event": "idle_disarmed", "preset": "airplane_single", "single_auto": true, "ts": 1783060579.859}
{"armed": false, "event": "idle_disarmed", "preset": "airplane_single", "single_auto": true, "ts": 1783060579.859}
{"armed": false, "event": "idle_disarmed", "preset": "airplane_single", "single_auto": true, "ts": 1783060580.862}
{"armed": false, "event": "idle_disarmed", "preset": "airplane_single", "single_auto": true, "ts": 1783060580.862}
{"armed": false, "event": "idle_disarmed", "preset": "airplane_single", "single_auto": true, "ts": 1783060581.864}
{"armed": false, "event": "idle_disarmed", "preset": "airplane_single", "single_auto": true, "ts": 1783060581.864}
{"armed": false, "event": "idle_disarmed", "preset": "airplane_single", "single_auto": true, "ts": 1783060582.867}
{"armed": false, "event": "idle_disarmed", "preset": "airplane_single", "single_auto": true, "ts": 1783060582.867}
{"armed": false, "event": "idle_disarmed", "preset": "airplane_single", "single_auto": true, "ts": 1783060583.869}
{"armed": false, "event": "idle_disarmed", "preset": "airplane_single", "single_auto": true, "ts": 1783060583.869}
{"armed": false, "event": "idle_disarmed", "preset": "airplane_single", "single_auto": true, "ts": 1783060584.872}
{"armed": false, "event": "idle_disarmed", "preset": "airplane_single", "single_auto": true, "ts": 1783060584.872}
{"armed": false, "event": "idle_disarmed", "preset": "airplane_single", "single_auto": true, "ts": 1783060585.875}
{"armed": false, "event": "idle_disarmed", "preset": "airplane_single", "single_auto": true, "ts": 1783060585.875}
{"armed": false, "event": "idle_disarmed", "preset": "airplane_single", "single_auto": true, "ts": 1783060586.877}
{"armed": false, "event": "idle_disarmed", "preset": "airplane_single", "single_auto": true, "ts": 1783060586.877}
{"armed": false, "event": "idle_disarmed", "preset": "airplane_single", "single_auto": true, "ts": 1783060587.88}
{"armed": false, "event": "idle_disarmed", "preset": "airplane_single", "single_auto": true, "ts": 1783060587.88}
{"armed": false, "event": "idle_disarmed", "preset": "airplane_single", "single_auto": true, "ts": 1783060588.883}
{"armed": false, "event": "idle_disarmed", "preset": "airplane_single", "single_auto": true, "ts": 1783060588.883}
{"armed": false, "event": "idle_disarmed", "preset": "airplane_single", "single_auto": true, "ts": 1783060589.886}
{"armed": false, "event": "idle_disarmed", "preset": "airplane_single", "single_auto": true, "ts": 1783060589.886}
{"armed": false, "event": "idle_disarmed", "preset": "airplane_single", "single_auto": true, "ts": 1783060590.888}
{"armed": false, "event": "idle_disarmed", "preset": "airplane_single", "single_auto": true, "ts": 1783060590.888}
{"armed": false, "event": "idle_disarmed", "preset": "airplane_single", "single_auto": true, "ts": 1783060591.891}
{"armed": false, "event": "idle_disarmed", "preset": "airplane_single", "single_auto": true, "ts": 1783060591.891}
{"armed": false, "event": "idle_disarmed", "preset": "airplane_single", "single_auto": true, "ts": 1783060592.894}
{"armed": false, "event": "idle_disarmed", "preset": "airplane_single", "single_auto": true, "ts": 1783060592.894}
{"armed": false, "event": "idle_disarmed", "preset": "airplane_single", "single_auto": true, "ts": 1783060593.896}
{"armed": false, "event": "idle_disarmed", "preset": "airplane_single", "single_auto": true, "ts": 1783060593.896}
{"armed": false, "event": "idle_disarmed", "preset": "airplane_single", "single_auto": true, "ts": 1783060594.899}
{"armed": false, "event": "idle_disarmed", "preset": "airplane_single", "single_auto": true, "ts": 1783060594.899}
{"armed": false, "event": "idle_disarmed", "preset": "airplane_single", "single_auto": true, "ts": 1783060595.902}
{"armed": false, "event": "idle_disarmed", "preset": "airplane_single", "single_auto": true, "ts": 1783060595.902}
{"armed": false, "event": "idle_disarmed", "preset": "airplane_single", "single_auto": true, "ts": 1783060596.904}
{"armed": false, "event": "idle_disarmed", "preset": "airplane_single", "single_auto": true, "ts": 1783060596.904}
{"armed": false, "event": "idle_disarmed", "preset": "airplane_single", "single_auto": true, "ts": 1783060597.907}
{"armed": false, "event": "idle_disarmed", "preset": "airplane_single", "single_auto": true, "ts": 1783060597.907}
{"armed": false, "event": "idle_disarmed", "preset": "airplane_single", "single_auto": true, "ts": 1783060598.91}
{"armed": false, "event": "idle_disarmed", "preset": "airplane_single", "single_auto": true, "ts": 1783060598.91}
{"armed": false, "event": "idle_disarmed", "preset": "airplane_single", "single_auto": true, "ts": 1783060599.913}
{"armed": false, "event": "idle_disarmed", "preset": "airplane_single", "single_auto": true, "ts": 1783060599.913}
{"cmd": ["/usr/bin/python3", "/root/rknpu2/examples/rknn_yolov8_demo_opencv_2_work_2/new_yolo8/apply_ptz_object_preset.py", "--preset", "airplane_single", "--arm", "force", "--strategy", "preset", "--watch"], "event": "child_start", "pid": 377760, "preset": "airplane_single", "search_preset": "lost_step_wait", "ts": 1783060600.916}
{"cmd": ["/usr/bin/python3", "/root/rknpu2/examples/rknn_yolov8_demo_opencv_2_work_2/new_yolo8/apply_ptz_object_preset.py", "--preset", "airplane_single", "--arm", "force", "--strategy", "preset", "--watch"], "event": "child_start", "pid": 377760, "preset": "airplane_single", "search_preset": "lost_step_wait", "ts": 1783060600.916}
{"event": "armed_running", "pid": 377760, "preset": "airplane_single", "search_preset": "lost_step_wait", "ts": 1783060601.919}
{"event": "armed_running", "pid": 377760, "preset": "airplane_single", "search_preset": "lost_step_wait", "ts": 1783060601.919}
{"event": "child_stop", "pid": 377760, "preset": "airplane_single::lost_step_wait", "reason": "ptzArmed_false", "ts": 1783060613.948}
{"event": "child_stop", "pid": 377760, "preset": "airplane_single::lost_step_wait", "reason": "ptzArmed_false", "ts": 1783060613.948}
{"archived": "/root/rknpu2/examples/rknn_yolov8_demo_opencv_2_work_2/new_yolo8/logs/session_20260703_063654_ptzArmed_false", "event": "logs_archived", "reason": "ptzArmed_false", "ts": 1783060614.134}
{"archived": "/root/rknpu2/examples/rknn_yolov8_demo_opencv_2_work_2/new_yolo8/logs/session_20260703_063654_ptzArmed_false", "event": "logs_archived", "reason": "ptzArmed_false", "ts": 1783060614.134}
{"armed": false, "event": "idle_disarmed", "preset": "airplane_single", "single_auto": true, "ts": 1783060614.135}
{"armed": false, "event": "idle_disarmed", "preset": "airplane_single", "single_auto": true, "ts": 1783060614.135}
{"armed": false, "event": "idle_disarmed", "preset": "airplane_single", "single_auto": true, "ts": 1783060615.135}
{"armed": false, "event": "idle_disarmed", "preset": "airplane_single", "single_auto": true, "ts": 1783060615.135}
{"armed": false, "event": "idle_disarmed", "preset": "airplane_single", "single_auto": true, "ts": 1783060616.137}
{"armed": false, "event": "idle_disarmed", "preset": "airplane_single", "single_auto": true, "ts": 1783060616.137}
{"armed": false, "event": "idle_disarmed", "preset": "airplane_single", "single_auto": true, "ts": 1783060617.137}
{"armed": false, "event": "idle_disarmed", "preset": "airplane_single", "single_auto": true, "ts": 1783060617.137}
{"armed": false, "event": "idle_disarmed", "preset": "airplane_single", "single_auto": true, "ts": 1783060618.138}
{"armed": false, "event": "idle_disarmed", "preset": "airplane_single", "single_auto": true, "ts": 1783060618.138}
{"armed": false, "event": "idle_disarmed", "preset": "airplane_single", "single_auto": true, "ts": 1783060619.139}
{"armed": false, "event": "idle_disarmed", "preset": "airplane_single", "single_auto": true, "ts": 1783060619.139}
{"armed": false, "event": "idle_disarmed", "preset": "airplane_single", "single_auto": true, "ts": 1783060620.142}
{"armed": false, "event": "idle_disarmed", "preset": "airplane_single", "single_auto": true, "ts": 1783060620.142}
{"armed": false, "event": "idle_disarmed", "preset": "airplane_single", "single_auto": true, "ts": 1783060621.144}
{"armed": false, "event": "idle_disarmed", "preset": "airplane_single", "single_auto": true, "ts": 1783060621.144}
{"armed": false, "event": "idle_disarmed", "preset": "airplane_single", "single_auto": true, "ts": 1783060622.146}
{"armed": false, "event": "idle_disarmed", "preset": "airplane_single", "single_auto": true, "ts": 1783060622.146}
{"armed": false, "event": "idle_disarmed", "preset": "airplane_single", "single_auto": true, "ts": 1783060623.148}
{"armed": false, "event": "idle_disarmed", "preset": "airplane_single", "single_auto": true, "ts": 1783060623.148}
{"armed": false, "event": "idle_disarmed", "preset": "airplane_single", "single_auto": true, "ts": 1783060624.151}
{"armed": false, "event": "idle_disarmed", "preset": "airplane_single", "single_auto": true, "ts": 1783060624.151}
{"armed": false, "event": "idle_disarmed", "preset": "airplane_single", "single_auto": true, "ts": 1783060625.154}
{"armed": false, "event": "idle_disarmed", "preset": "airplane_single", "single_auto": true, "ts": 1783060625.154}
{"armed": false, "event": "idle_disarmed", "preset": "airplane_single", "single_auto": true, "ts": 1783060626.157}
{"armed": false, "event": "idle_disarmed", "preset": "airplane_single", "single_auto": true, "ts": 1783060626.157}
{"armed": false, "event": "idle_disarmed", "preset": "airplane_single", "single_auto": true, "ts": 1783060627.16}
{"armed": false, "event": "idle_disarmed", "preset": "airplane_single", "single_auto": true, "ts": 1783060627.16}
{"armed": false, "event": "idle_disarmed", "preset": "airplane_single", "single_auto": true, "ts": 1783060628.162}
{"armed": false, "event": "idle_disarmed", "preset": "airplane_single", "single_auto": true, "ts": 1783060628.162}
{"armed": false, "event": "idle_disarmed", "preset": "airplane_single", "single_auto": true, "ts": 1783060629.165}
{"armed": false, "event": "idle_disarmed", "preset": "airplane_single", "single_auto": true, "ts": 1783060629.165}
{"armed": false, "event": "idle_disarmed", "preset": "airplane_single", "single_auto": true, "ts": 1783060630.168}
{"armed": false, "event": "idle_disarmed", "preset": "airplane_single", "single_auto": true, "ts": 1783060630.168}
{"armed": false, "event": "idle_disarmed", "preset": "airplane_single", "single_auto": true, "ts": 1783060631.17}
{"armed": false, "event": "idle_disarmed", "preset": "airplane_single", "single_auto": true, "ts": 1783060631.17}
{"armed": false, "event": "idle_disarmed", "preset": "airplane_single", "single_auto": true, "ts": 1783060632.173}
{"armed": false, "event": "idle_disarmed", "preset": "airplane_single", "single_auto": true, "ts": 1783060632.173}
{"armed": false, "event": "idle_disarmed", "preset": "airplane_single", "single_auto": true, "ts": 1783060633.175}
{"armed": false, "event": "idle_disarmed", "preset": "airplane_single", "single_auto": true, "ts": 1783060633.175}
{"armed": false, "event": "idle_disarmed", "preset": "airplane_single", "single_auto": true, "ts": 1783060634.178}
{"armed": false, "event": "idle_disarmed", "preset": "airplane_single", "single_auto": true, "ts": 1783060634.178}
{"armed": false, "event": "idle_disarmed", "preset": "airplane_single", "single_auto": true, "ts": 1783060635.181}
{"armed": false, "event": "idle_disarmed", "preset": "airplane_single", "single_auto": true, "ts": 1783060635.181}
{"armed": false, "event": "idle_disarmed", "preset": "airplane_single", "single_auto": true, "ts": 1783060636.184}
{"armed": false, "event": "idle_disarmed", "preset": "airplane_single", "single_auto": true, "ts": 1783060636.184}
{"armed": false, "event": "idle_disarmed", "preset": "airplane_single", "single_auto": true, "ts": 1783060637.186}
{"armed": false, "event": "idle_disarmed", "preset": "airplane_single", "single_auto": true, "ts": 1783060637.186}
{"armed": false, "event": "idle_disarmed", "preset": "airplane_single", "single_auto": true, "ts": 1783060638.189}
{"armed": false, "event": "idle_disarmed", "preset": "airplane_single", "single_auto": true, "ts": 1783060638.189}
{"armed": false, "event": "idle_disarmed", "preset": "airplane_single", "single_auto": true, "ts": 1783060639.192}
{"armed": false, "event": "idle_disarmed", "preset": "airplane_single", "single_auto": true, "ts": 1783060639.192}
{"armed": false, "event": "idle_disarmed", "preset": "airplane_single", "single_auto": true, "ts": 1783060640.194}
{"armed": false, "event": "idle_disarmed", "preset": "airplane_single", "single_auto": true, "ts": 1783060640.194}
{"armed": false, "event": "idle_disarmed", "preset": "airplane_single", "single_auto": true, "ts": 1783060641.197}
{"armed": false, "event": "idle_disarmed", "preset": "airplane_single", "single_auto": true, "ts": 1783060641.197}
{"armed": false, "event": "idle_disarmed", "preset": "airplane_single", "single_auto": true, "ts": 1783060642.2}
{"armed": false, "event": "idle_disarmed", "preset": "airplane_single", "single_auto": true, "ts": 1783060642.2}
{"armed": false, "event": "idle_disarmed", "preset": "airplane_single", "single_auto": true, "ts": 1783060643.202}
{"armed": false, "event": "idle_disarmed", "preset": "airplane_single", "single_auto": true, "ts": 1783060643.202}
{"armed": false, "event": "idle_disarmed", "preset": "airplane_single", "single_auto": true, "ts": 1783060644.205}
{"armed": false, "event": "idle_disarmed", "preset": "airplane_single", "single_auto": true, "ts": 1783060644.205}
{"armed": false, "event": "idle_disarmed", "preset": "airplane_single", "single_auto": true, "ts": 1783060645.208}
{"armed": false, "event": "idle_disarmed", "preset": "airplane_single", "single_auto": true, "ts": 1783060645.208}
{"armed": false, "event": "idle_disarmed", "preset": "airplane_single", "single_auto": true, "ts": 1783060646.21}
{"armed": false, "event": "idle_disarmed", "preset": "airplane_single", "single_auto": true, "ts": 1783060646.21}
{"armed": false, "event": "idle_disarmed", "preset": "airplane_single", "single_auto": true, "ts": 1783060647.213}
{"armed": false, "event": "idle_disarmed", "preset": "airplane_single", "single_auto": true, "ts": 1783060647.213}
{"armed": false, "event": "idle_disarmed", "preset": "airplane_single", "single_auto": true, "ts": 1783060648.216}
{"armed": false, "event": "idle_disarmed", "preset": "airplane_single", "single_auto": true, "ts": 1783060648.216}
{"armed": false, "event": "idle_disarmed", "preset": "airplane_single", "single_auto": true, "ts": 1783060649.218}
{"armed": false, "event": "idle_disarmed", "preset": "airplane_single", "single_auto": true, "ts": 1783060649.218}
{"armed": false, "event": "idle_disarmed", "preset": "airplane_single", "single_auto": true, "ts": 1783060650.221}
{"armed": false, "event": "idle_disarmed", "preset": "airplane_single", "single_auto": true, "ts": 1783060650.221}
{"armed": false, "event": "idle_disarmed", "preset": "airplane_single", "single_auto": true, "ts": 1783060651.224}
{"armed": false, "event": "idle_disarmed", "preset": "airplane_single", "single_auto": true, "ts": 1783060651.224}
{"armed": false, "event": "idle_disarmed", "preset": "airplane_single", "single_auto": true, "ts": 1783060652.227}
{"armed": false, "event": "idle_disarmed", "preset": "airplane_single", "single_auto": true, "ts": 1783060652.227}
{"armed": false, "event": "idle_disarmed", "preset": "airplane_single", "single_auto": true, "ts": 1783060653.229}
{"armed": false, "event": "idle_disarmed", "preset": "airplane_single", "single_auto": true, "ts": 1783060653.229}
{"armed": false, "event": "idle_disarmed", "preset": "airplane_single", "single_auto": true, "ts": 1783060654.232}
{"armed": false, "event": "idle_disarmed", "preset": "airplane_single", "single_auto": true, "ts": 1783060654.232}
{"armed": false, "event": "idle_disarmed", "preset": "airplane_single", "single_auto": true, "ts": 1783060655.235}
{"armed": false, "event": "idle_disarmed", "preset": "airplane_single", "single_auto": true, "ts": 1783060655.235}
{"armed": false, "event": "idle_disarmed", "preset": "airplane_single", "single_auto": true, "ts": 1783060656.237}
{"armed": false, "event": "idle_disarmed", "preset": "airplane_single", "single_auto": true, "ts": 1783060656.237}
{"armed": false, "event": "idle_disarmed", "preset": "airplane_single", "single_auto": true, "ts": 1783060657.24}
{"armed": false, "event": "idle_disarmed", "preset": "airplane_single", "single_auto": true, "ts": 1783060657.24}
{"armed": false, "event": "idle_disarmed", "preset": "airplane_single", "single_auto": true, "ts": 1783060658.243}
{"armed": false, "event": "idle_disarmed", "preset": "airplane_single", "single_auto": true, "ts": 1783060658.243}
{"armed": false, "event": "idle_disarmed", "preset": "airplane_single", "single_auto": true, "ts": 1783060659.246}
{"armed": false, "event": "idle_disarmed", "preset": "airplane_single", "single_auto": true, "ts": 1783060659.246}
{"armed": false, "event": "idle_disarmed", "preset": "airplane_single", "single_auto": true, "ts": 1783060660.248}
{"armed": false, "event": "idle_disarmed", "preset": "airplane_single", "single_auto": true, "ts": 1783060660.248}
{"armed": false, "event": "idle_disarmed", "preset": "airplane_single", "single_auto": true, "ts": 1783060661.251}
{"armed": false, "event": "idle_disarmed", "preset": "airplane_single", "single_auto": true, "ts": 1783060661.251}
{"armed": false, "event": "idle_disarmed", "preset": "airplane_single", "single_auto": true, "ts": 1783060662.254}
{"armed": false, "event": "idle_disarmed", "preset": "airplane_single", "single_auto": true, "ts": 1783060662.254}
{"armed": false, "event": "idle_disarmed", "preset": "airplane_single", "single_auto": true, "ts": 1783060663.256}
{"armed": false, "event": "idle_disarmed", "preset": "airplane_single", "single_auto": true, "ts": 1783060663.256}
{"armed": false, "event": "idle_disarmed", "preset": "airplane_single", "single_auto": true, "ts": 1783060664.259}
{"armed": false, "event": "idle_disarmed", "preset": "airplane_single", "single_auto": true, "ts": 1783060664.259}
{"armed": false, "event": "idle_disarmed", "preset": "airplane_single", "single_auto": true, "ts": 1783060665.262}
{"armed": false, "event": "idle_disarmed", "preset": "airplane_single", "single_auto": true, "ts": 1783060665.262}
{"armed": false, "event": "idle_disarmed", "preset": "airplane_single", "single_auto": true, "ts": 1783060666.264}
{"armed": false, "event": "idle_disarmed", "preset": "airplane_single", "single_auto": true, "ts": 1783060666.264}
{"armed": false, "event": "idle_disarmed", "preset": "airplane_single", "single_auto": true, "ts": 1783060667.267}
{"armed": false, "event": "idle_disarmed", "preset": "airplane_single", "single_auto": true, "ts": 1783060667.267}
{"armed": false, "event": "idle_disarmed", "preset": "airplane_single", "single_auto": true, "ts": 1783060668.269}
{"armed": false, "event": "idle_disarmed", "preset": "airplane_single", "single_auto": true, "ts": 1783060668.269}
{"armed": false, "event": "idle_disarmed", "preset": "airplane_single", "single_auto": true, "ts": 1783060669.272}
{"armed": false, "event": "idle_disarmed", "preset": "airplane_single", "single_auto": true, "ts": 1783060669.272}
{"armed": false, "event": "idle_disarmed", "preset": "airplane_single", "single_auto": true, "ts": 1783060670.275}
{"armed": false, "event": "idle_disarmed", "preset": "airplane_single", "single_auto": true, "ts": 1783060670.275}
{"armed": false, "event": "idle_disarmed", "preset": "airplane_single", "single_auto": true, "ts": 1783060671.277}
{"armed": false, "event": "idle_disarmed", "preset": "airplane_single", "single_auto": true, "ts": 1783060671.277}
{"armed": false, "event": "idle_disarmed", "preset": "airplane_single", "single_auto": true, "ts": 1783060672.28}
{"armed": false, "event": "idle_disarmed", "preset": "airplane_single", "single_auto": true, "ts": 1783060672.28}
{"armed": false, "event": "idle_disarmed", "preset": "airplane_single", "single_auto": true, "ts": 1783060673.283}
{"armed": false, "event": "idle_disarmed", "preset": "airplane_single", "single_auto": true, "ts": 1783060673.283}
{"armed": false, "event": "idle_disarmed", "preset": "airplane_single", "single_auto": true, "ts": 1783060674.285}
{"armed": false, "event": "idle_disarmed", "preset": "airplane_single", "single_auto": true, "ts": 1783060674.285}
{"armed": false, "event": "idle_disarmed", "preset": "airplane_single", "single_auto": true, "ts": 1783060675.288}
{"armed": false, "event": "idle_disarmed", "preset": "airplane_single", "single_auto": true, "ts": 1783060675.288}
{"armed": false, "event": "idle_disarmed", "preset": "airplane_single", "single_auto": true, "ts": 1783060676.291}
{"armed": false, "event": "idle_disarmed", "preset": "airplane_single", "single_auto": true, "ts": 1783060676.291}
{"armed": false, "event": "idle_disarmed", "preset": "airplane_single", "single_auto": true, "ts": 1783060677.293}
{"armed": false, "event": "idle_disarmed", "preset": "airplane_single", "single_auto": true, "ts": 1783060677.293}
{"armed": false, "event": "idle_disarmed", "preset": "airplane_single", "single_auto": true, "ts": 1783060678.296}
{"armed": false, "event": "idle_disarmed", "preset": "airplane_single", "single_auto": true, "ts": 1783060678.296}
{"armed": false, "event": "idle_disarmed", "preset": "airplane_single", "single_auto": true, "ts": 1783060679.298}
{"armed": false, "event": "idle_disarmed", "preset": "airplane_single", "single_auto": true, "ts": 1783060679.298}
{"armed": false, "event": "idle_disarmed", "preset": "airplane_single", "single_auto": true, "ts": 1783060680.301}
{"armed": false, "event": "idle_disarmed", "preset": "airplane_single", "single_auto": true, "ts": 1783060680.301}
{"armed": false, "event": "idle_disarmed", "preset": "airplane_single", "single_auto": true, "ts": 1783060681.304}
{"armed": false, "event": "idle_disarmed", "preset": "airplane_single", "single_auto": true, "ts": 1783060681.304}
{"armed": false, "event": "idle_disarmed", "preset": "airplane_single", "single_auto": true, "ts": 1783060682.307}
{"armed": false, "event": "idle_disarmed", "preset": "airplane_single", "single_auto": true, "ts": 1783060682.307}
{"armed": false, "event": "idle_disarmed", "preset": "airplane_single", "single_auto": true, "ts": 1783060683.31}
{"armed": false, "event": "idle_disarmed", "preset": "airplane_single", "single_auto": true, "ts": 1783060683.31}
{"armed": false, "event": "idle_disarmed", "preset": "airplane_single", "single_auto": true, "ts": 1783060684.313}
{"armed": false, "event": "idle_disarmed", "preset": "airplane_single", "single_auto": true, "ts": 1783060684.313}
{"armed": false, "event": "idle_disarmed", "preset": "airplane_single", "single_auto": true, "ts": 1783060685.315}
{"armed": false, "event": "idle_disarmed", "preset": "airplane_single", "single_auto": true, "ts": 1783060685.315}
{"armed": false, "event": "idle_disarmed", "preset": "airplane_single", "single_auto": true, "ts": 1783060686.318}
{"armed": false, "event": "idle_disarmed", "preset": "airplane_single", "single_auto": true, "ts": 1783060686.318}
{"armed": false, "event": "idle_disarmed", "preset": "airplane_single", "single_auto": true, "ts": 1783060687.321}
{"armed": false, "event": "idle_disarmed", "preset": "airplane_single", "single_auto": true, "ts": 1783060687.321}
{"armed": false, "event": "idle_disarmed", "preset": "airplane_single", "single_auto": true, "ts": 1783060688.324}
{"armed": false, "event": "idle_disarmed", "preset": "airplane_single", "single_auto": true, "ts": 1783060688.324}
{"armed": false, "event": "idle_disarmed", "preset": "airplane_single", "single_auto": true, "ts": 1783060689.326}
{"armed": false, "event": "idle_disarmed", "preset": "airplane_single", "single_auto": true, "ts": 1783060689.326}
{"armed": false, "event": "idle_disarmed", "preset": "airplane_single", "single_auto": true, "ts": 1783060690.329}
{"armed": false, "event": "idle_disarmed", "preset": "airplane_single", "single_auto": true, "ts": 1783060690.329}
{"armed": false, "event": "idle_disarmed", "preset": "airplane_single", "single_auto": true, "ts": 1783060691.332}
{"armed": false, "event": "idle_disarmed", "preset": "airplane_single", "single_auto": true, "ts": 1783060691.332}
{"armed": false, "event": "idle_disarmed", "preset": "airplane_single", "single_auto": true, "ts": 1783060692.334}
{"armed": false, "event": "idle_disarmed", "preset": "airplane_single", "single_auto": true, "ts": 1783060692.334}
{"armed": false, "event": "idle_disarmed", "preset": "airplane_single", "single_auto": true, "ts": 1783060693.337}
{"armed": false, "event": "idle_disarmed", "preset": "airplane_single", "single_auto": true, "ts": 1783060693.337}
{"armed": false, "event": "idle_disarmed", "preset": "airplane_single", "single_auto": true, "ts": 1783060694.34}
{"armed": false, "event": "idle_disarmed", "preset": "airplane_single", "single_auto": true, "ts": 1783060694.34}
{"armed": false, "event": "idle_disarmed", "preset": "airplane_single", "single_auto": true, "ts": 1783060695.342}
{"armed": false, "event": "idle_disarmed", "preset": "airplane_single", "single_auto": true, "ts": 1783060695.342}
{"armed": false, "event": "idle_disarmed", "preset": "airplane_single", "single_auto": true, "ts": 1783060696.345}
{"armed": false, "event": "idle_disarmed", "preset": "airplane_single", "single_auto": true, "ts": 1783060696.345}
{"armed": false, "event": "idle_disarmed", "preset": "airplane_single", "single_auto": true, "ts": 1783060697.348}
{"armed": false, "event": "idle_disarmed", "preset": "airplane_single", "single_auto": true, "ts": 1783060697.348}
{"armed": false, "event": "idle_disarmed", "preset": "airplane_single", "single_auto": true, "ts": 1783060698.35}
{"armed": false, "event": "idle_disarmed", "preset": "airplane_single", "single_auto": true, "ts": 1783060698.35}
{"armed": false, "event": "idle_disarmed", "preset": "airplane_single", "single_auto": true, "ts": 1783060699.353}
{"armed": false, "event": "idle_disarmed", "preset": "airplane_single", "single_auto": true, "ts": 1783060699.353}
{"armed": false, "event": "idle_disarmed", "preset": "airplane_single", "single_auto": true, "ts": 1783060700.356}
{"armed": false, "event": "idle_disarmed", "preset": "airplane_single", "single_auto": true, "ts": 1783060700.356}
{"armed": false, "event": "idle_disarmed", "preset": "airplane_single", "single_auto": true, "ts": 1783060701.358}
{"armed": false, "event": "idle_disarmed", "preset": "airplane_single", "single_auto": true, "ts": 1783060701.358}
{"armed": false, "event": "idle_disarmed", "preset": "airplane_single", "single_auto": true, "ts": 1783060702.361}
{"armed": false, "event": "idle_disarmed", "preset": "airplane_single", "single_auto": true, "ts": 1783060702.361}
{"armed": false, "event": "idle_disarmed", "preset": "airplane_single", "single_auto": true, "ts": 1783060703.364}
{"armed": false, "event": "idle_disarmed", "preset": "airplane_single", "single_auto": true, "ts": 1783060703.364}
{"armed": false, "event": "idle_disarmed", "preset": "airplane_single", "single_auto": true, "ts": 1783060704.366}
{"armed": false, "event": "idle_disarmed", "preset": "airplane_single", "single_auto": true, "ts": 1783060704.366}
{"armed": false, "event": "idle_disarmed", "preset": "airplane_single", "single_auto": true, "ts": 1783060705.37}
{"armed": false, "event": "idle_disarmed", "preset": "airplane_single", "single_auto": true, "ts": 1783060705.37}
{"armed": false, "event": "idle_disarmed", "preset": "airplane_single", "single_auto": true, "ts": 1783060706.372}
{"armed": false, "event": "idle_disarmed", "preset": "airplane_single", "single_auto": true, "ts": 1783060706.372}
{"armed": false, "event": "idle_disarmed", "preset": "airplane_single", "single_auto": true, "ts": 1783060707.375}
{"armed": false, "event": "idle_disarmed", "preset": "airplane_single", "single_auto": true, "ts": 1783060707.375}
{"armed": false, "event": "idle_disarmed", "preset": "airplane_single", "single_auto": true, "ts": 1783060708.378}
{"armed": false, "event": "idle_disarmed", "preset": "airplane_single", "single_auto": true, "ts": 1783060708.378}
{"armed": false, "event": "idle_disarmed", "preset": "airplane_single", "single_auto": true, "ts": 1783060709.38}
{"armed": false, "event": "idle_disarmed", "preset": "airplane_single", "single_auto": true, "ts": 1783060709.38}
{"armed": false, "event": "idle_disarmed", "preset": "airplane_single", "single_auto": true, "ts": 1783060710.383}
{"armed": false, "event": "idle_disarmed", "preset": "airplane_single", "single_auto": true, "ts": 1783060710.383}
{"armed": false, "event": "idle_disarmed", "preset": "airplane_single", "single_auto": true, "ts": 1783060711.386}
{"armed": false, "event": "idle_disarmed", "preset": "airplane_single", "single_auto": true, "ts": 1783060711.386}
{"armed": false, "event": "idle_disarmed", "preset": "airplane_single", "single_auto": true, "ts": 1783060712.388}
{"armed": false, "event": "idle_disarmed", "preset": "airplane_single", "single_auto": true, "ts": 1783060712.388}
{"armed": false, "event": "idle_disarmed", "preset": "airplane_single", "single_auto": true, "ts": 1783060713.391}
{"armed": false, "event": "idle_disarmed", "preset": "airplane_single", "single_auto": true, "ts": 1783060713.391}
{"armed": false, "event": "idle_disarmed", "preset": "airplane_single", "single_auto": true, "ts": 1783060714.394}
{"armed": false, "event": "idle_disarmed", "preset": "airplane_single", "single_auto": true, "ts": 1783060714.394}
{"armed": false, "event": "idle_disarmed", "preset": "airplane_single", "single_auto": true, "ts": 1783060715.396}
{"armed": false, "event": "idle_disarmed", "preset": "airplane_single", "single_auto": true, "ts": 1783060715.396}
{"armed": false, "event": "idle_disarmed", "preset": "airplane_single", "single_auto": true, "ts": 1783060716.399}
{"armed": false, "event": "idle_disarmed", "preset": "airplane_single", "single_auto": true, "ts": 1783060716.399}
{"armed": false, "event": "idle_disarmed", "preset": "airplane_single", "single_auto": true, "ts": 1783060717.402}
{"armed": false, "event": "idle_disarmed", "preset": "airplane_single", "single_auto": true, "ts": 1783060717.402}
{"armed": false, "event": "idle_disarmed", "preset": "airplane_single", "single_auto": true, "ts": 1783060718.404}
{"armed": false, "event": "idle_disarmed", "preset": "airplane_single", "single_auto": true, "ts": 1783060718.404}
{"armed": false, "event": "idle_disarmed", "preset": "airplane_single", "single_auto": true, "ts": 1783060719.407}
{"armed": false, "event": "idle_disarmed", "preset": "airplane_single", "single_auto": true, "ts": 1783060719.407}
{"armed": false, "event": "idle_disarmed", "preset": "airplane_single", "single_auto": true, "ts": 1783060720.41}
{"armed": false, "event": "idle_disarmed", "preset": "airplane_single", "single_auto": true, "ts": 1783060720.41}
{"armed": false, "event": "idle_disarmed", "preset": "airplane_single", "single_auto": true, "ts": 1783060721.412}
{"armed": false, "event": "idle_disarmed", "preset": "airplane_single", "single_auto": true, "ts": 1783060721.412}
{"armed": false, "event": "idle_disarmed", "preset": "airplane_single", "single_auto": true, "ts": 1783060722.415}
{"armed": false, "event": "idle_disarmed", "preset": "airplane_single", "single_auto": true, "ts": 1783060722.415}
{"armed": false, "event": "idle_disarmed", "preset": "airplane_single", "single_auto": true, "ts": 1783060723.417}
{"armed": false, "event": "idle_disarmed", "preset": "airplane_single", "single_auto": true, "ts": 1783060723.417}
{"armed": false, "event": "idle_disarmed", "preset": "airplane_single", "single_auto": true, "ts": 1783060724.42}
{"armed": false, "event": "idle_disarmed", "preset": "airplane_single", "single_auto": true, "ts": 1783060724.42}
{"armed": false, "event": "idle_disarmed", "preset": "airplane_single", "single_auto": true, "ts": 1783060725.422}
{"armed": false, "event": "idle_disarmed", "preset": "airplane_single", "single_auto": true, "ts": 1783060725.422}
{"armed": false, "event": "idle_disarmed", "preset": "airplane_single", "single_auto": true, "ts": 1783060726.425}
{"armed": false, "event": "idle_disarmed", "preset": "airplane_single", "single_auto": true, "ts": 1783060726.425}
{"armed": false, "event": "idle_disarmed", "preset": "airplane_single", "single_auto": true, "ts": 1783060727.428}
{"armed": false, "event": "idle_disarmed", "preset": "airplane_single", "single_auto": true, "ts": 1783060727.428}
{"armed": false, "event": "idle_disarmed", "preset": "airplane_single", "single_auto": true, "ts": 1783060728.431}
{"armed": false, "event": "idle_disarmed", "preset": "airplane_single", "single_auto": true, "ts": 1783060728.431}
{"armed": false, "event": "idle_disarmed", "preset": "airplane_single", "single_auto": true, "ts": 1783060729.433}
{"armed": false, "event": "idle_disarmed", "preset": "airplane_single", "single_auto": true, "ts": 1783060729.433}
{"armed": false, "event": "idle_disarmed", "preset": "airplane_single", "single_auto": true, "ts": 1783060730.436}
{"armed": false, "event": "idle_disarmed", "preset": "airplane_single", "single_auto": true, "ts": 1783060730.436}
{"armed": false, "event": "idle_disarmed", "preset": "airplane_single", "single_auto": true, "ts": 1783060731.439}
{"armed": false, "event": "idle_disarmed", "preset": "airplane_single", "single_auto": true, "ts": 1783060731.439}
{"armed": false, "event": "idle_disarmed", "preset": "airplane_single", "single_auto": true, "ts": 1783060732.441}
{"armed": false, "event": "idle_disarmed", "preset": "airplane_single", "single_auto": true, "ts": 1783060732.441}
{"armed": false, "event": "idle_disarmed", "preset": "airplane_single", "single_auto": true, "ts": 1783060733.444}
{"armed": false, "event": "idle_disarmed", "preset": "airplane_single", "single_auto": true, "ts": 1783060733.444}
{"armed": false, "event": "idle_disarmed", "preset": "airplane_single", "single_auto": true, "ts": 1783060734.447}
{"armed": false, "event": "idle_disarmed", "preset": "airplane_single", "single_auto": true, "ts": 1783060734.447}
{"armed": false, "event": "idle_disarmed", "preset": "airplane_single", "single_auto": true, "ts": 1783060735.45}
{"armed": false, "event": "idle_disarmed", "preset": "airplane_single", "single_auto": true, "ts": 1783060735.45}
{"armed": false, "event": "idle_disarmed", "preset": "airplane_single", "single_auto": true, "ts": 1783060736.452}
{"armed": false, "event": "idle_disarmed", "preset": "airplane_single", "single_auto": true, "ts": 1783060736.452}
{"armed": false, "event": "idle_disarmed", "preset": "airplane_single", "single_auto": true, "ts": 1783060737.455}
{"armed": false, "event": "idle_disarmed", "preset": "airplane_single", "single_auto": true, "ts": 1783060737.455}
{"armed": false, "event": "idle_disarmed", "preset": "airplane_single", "single_auto": true, "ts": 1783060738.457}
{"armed": false, "event": "idle_disarmed", "preset": "airplane_single", "single_auto": true, "ts": 1783060738.457}
{"armed": false, "event": "idle_disarmed", "preset": "airplane_single", "single_auto": true, "ts": 1783060739.46}
{"armed": false, "event": "idle_disarmed", "preset": "airplane_single", "single_auto": true, "ts": 1783060739.46}
{"armed": false, "event": "idle_disarmed", "preset": "airplane_single", "single_auto": true, "ts": 1783060740.463}
{"armed": false, "event": "idle_disarmed", "preset": "airplane_single", "single_auto": true, "ts": 1783060740.463}
{"armed": false, "event": "idle_disarmed", "preset": "airplane_single", "single_auto": true, "ts": 1783060741.465}
{"armed": false, "event": "idle_disarmed", "preset": "airplane_single", "single_auto": true, "ts": 1783060741.465}
{"armed": false, "event": "idle_disarmed", "preset": "airplane_single", "single_auto": true, "ts": 1783060742.468}
{"armed": false, "event": "idle_disarmed", "preset": "airplane_single", "single_auto": true, "ts": 1783060742.468}
{"armed": false, "event": "idle_disarmed", "preset": "airplane_single", "single_auto": true, "ts": 1783060743.471}
{"armed": false, "event": "idle_disarmed", "preset": "airplane_single", "single_auto": true, "ts": 1783060743.471}
{"armed": false, "event": "idle_disarmed", "preset": "airplane_single", "single_auto": true, "ts": 1783060744.473}
{"armed": false, "event": "idle_disarmed", "preset": "airplane_single", "single_auto": true, "ts": 1783060744.473}
{"armed": false, "event": "idle_disarmed", "preset": "airplane_single", "single_auto": true, "ts": 1783060745.476}
{"armed": false, "event": "idle_disarmed", "preset": "airplane_single", "single_auto": true, "ts": 1783060745.476}
{"armed": false, "event": "idle_disarmed", "preset": "airplane_single", "single_auto": true, "ts": 1783060746.479}
{"armed": false, "event": "idle_disarmed", "preset": "airplane_single", "single_auto": true, "ts": 1783060746.479}
{"armed": false, "event": "idle_disarmed", "preset": "airplane_single", "single_auto": true, "ts": 1783060747.481}
{"armed": false, "event": "idle_disarmed", "preset": "airplane_single", "single_auto": true, "ts": 1783060747.481}
{"armed": false, "event": "idle_disarmed", "preset": "airplane_single", "single_auto": true, "ts": 1783060748.484}
{"armed": false, "event": "idle_disarmed", "preset": "airplane_single", "single_auto": true, "ts": 1783060748.484}
{"armed": false, "event": "idle_disarmed", "preset": "airplane_single", "single_auto": true, "ts": 1783060749.487}
{"armed": false, "event": "idle_disarmed", "preset": "airplane_single", "single_auto": true, "ts": 1783060749.487}
{"armed": false, "event": "idle_disarmed", "preset": "airplane_single", "single_auto": true, "ts": 1783060750.49}
{"armed": false, "event": "idle_disarmed", "preset": "airplane_single", "single_auto": true, "ts": 1783060750.49}
{"armed": false, "event": "idle_disarmed", "preset": "airplane_single", "single_auto": true, "ts": 1783060751.493}
{"armed": false, "event": "idle_disarmed", "preset": "airplane_single", "single_auto": true, "ts": 1783060751.493}
{"armed": false, "event": "idle_disarmed", "preset": "airplane_single", "single_auto": true, "ts": 1783060752.496}
{"armed": false, "event": "idle_disarmed", "preset": "airplane_single", "single_auto": true, "ts": 1783060752.496}
{"armed": false, "event": "idle_disarmed", "preset": "airplane_single", "single_auto": true, "ts": 1783060753.499}
{"armed": false, "event": "idle_disarmed", "preset": "airplane_single", "single_auto": true, "ts": 1783060753.499}
{"armed": false, "event": "idle_disarmed", "preset": "airplane_single", "single_auto": true, "ts": 1783060754.502}
{"armed": false, "event": "idle_disarmed", "preset": "airplane_single", "single_auto": true, "ts": 1783060754.502}
{"armed": false, "event": "idle_disarmed", "preset": "airplane_single", "single_auto": true, "ts": 1783060755.505}
{"armed": false, "event": "idle_disarmed", "preset": "airplane_single", "single_auto": true, "ts": 1783060755.505}
{"armed": false, "event": "idle_disarmed", "preset": "airplane_single", "single_auto": true, "ts": 1783060756.507}
{"armed": false, "event": "idle_disarmed", "preset": "airplane_single", "single_auto": true, "ts": 1783060756.507}
{"armed": false, "event": "idle_disarmed", "preset": "airplane_single", "single_auto": true, "ts": 1783060757.51}
{"armed": false, "event": "idle_disarmed", "preset": "airplane_single", "single_auto": true, "ts": 1783060757.51}
{"armed": false, "event": "idle_disarmed", "preset": "airplane_single", "single_auto": true, "ts": 1783060758.514}
{"armed": false, "event": "idle_disarmed", "preset": "airplane_single", "single_auto": true, "ts": 1783060758.514}
{"armed": false, "event": "idle_disarmed", "preset": "airplane_single", "single_auto": true, "ts": 1783060759.517}
{"armed": false, "event": "idle_disarmed", "preset": "airplane_single", "single_auto": true, "ts": 1783060759.517}
{"armed": false, "event": "idle_disarmed", "preset": "airplane_single", "single_auto": true, "ts": 1783060760.52}
{"armed": false, "event": "idle_disarmed", "preset": "airplane_single", "single_auto": true, "ts": 1783060760.52}
{"armed": false, "event": "idle_disarmed", "preset": "airplane_single", "single_auto": true, "ts": 1783060761.522}
{"armed": false, "event": "idle_disarmed", "preset": "airplane_single", "single_auto": true, "ts": 1783060761.522}
{"armed": false, "event": "idle_disarmed", "preset": "airplane_single", "single_auto": true, "ts": 1783060762.525}
{"armed": false, "event": "idle_disarmed", "preset": "airplane_single", "single_auto": true, "ts": 1783060762.525}
{"armed": false, "event": "idle_disarmed", "preset": "airplane_single", "single_auto": true, "ts": 1783060763.528}
{"armed": false, "event": "idle_disarmed", "preset": "airplane_single", "single_auto": true, "ts": 1783060763.528}
{"armed": false, "event": "idle_disarmed", "preset": "airplane_single", "single_auto": true, "ts": 1783060764.531}
{"armed": false, "event": "idle_disarmed", "preset": "airplane_single", "single_auto": true, "ts": 1783060764.531}
{"armed": false, "event": "idle_disarmed", "preset": "airplane_single", "single_auto": true, "ts": 1783060765.533}
{"armed": false, "event": "idle_disarmed", "preset": "airplane_single", "single_auto": true, "ts": 1783060765.533}
{"armed": false, "event": "idle_disarmed", "preset": "airplane_single", "single_auto": true, "ts": 1783060766.536}
{"armed": false, "event": "idle_disarmed", "preset": "airplane_single", "single_auto": true, "ts": 1783060766.536}
{"armed": false, "event": "idle_disarmed", "preset": "airplane_single", "single_auto": true, "ts": 1783060767.539}
{"armed": false, "event": "idle_disarmed", "preset": "airplane_single", "single_auto": true, "ts": 1783060767.539}
{"armed": false, "event": "idle_disarmed", "preset": "airplane_single", "single_auto": true, "ts": 1783060768.542}
{"armed": false, "event": "idle_disarmed", "preset": "airplane_single", "single_auto": true, "ts": 1783060768.542}
{"armed": false, "event": "idle_disarmed", "preset": "airplane_single", "single_auto": true, "ts": 1783060769.544}
{"armed": false, "event": "idle_disarmed", "preset": "airplane_single", "single_auto": true, "ts": 1783060769.544}
{"armed": false, "event": "idle_disarmed", "preset": "airplane_single", "single_auto": true, "ts": 1783060770.547}
{"armed": false, "event": "idle_disarmed", "preset": "airplane_single", "single_auto": true, "ts": 1783060770.547}
{"armed": false, "event": "idle_disarmed", "preset": "airplane_single", "single_auto": true, "ts": 1783060771.549}
{"armed": false, "event": "idle_disarmed", "preset": "airplane_single", "single_auto": true, "ts": 1783060771.549}
{"armed": false, "event": "idle_disarmed", "preset": "airplane_single", "single_auto": true, "ts": 1783060772.552}
{"armed": false, "event": "idle_disarmed", "preset": "airplane_single", "single_auto": true, "ts": 1783060772.552}
{"armed": false, "event": "idle_disarmed", "preset": "airplane_single", "single_auto": true, "ts": 1783060773.555}
{"armed": false, "event": "idle_disarmed", "preset": "airplane_single", "single_auto": true, "ts": 1783060773.555}
{"armed": false, "event": "idle_disarmed", "preset": "airplane_single", "single_auto": true, "ts": 1783060774.558}
{"armed": false, "event": "idle_disarmed", "preset": "airplane_single", "single_auto": true, "ts": 1783060774.558}
{"armed": false, "event": "idle_disarmed", "preset": "airplane_single", "single_auto": true, "ts": 1783060775.561}
{"armed": false, "event": "idle_disarmed", "preset": "airplane_single", "single_auto": true, "ts": 1783060775.561}
{"armed": false, "event": "idle_disarmed", "preset": "airplane_single", "single_auto": true, "ts": 1783060776.563}
{"armed": false, "event": "idle_disarmed", "preset": "airplane_single", "single_auto": true, "ts": 1783060776.563}
{"armed": false, "event": "idle_disarmed", "preset": "airplane_single", "single_auto": true, "ts": 1783060777.566}
{"armed": false, "event": "idle_disarmed", "preset": "airplane_single", "single_auto": true, "ts": 1783060777.566}
{"armed": false, "event": "idle_disarmed", "preset": "airplane_single", "single_auto": true, "ts": 1783060778.569}
{"armed": false, "event": "idle_disarmed", "preset": "airplane_single", "single_auto": true, "ts": 1783060778.569}
{"armed": false, "event": "idle_disarmed", "preset": "airplane_single", "single_auto": true, "ts": 1783060779.571}
{"armed": false, "event": "idle_disarmed", "preset": "airplane_single", "single_auto": true, "ts": 1783060779.571}
{"armed": false, "event": "idle_disarmed", "preset": "airplane_single", "single_auto": true, "ts": 1783060780.574}
{"armed": false, "event": "idle_disarmed", "preset": "airplane_single", "single_auto": true, "ts": 1783060780.574}
{"armed": false, "event": "idle_disarmed", "preset": "airplane_single", "single_auto": true, "ts": 1783060781.576}
{"armed": false, "event": "idle_disarmed", "preset": "airplane_single", "single_auto": true, "ts": 1783060781.576}
{"armed": false, "event": "idle_disarmed", "preset": "airplane_single", "single_auto": true, "ts": 1783060782.579}
{"armed": false, "event": "idle_disarmed", "preset": "airplane_single", "single_auto": true, "ts": 1783060782.579}
{"armed": false, "event": "idle_disarmed", "preset": "airplane_single", "single_auto": true, "ts": 1783060783.582}
{"armed": false, "event": "idle_disarmed", "preset": "airplane_single", "single_auto": true, "ts": 1783060783.582}
{"armed": false, "event": "idle_disarmed", "preset": "airplane_single", "single_auto": true, "ts": 1783060784.585}
{"armed": false, "event": "idle_disarmed", "preset": "airplane_single", "single_auto": true, "ts": 1783060784.585}
{"armed": false, "event": "idle_disarmed", "preset": "airplane_single", "single_auto": true, "ts": 1783060785.587}
{"armed": false, "event": "idle_disarmed", "preset": "airplane_single", "single_auto": true, "ts": 1783060785.587}
{"armed": false, "event": "idle_disarmed", "preset": "airplane_single", "single_auto": true, "ts": 1783060786.59}
{"armed": false, "event": "idle_disarmed", "preset": "airplane_single", "single_auto": true, "ts": 1783060786.59}
{"armed": false, "event": "idle_disarmed", "preset": "airplane_single", "single_auto": true, "ts": 1783060787.592}
{"armed": false, "event": "idle_disarmed", "preset": "airplane_single", "single_auto": true, "ts": 1783060787.592}
{"armed": false, "event": "idle_disarmed", "preset": "airplane_single", "single_auto": true, "ts": 1783060788.595}
{"armed": false, "event": "idle_disarmed", "preset": "airplane_single", "single_auto": true, "ts": 1783060788.595}
{"armed": false, "event": "idle_disarmed", "preset": "airplane_single", "single_auto": true, "ts": 1783060789.598}
{"armed": false, "event": "idle_disarmed", "preset": "airplane_single", "single_auto": true, "ts": 1783060789.598}
{"armed": false, "event": "idle_disarmed", "preset": "airplane_single", "single_auto": true, "ts": 1783060790.601}
{"armed": false, "event": "idle_disarmed", "preset": "airplane_single", "single_auto": true, "ts": 1783060790.601}
{"armed": false, "event": "idle_disarmed", "preset": "airplane_single", "single_auto": true, "ts": 1783060791.603}
{"armed": false, "event": "idle_disarmed", "preset": "airplane_single", "single_auto": true, "ts": 1783060791.603}
{"armed": false, "event": "idle_disarmed", "preset": "airplane_single", "single_auto": true, "ts": 1783060792.606}
{"armed": false, "event": "idle_disarmed", "preset": "airplane_single", "single_auto": true, "ts": 1783060792.606}
{"armed": false, "event": "idle_disarmed", "preset": "airplane_single", "single_auto": true, "ts": 1783060793.609}
{"armed": false, "event": "idle_disarmed", "preset": "airplane_single", "single_auto": true, "ts": 1783060793.609}
{"armed": false, "event": "idle_disarmed", "preset": "airplane_single", "single_auto": true, "ts": 1783060794.612}
{"armed": false, "event": "idle_disarmed", "preset": "airplane_single", "single_auto": true, "ts": 1783060794.612}
{"armed": false, "event": "idle_disarmed", "preset": "airplane_single", "single_auto": true, "ts": 1783060795.614}
{"armed": false, "event": "idle_disarmed", "preset": "airplane_single", "single_auto": true, "ts": 1783060795.614}
{"armed": false, "event": "idle_disarmed", "preset": "airplane_single", "single_auto": true, "ts": 1783060796.617}
{"armed": false, "event": "idle_disarmed", "preset": "airplane_single", "single_auto": true, "ts": 1783060796.617}
{"armed": false, "event": "idle_disarmed", "preset": "airplane_single", "single_auto": true, "ts": 1783060797.62}
{"armed": false, "event": "idle_disarmed", "preset": "airplane_single", "single_auto": true, "ts": 1783060797.62}
{"armed": false, "event": "idle_disarmed", "preset": "airplane_single", "single_auto": true, "ts": 1783060798.622}
{"armed": false, "event": "idle_disarmed", "preset": "airplane_single", "single_auto": true, "ts": 1783060798.622}
{"armed": false, "event": "idle_disarmed", "preset": "airplane_single", "single_auto": true, "ts": 1783060799.625}
{"armed": false, "event": "idle_disarmed", "preset": "airplane_single", "single_auto": true, "ts": 1783060799.625}
{"armed": false, "event": "idle_disarmed", "preset": "airplane_single", "single_auto": true, "ts": 1783060800.628}
{"armed": false, "event": "idle_disarmed", "preset": "airplane_single", "single_auto": true, "ts": 1783060800.628}
{"armed": false, "event": "idle_disarmed", "preset": "airplane_single", "single_auto": true, "ts": 1783060801.63}
{"armed": false, "event": "idle_disarmed", "preset": "airplane_single", "single_auto": true, "ts": 1783060801.63}
{"armed": false, "event": "idle_disarmed", "preset": "airplane_single", "single_auto": true, "ts": 1783060802.633}
{"armed": false, "event": "idle_disarmed", "preset": "airplane_single", "single_auto": true, "ts": 1783060802.633}
{"armed": false, "event": "idle_disarmed", "preset": "airplane_single", "single_auto": true, "ts": 1783060803.636}
{"armed": false, "event": "idle_disarmed", "preset": "airplane_single", "single_auto": true, "ts": 1783060803.636}
{"armed": false, "event": "idle_disarmed", "preset": "airplane_single", "single_auto": true, "ts": 1783060804.639}
{"armed": false, "event": "idle_disarmed", "preset": "airplane_single", "single_auto": true, "ts": 1783060804.639}
{"armed": false, "event": "idle_disarmed", "preset": "airplane_single", "single_auto": true, "ts": 1783060805.641}
{"armed": false, "event": "idle_disarmed", "preset": "airplane_single", "single_auto": true, "ts": 1783060805.641}
{"armed": false, "event": "idle_disarmed", "preset": "airplane_single", "single_auto": true, "ts": 1783060806.644}
{"armed": false, "event": "idle_disarmed", "preset": "airplane_single", "single_auto": true, "ts": 1783060806.644}
{"armed": false, "event": "idle_disarmed", "preset": "airplane_single", "single_auto": true, "ts": 1783060807.647}
{"armed": false, "event": "idle_disarmed", "preset": "airplane_single", "single_auto": true, "ts": 1783060807.647}
{"armed": false, "event": "idle_disarmed", "preset": "airplane_single", "single_auto": true, "ts": 1783060808.649}
{"armed": false, "event": "idle_disarmed", "preset": "airplane_single", "single_auto": true, "ts": 1783060808.649}
{"armed": false, "event": "idle_disarmed", "preset": "airplane_single", "single_auto": true, "ts": 1783060809.652}
{"armed": false, "event": "idle_disarmed", "preset": "airplane_single", "single_auto": true, "ts": 1783060809.652}
{"armed": false, "event": "idle_disarmed", "preset": "airplane_single", "single_auto": true, "ts": 1783060810.655}
{"armed": false, "event": "idle_disarmed", "preset": "airplane_single", "single_auto": true, "ts": 1783060810.655}
{"armed": false, "event": "idle_disarmed", "preset": "airplane_single", "single_auto": true, "ts": 1783060811.657}
{"armed": false, "event": "idle_disarmed", "preset": "airplane_single", "single_auto": true, "ts": 1783060811.657}
{"armed": false, "event": "idle_disarmed", "preset": "airplane_single", "single_auto": true, "ts": 1783060812.66}
{"armed": false, "event": "idle_disarmed", "preset": "airplane_single", "single_auto": true, "ts": 1783060812.66}
{"armed": false, "event": "idle_disarmed", "preset": "airplane_single", "single_auto": true, "ts": 1783060813.663}
{"armed": false, "event": "idle_disarmed", "preset": "airplane_single", "single_auto": true, "ts": 1783060813.663}
{"armed": false, "event": "idle_disarmed", "preset": "airplane_single", "single_auto": true, "ts": 1783060814.665}
{"armed": false, "event": "idle_disarmed", "preset": "airplane_single", "single_auto": true, "ts": 1783060814.665}
{"armed": false, "event": "idle_disarmed", "preset": "airplane_single", "single_auto": true, "ts": 1783060815.668}
{"armed": false, "event": "idle_disarmed", "preset": "airplane_single", "single_auto": true, "ts": 1783060815.668}
{"armed": false, "event": "idle_disarmed", "preset": "airplane_single", "single_auto": true, "ts": 1783060816.671}
{"armed": false, "event": "idle_disarmed", "preset": "airplane_single", "single_auto": true, "ts": 1783060816.671}
{"armed": false, "event": "idle_disarmed", "preset": "airplane_single", "single_auto": true, "ts": 1783060817.673}
{"armed": false, "event": "idle_disarmed", "preset": "airplane_single", "single_auto": true, "ts": 1783060817.673}
{"armed": false, "event": "idle_disarmed", "preset": "airplane_single", "single_auto": true, "ts": 1783060818.676}
{"armed": false, "event": "idle_disarmed", "preset": "airplane_single", "single_auto": true, "ts": 1783060818.676}
{"armed": false, "event": "idle_disarmed", "preset": "airplane_single", "single_auto": true, "ts": 1783060819.679}
{"armed": false, "event": "idle_disarmed", "preset": "airplane_single", "single_auto": true, "ts": 1783060819.679}
{"armed": false, "event": "idle_disarmed", "preset": "airplane_single", "single_auto": true, "ts": 1783060820.682}
{"armed": false, "event": "idle_disarmed", "preset": "airplane_single", "single_auto": true, "ts": 1783060820.682}
{"armed": false, "event": "idle_disarmed", "preset": "airplane_single", "single_auto": true, "ts": 1783060821.685}
{"armed": false, "event": "idle_disarmed", "preset": "airplane_single", "single_auto": true, "ts": 1783060821.685}
{"armed": false, "event": "idle_disarmed", "preset": "airplane_single", "single_auto": true, "ts": 1783060822.687}
{"armed": false, "event": "idle_disarmed", "preset": "airplane_single", "single_auto": true, "ts": 1783060822.687}
{"armed": false, "event": "idle_disarmed", "preset": "airplane_single", "single_auto": true, "ts": 1783060823.69}
{"armed": false, "event": "idle_disarmed", "preset": "airplane_single", "single_auto": true, "ts": 1783060823.69}
{"armed": false, "event": "idle_disarmed", "preset": "airplane_single", "single_auto": true, "ts": 1783060824.693}
{"armed": false, "event": "idle_disarmed", "preset": "airplane_single", "single_auto": true, "ts": 1783060824.693}
{"armed": false, "event": "idle_disarmed", "preset": "airplane_single", "single_auto": true, "ts": 1783060825.695}
{"armed": false, "event": "idle_disarmed", "preset": "airplane_single", "single_auto": true, "ts": 1783060825.695}
{"armed": false, "event": "idle_disarmed", "preset": "airplane_single", "single_auto": true, "ts": 1783060826.698}
{"armed": false, "event": "idle_disarmed", "preset": "airplane_single", "single_auto": true, "ts": 1783060826.698}
{"armed": false, "event": "idle_disarmed", "preset": "airplane_single", "single_auto": true, "ts": 1783060827.701}
{"armed": false, "event": "idle_disarmed", "preset": "airplane_single", "single_auto": true, "ts": 1783060827.701}
{"armed": false, "event": "idle_disarmed", "preset": "airplane_single", "single_auto": true, "ts": 1783060828.703}
{"armed": false, "event": "idle_disarmed", "preset": "airplane_single", "single_auto": true, "ts": 1783060828.703}
{"armed": false, "event": "idle_disarmed", "preset": "airplane_single", "single_auto": true, "ts": 1783060829.706}
{"armed": false, "event": "idle_disarmed", "preset": "airplane_single", "single_auto": true, "ts": 1783060829.706}
{"armed": false, "event": "idle_disarmed", "preset": "airplane_single", "single_auto": true, "ts": 1783060830.708}
{"armed": false, "event": "idle_disarmed", "preset": "airplane_single", "single_auto": true, "ts": 1783060830.708}
{"armed": false, "event": "idle_disarmed", "preset": "airplane_single", "single_auto": true, "ts": 1783060831.711}
{"armed": false, "event": "idle_disarmed", "preset": "airplane_single", "single_auto": true, "ts": 1783060831.711}
{"armed": false, "event": "idle_disarmed", "preset": "airplane_single", "single_auto": true, "ts": 1783060832.714}
{"armed": false, "event": "idle_disarmed", "preset": "airplane_single", "single_auto": true, "ts": 1783060832.714}
{"armed": false, "event": "idle_disarmed", "preset": "airplane_single", "single_auto": true, "ts": 1783060833.716}
{"armed": false, "event": "idle_disarmed", "preset": "airplane_single", "single_auto": true, "ts": 1783060833.716}
{"armed": false, "event": "idle_disarmed", "preset": "airplane_single", "single_auto": true, "ts": 1783060834.719}
{"armed": false, "event": "idle_disarmed", "preset": "airplane_single", "single_auto": true, "ts": 1783060834.719}
{"armed": false, "event": "idle_disarmed", "preset": "airplane_single", "single_auto": true, "ts": 1783060835.722}
{"armed": false, "event": "idle_disarmed", "preset": "airplane_single", "single_auto": true, "ts": 1783060835.722}
{"armed": false, "event": "idle_disarmed", "preset": "airplane_single", "single_auto": true, "ts": 1783060836.725}
{"armed": false, "event": "idle_disarmed", "preset": "airplane_single", "single_auto": true, "ts": 1783060836.725}
{"armed": false, "event": "idle_disarmed", "preset": "airplane_single", "single_auto": true, "ts": 1783060837.727}
{"armed": false, "event": "idle_disarmed", "preset": "airplane_single", "single_auto": true, "ts": 1783060837.727}
{"armed": false, "event": "idle_disarmed", "preset": "airplane_single", "single_auto": true, "ts": 1783060838.73}
{"armed": false, "event": "idle_disarmed", "preset": "airplane_single", "single_auto": true, "ts": 1783060838.73}
{"armed": false, "event": "idle_disarmed", "preset": "airplane_single", "single_auto": true, "ts": 1783060839.733}
{"armed": false, "event": "idle_disarmed", "preset": "airplane_single", "single_auto": true, "ts": 1783060839.733}
{"armed": false, "event": "idle_disarmed", "preset": "airplane_single", "single_auto": true, "ts": 1783060840.735}
{"armed": false, "event": "idle_disarmed", "preset": "airplane_single", "single_auto": true, "ts": 1783060840.735}
{"armed": false, "event": "idle_disarmed", "preset": "airplane_single", "single_auto": true, "ts": 1783060841.738}
{"armed": false, "event": "idle_disarmed", "preset": "airplane_single", "single_auto": true, "ts": 1783060841.738}
{"armed": false, "event": "idle_disarmed", "preset": "airplane_single", "single_auto": true, "ts": 1783060842.741}
{"armed": false, "event": "idle_disarmed", "preset": "airplane_single", "single_auto": true, "ts": 1783060842.741}
{"armed": false, "event": "idle_disarmed", "preset": "airplane_single", "single_auto": true, "ts": 1783060843.744}
{"armed": false, "event": "idle_disarmed", "preset": "airplane_single", "single_auto": true, "ts": 1783060843.744}
{"armed": false, "event": "idle_disarmed", "preset": "airplane_single", "single_auto": true, "ts": 1783060844.746}
{"armed": false, "event": "idle_disarmed", "preset": "airplane_single", "single_auto": true, "ts": 1783060844.746}
{"armed": false, "event": "idle_disarmed", "preset": "airplane_single", "single_auto": true, "ts": 1783060845.749}
{"armed": false, "event": "idle_disarmed", "preset": "airplane_single", "single_auto": true, "ts": 1783060845.749}
{"armed": false, "event": "idle_disarmed", "preset": "airplane_single", "single_auto": true, "ts": 1783060846.752}
{"armed": false, "event": "idle_disarmed", "preset": "airplane_single", "single_auto": true, "ts": 1783060846.752}
{"armed": false, "event": "idle_disarmed", "preset": "airplane_single", "single_auto": true, "ts": 1783060847.754}
{"armed": false, "event": "idle_disarmed", "preset": "airplane_single", "single_auto": true, "ts": 1783060847.754}
{"armed": false, "event": "idle_disarmed", "preset": "airplane_single", "single_auto": true, "ts": 1783060848.757}
{"armed": false, "event": "idle_disarmed", "preset": "airplane_single", "single_auto": true, "ts": 1783060848.757}
{"armed": false, "event": "idle_disarmed", "preset": "airplane_single", "single_auto": true, "ts": 1783060849.76}
{"armed": false, "event": "idle_disarmed", "preset": "airplane_single", "single_auto": true, "ts": 1783060849.76}
{"armed": false, "event": "idle_disarmed", "preset": "airplane_single", "single_auto": true, "ts": 1783060850.763}
{"armed": false, "event": "idle_disarmed", "preset": "airplane_single", "single_auto": true, "ts": 1783060850.763}
{"armed": false, "event": "idle_disarmed", "preset": "airplane_single", "single_auto": true, "ts": 1783060851.766}
{"armed": false, "event": "idle_disarmed", "preset": "airplane_single", "single_auto": true, "ts": 1783060851.766}
{"armed": false, "event": "idle_disarmed", "preset": "airplane_single", "single_auto": true, "ts": 1783060852.769}
{"armed": false, "event": "idle_disarmed", "preset": "airplane_single", "single_auto": true, "ts": 1783060852.769}
{"armed": false, "event": "idle_disarmed", "preset": "airplane_single", "single_auto": true, "ts": 1783060853.771}
{"armed": false, "event": "idle_disarmed", "preset": "airplane_single", "single_auto": true, "ts": 1783060853.771}
{"armed": false, "event": "idle_disarmed", "preset": "airplane_single", "single_auto": true, "ts": 1783060854.774}
{"armed": false, "event": "idle_disarmed", "preset": "airplane_single", "single_auto": true, "ts": 1783060854.774}
{"armed": false, "event": "idle_disarmed", "preset": "airplane_single", "single_auto": true, "ts": 1783060855.776}
{"armed": false, "event": "idle_disarmed", "preset": "airplane_single", "single_auto": true, "ts": 1783060855.776}
{"armed": false, "event": "idle_disarmed", "preset": "airplane_single", "single_auto": true, "ts": 1783060856.779}
{"armed": false, "event": "idle_disarmed", "preset": "airplane_single", "single_auto": true, "ts": 1783060856.779}
{"armed": false, "event": "idle_disarmed", "preset": "airplane_single", "single_auto": true, "ts": 1783060857.782}
{"armed": false, "event": "idle_disarmed", "preset": "airplane_single", "single_auto": true, "ts": 1783060857.782}
{"armed": false, "event": "idle_disarmed", "preset": "airplane_single", "single_auto": true, "ts": 1783060858.784}
{"armed": false, "event": "idle_disarmed", "preset": "airplane_single", "single_auto": true, "ts": 1783060858.784}
{"armed": false, "event": "idle_disarmed", "preset": "airplane_single", "single_auto": true, "ts": 1783060859.787}
{"armed": false, "event": "idle_disarmed", "preset": "airplane_single", "single_auto": true, "ts": 1783060859.787}
{"armed": false, "event": "idle_disarmed", "preset": "airplane_single", "single_auto": true, "ts": 1783060860.79}
{"armed": false, "event": "idle_disarmed", "preset": "airplane_single", "single_auto": true, "ts": 1783060860.79}
{"armed": false, "event": "idle_disarmed", "preset": "airplane_single", "single_auto": true, "ts": 1783060861.792}
{"armed": false, "event": "idle_disarmed", "preset": "airplane_single", "single_auto": true, "ts": 1783060861.792}
{"armed": false, "event": "idle_disarmed", "preset": "airplane_single", "single_auto": true, "ts": 1783060862.795}
{"armed": false, "event": "idle_disarmed", "preset": "airplane_single", "single_auto": true, "ts": 1783060862.795}
{"armed": false, "event": "idle_disarmed", "preset": "airplane_single", "single_auto": true, "ts": 1783060863.798}
{"armed": false, "event": "idle_disarmed", "preset": "airplane_single", "single_auto": true, "ts": 1783060863.798}
{"armed": false, "event": "idle_disarmed", "preset": "airplane_single", "single_auto": true, "ts": 1783060864.801}
{"armed": false, "event": "idle_disarmed", "preset": "airplane_single", "single_auto": true, "ts": 1783060864.801}
{"armed": false, "event": "idle_disarmed", "preset": "airplane_single", "single_auto": true, "ts": 1783060865.803}
{"armed": false, "event": "idle_disarmed", "preset": "airplane_single", "single_auto": true, "ts": 1783060865.803}
{"armed": false, "event": "idle_disarmed", "preset": "airplane_single", "single_auto": true, "ts": 1783060866.806}
{"armed": false, "event": "idle_disarmed", "preset": "airplane_single", "single_auto": true, "ts": 1783060866.806}
{"armed": false, "event": "idle_disarmed", "preset": "airplane_single", "single_auto": true, "ts": 1783060867.809}
{"armed": false, "event": "idle_disarmed", "preset": "airplane_single", "single_auto": true, "ts": 1783060867.809}
{"armed": false, "event": "idle_disarmed", "preset": "airplane_single", "single_auto": true, "ts": 1783060868.812}
{"armed": false, "event": "idle_disarmed", "preset": "airplane_single", "single_auto": true, "ts": 1783060868.812}
{"armed": false, "event": "idle_disarmed", "preset": "airplane_single", "single_auto": true, "ts": 1783060869.815}
{"armed": false, "event": "idle_disarmed", "preset": "airplane_single", "single_auto": true, "ts": 1783060869.815}
{"armed": false, "event": "idle_disarmed", "preset": "airplane_single", "single_auto": true, "ts": 1783060870.817}
{"armed": false, "event": "idle_disarmed", "preset": "airplane_single", "single_auto": true, "ts": 1783060870.817}
{"armed": false, "event": "idle_disarmed", "preset": "airplane_single", "single_auto": true, "ts": 1783060871.82}
{"armed": false, "event": "idle_disarmed", "preset": "airplane_single", "single_auto": true, "ts": 1783060871.82}
{"armed": false, "event": "idle_disarmed", "preset": "airplane_single", "single_auto": true, "ts": 1783060872.822}
{"armed": false, "event": "idle_disarmed", "preset": "airplane_single", "single_auto": true, "ts": 1783060872.822}
{"armed": false, "event": "idle_disarmed", "preset": "airplane_single", "single_auto": true, "ts": 1783060873.825}
{"armed": false, "event": "idle_disarmed", "preset": "airplane_single", "single_auto": true, "ts": 1783060873.825}
{"armed": false, "event": "idle_disarmed", "preset": "airplane_single", "single_auto": true, "ts": 1783060874.828}
{"armed": false, "event": "idle_disarmed", "preset": "airplane_single", "single_auto": true, "ts": 1783060874.828}
{"armed": false, "event": "idle_disarmed", "preset": "airplane_single", "single_auto": true, "ts": 1783060875.832}
{"armed": false, "event": "idle_disarmed", "preset": "airplane_single", "single_auto": true, "ts": 1783060875.832}
{"armed": false, "event": "idle_disarmed", "preset": "airplane_single", "single_auto": true, "ts": 1783060876.834}
{"armed": false, "event": "idle_disarmed", "preset": "airplane_single", "single_auto": true, "ts": 1783060876.834}
{"armed": false, "event": "idle_disarmed", "preset": "airplane_single", "single_auto": true, "ts": 1783060877.837}
{"armed": false, "event": "idle_disarmed", "preset": "airplane_single", "single_auto": true, "ts": 1783060877.837}
{"armed": false, "event": "idle_disarmed", "preset": "airplane_single", "single_auto": true, "ts": 1783060878.84}
{"armed": false, "event": "idle_disarmed", "preset": "airplane_single", "single_auto": true, "ts": 1783060878.84}
{"armed": false, "event": "idle_disarmed", "preset": "airplane_single", "single_auto": true, "ts": 1783060879.842}
{"armed": false, "event": "idle_disarmed", "preset": "airplane_single", "single_auto": true, "ts": 1783060879.842}
{"armed": false, "event": "idle_disarmed", "preset": "airplane_single", "single_auto": true, "ts": 1783060880.845}
{"armed": false, "event": "idle_disarmed", "preset": "airplane_single", "single_auto": true, "ts": 1783060880.845}
{"armed": false, "event": "idle_disarmed", "preset": "airplane_single", "single_auto": true, "ts": 1783060881.848}
{"armed": false, "event": "idle_disarmed", "preset": "airplane_single", "single_auto": true, "ts": 1783060881.848}
{"armed": false, "event": "idle_disarmed", "preset": "airplane_single", "single_auto": true, "ts": 1783060882.851}
{"armed": false, "event": "idle_disarmed", "preset": "airplane_single", "single_auto": true, "ts": 1783060882.851}
{"armed": false, "event": "idle_disarmed", "preset": "airplane_single", "single_auto": true, "ts": 1783060883.854}
{"armed": false, "event": "idle_disarmed", "preset": "airplane_single", "single_auto": true, "ts": 1783060883.854}
{"armed": false, "event": "idle_disarmed", "preset": "airplane_single", "single_auto": true, "ts": 1783060884.856}
{"armed": false, "event": "idle_disarmed", "preset": "airplane_single", "single_auto": true, "ts": 1783060884.856}
{"armed": false, "event": "idle_disarmed", "preset": "airplane_single", "single_auto": true, "ts": 1783060885.859}
{"armed": false, "event": "idle_disarmed", "preset": "airplane_single", "single_auto": true, "ts": 1783060885.859}
{"armed": false, "event": "idle_disarmed", "preset": "airplane_single", "single_auto": true, "ts": 1783060886.861}
{"armed": false, "event": "idle_disarmed", "preset": "airplane_single", "single_auto": true, "ts": 1783060886.861}
{"armed": false, "event": "idle_disarmed", "preset": "airplane_single", "single_auto": true, "ts": 1783060887.864}
{"armed": false, "event": "idle_disarmed", "preset": "airplane_single", "single_auto": true, "ts": 1783060887.864}
{"armed": false, "event": "idle_disarmed", "preset": "airplane_single", "single_auto": true, "ts": 1783060888.867}
{"armed": false, "event": "idle_disarmed", "preset": "airplane_single", "single_auto": true, "ts": 1783060888.867}
{"armed": false, "event": "idle_disarmed", "preset": "airplane_single", "single_auto": true, "ts": 1783060889.87}
{"armed": false, "event": "idle_disarmed", "preset": "airplane_single", "single_auto": true, "ts": 1783060889.87}
{"armed": false, "event": "idle_disarmed", "preset": "airplane_single", "single_auto": true, "ts": 1783060890.873}
{"armed": false, "event": "idle_disarmed", "preset": "airplane_single", "single_auto": true, "ts": 1783060890.873}
{"armed": false, "event": "idle_disarmed", "preset": "airplane_single", "single_auto": true, "ts": 1783060891.876}
{"armed": false, "event": "idle_disarmed", "preset": "airplane_single", "single_auto": true, "ts": 1783060891.876}
{"armed": false, "event": "idle_disarmed", "preset": "airplane_single", "single_auto": true, "ts": 1783060892.878}
{"armed": false, "event": "idle_disarmed", "preset": "airplane_single", "single_auto": true, "ts": 1783060892.878}
{"armed": false, "event": "idle_disarmed", "preset": "airplane_single", "single_auto": true, "ts": 1783060893.881}
{"armed": false, "event": "idle_disarmed", "preset": "airplane_single", "single_auto": true, "ts": 1783060893.881}
{"armed": false, "event": "idle_disarmed", "preset": "airplane_single", "single_auto": true, "ts": 1783060894.883}
{"armed": false, "event": "idle_disarmed", "preset": "airplane_single", "single_auto": true, "ts": 1783060894.883}
{"armed": false, "event": "idle_disarmed", "preset": "airplane_single", "single_auto": true, "ts": 1783060895.886}
{"armed": false, "event": "idle_disarmed", "preset": "airplane_single", "single_auto": true, "ts": 1783060895.886}
{"armed": false, "event": "idle_disarmed", "preset": "airplane_single", "single_auto": true, "ts": 1783060896.889}
{"armed": false, "event": "idle_disarmed", "preset": "airplane_single", "single_auto": true, "ts": 1783060896.889}
{"armed": false, "event": "idle_disarmed", "preset": "airplane_single", "single_auto": true, "ts": 1783060897.892}
{"armed": false, "event": "idle_disarmed", "preset": "airplane_single", "single_auto": true, "ts": 1783060897.892}
{"armed": false, "event": "idle_disarmed", "preset": "airplane_single", "single_auto": true, "ts": 1783060898.894}
{"armed": false, "event": "idle_disarmed", "preset": "airplane_single", "single_auto": true, "ts": 1783060898.894}
{"armed": false, "event": "idle_disarmed", "preset": "airplane_single", "single_auto": true, "ts": 1783060899.897}
{"armed": false, "event": "idle_disarmed", "preset": "airplane_single", "single_auto": true, "ts": 1783060899.897}
{"armed": false, "event": "idle_disarmed", "preset": "airplane_single", "single_auto": true, "ts": 1783060900.9}
{"armed": false, "event": "idle_disarmed", "preset": "airplane_single", "single_auto": true, "ts": 1783060900.9}
{"armed": false, "event": "idle_disarmed", "preset": "airplane_single", "single_auto": true, "ts": 1783060901.902}
{"armed": false, "event": "idle_disarmed", "preset": "airplane_single", "single_auto": true, "ts": 1783060901.902}
{"armed": false, "event": "idle_disarmed", "preset": "airplane_single", "single_auto": true, "ts": 1783060902.905}
{"armed": false, "event": "idle_disarmed", "preset": "airplane_single", "single_auto": true, "ts": 1783060902.905}
{"armed": false, "event": "idle_disarmed", "preset": "airplane_single", "single_auto": true, "ts": 1783060903.908}
{"armed": false, "event": "idle_disarmed", "preset": "airplane_single", "single_auto": true, "ts": 1783060903.908}
{"armed": false, "event": "idle_disarmed", "preset": "airplane_single", "single_auto": true, "ts": 1783060904.911}
{"armed": false, "event": "idle_disarmed", "preset": "airplane_single", "single_auto": true, "ts": 1783060904.911}
{"armed": false, "event": "idle_disarmed", "preset": "airplane_single", "single_auto": true, "ts": 1783060905.913}
{"armed": false, "event": "idle_disarmed", "preset": "airplane_single", "single_auto": true, "ts": 1783060905.913}
{"armed": false, "event": "idle_disarmed", "preset": "airplane_single", "single_auto": true, "ts": 1783060906.916}
{"armed": false, "event": "idle_disarmed", "preset": "airplane_single", "single_auto": true, "ts": 1783060906.916}
{"armed": false, "event": "idle_disarmed", "preset": "airplane_single", "single_auto": true, "ts": 1783060907.919}
{"armed": false, "event": "idle_disarmed", "preset": "airplane_single", "single_auto": true, "ts": 1783060907.919}
{"armed": false, "event": "idle_disarmed", "preset": "airplane_single", "single_auto": true, "ts": 1783060908.921}
{"armed": false, "event": "idle_disarmed", "preset": "airplane_single", "single_auto": true, "ts": 1783060908.921}
{"armed": false, "event": "idle_disarmed", "preset": "airplane_single", "single_auto": true, "ts": 1783060909.924}
{"armed": false, "event": "idle_disarmed", "preset": "airplane_single", "single_auto": true, "ts": 1783060909.924}
{"armed": false, "event": "idle_disarmed", "preset": "airplane_single", "single_auto": true, "ts": 1783060910.927}
{"armed": false, "event": "idle_disarmed", "preset": "airplane_single", "single_auto": true, "ts": 1783060910.927}
{"armed": false, "event": "idle_disarmed", "preset": "airplane_single", "single_auto": true, "ts": 1783060911.93}
{"armed": false, "event": "idle_disarmed", "preset": "airplane_single", "single_auto": true, "ts": 1783060911.93}
{"armed": false, "event": "idle_disarmed", "preset": "airplane_single", "single_auto": true, "ts": 1783060912.933}
{"armed": false, "event": "idle_disarmed", "preset": "airplane_single", "single_auto": true, "ts": 1783060912.933}
{"armed": false, "event": "idle_disarmed", "preset": "airplane_single", "single_auto": true, "ts": 1783060913.936}
{"armed": false, "event": "idle_disarmed", "preset": "airplane_single", "single_auto": true, "ts": 1783060913.936}
{"armed": false, "event": "idle_disarmed", "preset": "airplane_single", "single_auto": true, "ts": 1783060914.938}
{"armed": false, "event": "idle_disarmed", "preset": "airplane_single", "single_auto": true, "ts": 1783060914.938}
{"armed": false, "event": "idle_disarmed", "preset": "airplane_single", "single_auto": true, "ts": 1783060915.941}
{"armed": false, "event": "idle_disarmed", "preset": "airplane_single", "single_auto": true, "ts": 1783060915.941}
{"armed": false, "event": "idle_disarmed", "preset": "airplane_single", "single_auto": true, "ts": 1783060916.944}
{"armed": false, "event": "idle_disarmed", "preset": "airplane_single", "single_auto": true, "ts": 1783060916.944}
{"cmd": ["/usr/bin/python3", "/root/rknpu2/examples/rknn_yolov8_demo_opencv_2_work_2/new_yolo8/apply_ptz_object_preset.py", "--preset", "airplane_single", "--arm", "force", "--strategy", "preset", "--watch"], "event": "child_start", "pid": 392825, "preset": "airplane_single", "search_preset": "lost_step_wait", "ts": 1783060917.947}
{"cmd": ["/usr/bin/python3", "/root/rknpu2/examples/rknn_yolov8_demo_opencv_2_work_2/new_yolo8/apply_ptz_object_preset.py", "--preset", "airplane_single", "--arm", "force", "--strategy", "preset", "--watch"], "event": "child_start", "pid": 392825, "preset": "airplane_single", "search_preset": "lost_step_wait", "ts": 1783060917.947}
{"event": "armed_running", "pid": 392825, "preset": "airplane_single", "search_preset": "lost_step_wait", "ts": 1783060918.951}
{"event": "armed_running", "pid": 392825, "preset": "airplane_single", "search_preset": "lost_step_wait", "ts": 1783060918.951}
{"event": "armed_running", "pid": 392825, "preset": "airplane_single", "search_preset": "lost_step_wait", "ts": 1783060933.988}
{"event": "armed_running", "pid": 392825, "preset": "airplane_single", "search_preset": "lost_step_wait", "ts": 1783060933.988}
{"event": "child_stop", "pid": 392825, "preset": "airplane_single::lost_step_wait", "reason": "ptzArmed_false", "ts": 1783060943.011}
{"event": "child_stop", "pid": 392825, "preset": "airplane_single::lost_step_wait", "reason": "ptzArmed_false", "ts": 1783060943.011}
{"archived": "/root/rknpu2/examples/rknn_yolov8_demo_opencv_2_work_2/new_yolo8/logs/session_20260703_064223_ptzArmed_false", "event": "logs_archived", "reason": "ptzArmed_false", "ts": 1783060943.174}
{"archived": "/root/rknpu2/examples/rknn_yolov8_demo_opencv_2_work_2/new_yolo8/logs/session_20260703_064223_ptzArmed_false", "event": "logs_archived", "reason": "ptzArmed_false", "ts": 1783060943.174}
{"armed": false, "event": "idle_disarmed", "preset": "car_single", "single_auto": true, "ts": 1783060943.174}
{"armed": false, "event": "idle_disarmed", "preset": "car_single", "single_auto": true, "ts": 1783060943.174}
{"armed": false, "event": "idle_disarmed", "preset": "car_single", "single_auto": true, "ts": 1783060944.177}
{"armed": false, "event": "idle_disarmed", "preset": "car_single", "single_auto": true, "ts": 1783060944.177}
{"armed": false, "event": "idle_disarmed", "preset": "car_single", "single_auto": true, "ts": 1783060945.178}
{"armed": false, "event": "idle_disarmed", "preset": "car_single", "single_auto": true, "ts": 1783060945.178}
{"armed": false, "event": "idle_disarmed", "preset": "car_single", "single_auto": true, "ts": 1783060946.179}
{"armed": false, "event": "idle_disarmed", "preset": "car_single", "single_auto": true, "ts": 1783060946.179}
{"armed": false, "event": "idle_disarmed", "preset": "car_single", "single_auto": true, "ts": 1783060947.182}
{"armed": false, "event": "idle_disarmed", "preset": "car_single", "single_auto": true, "ts": 1783060947.182}
{"armed": false, "event": "idle_disarmed", "preset": "car_single", "single_auto": true, "ts": 1783060948.185}
{"armed": false, "event": "idle_disarmed", "preset": "car_single", "single_auto": true, "ts": 1783060948.185}
{"armed": false, "event": "idle_disarmed", "preset": "car_single", "single_auto": true, "ts": 1783060949.187}
{"armed": false, "event": "idle_disarmed", "preset": "car_single", "single_auto": true, "ts": 1783060949.187}
{"armed": false, "event": "idle_disarmed", "preset": "car_single", "single_auto": true, "ts": 1783060950.19}
{"armed": false, "event": "idle_disarmed", "preset": "car_single", "single_auto": true, "ts": 1783060950.19}
{"armed": false, "event": "idle_disarmed", "preset": "car_single", "single_auto": true, "ts": 1783060951.193}
{"armed": false, "event": "idle_disarmed", "preset": "car_single", "single_auto": true, "ts": 1783060951.193}
{"armed": false, "event": "idle_disarmed", "preset": "car_single", "single_auto": true, "ts": 1783060952.196}
{"armed": false, "event": "idle_disarmed", "preset": "car_single", "single_auto": true, "ts": 1783060952.196}
{"armed": false, "event": "idle_disarmed", "preset": "car_single", "single_auto": true, "ts": 1783060953.198}
{"armed": false, "event": "idle_disarmed", "preset": "car_single", "single_auto": true, "ts": 1783060953.198}
{"armed": false, "event": "idle_disarmed", "preset": "car_single", "single_auto": true, "ts": 1783060954.201}
{"armed": false, "event": "idle_disarmed", "preset": "car_single", "single_auto": true, "ts": 1783060954.201}
{"armed": false, "event": "idle_disarmed", "preset": "car_single", "single_auto": true, "ts": 1783060955.204}
{"armed": false, "event": "idle_disarmed", "preset": "car_single", "single_auto": true, "ts": 1783060955.204}
{"armed": false, "event": "idle_disarmed", "preset": "car_single", "single_auto": true, "ts": 1783060956.206}
{"armed": false, "event": "idle_disarmed", "preset": "car_single", "single_auto": true, "ts": 1783060956.206}
{"armed": false, "event": "idle_disarmed", "preset": "car_single", "single_auto": true, "ts": 1783060957.209}
{"armed": false, "event": "idle_disarmed", "preset": "car_single", "single_auto": true, "ts": 1783060957.209}
{"armed": false, "event": "idle_disarmed", "preset": "car_single", "single_auto": true, "ts": 1783060958.212}
{"armed": false, "event": "idle_disarmed", "preset": "car_single", "single_auto": true, "ts": 1783060958.212}
{"armed": false, "event": "idle_disarmed", "preset": "car_single", "single_auto": true, "ts": 1783060959.215}
{"armed": false, "event": "idle_disarmed", "preset": "car_single", "single_auto": true, "ts": 1783060959.215}
{"armed": false, "event": "idle_disarmed", "preset": "car_single", "single_auto": true, "ts": 1783060960.217}
{"armed": false, "event": "idle_disarmed", "preset": "car_single", "single_auto": true, "ts": 1783060960.217}
{"armed": false, "event": "idle_disarmed", "preset": "bird_single", "single_auto": true, "ts": 1783060961.218}
{"armed": false, "event": "idle_disarmed", "preset": "bird_single", "single_auto": true, "ts": 1783060961.218}
{"armed": false, "event": "idle_disarmed", "preset": "bird_single", "single_auto": true, "ts": 1783060962.22}
{"armed": false, "event": "idle_disarmed", "preset": "bird_single", "single_auto": true, "ts": 1783060962.22}
{"armed": false, "event": "idle_disarmed", "preset": "bird_single", "single_auto": true, "ts": 1783060963.223}
{"armed": false, "event": "idle_disarmed", "preset": "bird_single", "single_auto": true, "ts": 1783060963.223}
{"cmd": ["/usr/bin/python3", "/root/rknpu2/examples/rknn_yolov8_demo_opencv_2_work_2/new_yolo8/apply_ptz_object_preset.py", "--preset", "bird_single", "--arm", "force", "--strategy", "preset", "--watch"], "event": "child_start", "pid": 395165, "preset": "bird_single", "search_preset": "lost_step_wait", "ts": 1783060964.225}
{"cmd": ["/usr/bin/python3", "/root/rknpu2/examples/rknn_yolov8_demo_opencv_2_work_2/new_yolo8/apply_ptz_object_preset.py", "--preset", "bird_single", "--arm", "force", "--strategy", "preset", "--watch"], "event": "child_start", "pid": 395165, "preset": "bird_single", "search_preset": "lost_step_wait", "ts": 1783060964.225}
{"event": "armed_running", "pid": 395165, "preset": "bird_single", "search_preset": "lost_step_wait", "ts": 1783060965.226}
{"event": "armed_running", "pid": 395165, "preset": "bird_single", "search_preset": "lost_step_wait", "ts": 1783060965.226}
{"event": "armed_running", "pid": 395165, "preset": "bird_single", "search_preset": "lost_step_wait", "ts": 1783060980.264}
{"event": "armed_running", "pid": 395165, "preset": "bird_single", "search_preset": "lost_step_wait", "ts": 1783060980.264}
{"event": "armed_running", "pid": 395165, "preset": "bird_single", "search_preset": "lost_step_wait", "ts": 1783060995.303}
{"event": "armed_running", "pid": 395165, "preset": "bird_single", "search_preset": "lost_step_wait", "ts": 1783060995.303}
{"event": "armed_running", "pid": 395165, "preset": "bird_single", "search_preset": "lost_step_wait", "ts": 1783061010.338}
{"event": "armed_running", "pid": 395165, "preset": "bird_single", "search_preset": "lost_step_wait", "ts": 1783061010.338}
{"event": "armed_running", "pid": 395165, "preset": "bird_single", "search_preset": "lost_step_wait", "ts": 1783061025.377}
{"event": "armed_running", "pid": 395165, "preset": "bird_single", "search_preset": "lost_step_wait", "ts": 1783061025.377}
{"event": "armed_running", "pid": 395165, "preset": "bird_single", "search_preset": "lost_step_wait", "ts": 1783061040.412}
{"event": "armed_running", "pid": 395165, "preset": "bird_single", "search_preset": "lost_step_wait", "ts": 1783061040.412}
{"event": "armed_running", "pid": 395165, "preset": "bird_single", "search_preset": "lost_step_wait", "ts": 1783061055.448}
{"event": "armed_running", "pid": 395165, "preset": "bird_single", "search_preset": "lost_step_wait", "ts": 1783061055.448}
{"event": "armed_running", "pid": 395165, "preset": "bird_single", "search_preset": "lost_step_wait", "ts": 1783061070.482}
{"event": "armed_running", "pid": 395165, "preset": "bird_single", "search_preset": "lost_step_wait", "ts": 1783061070.482}
{"event": "armed_running", "pid": 395165, "preset": "bird_single", "search_preset": "lost_step_wait", "ts": 1783061085.516}
{"event": "armed_running", "pid": 395165, "preset": "bird_single", "search_preset": "lost_step_wait", "ts": 1783061085.516}
{"event": "armed_running", "pid": 395165, "preset": "bird_single", "search_preset": "lost_step_wait", "ts": 1783061100.55}
{"event": "armed_running", "pid": 395165, "preset": "bird_single", "search_preset": "lost_step_wait", "ts": 1783061100.55}
{"event": "armed_running", "pid": 395165, "preset": "bird_single", "search_preset": "lost_step_wait", "ts": 1783061115.576}
{"event": "armed_running", "pid": 395165, "preset": "bird_single", "search_preset": "lost_step_wait", "ts": 1783061115.576}
{"event": "armed_running", "pid": 395165, "preset": "bird_single", "search_preset": "lost_step_wait", "ts": 1783061130.611}
{"event": "armed_running", "pid": 395165, "preset": "bird_single", "search_preset": "lost_step_wait", "ts": 1783061130.611}
{"event": "armed_running", "pid": 395165, "preset": "bird_single", "search_preset": "lost_step_wait", "ts": 1783061145.646}
{"event": "armed_running", "pid": 395165, "preset": "bird_single", "search_preset": "lost_step_wait", "ts": 1783061145.646}
{"event": "armed_running", "pid": 395165, "preset": "bird_single", "search_preset": "lost_step_wait", "ts": 1783061160.68}
{"event": "armed_running", "pid": 395165, "preset": "bird_single", "search_preset": "lost_step_wait", "ts": 1783061160.68}
{"event": "armed_running", "pid": 395165, "preset": "bird_single", "search_preset": "lost_step_wait", "ts": 1783061175.715}
{"event": "armed_running", "pid": 395165, "preset": "bird_single", "search_preset": "lost_step_wait", "ts": 1783061175.715}
{"event": "armed_running", "pid": 395165, "preset": "bird_single", "search_preset": "lost_step_wait", "ts": 1783061190.75}
{"event": "armed_running", "pid": 395165, "preset": "bird_single", "search_preset": "lost_step_wait", "ts": 1783061190.75}
{"event": "armed_running", "pid": 395165, "preset": "bird_single", "search_preset": "lost_step_wait", "ts": 1783061205.785}
{"event": "armed_running", "pid": 395165, "preset": "bird_single", "search_preset": "lost_step_wait", "ts": 1783061205.785}
{"event": "armed_running", "pid": 395165, "preset": "bird_single", "search_preset": "lost_step_wait", "ts": 1783061220.819}
{"event": "armed_running", "pid": 395165, "preset": "bird_single", "search_preset": "lost_step_wait", "ts": 1783061220.819}
{"event": "armed_running", "pid": 395165, "preset": "bird_single", "search_preset": "lost_step_wait", "ts": 1783061235.853}
{"event": "armed_running", "pid": 395165, "preset": "bird_single", "search_preset": "lost_step_wait", "ts": 1783061235.853}
{"event": "armed_running", "pid": 395165, "preset": "bird_single", "search_preset": "lost_step_wait", "ts": 1783061250.888}
{"event": "armed_running", "pid": 395165, "preset": "bird_single", "search_preset": "lost_step_wait", "ts": 1783061250.888}
{"event": "armed_running", "pid": 395165, "preset": "bird_single", "search_preset": "lost_step_wait", "ts": 1783061265.924}
{"event": "armed_running", "pid": 395165, "preset": "bird_single", "search_preset": "lost_step_wait", "ts": 1783061265.924}
{"event": "armed_running", "pid": 395165, "preset": "bird_single", "search_preset": "lost_step_wait", "ts": 1783061280.959}
{"event": "armed_running", "pid": 395165, "preset": "bird_single", "search_preset": "lost_step_wait", "ts": 1783061280.959}
{"event": "armed_running", "pid": 395165, "preset": "bird_single", "search_preset": "lost_step_wait", "ts": 1783061295.994}
{"event": "armed_running", "pid": 395165, "preset": "bird_single", "search_preset": "lost_step_wait", "ts": 1783061295.994}
{"event": "armed_running", "pid": 395165, "preset": "bird_single", "search_preset": "lost_step_wait", "ts": 1783061311.031}
{"event": "armed_running", "pid": 395165, "preset": "bird_single", "search_preset": "lost_step_wait", "ts": 1783061311.031}
{"event": "armed_running", "pid": 395165, "preset": "bird_single", "search_preset": "lost_step_wait", "ts": 1783061326.067}
{"event": "armed_running", "pid": 395165, "preset": "bird_single", "search_preset": "lost_step_wait", "ts": 1783061326.067}
{"event": "child_stop", "pid": 395165, "preset": "bird_single::lost_step_wait", "reason": "ptzArmed_false", "ts": 1783061338.097}
{"event": "child_stop", "pid": 395165, "preset": "bird_single::lost_step_wait", "reason": "ptzArmed_false", "ts": 1783061338.097}
{"archived": "/root/rknpu2/examples/rknn_yolov8_demo_opencv_2_work_2/new_yolo8/logs/session_20260703_064858_ptzArmed_false", "event": "logs_archived", "reason": "ptzArmed_false", "ts": 1783061338.283}
{"archived": "/root/rknpu2/examples/rknn_yolov8_demo_opencv_2_work_2/new_yolo8/logs/session_20260703_064858_ptzArmed_false", "event": "logs_archived", "reason": "ptzArmed_false", "ts": 1783061338.283}
{"armed": false, "event": "idle_disarmed", "preset": "bird_single", "single_auto": true, "ts": 1783061338.283}
{"armed": false, "event": "idle_disarmed", "preset": "bird_single", "single_auto": true, "ts": 1783061338.283}
{"armed": false, "event": "idle_disarmed", "preset": "bird_single", "single_auto": true, "ts": 1783061339.284}
{"armed": false, "event": "idle_disarmed", "preset": "bird_single", "single_auto": true, "ts": 1783061339.284}
{"armed": false, "event": "idle_disarmed", "preset": "bird_single", "single_auto": true, "ts": 1783061340.286}
{"armed": false, "event": "idle_disarmed", "preset": "bird_single", "single_auto": true, "ts": 1783061340.286}
{"cmd": ["/usr/bin/python3", "/root/rknpu2/examples/rknn_yolov8_demo_opencv_2_work_2/new_yolo8/apply_ptz_object_preset.py", "--preset", "bird_single", "--arm", "force", "--strategy", "preset", "--watch"], "event": "child_start", "pid": 415887, "preset": "bird_single", "search_preset": "lost_step_wait", "ts": 1783061341.289}
{"cmd": ["/usr/bin/python3", "/root/rknpu2/examples/rknn_yolov8_demo_opencv_2_work_2/new_yolo8/apply_ptz_object_preset.py", "--preset", "bird_single", "--arm", "force", "--strategy", "preset", "--watch"], "event": "child_start", "pid": 415887, "preset": "bird_single", "search_preset": "lost_step_wait", "ts": 1783061341.289}
{"event": "armed_running", "pid": 415887, "preset": "bird_single", "search_preset": "lost_step_wait", "ts": 1783061342.291}
{"event": "armed_running", "pid": 415887, "preset": "bird_single", "search_preset": "lost_step_wait", "ts": 1783061342.291}
{"event": "child_stop", "pid": 415887, "preset": "bird_single::lost_step_wait", "reason": "ptzArmed_false", "ts": 1783061354.306}
{"event": "child_stop", "pid": 415887, "preset": "bird_single::lost_step_wait", "reason": "ptzArmed_false", "ts": 1783061354.306}
{"archived": "/root/rknpu2/examples/rknn_yolov8_demo_opencv_2_work_2/new_yolo8/logs/session_20260703_064914_ptzArmed_false", "event": "logs_archived", "reason": "ptzArmed_false", "ts": 1783061355.415}
{"archived": "/root/rknpu2/examples/rknn_yolov8_demo_opencv_2_work_2/new_yolo8/logs/session_20260703_064914_ptzArmed_false", "event": "logs_archived", "reason": "ptzArmed_false", "ts": 1783061355.415}
{"armed": false, "event": "idle_disarmed", "preset": "bird_single", "single_auto": true, "ts": 1783061355.416}
{"armed": false, "event": "idle_disarmed", "preset": "bird_single", "single_auto": true, "ts": 1783061355.416}
{"armed": false, "event": "idle_disarmed", "preset": "bird_single", "single_auto": true, "ts": 1783061356.418}
{"armed": false, "event": "idle_disarmed", "preset": "bird_single", "single_auto": true, "ts": 1783061356.418}
{"armed": false, "event": "idle_disarmed", "preset": "bird_single", "single_auto": true, "ts": 1783061357.421}
{"armed": false, "event": "idle_disarmed", "preset": "bird_single", "single_auto": true, "ts": 1783061357.421}
{"armed": false, "event": "idle_disarmed", "preset": "bird_single", "single_auto": true, "ts": 1783061358.423}
{"armed": false, "event": "idle_disarmed", "preset": "bird_single", "single_auto": true, "ts": 1783061358.423}
{"armed": false, "event": "idle_disarmed", "preset": "bird_single", "single_auto": true, "ts": 1783061359.426}
{"armed": false, "event": "idle_disarmed", "preset": "bird_single", "single_auto": true, "ts": 1783061359.426}
{"armed": false, "event": "idle_disarmed", "preset": "bird_single", "single_auto": true, "ts": 1783061360.428}
{"armed": false, "event": "idle_disarmed", "preset": "bird_single", "single_auto": true, "ts": 1783061360.428}
{"armed": false, "event": "idle_disarmed", "preset": "bird_single", "single_auto": true, "ts": 1783061361.431}
{"armed": false, "event": "idle_disarmed", "preset": "bird_single", "single_auto": true, "ts": 1783061361.431}
{"armed": false, "event": "idle_disarmed", "preset": "bird_single", "single_auto": true, "ts": 1783061362.434}
{"armed": false, "event": "idle_disarmed", "preset": "bird_single", "single_auto": true, "ts": 1783061362.434}
{"armed": false, "event": "idle_disarmed", "preset": "bird_single", "single_auto": true, "ts": 1783061363.436}
{"armed": false, "event": "idle_disarmed", "preset": "bird_single", "single_auto": true, "ts": 1783061363.436}
{"armed": false, "event": "idle_disarmed", "preset": "bird_single", "single_auto": true, "ts": 1783061364.439}
{"armed": false, "event": "idle_disarmed", "preset": "bird_single", "single_auto": true, "ts": 1783061364.439}
{"armed": false, "event": "idle_disarmed", "preset": "bird_single", "single_auto": true, "ts": 1783061365.442}
{"armed": false, "event": "idle_disarmed", "preset": "bird_single", "single_auto": true, "ts": 1783061365.442}
{"armed": false, "event": "idle_disarmed", "preset": "bird_single", "single_auto": true, "ts": 1783061366.444}
{"armed": false, "event": "idle_disarmed", "preset": "bird_single", "single_auto": true, "ts": 1783061366.444}
{"armed": false, "event": "idle_disarmed", "preset": "bird_single", "single_auto": true, "ts": 1783061367.447}
{"armed": false, "event": "idle_disarmed", "preset": "bird_single", "single_auto": true, "ts": 1783061367.447}
{"armed": false, "event": "idle_disarmed", "preset": "bird_single", "single_auto": true, "ts": 1783061368.449}
{"armed": false, "event": "idle_disarmed", "preset": "bird_single", "single_auto": true, "ts": 1783061368.449}
{"armed": false, "event": "idle_disarmed", "preset": "bird_single", "single_auto": true, "ts": 1783061369.452}
{"armed": false, "event": "idle_disarmed", "preset": "bird_single", "single_auto": true, "ts": 1783061369.452}
{"armed": false, "event": "idle_disarmed", "preset": "bird_single", "single_auto": true, "ts": 1783061370.454}
{"armed": false, "event": "idle_disarmed", "preset": "bird_single", "single_auto": true, "ts": 1783061370.454}
{"armed": false, "event": "idle_disarmed", "preset": "bird_single", "single_auto": true, "ts": 1783061371.457}
{"armed": false, "event": "idle_disarmed", "preset": "bird_single", "single_auto": true, "ts": 1783061371.457}
{"cmd": ["/usr/bin/python3", "/root/rknpu2/examples/rknn_yolov8_demo_opencv_2_work_2/new_yolo8/apply_ptz_object_preset.py", "--preset", "bird_single", "--arm", "force", "--strategy", "preset", "--watch"], "event": "child_start", "pid": 417481, "preset": "bird_single", "search_preset": "lost_step_wait", "ts": 1783061372.459}
{"cmd": ["/usr/bin/python3", "/root/rknpu2/examples/rknn_yolov8_demo_opencv_2_work_2/new_yolo8/apply_ptz_object_preset.py", "--preset", "bird_single", "--arm", "force", "--strategy", "preset", "--watch"], "event": "child_start", "pid": 417481, "preset": "bird_single", "search_preset": "lost_step_wait", "ts": 1783061372.459}
{"event": "armed_running", "pid": 417481, "preset": "bird_single", "search_preset": "lost_step_wait", "ts": 1783061373.46}
{"event": "armed_running", "pid": 417481, "preset": "bird_single", "search_preset": "lost_step_wait", "ts": 1783061373.46}
{"event": "child_stop", "pid": 417481, "preset": "bird_single::lost_step_wait", "reason": "ptzArmed_false", "ts": 1783061385.479}
{"event": "child_stop", "pid": 417481, "preset": "bird_single::lost_step_wait", "reason": "ptzArmed_false", "ts": 1783061385.479}
{"archived": "/root/rknpu2/examples/rknn_yolov8_demo_opencv_2_work_2/new_yolo8/logs/session_20260703_064945_ptzArmed_false", "event": "logs_archived", "reason": "ptzArmed_false", "ts": 1783061385.74}
{"archived": "/root/rknpu2/examples/rknn_yolov8_demo_opencv_2_work_2/new_yolo8/logs/session_20260703_064945_ptzArmed_false", "event": "logs_archived", "reason": "ptzArmed_false", "ts": 1783061385.74}
{"armed": false, "event": "idle_disarmed", "preset": "bird_single", "single_auto": true, "ts": 1783061385.74}
{"armed": false, "event": "idle_disarmed", "preset": "bird_single", "single_auto": true, "ts": 1783061385.74}
{"armed": false, "event": "idle_disarmed", "preset": "bird_single", "single_auto": true, "ts": 1783061386.741}
{"armed": false, "event": "idle_disarmed", "preset": "bird_single", "single_auto": true, "ts": 1783061386.741}
{"armed": false, "event": "idle_disarmed", "preset": "bird_single", "single_auto": true, "ts": 1783061387.743}
{"armed": false, "event": "idle_disarmed", "preset": "bird_single", "single_auto": true, "ts": 1783061387.743}
{"armed": false, "event": "idle_disarmed", "preset": "bird_single", "single_auto": true, "ts": 1783061388.746}
{"armed": false, "event": "idle_disarmed", "preset": "bird_single", "single_auto": true, "ts": 1783061388.746}
{"armed": false, "event": "idle_disarmed", "preset": "bird_single", "single_auto": true, "ts": 1783061389.748}
{"armed": false, "event": "idle_disarmed", "preset": "bird_single", "single_auto": true, "ts": 1783061389.748}
{"armed": false, "event": "idle_disarmed", "preset": "bird_single", "single_auto": true, "ts": 1783061390.751}
{"armed": false, "event": "idle_disarmed", "preset": "bird_single", "single_auto": true, "ts": 1783061390.751}
{"armed": false, "event": "idle_disarmed", "preset": "bird_single", "single_auto": true, "ts": 1783061391.753}
{"armed": false, "event": "idle_disarmed", "preset": "bird_single", "single_auto": true, "ts": 1783061391.753}
{"armed": false, "event": "idle_disarmed", "preset": "bird_single", "single_auto": true, "ts": 1783061392.756}
{"armed": false, "event": "idle_disarmed", "preset": "bird_single", "single_auto": true, "ts": 1783061392.756}
{"armed": false, "event": "idle_disarmed", "preset": "bird_single", "single_auto": true, "ts": 1783061393.758}
{"armed": false, "event": "idle_disarmed", "preset": "bird_single", "single_auto": true, "ts": 1783061393.758}
{"armed": false, "event": "idle_disarmed", "preset": "bird_single", "single_auto": true, "ts": 1783061394.76}
{"armed": false, "event": "idle_disarmed", "preset": "bird_single", "single_auto": true, "ts": 1783061394.76}
{"armed": false, "event": "idle_disarmed", "preset": "bird_single", "single_auto": true, "ts": 1783061395.763}
{"armed": false, "event": "idle_disarmed", "preset": "bird_single", "single_auto": true, "ts": 1783061395.763}
{"armed": false, "event": "idle_disarmed", "preset": "bird_single", "single_auto": true, "ts": 1783061396.765}
{"armed": false, "event": "idle_disarmed", "preset": "bird_single", "single_auto": true, "ts": 1783061396.765}
{"armed": false, "event": "idle_disarmed", "preset": "bird_single", "single_auto": true, "ts": 1783061397.767}
{"armed": false, "event": "idle_disarmed", "preset": "bird_single", "single_auto": true, "ts": 1783061397.767}
{"armed": false, "event": "idle_disarmed", "preset": "bird_single", "single_auto": true, "ts": 1783061398.769}
{"armed": false, "event": "idle_disarmed", "preset": "bird_single", "single_auto": true, "ts": 1783061398.769}
{"armed": false, "event": "idle_disarmed", "preset": "bird_single", "single_auto": true, "ts": 1783061399.77}
{"armed": false, "event": "idle_disarmed", "preset": "bird_single", "single_auto": true, "ts": 1783061399.77}
{"armed": false, "event": "idle_disarmed", "preset": "bird_single", "single_auto": true, "ts": 1783061400.771}
{"armed": false, "event": "idle_disarmed", "preset": "bird_single", "single_auto": true, "ts": 1783061400.771}
{"armed": false, "event": "idle_disarmed", "preset": "bird_single", "single_auto": true, "ts": 1783061401.773}
{"armed": false, "event": "idle_disarmed", "preset": "bird_single", "single_auto": true, "ts": 1783061401.773}
{"armed": false, "event": "idle_disarmed", "preset": "bird_single", "single_auto": true, "ts": 1783061402.776}
{"armed": false, "event": "idle_disarmed", "preset": "bird_single", "single_auto": true, "ts": 1783061402.776}
{"armed": false, "event": "idle_disarmed", "preset": "bird_single", "single_auto": true, "ts": 1783061403.778}
{"armed": false, "event": "idle_disarmed", "preset": "bird_single", "single_auto": true, "ts": 1783061403.778}
{"armed": false, "event": "idle_disarmed", "preset": "bird_single", "single_auto": true, "ts": 1783061404.779}
{"armed": false, "event": "idle_disarmed", "preset": "bird_single", "single_auto": true, "ts": 1783061404.779}
{"armed": false, "event": "idle_disarmed", "preset": "bird_single", "single_auto": true, "ts": 1783061405.78}
{"armed": false, "event": "idle_disarmed", "preset": "bird_single", "single_auto": true, "ts": 1783061405.78}
{"armed": false, "event": "idle_disarmed", "preset": "bird_single", "single_auto": true, "ts": 1783061406.781}
{"armed": false, "event": "idle_disarmed", "preset": "bird_single", "single_auto": true, "ts": 1783061406.781}
{"armed": false, "event": "idle_disarmed", "preset": "bird_single", "single_auto": true, "ts": 1783061407.782}
{"armed": false, "event": "idle_disarmed", "preset": "bird_single", "single_auto": true, "ts": 1783061407.782}
{"armed": false, "event": "idle_disarmed", "preset": "bird_single", "single_auto": true, "ts": 1783061408.783}
{"armed": false, "event": "idle_disarmed", "preset": "bird_single", "single_auto": true, "ts": 1783061408.783}
{"armed": false, "event": "idle_disarmed", "preset": "bird_single", "single_auto": true, "ts": 1783061409.786}
{"armed": false, "event": "idle_disarmed", "preset": "bird_single", "single_auto": true, "ts": 1783061409.786}
{"armed": false, "event": "idle_disarmed", "preset": "bird_single", "single_auto": true, "ts": 1783061410.788}
{"armed": false, "event": "idle_disarmed", "preset": "bird_single", "single_auto": true, "ts": 1783061410.788}
{"armed": false, "event": "idle_disarmed", "preset": "bird_single", "single_auto": true, "ts": 1783061411.791}
{"armed": false, "event": "idle_disarmed", "preset": "bird_single", "single_auto": true, "ts": 1783061411.791}
{"armed": false, "event": "idle_disarmed", "preset": "bird_single", "single_auto": true, "ts": 1783061412.793}
{"armed": false, "event": "idle_disarmed", "preset": "bird_single", "single_auto": true, "ts": 1783061412.793}
{"armed": false, "event": "idle_disarmed", "preset": "bird_single", "single_auto": true, "ts": 1783061413.795}
{"armed": false, "event": "idle_disarmed", "preset": "bird_single", "single_auto": true, "ts": 1783061413.795}
{"armed": false, "event": "idle_disarmed", "preset": "bird_single", "single_auto": true, "ts": 1783061414.798}
{"armed": false, "event": "idle_disarmed", "preset": "bird_single", "single_auto": true, "ts": 1783061414.798}
{"armed": false, "event": "idle_disarmed", "preset": "bird_single", "single_auto": true, "ts": 1783061415.8}
{"armed": false, "event": "idle_disarmed", "preset": "bird_single", "single_auto": true, "ts": 1783061415.8}
{"armed": false, "event": "idle_disarmed", "preset": "bird_single", "single_auto": true, "ts": 1783061416.802}
{"armed": false, "event": "idle_disarmed", "preset": "bird_single", "single_auto": true, "ts": 1783061416.802}
{"armed": false, "event": "idle_disarmed", "preset": "bird_single", "single_auto": true, "ts": 1783061417.805}
{"armed": false, "event": "idle_disarmed", "preset": "bird_single", "single_auto": true, "ts": 1783061417.805}
{"armed": false, "event": "idle_disarmed", "preset": "bird_single", "single_auto": true, "ts": 1783061418.807}
{"armed": false, "event": "idle_disarmed", "preset": "bird_single", "single_auto": true, "ts": 1783061418.807}
{"armed": false, "event": "idle_disarmed", "preset": "bird_single", "single_auto": true, "ts": 1783061419.809}
{"armed": false, "event": "idle_disarmed", "preset": "bird_single", "single_auto": true, "ts": 1783061419.809}
{"armed": false, "event": "idle_disarmed", "preset": "bird_single", "single_auto": true, "ts": 1783061420.812}
{"armed": false, "event": "idle_disarmed", "preset": "bird_single", "single_auto": true, "ts": 1783061420.812}
{"armed": false, "event": "idle_disarmed", "preset": "bird_single", "single_auto": true, "ts": 1783061421.814}
{"armed": false, "event": "idle_disarmed", "preset": "bird_single", "single_auto": true, "ts": 1783061421.814}
{"armed": false, "event": "idle_disarmed", "preset": "bird_single", "single_auto": true, "ts": 1783061422.817}
{"armed": false, "event": "idle_disarmed", "preset": "bird_single", "single_auto": true, "ts": 1783061422.817}
{"armed": false, "event": "idle_disarmed", "preset": "bird_single", "single_auto": true, "ts": 1783061423.819}
{"armed": false, "event": "idle_disarmed", "preset": "bird_single", "single_auto": true, "ts": 1783061423.819}
{"armed": false, "event": "idle_disarmed", "preset": "bird_single", "single_auto": true, "ts": 1783061424.822}
{"armed": false, "event": "idle_disarmed", "preset": "bird_single", "single_auto": true, "ts": 1783061424.822}
{"armed": false, "event": "idle_disarmed", "preset": "bird_single", "single_auto": true, "ts": 1783061425.824}
{"armed": false, "event": "idle_disarmed", "preset": "bird_single", "single_auto": true, "ts": 1783061425.824}
{"armed": false, "event": "idle_disarmed", "preset": "bird_single", "single_auto": true, "ts": 1783061426.826}
{"armed": false, "event": "idle_disarmed", "preset": "bird_single", "single_auto": true, "ts": 1783061426.826}
{"armed": false, "event": "idle_disarmed", "preset": "bird_single", "single_auto": true, "ts": 1783061427.829}
{"armed": false, "event": "idle_disarmed", "preset": "bird_single", "single_auto": true, "ts": 1783061427.829}
{"armed": false, "event": "idle_disarmed", "preset": "bird_single", "single_auto": true, "ts": 1783061428.831}
{"armed": false, "event": "idle_disarmed", "preset": "bird_single", "single_auto": true, "ts": 1783061428.831}
{"armed": false, "event": "idle_disarmed", "preset": "bird_single", "single_auto": true, "ts": 1783061429.833}
{"armed": false, "event": "idle_disarmed", "preset": "bird_single", "single_auto": true, "ts": 1783061429.833}
{"armed": false, "event": "idle_disarmed", "preset": "bird_single", "single_auto": true, "ts": 1783061430.836}
{"armed": false, "event": "idle_disarmed", "preset": "bird_single", "single_auto": true, "ts": 1783061430.836}
{"armed": false, "event": "idle_disarmed", "preset": "bird_single", "single_auto": true, "ts": 1783061431.838}
{"armed": false, "event": "idle_disarmed", "preset": "bird_single", "single_auto": true, "ts": 1783061431.838}
{"armed": false, "event": "idle_disarmed", "preset": "bird_single", "single_auto": true, "ts": 1783061432.84}
{"armed": false, "event": "idle_disarmed", "preset": "bird_single", "single_auto": true, "ts": 1783061432.84}
{"armed": false, "event": "idle_disarmed", "preset": "bird_single", "single_auto": true, "ts": 1783061433.843}
{"armed": false, "event": "idle_disarmed", "preset": "bird_single", "single_auto": true, "ts": 1783061433.843}
{"armed": false, "event": "idle_disarmed", "preset": "bird_single", "single_auto": true, "ts": 1783061434.845}
{"armed": false, "event": "idle_disarmed", "preset": "bird_single", "single_auto": true, "ts": 1783061434.845}
{"armed": false, "event": "idle_disarmed", "preset": "bird_single", "single_auto": true, "ts": 1783061435.847}
{"armed": false, "event": "idle_disarmed", "preset": "bird_single", "single_auto": true, "ts": 1783061435.847}
{"armed": false, "event": "idle_disarmed", "preset": "bird_single", "single_auto": true, "ts": 1783061436.85}
{"armed": false, "event": "idle_disarmed", "preset": "bird_single", "single_auto": true, "ts": 1783061436.85}
{"armed": false, "event": "idle_disarmed", "preset": "bird_single", "single_auto": true, "ts": 1783061437.852}
{"armed": false, "event": "idle_disarmed", "preset": "bird_single", "single_auto": true, "ts": 1783061437.852}
{"armed": false, "event": "idle_disarmed", "preset": "bird_single", "single_auto": true, "ts": 1783061438.855}
{"armed": false, "event": "idle_disarmed", "preset": "bird_single", "single_auto": true, "ts": 1783061438.855}
{"armed": false, "event": "idle_disarmed", "preset": "bird_single", "single_auto": true, "ts": 1783061439.857}
{"armed": false, "event": "idle_disarmed", "preset": "bird_single", "single_auto": true, "ts": 1783061439.857}
{"armed": false, "event": "idle_disarmed", "preset": "bird_single", "single_auto": true, "ts": 1783061440.86}
{"armed": false, "event": "idle_disarmed", "preset": "bird_single", "single_auto": true, "ts": 1783061440.86}
{"armed": false, "event": "idle_disarmed", "preset": "bird_single", "single_auto": true, "ts": 1783061441.863}
{"armed": false, "event": "idle_disarmed", "preset": "bird_single", "single_auto": true, "ts": 1783061441.863}
{"armed": false, "event": "idle_disarmed", "preset": "bird_single", "single_auto": true, "ts": 1783061442.865}
{"armed": false, "event": "idle_disarmed", "preset": "bird_single", "single_auto": true, "ts": 1783061442.865}
{"armed": false, "event": "idle_disarmed", "preset": "bird_single", "single_auto": true, "ts": 1783061443.868}
{"armed": false, "event": "idle_disarmed", "preset": "bird_single", "single_auto": true, "ts": 1783061443.868}
{"armed": false, "event": "idle_disarmed", "preset": "bird_single", "single_auto": true, "ts": 1783061444.87}
{"armed": false, "event": "idle_disarmed", "preset": "bird_single", "single_auto": true, "ts": 1783061444.87}
{"armed": false, "event": "idle_disarmed", "preset": "bird_single", "single_auto": true, "ts": 1783061445.873}
{"armed": false, "event": "idle_disarmed", "preset": "bird_single", "single_auto": true, "ts": 1783061445.873}
{"armed": false, "event": "idle_disarmed", "preset": "bird_single", "single_auto": true, "ts": 1783061446.875}
{"armed": false, "event": "idle_disarmed", "preset": "bird_single", "single_auto": true, "ts": 1783061446.875}
{"armed": false, "event": "idle_disarmed", "preset": "bird_single", "single_auto": true, "ts": 1783061447.877}
{"armed": false, "event": "idle_disarmed", "preset": "bird_single", "single_auto": true, "ts": 1783061447.877}
{"armed": false, "event": "idle_disarmed", "preset": "bird_single", "single_auto": true, "ts": 1783061448.88}
{"armed": false, "event": "idle_disarmed", "preset": "bird_single", "single_auto": true, "ts": 1783061448.88}
{"armed": false, "event": "idle_disarmed", "preset": "bird_single", "single_auto": true, "ts": 1783061449.882}
{"armed": false, "event": "idle_disarmed", "preset": "bird_single", "single_auto": true, "ts": 1783061449.882}
{"armed": false, "event": "idle_disarmed", "preset": "bird_single", "single_auto": true, "ts": 1783061450.885}
{"armed": false, "event": "idle_disarmed", "preset": "bird_single", "single_auto": true, "ts": 1783061450.885}
{"armed": false, "event": "idle_disarmed", "preset": "bird_single", "single_auto": true, "ts": 1783061451.888}
{"armed": false, "event": "idle_disarmed", "preset": "bird_single", "single_auto": true, "ts": 1783061451.888}
{"armed": false, "event": "idle_disarmed", "preset": "bird_single", "single_auto": true, "ts": 1783061452.89}
{"armed": false, "event": "idle_disarmed", "preset": "bird_single", "single_auto": true, "ts": 1783061452.89}
{"armed": false, "event": "idle_disarmed", "preset": "bird_single", "single_auto": true, "ts": 1783061453.893}
{"armed": false, "event": "idle_disarmed", "preset": "bird_single", "single_auto": true, "ts": 1783061453.893}
{"armed": false, "event": "idle_disarmed", "preset": "bird_single", "single_auto": true, "ts": 1783061454.895}
{"armed": false, "event": "idle_disarmed", "preset": "bird_single", "single_auto": true, "ts": 1783061454.895}
{"armed": false, "event": "idle_disarmed", "preset": "bird_single", "single_auto": true, "ts": 1783061455.897}
{"armed": false, "event": "idle_disarmed", "preset": "bird_single", "single_auto": true, "ts": 1783061455.897}
{"armed": false, "event": "idle_disarmed", "preset": "bird_single", "single_auto": true, "ts": 1783061456.9}
{"armed": false, "event": "idle_disarmed", "preset": "bird_single", "single_auto": true, "ts": 1783061456.9}
{"armed": false, "event": "idle_disarmed", "preset": "bird_single", "single_auto": true, "ts": 1783061457.902}
{"armed": false, "event": "idle_disarmed", "preset": "bird_single", "single_auto": true, "ts": 1783061457.902}
{"armed": false, "event": "idle_disarmed", "preset": "bird_single", "single_auto": true, "ts": 1783061458.905}
{"armed": false, "event": "idle_disarmed", "preset": "bird_single", "single_auto": true, "ts": 1783061458.905}
{"armed": false, "event": "idle_disarmed", "preset": "bird_single", "single_auto": true, "ts": 1783061459.907}
{"armed": false, "event": "idle_disarmed", "preset": "bird_single", "single_auto": true, "ts": 1783061459.907}
{"armed": false, "event": "idle_disarmed", "preset": "bird_single", "single_auto": true, "ts": 1783061460.909}
{"armed": false, "event": "idle_disarmed", "preset": "bird_single", "single_auto": true, "ts": 1783061460.909}
{"armed": false, "event": "idle_disarmed", "preset": "bird_single", "single_auto": true, "ts": 1783061461.911}
{"armed": false, "event": "idle_disarmed", "preset": "bird_single", "single_auto": true, "ts": 1783061461.911}
{"armed": false, "event": "idle_disarmed", "preset": "bird_single", "single_auto": true, "ts": 1783061462.914}
{"armed": false, "event": "idle_disarmed", "preset": "bird_single", "single_auto": true, "ts": 1783061462.914}
{"armed": false, "event": "idle_disarmed", "preset": "bird_single", "single_auto": true, "ts": 1783061463.916}
{"armed": false, "event": "idle_disarmed", "preset": "bird_single", "single_auto": true, "ts": 1783061463.916}
{"armed": false, "event": "idle_disarmed", "preset": "bird_single", "single_auto": true, "ts": 1783061464.918}
{"armed": false, "event": "idle_disarmed", "preset": "bird_single", "single_auto": true, "ts": 1783061464.918}
{"armed": false, "event": "idle_disarmed", "preset": "bird_single", "single_auto": true, "ts": 1783061465.921}
{"armed": false, "event": "idle_disarmed", "preset": "bird_single", "single_auto": true, "ts": 1783061465.921}
{"armed": false, "event": "idle_disarmed", "preset": "bird_single", "single_auto": true, "ts": 1783061466.923}
{"armed": false, "event": "idle_disarmed", "preset": "bird_single", "single_auto": true, "ts": 1783061466.923}
{"armed": false, "event": "idle_disarmed", "preset": "bird_single", "single_auto": true, "ts": 1783061467.925}
{"armed": false, "event": "idle_disarmed", "preset": "bird_single", "single_auto": true, "ts": 1783061467.925}
{"armed": false, "event": "idle_disarmed", "preset": "bird_single", "single_auto": true, "ts": 1783061468.928}
{"armed": false, "event": "idle_disarmed", "preset": "bird_single", "single_auto": true, "ts": 1783061468.928}
{"armed": false, "event": "idle_disarmed", "preset": "bird_single", "single_auto": true, "ts": 1783061469.931}
{"armed": false, "event": "idle_disarmed", "preset": "bird_single", "single_auto": true, "ts": 1783061469.931}
{"armed": false, "event": "idle_disarmed", "preset": "bird_single", "single_auto": true, "ts": 1783061470.933}
{"armed": false, "event": "idle_disarmed", "preset": "bird_single", "single_auto": true, "ts": 1783061470.933}
{"armed": false, "event": "idle_disarmed", "preset": "bird_single", "single_auto": true, "ts": 1783061471.935}
{"armed": false, "event": "idle_disarmed", "preset": "bird_single", "single_auto": true, "ts": 1783061471.935}
{"armed": false, "event": "idle_disarmed", "preset": "bird_single", "single_auto": true, "ts": 1783061472.938}
{"armed": false, "event": "idle_disarmed", "preset": "bird_single", "single_auto": true, "ts": 1783061472.938}
{"armed": false, "event": "idle_disarmed", "preset": "bird_single", "single_auto": true, "ts": 1783061473.94}
{"armed": false, "event": "idle_disarmed", "preset": "bird_single", "single_auto": true, "ts": 1783061473.94}
{"armed": false, "event": "idle_disarmed", "preset": "bird_single", "single_auto": true, "ts": 1783061474.942}
{"armed": false, "event": "idle_disarmed", "preset": "bird_single", "single_auto": true, "ts": 1783061474.942}
{"armed": false, "event": "idle_disarmed", "preset": "bird_single", "single_auto": true, "ts": 1783061475.945}
{"armed": false, "event": "idle_disarmed", "preset": "bird_single", "single_auto": true, "ts": 1783061475.945}
{"armed": false, "event": "idle_disarmed", "preset": "bird_single", "single_auto": true, "ts": 1783061476.947}
{"armed": false, "event": "idle_disarmed", "preset": "bird_single", "single_auto": true, "ts": 1783061476.947}
{"armed": false, "event": "idle_disarmed", "preset": "bird_single", "single_auto": true, "ts": 1783061477.949}
{"armed": false, "event": "idle_disarmed", "preset": "bird_single", "single_auto": true, "ts": 1783061477.949}
{"armed": false, "event": "idle_disarmed", "preset": "bird_single", "single_auto": true, "ts": 1783061478.951}
{"armed": false, "event": "idle_disarmed", "preset": "bird_single", "single_auto": true, "ts": 1783061478.951}
{"armed": false, "event": "idle_disarmed", "preset": "bird_single", "single_auto": true, "ts": 1783061479.954}
{"armed": false, "event": "idle_disarmed", "preset": "bird_single", "single_auto": true, "ts": 1783061479.954}
{"armed": false, "event": "idle_disarmed", "preset": "bird_single", "single_auto": true, "ts": 1783061480.956}
{"armed": false, "event": "idle_disarmed", "preset": "bird_single", "single_auto": true, "ts": 1783061480.956}
{"armed": false, "event": "idle_disarmed", "preset": "bird_single", "single_auto": true, "ts": 1783061481.959}
{"armed": false, "event": "idle_disarmed", "preset": "bird_single", "single_auto": true, "ts": 1783061481.959}
{"armed": false, "event": "idle_disarmed", "preset": "bird_single", "single_auto": true, "ts": 1783061482.961}
{"armed": false, "event": "idle_disarmed", "preset": "bird_single", "single_auto": true, "ts": 1783061482.961}
{"armed": false, "event": "idle_disarmed", "preset": "bird_single", "single_auto": true, "ts": 1783061483.963}
{"armed": false, "event": "idle_disarmed", "preset": "bird_single", "single_auto": true, "ts": 1783061483.963}
{"armed": false, "event": "idle_disarmed", "preset": "bird_single", "single_auto": true, "ts": 1783061484.966}
{"armed": false, "event": "idle_disarmed", "preset": "bird_single", "single_auto": true, "ts": 1783061484.966}
{"armed": false, "event": "idle_disarmed", "preset": "bird_single", "single_auto": true, "ts": 1783061485.968}
{"armed": false, "event": "idle_disarmed", "preset": "bird_single", "single_auto": true, "ts": 1783061485.968}
{"armed": false, "event": "idle_disarmed", "preset": "bird_single", "single_auto": true, "ts": 1783061486.97}
{"armed": false, "event": "idle_disarmed", "preset": "bird_single", "single_auto": true, "ts": 1783061486.97}
{"armed": false, "event": "idle_disarmed", "preset": "bird_single", "single_auto": true, "ts": 1783061487.973}
{"armed": false, "event": "idle_disarmed", "preset": "bird_single", "single_auto": true, "ts": 1783061487.973}
{"armed": false, "event": "idle_disarmed", "preset": "bird_single", "single_auto": true, "ts": 1783061488.975}
{"armed": false, "event": "idle_disarmed", "preset": "bird_single", "single_auto": true, "ts": 1783061488.975}
{"armed": false, "event": "idle_disarmed", "preset": "bird_single", "single_auto": true, "ts": 1783061489.977}
{"armed": false, "event": "idle_disarmed", "preset": "bird_single", "single_auto": true, "ts": 1783061489.977}
{"armed": false, "event": "idle_disarmed", "preset": "bird_single", "single_auto": true, "ts": 1783061490.979}
{"armed": false, "event": "idle_disarmed", "preset": "bird_single", "single_auto": true, "ts": 1783061490.979}
{"armed": false, "event": "idle_disarmed", "preset": "bird_single", "single_auto": true, "ts": 1783061491.982}
{"armed": false, "event": "idle_disarmed", "preset": "bird_single", "single_auto": true, "ts": 1783061491.982}
{"armed": false, "event": "idle_disarmed", "preset": "bird_single", "single_auto": true, "ts": 1783061492.985}
{"armed": false, "event": "idle_disarmed", "preset": "bird_single", "single_auto": true, "ts": 1783061492.985}
{"armed": false, "event": "idle_disarmed", "preset": "bird_single", "single_auto": true, "ts": 1783061493.987}
{"armed": false, "event": "idle_disarmed", "preset": "bird_single", "single_auto": true, "ts": 1783061493.987}
{"armed": false, "event": "idle_disarmed", "preset": "bird_single", "single_auto": true, "ts": 1783061494.989}
{"armed": false, "event": "idle_disarmed", "preset": "bird_single", "single_auto": true, "ts": 1783061494.989}
{"armed": false, "event": "idle_disarmed", "preset": "bird_single", "single_auto": true, "ts": 1783061495.992}
{"armed": false, "event": "idle_disarmed", "preset": "bird_single", "single_auto": true, "ts": 1783061495.992}
{"armed": false, "event": "idle_disarmed", "preset": "bird_single", "single_auto": true, "ts": 1783061496.994}
{"armed": false, "event": "idle_disarmed", "preset": "bird_single", "single_auto": true, "ts": 1783061496.994}
{"armed": false, "event": "idle_disarmed", "preset": "bird_single", "single_auto": true, "ts": 1783061497.996}
{"armed": false, "event": "idle_disarmed", "preset": "bird_single", "single_auto": true, "ts": 1783061497.996}
{"armed": false, "event": "idle_disarmed", "preset": "bird_single", "single_auto": true, "ts": 1783061498.999}
{"armed": false, "event": "idle_disarmed", "preset": "bird_single", "single_auto": true, "ts": 1783061498.999}
{"armed": false, "event": "idle_disarmed", "preset": "bird_single", "single_auto": true, "ts": 1783061500.002}
{"armed": false, "event": "idle_disarmed", "preset": "bird_single", "single_auto": true, "ts": 1783061500.002}
{"armed": false, "event": "idle_disarmed", "preset": "bird_single", "single_auto": true, "ts": 1783061501.004}
{"armed": false, "event": "idle_disarmed", "preset": "bird_single", "single_auto": true, "ts": 1783061501.004}
{"armed": false, "event": "idle_disarmed", "preset": "bird_single", "single_auto": true, "ts": 1783061502.007}
{"armed": false, "event": "idle_disarmed", "preset": "bird_single", "single_auto": true, "ts": 1783061502.007}
{"armed": false, "event": "idle_disarmed", "preset": "bird_single", "single_auto": true, "ts": 1783061503.009}
{"armed": false, "event": "idle_disarmed", "preset": "bird_single", "single_auto": true, "ts": 1783061503.009}
{"armed": false, "event": "idle_disarmed", "preset": "bird_single", "single_auto": true, "ts": 1783061504.012}
{"armed": false, "event": "idle_disarmed", "preset": "bird_single", "single_auto": true, "ts": 1783061504.012}
{"armed": false, "event": "idle_disarmed", "preset": "bird_single", "single_auto": true, "ts": 1783061505.015}
{"armed": false, "event": "idle_disarmed", "preset": "bird_single", "single_auto": true, "ts": 1783061505.015}
{"armed": false, "event": "idle_disarmed", "preset": "bird_single", "single_auto": true, "ts": 1783061506.017}
{"armed": false, "event": "idle_disarmed", "preset": "bird_single", "single_auto": true, "ts": 1783061506.017}
{"armed": false, "event": "idle_disarmed", "preset": "bird_single", "single_auto": true, "ts": 1783061507.02}
{"armed": false, "event": "idle_disarmed", "preset": "bird_single", "single_auto": true, "ts": 1783061507.02}
{"armed": false, "event": "idle_disarmed", "preset": "bird_single", "single_auto": true, "ts": 1783061508.022}
{"armed": false, "event": "idle_disarmed", "preset": "bird_single", "single_auto": true, "ts": 1783061508.022}
{"armed": false, "event": "idle_disarmed", "preset": "bird_single", "single_auto": true, "ts": 1783061509.024}
{"armed": false, "event": "idle_disarmed", "preset": "bird_single", "single_auto": true, "ts": 1783061509.024}
{"armed": false, "event": "idle_disarmed", "preset": "bird_single", "single_auto": true, "ts": 1783061510.026}
{"armed": false, "event": "idle_disarmed", "preset": "bird_single", "single_auto": true, "ts": 1783061510.026}
{"armed": false, "event": "idle_disarmed", "preset": "bird_single", "single_auto": true, "ts": 1783061511.029}
{"armed": false, "event": "idle_disarmed", "preset": "bird_single", "single_auto": true, "ts": 1783061511.029}
{"armed": false, "event": "idle_disarmed", "preset": "bird_single", "single_auto": true, "ts": 1783061512.031}
{"armed": false, "event": "idle_disarmed", "preset": "bird_single", "single_auto": true, "ts": 1783061512.031}
{"armed": false, "event": "idle_disarmed", "preset": "bird_single", "single_auto": true, "ts": 1783061513.033}
{"armed": false, "event": "idle_disarmed", "preset": "bird_single", "single_auto": true, "ts": 1783061513.033}
{"armed": false, "event": "idle_disarmed", "preset": "bird_single", "single_auto": true, "ts": 1783061514.035}
{"armed": false, "event": "idle_disarmed", "preset": "bird_single", "single_auto": true, "ts": 1783061514.035}
{"armed": false, "event": "idle_disarmed", "preset": "bird_single", "single_auto": true, "ts": 1783061515.038}
{"armed": false, "event": "idle_disarmed", "preset": "bird_single", "single_auto": true, "ts": 1783061515.038}
{"armed": false, "event": "idle_disarmed", "preset": "bird_single", "single_auto": true, "ts": 1783061516.04}
{"armed": false, "event": "idle_disarmed", "preset": "bird_single", "single_auto": true, "ts": 1783061516.04}
{"armed": false, "event": "idle_disarmed", "preset": "bird_single", "single_auto": true, "ts": 1783061517.043}
{"armed": false, "event": "idle_disarmed", "preset": "bird_single", "single_auto": true, "ts": 1783061517.043}
{"armed": false, "event": "idle_disarmed", "preset": "bird_single", "single_auto": true, "ts": 1783061518.045}
{"armed": false, "event": "idle_disarmed", "preset": "bird_single", "single_auto": true, "ts": 1783061518.045}
{"armed": false, "event": "idle_disarmed", "preset": "bird_single", "single_auto": true, "ts": 1783061519.047}
{"armed": false, "event": "idle_disarmed", "preset": "bird_single", "single_auto": true, "ts": 1783061519.047}
{"armed": false, "event": "idle_disarmed", "preset": "bird_single", "single_auto": true, "ts": 1783061520.05}
{"armed": false, "event": "idle_disarmed", "preset": "bird_single", "single_auto": true, "ts": 1783061520.05}
{"armed": false, "event": "idle_disarmed", "preset": "bird_single", "single_auto": true, "ts": 1783061521.052}
{"armed": false, "event": "idle_disarmed", "preset": "bird_single", "single_auto": true, "ts": 1783061521.052}
{"armed": false, "event": "idle_disarmed", "preset": "bird_single", "single_auto": true, "ts": 1783061522.054}
{"armed": false, "event": "idle_disarmed", "preset": "bird_single", "single_auto": true, "ts": 1783061522.054}
{"armed": false, "event": "idle_disarmed", "preset": "bird_single", "single_auto": true, "ts": 1783061523.057}
{"armed": false, "event": "idle_disarmed", "preset": "bird_single", "single_auto": true, "ts": 1783061523.057}
{"armed": false, "event": "idle_disarmed", "preset": "bird_single", "single_auto": true, "ts": 1783061524.059}
{"armed": false, "event": "idle_disarmed", "preset": "bird_single", "single_auto": true, "ts": 1783061524.059}
{"armed": false, "event": "idle_disarmed", "preset": "bird_single", "single_auto": true, "ts": 1783061525.061}
{"armed": false, "event": "idle_disarmed", "preset": "bird_single", "single_auto": true, "ts": 1783061525.061}
{"armed": false, "event": "idle_disarmed", "preset": "bird_single", "single_auto": true, "ts": 1783061526.064}
{"armed": false, "event": "idle_disarmed", "preset": "bird_single", "single_auto": true, "ts": 1783061526.064}
{"armed": false, "event": "idle_disarmed", "preset": "bird_single", "single_auto": true, "ts": 1783061527.066}
{"armed": false, "event": "idle_disarmed", "preset": "bird_single", "single_auto": true, "ts": 1783061527.066}
{"armed": false, "event": "idle_disarmed", "preset": "bird_single", "single_auto": true, "ts": 1783061528.068}
{"armed": false, "event": "idle_disarmed", "preset": "bird_single", "single_auto": true, "ts": 1783061528.068}
{"armed": false, "event": "idle_disarmed", "preset": "bird_single", "single_auto": true, "ts": 1783061529.071}
{"armed": false, "event": "idle_disarmed", "preset": "bird_single", "single_auto": true, "ts": 1783061529.071}
{"armed": false, "event": "idle_disarmed", "preset": "bird_single", "single_auto": true, "ts": 1783061530.073}
{"armed": false, "event": "idle_disarmed", "preset": "bird_single", "single_auto": true, "ts": 1783061530.073}
{"armed": false, "event": "idle_disarmed", "preset": "bird_single", "single_auto": true, "ts": 1783061531.075}
{"armed": false, "event": "idle_disarmed", "preset": "bird_single", "single_auto": true, "ts": 1783061531.075}
{"armed": false, "event": "idle_disarmed", "preset": "bird_single", "single_auto": true, "ts": 1783061532.078}
{"armed": false, "event": "idle_disarmed", "preset": "bird_single", "single_auto": true, "ts": 1783061532.078}
{"armed": false, "event": "idle_disarmed", "preset": "bird_single", "single_auto": true, "ts": 1783061533.08}
{"armed": false, "event": "idle_disarmed", "preset": "bird_single", "single_auto": true, "ts": 1783061533.08}
{"armed": false, "event": "idle_disarmed", "preset": "bird_single", "single_auto": true, "ts": 1783061534.082}
{"armed": false, "event": "idle_disarmed", "preset": "bird_single", "single_auto": true, "ts": 1783061534.082}
{"armed": false, "event": "idle_disarmed", "preset": "bird_single", "single_auto": true, "ts": 1783061535.085}
{"armed": false, "event": "idle_disarmed", "preset": "bird_single", "single_auto": true, "ts": 1783061535.085}
{"armed": false, "event": "idle_disarmed", "preset": "bird_single", "single_auto": true, "ts": 1783061536.087}
{"armed": false, "event": "idle_disarmed", "preset": "bird_single", "single_auto": true, "ts": 1783061536.087}
{"armed": false, "event": "idle_disarmed", "preset": "bird_single", "single_auto": true, "ts": 1783061537.089}
{"armed": false, "event": "idle_disarmed", "preset": "bird_single", "single_auto": true, "ts": 1783061537.089}
{"armed": false, "event": "idle_disarmed", "preset": "bird_single", "single_auto": true, "ts": 1783061538.092}
{"armed": false, "event": "idle_disarmed", "preset": "bird_single", "single_auto": true, "ts": 1783061538.092}
{"armed": false, "event": "idle_disarmed", "preset": "bird_single", "single_auto": true, "ts": 1783061539.094}
{"armed": false, "event": "idle_disarmed", "preset": "bird_single", "single_auto": true, "ts": 1783061539.094}
{"armed": false, "event": "idle_disarmed", "preset": "bird_single", "single_auto": true, "ts": 1783061540.097}
{"armed": false, "event": "idle_disarmed", "preset": "bird_single", "single_auto": true, "ts": 1783061540.097}
{"armed": false, "event": "idle_disarmed", "preset": "bird_single", "single_auto": true, "ts": 1783061541.099}
{"armed": false, "event": "idle_disarmed", "preset": "bird_single", "single_auto": true, "ts": 1783061541.099}
{"armed": false, "event": "idle_disarmed", "preset": "bird_single", "single_auto": true, "ts": 1783061542.101}
{"armed": false, "event": "idle_disarmed", "preset": "bird_single", "single_auto": true, "ts": 1783061542.101}
{"armed": false, "event": "idle_disarmed", "preset": "bird_single", "single_auto": true, "ts": 1783061543.104}
{"armed": false, "event": "idle_disarmed", "preset": "bird_single", "single_auto": true, "ts": 1783061543.104}
{"armed": false, "event": "idle_disarmed", "preset": "bird_single", "single_auto": true, "ts": 1783061544.106}
{"armed": false, "event": "idle_disarmed", "preset": "bird_single", "single_auto": true, "ts": 1783061544.106}
{"armed": false, "event": "idle_disarmed", "preset": "bird_single", "single_auto": true, "ts": 1783061545.108}
{"armed": false, "event": "idle_disarmed", "preset": "bird_single", "single_auto": true, "ts": 1783061545.108}
{"armed": false, "event": "idle_disarmed", "preset": "bird_single", "single_auto": true, "ts": 1783061546.111}
{"armed": false, "event": "idle_disarmed", "preset": "bird_single", "single_auto": true, "ts": 1783061546.111}
{"armed": false, "event": "idle_disarmed", "preset": "bird_single", "single_auto": true, "ts": 1783061547.113}
{"armed": false, "event": "idle_disarmed", "preset": "bird_single", "single_auto": true, "ts": 1783061547.113}
{"armed": false, "event": "idle_disarmed", "preset": "bird_single", "single_auto": true, "ts": 1783061548.115}
{"armed": false, "event": "idle_disarmed", "preset": "bird_single", "single_auto": true, "ts": 1783061548.115}
{"armed": false, "event": "idle_disarmed", "preset": "bird_single", "single_auto": true, "ts": 1783061549.118}
{"armed": false, "event": "idle_disarmed", "preset": "bird_single", "single_auto": true, "ts": 1783061549.118}
{"armed": false, "event": "idle_disarmed", "preset": "bird_single", "single_auto": true, "ts": 1783061550.12}
{"armed": false, "event": "idle_disarmed", "preset": "bird_single", "single_auto": true, "ts": 1783061550.12}
{"armed": false, "event": "idle_disarmed", "preset": "bird_single", "single_auto": true, "ts": 1783061551.122}
{"armed": false, "event": "idle_disarmed", "preset": "bird_single", "single_auto": true, "ts": 1783061551.122}
{"armed": false, "event": "idle_disarmed", "preset": "bird_single", "single_auto": true, "ts": 1783061552.125}
{"armed": false, "event": "idle_disarmed", "preset": "bird_single", "single_auto": true, "ts": 1783061552.125}
{"armed": false, "event": "idle_disarmed", "preset": "bird_single", "single_auto": true, "ts": 1783061553.127}
{"armed": false, "event": "idle_disarmed", "preset": "bird_single", "single_auto": true, "ts": 1783061553.127}
{"armed": false, "event": "idle_disarmed", "preset": "bird_single", "single_auto": true, "ts": 1783061554.129}
{"armed": false, "event": "idle_disarmed", "preset": "bird_single", "single_auto": true, "ts": 1783061554.129}
{"armed": false, "event": "idle_disarmed", "preset": "bird_single", "single_auto": true, "ts": 1783061555.132}
{"armed": false, "event": "idle_disarmed", "preset": "bird_single", "single_auto": true, "ts": 1783061555.132}
{"armed": false, "event": "idle_disarmed", "preset": "bird_single", "single_auto": true, "ts": 1783061556.134}
{"armed": false, "event": "idle_disarmed", "preset": "bird_single", "single_auto": true, "ts": 1783061556.134}
{"armed": false, "event": "idle_disarmed", "preset": "bird_single", "single_auto": true, "ts": 1783061557.136}
{"armed": false, "event": "idle_disarmed", "preset": "bird_single", "single_auto": true, "ts": 1783061557.136}
{"armed": false, "event": "idle_disarmed", "preset": "bird_single", "single_auto": true, "ts": 1783061558.139}
{"armed": false, "event": "idle_disarmed", "preset": "bird_single", "single_auto": true, "ts": 1783061558.139}
{"armed": false, "event": "idle_disarmed", "preset": "bird_single", "single_auto": true, "ts": 1783061559.141}
{"armed": false, "event": "idle_disarmed", "preset": "bird_single", "single_auto": true, "ts": 1783061559.141}
{"armed": false, "event": "idle_disarmed", "preset": "bird_single", "single_auto": true, "ts": 1783061560.143}
{"armed": false, "event": "idle_disarmed", "preset": "bird_single", "single_auto": true, "ts": 1783061560.143}
{"armed": false, "event": "idle_disarmed", "preset": "bird_single", "single_auto": true, "ts": 1783061561.146}
{"armed": false, "event": "idle_disarmed", "preset": "bird_single", "single_auto": true, "ts": 1783061561.146}
{"armed": false, "event": "idle_disarmed", "preset": "bird_single", "single_auto": true, "ts": 1783061562.148}
{"armed": false, "event": "idle_disarmed", "preset": "bird_single", "single_auto": true, "ts": 1783061562.148}
{"armed": false, "event": "idle_disarmed", "preset": "bird_single", "single_auto": true, "ts": 1783061563.151}
{"armed": false, "event": "idle_disarmed", "preset": "bird_single", "single_auto": true, "ts": 1783061563.151}
{"armed": false, "event": "idle_disarmed", "preset": "bird_single", "single_auto": true, "ts": 1783061564.153}
{"armed": false, "event": "idle_disarmed", "preset": "bird_single", "single_auto": true, "ts": 1783061564.153}
{"armed": false, "event": "idle_disarmed", "preset": "bird_single", "single_auto": true, "ts": 1783061565.155}
{"armed": false, "event": "idle_disarmed", "preset": "bird_single", "single_auto": true, "ts": 1783061565.155}
{"armed": false, "event": "idle_disarmed", "preset": "bird_single", "single_auto": true, "ts": 1783061566.158}
{"armed": false, "event": "idle_disarmed", "preset": "bird_single", "single_auto": true, "ts": 1783061566.158}
{"armed": false, "event": "idle_disarmed", "preset": "bird_single", "single_auto": true, "ts": 1783061567.16}
{"armed": false, "event": "idle_disarmed", "preset": "bird_single", "single_auto": true, "ts": 1783061567.16}
{"armed": false, "event": "idle_disarmed", "preset": "bird_single", "single_auto": true, "ts": 1783061568.162}
{"armed": false, "event": "idle_disarmed", "preset": "bird_single", "single_auto": true, "ts": 1783061568.162}
{"armed": false, "event": "idle_disarmed", "preset": "bird_single", "single_auto": true, "ts": 1783061569.165}
{"armed": false, "event": "idle_disarmed", "preset": "bird_single", "single_auto": true, "ts": 1783061569.165}
{"armed": false, "event": "idle_disarmed", "preset": "bird_single", "single_auto": true, "ts": 1783061570.167}
{"armed": false, "event": "idle_disarmed", "preset": "bird_single", "single_auto": true, "ts": 1783061570.167}
{"armed": false, "event": "idle_disarmed", "preset": "bird_single", "single_auto": true, "ts": 1783061571.169}
{"armed": false, "event": "idle_disarmed", "preset": "bird_single", "single_auto": true, "ts": 1783061571.169}
{"armed": false, "event": "idle_disarmed", "preset": "bird_single", "single_auto": true, "ts": 1783061572.171}
{"armed": false, "event": "idle_disarmed", "preset": "bird_single", "single_auto": true, "ts": 1783061572.171}
{"armed": false, "event": "idle_disarmed", "preset": "bird_single", "single_auto": true, "ts": 1783061573.174}
{"armed": false, "event": "idle_disarmed", "preset": "bird_single", "single_auto": true, "ts": 1783061573.174}
{"armed": false, "event": "idle_disarmed", "preset": "bird_single", "single_auto": true, "ts": 1783061574.176}
{"armed": false, "event": "idle_disarmed", "preset": "bird_single", "single_auto": true, "ts": 1783061574.176}
{"armed": false, "event": "idle_disarmed", "preset": "bird_single", "single_auto": true, "ts": 1783061575.178}
{"armed": false, "event": "idle_disarmed", "preset": "bird_single", "single_auto": true, "ts": 1783061575.178}
{"armed": false, "event": "idle_disarmed", "preset": "bird_single", "single_auto": true, "ts": 1783061576.179}
{"armed": false, "event": "idle_disarmed", "preset": "bird_single", "single_auto": true, "ts": 1783061576.179}
{"armed": false, "event": "idle_disarmed", "preset": "bird_single", "single_auto": true, "ts": 1783061577.18}
{"armed": false, "event": "idle_disarmed", "preset": "bird_single", "single_auto": true, "ts": 1783061577.18}
{"armed": false, "event": "idle_disarmed", "preset": "bird_single", "single_auto": true, "ts": 1783061578.181}
{"armed": false, "event": "idle_disarmed", "preset": "bird_single", "single_auto": true, "ts": 1783061578.181}
{"armed": false, "event": "idle_disarmed", "preset": "bird_single", "single_auto": true, "ts": 1783061579.182}
{"armed": false, "event": "idle_disarmed", "preset": "bird_single", "single_auto": true, "ts": 1783061579.182}
{"armed": false, "event": "idle_disarmed", "preset": "bird_single", "single_auto": true, "ts": 1783061580.183}
{"armed": false, "event": "idle_disarmed", "preset": "bird_single", "single_auto": true, "ts": 1783061580.183}
{"armed": false, "event": "idle_disarmed", "preset": "bird_single", "single_auto": true, "ts": 1783061581.184}
{"armed": false, "event": "idle_disarmed", "preset": "bird_single", "single_auto": true, "ts": 1783061581.184}
{"armed": false, "event": "idle_disarmed", "preset": "bird_single", "single_auto": true, "ts": 1783061582.185}
{"armed": false, "event": "idle_disarmed", "preset": "bird_single", "single_auto": true, "ts": 1783061582.185}
{"armed": false, "event": "idle_disarmed", "preset": "bird_single", "single_auto": true, "ts": 1783061583.186}
{"armed": false, "event": "idle_disarmed", "preset": "bird_single", "single_auto": true, "ts": 1783061583.186}
{"armed": false, "event": "idle_disarmed", "preset": "bird_single", "single_auto": true, "ts": 1783061584.187}
{"armed": false, "event": "idle_disarmed", "preset": "bird_single", "single_auto": true, "ts": 1783061584.187}
{"armed": false, "event": "idle_disarmed", "preset": "airplane_single", "single_auto": true, "ts": 1783061585.188}
{"armed": false, "event": "idle_disarmed", "preset": "airplane_single", "single_auto": true, "ts": 1783061585.188}
{"armed": false, "event": "idle_disarmed", "preset": "airplane_single", "single_auto": true, "ts": 1783061586.19}
{"armed": false, "event": "idle_disarmed", "preset": "airplane_single", "single_auto": true, "ts": 1783061586.19}
{"armed": false, "event": "idle_disarmed", "preset": "airplane_single", "single_auto": true, "ts": 1783061587.191}
{"armed": false, "event": "idle_disarmed", "preset": "airplane_single", "single_auto": true, "ts": 1783061587.191}
{"armed": false, "event": "idle_disarmed", "preset": "airplane_single", "single_auto": true, "ts": 1783061588.193}
{"armed": false, "event": "idle_disarmed", "preset": "airplane_single", "single_auto": true, "ts": 1783061588.193}
{"armed": false, "event": "idle_disarmed", "preset": "airplane_single", "single_auto": true, "ts": 1783061589.197}
{"armed": false, "event": "idle_disarmed", "preset": "airplane_single", "single_auto": true, "ts": 1783061589.197}
{"armed": false, "event": "idle_disarmed", "preset": "airplane_single", "single_auto": true, "ts": 1783061590.2}
{"armed": false, "event": "idle_disarmed", "preset": "airplane_single", "single_auto": true, "ts": 1783061590.2}
{"armed": false, "event": "idle_disarmed", "preset": "airplane_single", "single_auto": true, "ts": 1783061591.203}
{"armed": false, "event": "idle_disarmed", "preset": "airplane_single", "single_auto": true, "ts": 1783061591.203}
{"armed": false, "event": "idle_disarmed", "preset": "airplane_single", "single_auto": true, "ts": 1783061592.205}
{"armed": false, "event": "idle_disarmed", "preset": "airplane_single", "single_auto": true, "ts": 1783061592.205}
{"armed": false, "event": "idle_disarmed", "preset": "airplane_single", "single_auto": true, "ts": 1783061593.206}
{"armed": false, "event": "idle_disarmed", "preset": "airplane_single", "single_auto": true, "ts": 1783061593.206}
{"armed": false, "event": "idle_disarmed", "preset": "airplane_single", "single_auto": true, "ts": 1783061594.207}
{"armed": false, "event": "idle_disarmed", "preset": "airplane_single", "single_auto": true, "ts": 1783061594.207}
{"armed": false, "event": "idle_disarmed", "preset": "airplane_single", "single_auto": true, "ts": 1783061595.208}
{"armed": false, "event": "idle_disarmed", "preset": "airplane_single", "single_auto": true, "ts": 1783061595.208}
{"armed": false, "event": "idle_disarmed", "preset": "airplane_single", "single_auto": true, "ts": 1783061596.211}
{"armed": false, "event": "idle_disarmed", "preset": "airplane_single", "single_auto": true, "ts": 1783061596.211}
{"armed": false, "event": "idle_disarmed", "preset": "airplane_single", "single_auto": true, "ts": 1783061597.213}
{"armed": false, "event": "idle_disarmed", "preset": "airplane_single", "single_auto": true, "ts": 1783061597.213}
{"armed": false, "event": "idle_disarmed", "preset": "airplane_single", "single_auto": true, "ts": 1783061598.214}
{"armed": false, "event": "idle_disarmed", "preset": "airplane_single", "single_auto": true, "ts": 1783061598.214}
{"armed": false, "event": "idle_disarmed", "preset": "airplane_single", "single_auto": true, "ts": 1783061599.216}
{"armed": false, "event": "idle_disarmed", "preset": "airplane_single", "single_auto": true, "ts": 1783061599.216}
{"armed": false, "event": "idle_disarmed", "preset": "airplane_single", "single_auto": true, "ts": 1783061600.217}
{"armed": false, "event": "idle_disarmed", "preset": "airplane_single", "single_auto": true, "ts": 1783061600.217}
{"armed": false, "event": "idle_disarmed", "preset": "airplane_single", "single_auto": true, "ts": 1783061601.218}
{"armed": false, "event": "idle_disarmed", "preset": "airplane_single", "single_auto": true, "ts": 1783061601.218}
{"armed": false, "event": "idle_disarmed", "preset": "airplane_single", "single_auto": true, "ts": 1783061602.219}
{"armed": false, "event": "idle_disarmed", "preset": "airplane_single", "single_auto": true, "ts": 1783061602.219}
{"armed": false, "event": "idle_disarmed", "preset": "airplane_single", "single_auto": true, "ts": 1783061603.22}
{"armed": false, "event": "idle_disarmed", "preset": "airplane_single", "single_auto": true, "ts": 1783061603.22}
{"armed": false, "event": "idle_disarmed", "preset": "airplane_single", "single_auto": true, "ts": 1783061604.221}
{"armed": false, "event": "idle_disarmed", "preset": "airplane_single", "single_auto": true, "ts": 1783061604.221}
{"armed": false, "event": "idle_disarmed", "preset": "airplane_single", "single_auto": true, "ts": 1783061605.222}
{"armed": false, "event": "idle_disarmed", "preset": "airplane_single", "single_auto": true, "ts": 1783061605.222}
{"armed": false, "event": "idle_disarmed", "preset": "airplane_single", "single_auto": true, "ts": 1783061606.224}
{"armed": false, "event": "idle_disarmed", "preset": "airplane_single", "single_auto": true, "ts": 1783061606.224}
{"armed": false, "event": "idle_disarmed", "preset": "airplane_single", "single_auto": true, "ts": 1783061607.227}
{"armed": false, "event": "idle_disarmed", "preset": "airplane_single", "single_auto": true, "ts": 1783061607.227}
{"armed": false, "event": "idle_disarmed", "preset": "airplane_single", "single_auto": true, "ts": 1783061608.228}
{"armed": false, "event": "idle_disarmed", "preset": "airplane_single", "single_auto": true, "ts": 1783061608.228}
{"armed": false, "event": "idle_disarmed", "preset": "airplane_single", "single_auto": true, "ts": 1783061609.229}
{"armed": false, "event": "idle_disarmed", "preset": "airplane_single", "single_auto": true, "ts": 1783061609.229}
{"armed": false, "event": "idle_disarmed", "preset": "airplane_single", "single_auto": true, "ts": 1783061610.23}
{"armed": false, "event": "idle_disarmed", "preset": "airplane_single", "single_auto": true, "ts": 1783061610.23}
{"armed": false, "event": "idle_disarmed", "preset": "airplane_single", "single_auto": true, "ts": 1783061611.232}
{"armed": false, "event": "idle_disarmed", "preset": "airplane_single", "single_auto": true, "ts": 1783061611.232}
{"armed": false, "event": "idle_disarmed", "preset": "airplane_single", "single_auto": true, "ts": 1783061612.233}
{"armed": false, "event": "idle_disarmed", "preset": "airplane_single", "single_auto": true, "ts": 1783061612.233}
{"armed": false, "event": "idle_disarmed", "preset": "airplane_single", "single_auto": true, "ts": 1783061613.234}
{"armed": false, "event": "idle_disarmed", "preset": "airplane_single", "single_auto": true, "ts": 1783061613.234}
{"armed": false, "event": "idle_disarmed", "preset": "airplane_single", "single_auto": true, "ts": 1783061614.235}
{"armed": false, "event": "idle_disarmed", "preset": "airplane_single", "single_auto": true, "ts": 1783061614.235}
{"armed": false, "event": "idle_disarmed", "preset": "airplane_single", "single_auto": true, "ts": 1783061615.236}
{"armed": false, "event": "idle_disarmed", "preset": "airplane_single", "single_auto": true, "ts": 1783061615.236}
{"armed": false, "event": "idle_disarmed", "preset": "airplane_single", "single_auto": true, "ts": 1783061616.237}
{"armed": false, "event": "idle_disarmed", "preset": "airplane_single", "single_auto": true, "ts": 1783061616.237}
{"armed": false, "event": "idle_disarmed", "preset": "airplane_single", "single_auto": true, "ts": 1783061617.238}
{"armed": false, "event": "idle_disarmed", "preset": "airplane_single", "single_auto": true, "ts": 1783061617.238}
{"armed": false, "event": "idle_disarmed", "preset": "airplane_single", "single_auto": true, "ts": 1783061618.239}
{"armed": false, "event": "idle_disarmed", "preset": "airplane_single", "single_auto": true, "ts": 1783061618.239}
{"armed": false, "event": "idle_disarmed", "preset": "airplane_single", "single_auto": true, "ts": 1783061619.24}
{"armed": false, "event": "idle_disarmed", "preset": "airplane_single", "single_auto": true, "ts": 1783061619.24}
{"armed": false, "event": "idle_disarmed", "preset": "airplane_single", "single_auto": true, "ts": 1783061620.242}
{"armed": false, "event": "idle_disarmed", "preset": "airplane_single", "single_auto": true, "ts": 1783061620.242}
{"armed": false, "event": "idle_disarmed", "preset": "airplane_single", "single_auto": true, "ts": 1783061621.243}
{"armed": false, "event": "idle_disarmed", "preset": "airplane_single", "single_auto": true, "ts": 1783061621.243}
{"armed": false, "event": "idle_disarmed", "preset": "airplane_single", "single_auto": true, "ts": 1783061622.245}
{"armed": false, "event": "idle_disarmed", "preset": "airplane_single", "single_auto": true, "ts": 1783061622.245}
{"armed": false, "event": "idle_disarmed", "preset": "airplane_single", "single_auto": true, "ts": 1783061623.246}
{"armed": false, "event": "idle_disarmed", "preset": "airplane_single", "single_auto": true, "ts": 1783061623.246}
{"armed": false, "event": "idle_disarmed", "preset": "airplane_single", "single_auto": true, "ts": 1783061624.247}
{"armed": false, "event": "idle_disarmed", "preset": "airplane_single", "single_auto": true, "ts": 1783061624.247}
{"armed": false, "event": "idle_disarmed", "preset": "airplane_single", "single_auto": true, "ts": 1783061625.248}
{"armed": false, "event": "idle_disarmed", "preset": "airplane_single", "single_auto": true, "ts": 1783061625.248}
{"armed": false, "event": "idle_disarmed", "preset": "airplane_single", "single_auto": true, "ts": 1783061626.249}
{"armed": false, "event": "idle_disarmed", "preset": "airplane_single", "single_auto": true, "ts": 1783061626.249}
{"armed": false, "event": "idle_disarmed", "preset": "airplane_single", "single_auto": true, "ts": 1783061627.252}
{"armed": false, "event": "idle_disarmed", "preset": "airplane_single", "single_auto": true, "ts": 1783061627.252}
{"cmd": ["/usr/bin/python3", "/root/rknpu2/examples/rknn_yolov8_demo_opencv_2_work_2/new_yolo8/apply_ptz_object_preset.py", "--preset", "airplane_single", "--arm", "force", "--strategy", "preset", "--watch"], "event": "child_start", "pid": 429927, "preset": "airplane_single", "search_preset": "lost_step_wait", "ts": 1783061628.256}
{"cmd": ["/usr/bin/python3", "/root/rknpu2/examples/rknn_yolov8_demo_opencv_2_work_2/new_yolo8/apply_ptz_object_preset.py", "--preset", "airplane_single", "--arm", "force", "--strategy", "preset", "--watch"], "event": "child_start", "pid": 429927, "preset": "airplane_single", "search_preset": "lost_step_wait", "ts": 1783061628.256}
{"event": "armed_running", "pid": 429927, "preset": "airplane_single", "search_preset": "lost_step_wait", "ts": 1783061629.258}
{"event": "armed_running", "pid": 429927, "preset": "airplane_single", "search_preset": "lost_step_wait", "ts": 1783061629.258}
{"event": "armed_running", "pid": 429927, "preset": "airplane_single", "search_preset": "lost_step_wait", "ts": 1783061644.292}
{"event": "armed_running", "pid": 429927, "preset": "airplane_single", "search_preset": "lost_step_wait", "ts": 1783061644.292}
{"event": "armed_running", "pid": 429927, "preset": "airplane_single", "search_preset": "lost_step_wait", "ts": 1783061659.326}
{"event": "armed_running", "pid": 429927, "preset": "airplane_single", "search_preset": "lost_step_wait", "ts": 1783061659.326}
{"event": "armed_running", "pid": 429927, "preset": "airplane_single", "search_preset": "lost_step_wait", "ts": 1783061674.36}
{"event": "armed_running", "pid": 429927, "preset": "airplane_single", "search_preset": "lost_step_wait", "ts": 1783061674.36}
{"event": "armed_running", "pid": 429927, "preset": "airplane_single", "search_preset": "lost_step_wait", "ts": 1783061689.395}
{"event": "armed_running", "pid": 429927, "preset": "airplane_single", "search_preset": "lost_step_wait", "ts": 1783061689.395}
{"event": "armed_running", "pid": 429927, "preset": "airplane_single", "search_preset": "lost_step_wait", "ts": 1783061704.429}
{"event": "armed_running", "pid": 429927, "preset": "airplane_single", "search_preset": "lost_step_wait", "ts": 1783061704.429}
{"event": "armed_running", "pid": 429927, "preset": "airplane_single", "search_preset": "lost_step_wait", "ts": 1783061719.463}
{"event": "armed_running", "pid": 429927, "preset": "airplane_single", "search_preset": "lost_step_wait", "ts": 1783061719.463}
{"event": "armed_running", "pid": 429927, "preset": "airplane_single", "search_preset": "lost_step_wait", "ts": 1783061734.498}
{"event": "armed_running", "pid": 429927, "preset": "airplane_single", "search_preset": "lost_step_wait", "ts": 1783061734.498}
{"event": "armed_running", "pid": 429927, "preset": "airplane_single", "search_preset": "lost_step_wait", "ts": 1783061749.533}
{"event": "armed_running", "pid": 429927, "preset": "airplane_single", "search_preset": "lost_step_wait", "ts": 1783061749.533}
{"event": "armed_running", "pid": 429927, "preset": "airplane_single", "search_preset": "lost_step_wait", "ts": 1783061764.568}
{"event": "armed_running", "pid": 429927, "preset": "airplane_single", "search_preset": "lost_step_wait", "ts": 1783061764.568}
{"event": "armed_running", "pid": 429927, "preset": "airplane_single", "search_preset": "lost_step_wait", "ts": 1783061779.603}
{"event": "armed_running", "pid": 429927, "preset": "airplane_single", "search_preset": "lost_step_wait", "ts": 1783061779.603}
{"event": "armed_running", "pid": 429927, "preset": "airplane_single", "search_preset": "lost_step_wait", "ts": 1783061794.642}
{"event": "armed_running", "pid": 429927, "preset": "airplane_single", "search_preset": "lost_step_wait", "ts": 1783061794.642}
{"event": "armed_running", "pid": 429927, "preset": "airplane_single", "search_preset": "lost_step_wait", "ts": 1783061809.68}
{"event": "armed_running", "pid": 429927, "preset": "airplane_single", "search_preset": "lost_step_wait", "ts": 1783061809.68}
{"event": "armed_running", "pid": 429927, "preset": "airplane_single", "search_preset": "lost_step_wait", "ts": 1783061824.719}
{"event": "armed_running", "pid": 429927, "preset": "airplane_single", "search_preset": "lost_step_wait", "ts": 1783061824.719}
{"event": "armed_running", "pid": 429927, "preset": "airplane_single", "search_preset": "lost_step_wait", "ts": 1783061839.756}
{"event": "armed_running", "pid": 429927, "preset": "airplane_single", "search_preset": "lost_step_wait", "ts": 1783061839.756}
{"event": "child_stop", "pid": 429927, "preset": "airplane_single::lost_step_wait", "reason": "ptzArmed_false", "ts": 1783061845.772}
{"event": "child_stop", "pid": 429927, "preset": "airplane_single::lost_step_wait", "reason": "ptzArmed_false", "ts": 1783061845.772}
{"archived": "/root/rknpu2/examples/rknn_yolov8_demo_opencv_2_work_2/new_yolo8/logs/session_20260703_065725_ptzArmed_false", "event": "logs_archived", "reason": "ptzArmed_false", "ts": 1783061845.994}
{"archived": "/root/rknpu2/examples/rknn_yolov8_demo_opencv_2_work_2/new_yolo8/logs/session_20260703_065725_ptzArmed_false", "event": "logs_archived", "reason": "ptzArmed_false", "ts": 1783061845.994}
{"armed": false, "event": "idle_disarmed", "preset": "airplane_single", "single_auto": true, "ts": 1783061845.994}
{"armed": false, "event": "idle_disarmed", "preset": "airplane_single", "single_auto": true, "ts": 1783061845.994}
{"armed": false, "event": "idle_disarmed", "preset": "airplane_single", "single_auto": true, "ts": 1783061846.995}
{"armed": false, "event": "idle_disarmed", "preset": "airplane_single", "single_auto": true, "ts": 1783061846.995}
{"armed": false, "event": "idle_disarmed", "preset": "airplane_single", "single_auto": true, "ts": 1783061847.996}
{"armed": false, "event": "idle_disarmed", "preset": "airplane_single", "single_auto": true, "ts": 1783061847.996}
{"cmd": ["/usr/bin/python3", "/root/rknpu2/examples/rknn_yolov8_demo_opencv_2_work_2/new_yolo8/apply_ptz_object_preset.py", "--preset", "airplane_single", "--arm", "force", "--strategy", "preset", "--watch"], "event": "child_start", "pid": 441690, "preset": "airplane_single", "search_preset": "lost_step_wait", "ts": 1783061848.998}
{"cmd": ["/usr/bin/python3", "/root/rknpu2/examples/rknn_yolov8_demo_opencv_2_work_2/new_yolo8/apply_ptz_object_preset.py", "--preset", "airplane_single", "--arm", "force", "--strategy", "preset", "--watch"], "event": "child_start", "pid": 441690, "preset": "airplane_single", "search_preset": "lost_step_wait", "ts": 1783061848.998}
{"event": "armed_running", "pid": 441690, "preset": "airplane_single", "search_preset": "lost_step_wait", "ts": 1783061850.001}
{"event": "armed_running", "pid": 441690, "preset": "airplane_single", "search_preset": "lost_step_wait", "ts": 1783061850.001}
{"event": "child_stop", "pid": 441690, "preset": "airplane_single::lost_step_wait", "reason": "ptzArmed_false", "ts": 1783061862.03}
{"event": "child_stop", "pid": 441690, "preset": "airplane_single::lost_step_wait", "reason": "ptzArmed_false", "ts": 1783061862.03}
{"archived": "/root/rknpu2/examples/rknn_yolov8_demo_opencv_2_work_2/new_yolo8/logs/session_20260703_065742_ptzArmed_false", "event": "logs_archived", "reason": "ptzArmed_false", "ts": 1783061863.507}
{"archived": "/root/rknpu2/examples/rknn_yolov8_demo_opencv_2_work_2/new_yolo8/logs/session_20260703_065742_ptzArmed_false", "event": "logs_archived", "reason": "ptzArmed_false", "ts": 1783061863.507}
{"armed": false, "event": "idle_disarmed", "preset": "airplane_single", "single_auto": true, "ts": 1783061863.508}
{"armed": false, "event": "idle_disarmed", "preset": "airplane_single", "single_auto": true, "ts": 1783061863.508}
{"armed": false, "event": "idle_disarmed", "preset": "airplane_single", "single_auto": true, "ts": 1783061864.51}
{"armed": false, "event": "idle_disarmed", "preset": "airplane_single", "single_auto": true, "ts": 1783061864.51}
{"armed": false, "event": "idle_disarmed", "preset": "airplane_single", "single_auto": true, "ts": 1783061865.513}
{"armed": false, "event": "idle_disarmed", "preset": "airplane_single", "single_auto": true, "ts": 1783061865.513}
{"armed": false, "event": "idle_disarmed", "preset": "airplane_single", "single_auto": true, "ts": 1783061866.516}
{"armed": false, "event": "idle_disarmed", "preset": "airplane_single", "single_auto": true, "ts": 1783061866.516}
{"armed": false, "event": "idle_disarmed", "preset": "airplane_single", "single_auto": true, "ts": 1783061867.518}
{"armed": false, "event": "idle_disarmed", "preset": "airplane_single", "single_auto": true, "ts": 1783061867.518}
{"armed": false, "event": "idle_disarmed", "preset": "airplane_single", "single_auto": true, "ts": 1783061868.521}
{"armed": false, "event": "idle_disarmed", "preset": "airplane_single", "single_auto": true, "ts": 1783061868.521}
{"armed": false, "event": "idle_disarmed", "preset": "airplane_single", "single_auto": true, "ts": 1783061869.524}
{"armed": false, "event": "idle_disarmed", "preset": "airplane_single", "single_auto": true, "ts": 1783061869.524}
{"armed": false, "event": "idle_disarmed", "preset": "airplane_single", "single_auto": true, "ts": 1783061870.526}
{"armed": false, "event": "idle_disarmed", "preset": "airplane_single", "single_auto": true, "ts": 1783061870.526}
{"armed": false, "event": "idle_disarmed", "preset": "airplane_single", "single_auto": true, "ts": 1783061871.529}
{"armed": false, "event": "idle_disarmed", "preset": "airplane_single", "single_auto": true, "ts": 1783061871.529}
{"armed": false, "event": "idle_disarmed", "preset": "airplane_single", "single_auto": true, "ts": 1783061872.532}
{"armed": false, "event": "idle_disarmed", "preset": "airplane_single", "single_auto": true, "ts": 1783061872.532}
{"armed": false, "event": "idle_disarmed", "preset": "airplane_single", "single_auto": true, "ts": 1783061873.534}
{"armed": false, "event": "idle_disarmed", "preset": "airplane_single", "single_auto": true, "ts": 1783061873.534}
{"armed": false, "event": "idle_disarmed", "preset": "airplane_single", "single_auto": true, "ts": 1783061874.537}
{"armed": false, "event": "idle_disarmed", "preset": "airplane_single", "single_auto": true, "ts": 1783061874.537}
{"armed": false, "event": "idle_disarmed", "preset": "airplane_single", "single_auto": true, "ts": 1783061875.54}
{"armed": false, "event": "idle_disarmed", "preset": "airplane_single", "single_auto": true, "ts": 1783061875.54}
{"armed": false, "event": "idle_disarmed", "preset": "airplane_single", "single_auto": true, "ts": 1783061876.543}
{"armed": false, "event": "idle_disarmed", "preset": "airplane_single", "single_auto": true, "ts": 1783061876.543}
{"armed": false, "event": "idle_disarmed", "preset": "airplane_single", "single_auto": true, "ts": 1783061877.545}
{"armed": false, "event": "idle_disarmed", "preset": "airplane_single", "single_auto": true, "ts": 1783061877.545}
{"armed": false, "event": "idle_disarmed", "preset": "airplane_single", "single_auto": true, "ts": 1783061878.548}
{"armed": false, "event": "idle_disarmed", "preset": "airplane_single", "single_auto": true, "ts": 1783061878.548}
{"armed": false, "event": "idle_disarmed", "preset": "airplane_single", "single_auto": true, "ts": 1783061879.55}
{"armed": false, "event": "idle_disarmed", "preset": "airplane_single", "single_auto": true, "ts": 1783061879.55}
{"armed": false, "event": "idle_disarmed", "preset": "airplane_single", "single_auto": true, "ts": 1783061880.553}
{"armed": false, "event": "idle_disarmed", "preset": "airplane_single", "single_auto": true, "ts": 1783061880.553}
{"armed": false, "event": "idle_disarmed", "preset": "airplane_single", "single_auto": true, "ts": 1783061881.556}
{"armed": false, "event": "idle_disarmed", "preset": "airplane_single", "single_auto": true, "ts": 1783061881.556}
{"armed": false, "event": "idle_disarmed", "preset": "airplane_single", "single_auto": true, "ts": 1783061882.558}
{"armed": false, "event": "idle_disarmed", "preset": "airplane_single", "single_auto": true, "ts": 1783061882.558}
{"armed": false, "event": "idle_disarmed", "preset": "airplane_single", "single_auto": true, "ts": 1783061883.561}
{"armed": false, "event": "idle_disarmed", "preset": "airplane_single", "single_auto": true, "ts": 1783061883.561}
{"armed": false, "event": "idle_disarmed", "preset": "airplane_single", "single_auto": true, "ts": 1783061884.564}
{"armed": false, "event": "idle_disarmed", "preset": "airplane_single", "single_auto": true, "ts": 1783061884.564}
{"armed": false, "event": "idle_disarmed", "preset": "airplane_single", "single_auto": true, "ts": 1783061885.567}
{"armed": false, "event": "idle_disarmed", "preset": "airplane_single", "single_auto": true, "ts": 1783061885.567}
{"armed": false, "event": "idle_disarmed", "preset": "airplane_single", "single_auto": true, "ts": 1783061886.569}
{"armed": false, "event": "idle_disarmed", "preset": "airplane_single", "single_auto": true, "ts": 1783061886.569}
{"armed": false, "event": "idle_disarmed", "preset": "airplane_single", "single_auto": true, "ts": 1783061887.572}
{"armed": false, "event": "idle_disarmed", "preset": "airplane_single", "single_auto": true, "ts": 1783061887.572}
{"armed": false, "event": "idle_disarmed", "preset": "airplane_single", "single_auto": true, "ts": 1783061888.575}
{"armed": false, "event": "idle_disarmed", "preset": "airplane_single", "single_auto": true, "ts": 1783061888.575}
{"armed": false, "event": "idle_disarmed", "preset": "airplane_single", "single_auto": true, "ts": 1783061889.577}
{"armed": false, "event": "idle_disarmed", "preset": "airplane_single", "single_auto": true, "ts": 1783061889.577}
{"armed": false, "event": "idle_disarmed", "preset": "airplane_single", "single_auto": true, "ts": 1783061890.58}
{"armed": false, "event": "idle_disarmed", "preset": "airplane_single", "single_auto": true, "ts": 1783061890.58}
{"armed": false, "event": "idle_disarmed", "preset": "airplane_single", "single_auto": true, "ts": 1783061891.583}
{"armed": false, "event": "idle_disarmed", "preset": "airplane_single", "single_auto": true, "ts": 1783061891.583}
{"armed": false, "event": "idle_disarmed", "preset": "airplane_single", "single_auto": true, "ts": 1783061892.585}
{"armed": false, "event": "idle_disarmed", "preset": "airplane_single", "single_auto": true, "ts": 1783061892.585}
{"armed": false, "event": "idle_disarmed", "preset": "airplane_single", "single_auto": true, "ts": 1783061893.588}
{"armed": false, "event": "idle_disarmed", "preset": "airplane_single", "single_auto": true, "ts": 1783061893.588}
{"armed": false, "event": "idle_disarmed", "preset": "airplane_single", "single_auto": true, "ts": 1783061894.589}
{"armed": false, "event": "idle_disarmed", "preset": "airplane_single", "single_auto": true, "ts": 1783061894.589}
{"armed": false, "event": "idle_disarmed", "preset": "airplane_single", "single_auto": true, "ts": 1783061895.59}
{"armed": false, "event": "idle_disarmed", "preset": "airplane_single", "single_auto": true, "ts": 1783061895.59}
{"armed": false, "event": "idle_disarmed", "preset": "airplane_single", "single_auto": true, "ts": 1783061896.591}
{"armed": false, "event": "idle_disarmed", "preset": "airplane_single", "single_auto": true, "ts": 1783061896.591}
{"armed": false, "event": "idle_disarmed", "preset": "airplane_single", "single_auto": true, "ts": 1783061897.592}
{"armed": false, "event": "idle_disarmed", "preset": "airplane_single", "single_auto": true, "ts": 1783061897.592}
{"armed": false, "event": "idle_disarmed", "preset": "airplane_single", "single_auto": true, "ts": 1783061898.593}
{"armed": false, "event": "idle_disarmed", "preset": "airplane_single", "single_auto": true, "ts": 1783061898.593}
{"armed": false, "event": "idle_disarmed", "preset": "airplane_single", "single_auto": true, "ts": 1783061899.594}
{"armed": false, "event": "idle_disarmed", "preset": "airplane_single", "single_auto": true, "ts": 1783061899.594}
{"armed": false, "event": "idle_disarmed", "preset": "airplane_single", "single_auto": true, "ts": 1783061900.595}
{"armed": false, "event": "idle_disarmed", "preset": "airplane_single", "single_auto": true, "ts": 1783061900.595}
{"armed": false, "event": "idle_disarmed", "preset": "airplane_single", "single_auto": true, "ts": 1783061901.596}
{"armed": false, "event": "idle_disarmed", "preset": "airplane_single", "single_auto": true, "ts": 1783061901.596}
{"armed": false, "event": "idle_disarmed", "preset": "airplane_single", "single_auto": true, "ts": 1783061902.597}
{"armed": false, "event": "idle_disarmed", "preset": "airplane_single", "single_auto": true, "ts": 1783061902.597}
{"armed": false, "event": "idle_disarmed", "preset": "airplane_single", "single_auto": true, "ts": 1783061903.598}
{"armed": false, "event": "idle_disarmed", "preset": "airplane_single", "single_auto": true, "ts": 1783061903.598}
{"armed": false, "event": "idle_disarmed", "preset": "airplane_single", "single_auto": true, "ts": 1783061904.599}
{"armed": false, "event": "idle_disarmed", "preset": "airplane_single", "single_auto": true, "ts": 1783061904.599}
{"armed": false, "event": "idle_disarmed", "preset": "airplane_single", "single_auto": true, "ts": 1783061905.601}
{"armed": false, "event": "idle_disarmed", "preset": "airplane_single", "single_auto": true, "ts": 1783061905.601}
{"armed": false, "event": "idle_disarmed", "preset": "airplane_single", "single_auto": true, "ts": 1783061906.603}
{"armed": false, "event": "idle_disarmed", "preset": "airplane_single", "single_auto": true, "ts": 1783061906.603}
{"armed": false, "event": "idle_disarmed", "preset": "airplane_single", "single_auto": true, "ts": 1783061907.604}
{"armed": false, "event": "idle_disarmed", "preset": "airplane_single", "single_auto": true, "ts": 1783061907.604}
{"armed": false, "event": "idle_disarmed", "preset": "airplane_single", "single_auto": true, "ts": 1783061908.606}
{"armed": false, "event": "idle_disarmed", "preset": "airplane_single", "single_auto": true, "ts": 1783061908.606}
{"armed": false, "event": "idle_disarmed", "preset": "airplane_single", "single_auto": true, "ts": 1783061909.608}
{"armed": false, "event": "idle_disarmed", "preset": "airplane_single", "single_auto": true, "ts": 1783061909.608}
{"armed": false, "event": "idle_disarmed", "preset": "airplane_single", "single_auto": true, "ts": 1783061910.611}
{"armed": false, "event": "idle_disarmed", "preset": "airplane_single", "single_auto": true, "ts": 1783061910.611}
{"armed": false, "event": "idle_disarmed", "preset": "airplane_single", "single_auto": true, "ts": 1783061911.614}
{"armed": false, "event": "idle_disarmed", "preset": "airplane_single", "single_auto": true, "ts": 1783061911.614}
{"armed": false, "event": "idle_disarmed", "preset": "airplane_single", "single_auto": true, "ts": 1783061912.617}
{"armed": false, "event": "idle_disarmed", "preset": "airplane_single", "single_auto": true, "ts": 1783061912.617}
{"armed": false, "event": "idle_disarmed", "preset": "airplane_single", "single_auto": true, "ts": 1783061913.62}
{"armed": false, "event": "idle_disarmed", "preset": "airplane_single", "single_auto": true, "ts": 1783061913.62}
{"armed": false, "event": "idle_disarmed", "preset": "airplane_single", "single_auto": true, "ts": 1783061914.622}
{"armed": false, "event": "idle_disarmed", "preset": "airplane_single", "single_auto": true, "ts": 1783061914.622}
{"armed": false, "event": "idle_disarmed", "preset": "airplane_single", "single_auto": true, "ts": 1783061915.625}
{"armed": false, "event": "idle_disarmed", "preset": "airplane_single", "single_auto": true, "ts": 1783061915.625}
{"armed": false, "event": "idle_disarmed", "preset": "airplane_single", "single_auto": true, "ts": 1783061916.628}
{"armed": false, "event": "idle_disarmed", "preset": "airplane_single", "single_auto": true, "ts": 1783061916.628}
{"armed": false, "event": "idle_disarmed", "preset": "airplane_single", "single_auto": true, "ts": 1783061917.63}
{"armed": false, "event": "idle_disarmed", "preset": "airplane_single", "single_auto": true, "ts": 1783061917.63}
{"armed": false, "event": "idle_disarmed", "preset": "airplane_single", "single_auto": true, "ts": 1783061918.633}
{"armed": false, "event": "idle_disarmed", "preset": "airplane_single", "single_auto": true, "ts": 1783061918.633}
{"armed": false, "event": "idle_disarmed", "preset": "airplane_single", "single_auto": true, "ts": 1783061919.635}
{"armed": false, "event": "idle_disarmed", "preset": "airplane_single", "single_auto": true, "ts": 1783061919.635}
{"armed": false, "event": "idle_disarmed", "preset": "airplane_single", "single_auto": true, "ts": 1783061920.638}
{"armed": false, "event": "idle_disarmed", "preset": "airplane_single", "single_auto": true, "ts": 1783061920.638}
{"armed": false, "event": "idle_disarmed", "preset": "airplane_single", "single_auto": true, "ts": 1783061921.64}
{"armed": false, "event": "idle_disarmed", "preset": "airplane_single", "single_auto": true, "ts": 1783061921.64}
{"armed": false, "event": "idle_disarmed", "preset": "airplane_single", "single_auto": true, "ts": 1783061922.643}
{"armed": false, "event": "idle_disarmed", "preset": "airplane_single", "single_auto": true, "ts": 1783061922.643}
{"armed": false, "event": "idle_disarmed", "preset": "airplane_single", "single_auto": true, "ts": 1783061923.646}
{"armed": false, "event": "idle_disarmed", "preset": "airplane_single", "single_auto": true, "ts": 1783061923.646}
{"armed": false, "event": "idle_disarmed", "preset": "airplane_single", "single_auto": true, "ts": 1783061924.648}
{"armed": false, "event": "idle_disarmed", "preset": "airplane_single", "single_auto": true, "ts": 1783061924.648}
{"armed": false, "event": "idle_disarmed", "preset": "airplane_single", "single_auto": true, "ts": 1783061925.651}
{"armed": false, "event": "idle_disarmed", "preset": "airplane_single", "single_auto": true, "ts": 1783061925.651}
{"armed": false, "event": "idle_disarmed", "preset": "airplane_single", "single_auto": true, "ts": 1783061926.654}
{"armed": false, "event": "idle_disarmed", "preset": "airplane_single", "single_auto": true, "ts": 1783061926.654}
{"armed": false, "event": "idle_disarmed", "preset": "airplane_single", "single_auto": true, "ts": 1783061927.656}
{"armed": false, "event": "idle_disarmed", "preset": "airplane_single", "single_auto": true, "ts": 1783061927.656}
{"armed": false, "event": "idle_disarmed", "preset": "airplane_single", "single_auto": true, "ts": 1783061928.659}
{"armed": false, "event": "idle_disarmed", "preset": "airplane_single", "single_auto": true, "ts": 1783061928.659}
{"armed": false, "event": "idle_disarmed", "preset": "airplane_single", "single_auto": true, "ts": 1783061929.661}
{"armed": false, "event": "idle_disarmed", "preset": "airplane_single", "single_auto": true, "ts": 1783061929.661}
{"armed": false, "event": "idle_disarmed", "preset": "airplane_single", "single_auto": true, "ts": 1783061930.664}
{"armed": false, "event": "idle_disarmed", "preset": "airplane_single", "single_auto": true, "ts": 1783061930.664}
{"armed": false, "event": "idle_disarmed", "preset": "airplane_single", "single_auto": true, "ts": 1783061931.667}
{"armed": false, "event": "idle_disarmed", "preset": "airplane_single", "single_auto": true, "ts": 1783061931.667}
{"armed": false, "event": "idle_disarmed", "preset": "airplane_single", "single_auto": true, "ts": 1783061932.67}
{"armed": false, "event": "idle_disarmed", "preset": "airplane_single", "single_auto": true, "ts": 1783061932.67}
{"armed": false, "event": "idle_disarmed", "preset": "airplane_single", "single_auto": true, "ts": 1783061933.672}
{"armed": false, "event": "idle_disarmed", "preset": "airplane_single", "single_auto": true, "ts": 1783061933.672}
{"armed": false, "event": "idle_disarmed", "preset": "airplane_single", "single_auto": true, "ts": 1783061934.674}
{"armed": false, "event": "idle_disarmed", "preset": "airplane_single", "single_auto": true, "ts": 1783061934.674}
{"armed": false, "event": "idle_disarmed", "preset": "airplane_single", "single_auto": true, "ts": 1783061935.675}
{"armed": false, "event": "idle_disarmed", "preset": "airplane_single", "single_auto": true, "ts": 1783061935.675}
{"armed": false, "event": "idle_disarmed", "preset": "airplane_single", "single_auto": true, "ts": 1783061936.677}
{"armed": false, "event": "idle_disarmed", "preset": "airplane_single", "single_auto": true, "ts": 1783061936.677}
{"armed": false, "event": "idle_disarmed", "preset": "airplane_single", "single_auto": true, "ts": 1783061937.678}
{"armed": false, "event": "idle_disarmed", "preset": "airplane_single", "single_auto": true, "ts": 1783061937.678}
{"armed": false, "event": "idle_disarmed", "preset": "airplane_single", "single_auto": true, "ts": 1783061938.679}
{"armed": false, "event": "idle_disarmed", "preset": "airplane_single", "single_auto": true, "ts": 1783061938.679}
{"armed": false, "event": "idle_disarmed", "preset": "airplane_single", "single_auto": true, "ts": 1783061939.68}
{"armed": false, "event": "idle_disarmed", "preset": "airplane_single", "single_auto": true, "ts": 1783061939.68}
{"armed": false, "event": "idle_disarmed", "preset": "airplane_single", "single_auto": true, "ts": 1783061940.682}
{"armed": false, "event": "idle_disarmed", "preset": "airplane_single", "single_auto": true, "ts": 1783061940.682}
{"armed": false, "event": "idle_disarmed", "preset": "airplane_single", "single_auto": true, "ts": 1783061941.685}
{"armed": false, "event": "idle_disarmed", "preset": "airplane_single", "single_auto": true, "ts": 1783061941.685}
{"armed": false, "event": "idle_disarmed", "preset": "airplane_single", "single_auto": true, "ts": 1783061942.687}
{"armed": false, "event": "idle_disarmed", "preset": "airplane_single", "single_auto": true, "ts": 1783061942.687}
{"armed": false, "event": "idle_disarmed", "preset": "airplane_single", "single_auto": true, "ts": 1783061943.69}
{"armed": false, "event": "idle_disarmed", "preset": "airplane_single", "single_auto": true, "ts": 1783061943.69}
{"armed": false, "event": "idle_disarmed", "preset": "airplane_single", "single_auto": true, "ts": 1783061944.693}
{"armed": false, "event": "idle_disarmed", "preset": "airplane_single", "single_auto": true, "ts": 1783061944.693}
{"armed": false, "event": "idle_disarmed", "preset": "airplane_single", "single_auto": true, "ts": 1783061945.695}
{"armed": false, "event": "idle_disarmed", "preset": "airplane_single", "single_auto": true, "ts": 1783061945.695}
{"armed": false, "event": "idle_disarmed", "preset": "airplane_single", "single_auto": true, "ts": 1783061946.698}
{"armed": false, "event": "idle_disarmed", "preset": "airplane_single", "single_auto": true, "ts": 1783061946.698}
{"armed": false, "event": "idle_disarmed", "preset": "airplane_single", "single_auto": true, "ts": 1783061947.701}
{"armed": false, "event": "idle_disarmed", "preset": "airplane_single", "single_auto": true, "ts": 1783061947.701}
{"armed": false, "event": "idle_disarmed", "preset": "airplane_single", "single_auto": true, "ts": 1783061948.703}
{"armed": false, "event": "idle_disarmed", "preset": "airplane_single", "single_auto": true, "ts": 1783061948.703}
{"armed": false, "event": "idle_disarmed", "preset": "airplane_single", "single_auto": true, "ts": 1783061949.706}
{"armed": false, "event": "idle_disarmed", "preset": "airplane_single", "single_auto": true, "ts": 1783061949.706}
{"armed": false, "event": "idle_disarmed", "preset": "airplane_single", "single_auto": true, "ts": 1783061950.709}
{"armed": false, "event": "idle_disarmed", "preset": "airplane_single", "single_auto": true, "ts": 1783061950.709}
{"armed": false, "event": "idle_disarmed", "preset": "airplane_single", "single_auto": true, "ts": 1783061951.71}
{"armed": false, "event": "idle_disarmed", "preset": "airplane_single", "single_auto": true, "ts": 1783061951.71}
{"armed": false, "event": "idle_disarmed", "preset": "airplane_single", "single_auto": true, "ts": 1783061952.713}
{"armed": false, "event": "idle_disarmed", "preset": "airplane_single", "single_auto": true, "ts": 1783061952.713}
{"armed": false, "event": "idle_disarmed", "preset": "airplane_single", "single_auto": true, "ts": 1783061953.714}
{"armed": false, "event": "idle_disarmed", "preset": "airplane_single", "single_auto": true, "ts": 1783061953.714}
{"armed": false, "event": "idle_disarmed", "preset": "airplane_single", "single_auto": true, "ts": 1783061954.716}
{"armed": false, "event": "idle_disarmed", "preset": "airplane_single", "single_auto": true, "ts": 1783061954.716}
{"armed": false, "event": "idle_disarmed", "preset": "airplane_single", "single_auto": true, "ts": 1783061955.719}
{"armed": false, "event": "idle_disarmed", "preset": "airplane_single", "single_auto": true, "ts": 1783061955.719}
{"cmd": ["/usr/bin/python3", "/root/rknpu2/examples/rknn_yolov8_demo_opencv_2_work_2/new_yolo8/apply_ptz_object_preset.py", "--preset", "airplane_single", "--arm", "force", "--strategy", "preset", "--watch"], "event": "child_start", "pid": 447368, "preset": "airplane_single", "search_preset": "lost_step_wait", "ts": 1783061956.722}
{"cmd": ["/usr/bin/python3", "/root/rknpu2/examples/rknn_yolov8_demo_opencv_2_work_2/new_yolo8/apply_ptz_object_preset.py", "--preset", "airplane_single", "--arm", "force", "--strategy", "preset", "--watch"], "event": "child_start", "pid": 447368, "preset": "airplane_single", "search_preset": "lost_step_wait", "ts": 1783061956.722}
{"event": "armed_running", "pid": 447368, "preset": "airplane_single", "search_preset": "lost_step_wait", "ts": 1783061957.725}
{"event": "armed_running", "pid": 447368, "preset": "airplane_single", "search_preset": "lost_step_wait", "ts": 1783061957.725}
{"event": "armed_running", "pid": 447368, "preset": "airplane_single", "search_preset": "lost_step_wait", "ts": 1783061972.752}
{"event": "armed_running", "pid": 447368, "preset": "airplane_single", "search_preset": "lost_step_wait", "ts": 1783061972.752}
{"event": "armed_running", "pid": 447368, "preset": "airplane_single", "search_preset": "lost_step_wait", "ts": 1783061987.784}
{"event": "armed_running", "pid": 447368, "preset": "airplane_single", "search_preset": "lost_step_wait", "ts": 1783061987.784}
{"event": "armed_running", "pid": 447368, "preset": "airplane_single", "search_preset": "lost_step_wait", "ts": 1783062002.822}
{"event": "armed_running", "pid": 447368, "preset": "airplane_single", "search_preset": "lost_step_wait", "ts": 1783062002.822}
{"event": "armed_running", "pid": 447368, "preset": "airplane_single", "search_preset": "lost_step_wait", "ts": 1783062017.858}
{"event": "armed_running", "pid": 447368, "preset": "airplane_single", "search_preset": "lost_step_wait", "ts": 1783062017.858}
{"event": "armed_running", "pid": 447368, "preset": "airplane_single", "search_preset": "lost_step_wait", "ts": 1783062032.896}
{"event": "armed_running", "pid": 447368, "preset": "airplane_single", "search_preset": "lost_step_wait", "ts": 1783062032.896}
{"event": "armed_running", "pid": 447368, "preset": "airplane_single", "search_preset": "lost_step_wait", "ts": 1783062047.933}
{"event": "armed_running", "pid": 447368, "preset": "airplane_single", "search_preset": "lost_step_wait", "ts": 1783062047.933}
{"event": "armed_running", "pid": 447368, "preset": "airplane_single", "search_preset": "lost_step_wait", "ts": 1783062062.969}
{"event": "armed_running", "pid": 447368, "preset": "airplane_single", "search_preset": "lost_step_wait", "ts": 1783062062.969}
{"event": "armed_running", "pid": 447368, "preset": "airplane_single", "search_preset": "lost_step_wait", "ts": 1783062078.006}
{"event": "armed_running", "pid": 447368, "preset": "airplane_single", "search_preset": "lost_step_wait", "ts": 1783062078.006}
{"event": "armed_running", "pid": 447368, "preset": "airplane_single", "search_preset": "lost_step_wait", "ts": 1783062093.042}
{"event": "armed_running", "pid": 447368, "preset": "airplane_single", "search_preset": "lost_step_wait", "ts": 1783062093.042}
{"event": "armed_running", "pid": 447368, "preset": "airplane_single", "search_preset": "lost_step_wait", "ts": 1783062108.08}
{"event": "armed_running", "pid": 447368, "preset": "airplane_single", "search_preset": "lost_step_wait", "ts": 1783062108.08}
{"event": "armed_running", "pid": 447368, "preset": "airplane_single", "search_preset": "lost_step_wait", "ts": 1783062123.119}
{"event": "armed_running", "pid": 447368, "preset": "airplane_single", "search_preset": "lost_step_wait", "ts": 1783062123.119}
{"event": "armed_running", "pid": 447368, "preset": "airplane_single", "search_preset": "lost_step_wait", "ts": 1783062138.156}
{"event": "armed_running", "pid": 447368, "preset": "airplane_single", "search_preset": "lost_step_wait", "ts": 1783062138.156}
{"event": "armed_running", "pid": 447368, "preset": "airplane_single", "search_preset": "lost_step_wait", "ts": 1783062153.192}
{"event": "armed_running", "pid": 447368, "preset": "airplane_single", "search_preset": "lost_step_wait", "ts": 1783062153.192}
{"event": "armed_running", "pid": 447368, "preset": "airplane_single", "search_preset": "lost_step_wait", "ts": 1783062168.229}
{"event": "armed_running", "pid": 447368, "preset": "airplane_single", "search_preset": "lost_step_wait", "ts": 1783062168.229}
{"event": "armed_running", "pid": 447368, "preset": "airplane_single", "search_preset": "lost_step_wait", "ts": 1783062183.266}
{"event": "armed_running", "pid": 447368, "preset": "airplane_single", "search_preset": "lost_step_wait", "ts": 1783062183.266}
{"event": "armed_running", "pid": 447368, "preset": "airplane_single", "search_preset": "lost_step_wait", "ts": 1783062198.303}
{"event": "armed_running", "pid": 447368, "preset": "airplane_single", "search_preset": "lost_step_wait", "ts": 1783062198.303}
{"event": "armed_running", "pid": 447368, "preset": "airplane_single", "search_preset": "lost_step_wait", "ts": 1783062213.341}
{"event": "armed_running", "pid": 447368, "preset": "airplane_single", "search_preset": "lost_step_wait", "ts": 1783062213.341}
{"event": "armed_running", "pid": 447368, "preset": "airplane_single", "search_preset": "lost_step_wait", "ts": 1783062228.379}
{"event": "armed_running", "pid": 447368, "preset": "airplane_single", "search_preset": "lost_step_wait", "ts": 1783062228.379}
{"event": "armed_running", "pid": 447368, "preset": "airplane_single", "search_preset": "lost_step_wait", "ts": 1783062243.419}
{"event": "armed_running", "pid": 447368, "preset": "airplane_single", "search_preset": "lost_step_wait", "ts": 1783062243.419}
{"event": "armed_running", "pid": 447368, "preset": "airplane_single", "search_preset": "lost_step_wait", "ts": 1783062258.456}
{"event": "armed_running", "pid": 447368, "preset": "airplane_single", "search_preset": "lost_step_wait", "ts": 1783062258.456}
{"event": "armed_running", "pid": 447368, "preset": "airplane_single", "search_preset": "lost_step_wait", "ts": 1783062273.492}
{"event": "armed_running", "pid": 447368, "preset": "airplane_single", "search_preset": "lost_step_wait", "ts": 1783062273.492}
{"event": "armed_running", "pid": 447368, "preset": "airplane_single", "search_preset": "lost_step_wait", "ts": 1783062288.515}
{"event": "armed_running", "pid": 447368, "preset": "airplane_single", "search_preset": "lost_step_wait", "ts": 1783062288.515}
{"event": "armed_running", "pid": 447368, "preset": "airplane_single", "search_preset": "lost_step_wait", "ts": 1783062303.543}
{"event": "armed_running", "pid": 447368, "preset": "airplane_single", "search_preset": "lost_step_wait", "ts": 1783062303.543}
{"event": "armed_running", "pid": 447368, "preset": "airplane_single", "search_preset": "lost_step_wait", "ts": 1783062318.577}
{"event": "armed_running", "pid": 447368, "preset": "airplane_single", "search_preset": "lost_step_wait", "ts": 1783062318.577}
{"event": "armed_running", "pid": 447368, "preset": "airplane_single", "search_preset": "lost_step_wait", "ts": 1783062333.611}
{"event": "armed_running", "pid": 447368, "preset": "airplane_single", "search_preset": "lost_step_wait", "ts": 1783062333.611}
{"event": "armed_running", "pid": 447368, "preset": "airplane_single", "search_preset": "lost_step_wait", "ts": 1783062348.645}
{"event": "armed_running", "pid": 447368, "preset": "airplane_single", "search_preset": "lost_step_wait", "ts": 1783062348.645}
{"event": "child_stop", "pid": 447368, "preset": "airplane_single::lost_step_wait", "reason": "ptzArmed_false", "ts": 1783062357.666}
{"event": "child_stop", "pid": 447368, "preset": "airplane_single::lost_step_wait", "reason": "ptzArmed_false", "ts": 1783062357.666}
{"archived": "/root/rknpu2/examples/rknn_yolov8_demo_opencv_2_work_2/new_yolo8/logs/session_20260703_070557_ptzArmed_false", "event": "logs_archived", "reason": "ptzArmed_false", "ts": 1783062357.9}
{"archived": "/root/rknpu2/examples/rknn_yolov8_demo_opencv_2_work_2/new_yolo8/logs/session_20260703_070557_ptzArmed_false", "event": "logs_archived", "reason": "ptzArmed_false", "ts": 1783062357.9}
{"armed": false, "event": "idle_disarmed", "preset": "airplane_single", "single_auto": true, "ts": 1783062357.901}
{"armed": false, "event": "idle_disarmed", "preset": "airplane_single", "single_auto": true, "ts": 1783062357.901}
{"armed": false, "event": "idle_disarmed", "preset": "airplane_single", "single_auto": true, "ts": 1783062358.902}
{"armed": false, "event": "idle_disarmed", "preset": "airplane_single", "single_auto": true, "ts": 1783062358.902}
{"armed": false, "event": "idle_disarmed", "preset": "airplane_single", "single_auto": true, "ts": 1783062359.903}
{"armed": false, "event": "idle_disarmed", "preset": "airplane_single", "single_auto": true, "ts": 1783062359.903}
{"cmd": ["/usr/bin/python3", "/root/rknpu2/examples/rknn_yolov8_demo_opencv_2_work_2/new_yolo8/apply_ptz_object_preset.py", "--preset", "airplane_single", "--arm", "force", "--strategy", "preset", "--watch"], "event": "child_start", "pid": 469416, "preset": "airplane_single", "search_preset": "lost_step_wait", "ts": 1783062360.905}
{"cmd": ["/usr/bin/python3", "/root/rknpu2/examples/rknn_yolov8_demo_opencv_2_work_2/new_yolo8/apply_ptz_object_preset.py", "--preset", "airplane_single", "--arm", "force", "--strategy", "preset", "--watch"], "event": "child_start", "pid": 469416, "preset": "airplane_single", "search_preset": "lost_step_wait", "ts": 1783062360.905}
{"event": "armed_running", "pid": 469416, "preset": "airplane_single", "search_preset": "lost_step_wait", "ts": 1783062361.906}
{"event": "armed_running", "pid": 469416, "preset": "airplane_single", "search_preset": "lost_step_wait", "ts": 1783062361.906}
{"event": "child_stop", "pid": 469416, "preset": "airplane_single::lost_step_wait", "reason": "ptzArmed_false", "ts": 1783062373.921}
{"event": "child_stop", "pid": 469416, "preset": "airplane_single::lost_step_wait", "reason": "ptzArmed_false", "ts": 1783062373.921}
