{"event": "daemon_start", "pid": 1923, "ts": 1783052663.683}
{"event": "daemon_start", "pid": 1923, "ts": 1783052663.683}
{"cmd": ["/usr/bin/python3", "/root/rknpu2/examples/rknn_yolov8_demo_opencv_2_work_2/new_yolo8/apply_ptz_object_preset.py", "--preset", "person_single", "--arm", "force", "--strategy", "preset", "--watch"], "event": "child_start", "pid": 1932, "preset": "person_single", "search_preset": "lost_step_wait", "ts": 1783052663.686}
{"cmd": ["/usr/bin/python3", "/root/rknpu2/examples/rknn_yolov8_demo_opencv_2_work_2/new_yolo8/apply_ptz_object_preset.py", "--preset", "person_single", "--arm", "force", "--strategy", "preset", "--watch"], "event": "child_start", "pid": 1932, "preset": "person_single", "search_preset": "lost_step_wait", "ts": 1783052663.686}
{"event": "armed_running", "pid": 1932, "preset": "person_single", "search_preset": "lost_step_wait", "ts": 1783052664.687}
{"event": "armed_running", "pid": 1932, "preset": "person_single", "search_preset": "lost_step_wait", "ts": 1783052664.687}
{"event": "armed_running", "pid": 1932, "preset": "person_single", "search_preset": "lost_step_wait", "ts": 1783052679.703}
{"event": "armed_running", "pid": 1932, "preset": "person_single", "search_preset": "lost_step_wait", "ts": 1783052679.703}
{"event": "child_stop", "pid": 1932, "preset": "person_single::lost_step_wait", "reason": "ptzArmed_false", "ts": 1783052684.708}
{"event": "child_stop", "pid": 1932, "preset": "person_single::lost_step_wait", "reason": "ptzArmed_false", "ts": 1783052684.708}
{"archived": "/root/rknpu2/examples/rknn_yolov8_demo_opencv_2_work_2/new_yolo8/logs/session_20260703_042444_ptzArmed_false", "event": "logs_archived", "reason": "ptzArmed_false", "ts": 1783052684.83}
{"archived": "/root/rknpu2/examples/rknn_yolov8_demo_opencv_2_work_2/new_yolo8/logs/session_20260703_042444_ptzArmed_false", "event": "logs_archived", "reason": "ptzArmed_false", "ts": 1783052684.83}
{"armed": false, "event": "idle_disarmed", "preset": "person_single", "single_auto": true, "ts": 1783052684.831}
{"armed": false, "event": "idle_disarmed", "preset": "person_single", "single_auto": true, "ts": 1783052684.831}
{"armed": false, "event": "idle_disarmed", "preset": "person_single", "single_auto": true, "ts": 1783052685.833}
{"armed": false, "event": "idle_disarmed", "preset": "person_single", "single_auto": true, "ts": 1783052685.833}
{"armed": false, "event": "idle_disarmed", "preset": "person_single", "single_auto": true, "ts": 1783052686.836}
{"armed": false, "event": "idle_disarmed", "preset": "person_single", "single_auto": true, "ts": 1783052686.836}
{"armed": false, "event": "idle_disarmed", "preset": "person_single", "single_auto": true, "ts": 1783052687.839}
{"armed": false, "event": "idle_disarmed", "preset": "person_single", "single_auto": true, "ts": 1783052687.839}
{"armed": false, "event": "idle_disarmed", "preset": "person_single", "single_auto": true, "ts": 1783052688.842}
{"armed": false, "event": "idle_disarmed", "preset": "person_single", "single_auto": true, "ts": 1783052688.842}
{"armed": false, "event": "idle_disarmed", "preset": "person_single", "single_auto": true, "ts": 1783052689.844}
{"armed": false, "event": "idle_disarmed", "preset": "person_single", "single_auto": true, "ts": 1783052689.844}
{"armed": false, "event": "idle_disarmed", "preset": "person_single", "single_auto": true, "ts": 1783052690.847}
{"armed": false, "event": "idle_disarmed", "preset": "person_single", "single_auto": true, "ts": 1783052690.847}
{"armed": false, "event": "idle_disarmed", "preset": "person_single", "single_auto": true, "ts": 1783052691.849}
{"armed": false, "event": "idle_disarmed", "preset": "person_single", "single_auto": true, "ts": 1783052691.849}
{"armed": false, "event": "idle_disarmed", "preset": "person_single", "single_auto": true, "ts": 1783052692.852}
{"armed": false, "event": "idle_disarmed", "preset": "person_single", "single_auto": true, "ts": 1783052692.852}
{"armed": false, "event": "idle_disarmed", "preset": "person_single", "single_auto": true, "ts": 1783052693.855}
{"armed": false, "event": "idle_disarmed", "preset": "person_single", "single_auto": true, "ts": 1783052693.855}
{"armed": false, "event": "idle_disarmed", "preset": "person_single", "single_auto": true, "ts": 1783052694.857}
{"armed": false, "event": "idle_disarmed", "preset": "person_single", "single_auto": true, "ts": 1783052694.857}
{"armed": false, "event": "idle_disarmed", "preset": "person_single", "single_auto": true, "ts": 1783052695.86}
{"armed": false, "event": "idle_disarmed", "preset": "person_single", "single_auto": true, "ts": 1783052695.86}
{"armed": false, "event": "idle_disarmed", "preset": "person_single", "single_auto": true, "ts": 1783052696.863}
{"armed": false, "event": "idle_disarmed", "preset": "person_single", "single_auto": true, "ts": 1783052696.863}
{"armed": false, "event": "idle_disarmed", "preset": "person_single", "single_auto": true, "ts": 1783052697.865}
{"armed": false, "event": "idle_disarmed", "preset": "person_single", "single_auto": true, "ts": 1783052697.865}
{"armed": false, "event": "idle_disarmed", "preset": "person_single", "single_auto": true, "ts": 1783052698.868}
{"armed": false, "event": "idle_disarmed", "preset": "person_single", "single_auto": true, "ts": 1783052698.868}
{"armed": false, "event": "idle_disarmed", "preset": "person_single", "single_auto": true, "ts": 1783052699.871}
{"armed": false, "event": "idle_disarmed", "preset": "person_single", "single_auto": true, "ts": 1783052699.871}
{"armed": false, "event": "idle_disarmed", "preset": "person_single", "single_auto": true, "ts": 1783052700.873}
{"armed": false, "event": "idle_disarmed", "preset": "person_single", "single_auto": true, "ts": 1783052700.873}
{"armed": false, "event": "idle_disarmed", "preset": "person_single", "single_auto": true, "ts": 1783052701.876}
{"armed": false, "event": "idle_disarmed", "preset": "person_single", "single_auto": true, "ts": 1783052701.876}
{"armed": false, "event": "idle_disarmed", "preset": "person_single", "single_auto": true, "ts": 1783052702.878}
{"armed": false, "event": "idle_disarmed", "preset": "person_single", "single_auto": true, "ts": 1783052702.878}
{"armed": false, "event": "idle_disarmed", "preset": "person_single", "single_auto": true, "ts": 1783052703.881}
{"armed": false, "event": "idle_disarmed", "preset": "person_single", "single_auto": true, "ts": 1783052703.881}
{"armed": false, "event": "idle_disarmed", "preset": "person_single", "single_auto": true, "ts": 1783052704.883}
{"armed": false, "event": "idle_disarmed", "preset": "person_single", "single_auto": true, "ts": 1783052704.883}
{"armed": false, "event": "idle_disarmed", "preset": "person_single", "single_auto": true, "ts": 1783052705.886}
{"armed": false, "event": "idle_disarmed", "preset": "person_single", "single_auto": true, "ts": 1783052705.886}
{"armed": false, "event": "idle_disarmed", "preset": "person_single", "single_auto": true, "ts": 1783052706.889}
{"armed": false, "event": "idle_disarmed", "preset": "person_single", "single_auto": true, "ts": 1783052706.889}
{"armed": false, "event": "idle_disarmed", "preset": "person_single", "single_auto": true, "ts": 1783052707.891}
{"armed": false, "event": "idle_disarmed", "preset": "person_single", "single_auto": true, "ts": 1783052707.891}
{"armed": false, "event": "idle_disarmed", "preset": "person_single", "single_auto": true, "ts": 1783052708.894}
{"armed": false, "event": "idle_disarmed", "preset": "person_single", "single_auto": true, "ts": 1783052708.894}
{"armed": false, "event": "idle_disarmed", "preset": "person_single", "single_auto": true, "ts": 1783052709.897}
{"armed": false, "event": "idle_disarmed", "preset": "person_single", "single_auto": true, "ts": 1783052709.897}
{"armed": false, "event": "idle_disarmed", "preset": "person_single", "single_auto": true, "ts": 1783052710.899}
{"armed": false, "event": "idle_disarmed", "preset": "person_single", "single_auto": true, "ts": 1783052710.899}
{"armed": false, "event": "idle_disarmed", "preset": "person_single", "single_auto": true, "ts": 1783052711.902}
{"armed": false, "event": "idle_disarmed", "preset": "person_single", "single_auto": true, "ts": 1783052711.902}
{"armed": false, "event": "idle_disarmed", "preset": "person_single", "single_auto": true, "ts": 1783052712.904}
{"armed": false, "event": "idle_disarmed", "preset": "person_single", "single_auto": true, "ts": 1783052712.904}
{"armed": false, "event": "idle_disarmed", "preset": "person_single", "single_auto": true, "ts": 1783052713.907}
{"armed": false, "event": "idle_disarmed", "preset": "person_single", "single_auto": true, "ts": 1783052713.907}
{"armed": false, "event": "idle_disarmed", "preset": "person_single", "single_auto": true, "ts": 1783052714.909}
{"armed": false, "event": "idle_disarmed", "preset": "person_single", "single_auto": true, "ts": 1783052714.909}
{"armed": false, "event": "idle_disarmed", "preset": "person_single", "single_auto": true, "ts": 1783052715.912}
{"armed": false, "event": "idle_disarmed", "preset": "person_single", "single_auto": true, "ts": 1783052715.912}
{"armed": false, "event": "idle_disarmed", "preset": "person_single", "single_auto": true, "ts": 1783052716.914}
{"armed": false, "event": "idle_disarmed", "preset": "person_single", "single_auto": true, "ts": 1783052716.914}
{"armed": false, "event": "idle_disarmed", "preset": "person_single", "single_auto": true, "ts": 1783052717.917}
{"armed": false, "event": "idle_disarmed", "preset": "person_single", "single_auto": true, "ts": 1783052717.917}
{"armed": false, "event": "idle_disarmed", "preset": "person_single", "single_auto": true, "ts": 1783052718.92}
{"armed": false, "event": "idle_disarmed", "preset": "person_single", "single_auto": true, "ts": 1783052718.92}
{"armed": false, "event": "idle_disarmed", "preset": "person_single", "single_auto": true, "ts": 1783052719.923}
{"armed": false, "event": "idle_disarmed", "preset": "person_single", "single_auto": true, "ts": 1783052719.923}
{"armed": false, "event": "idle_disarmed", "preset": "person_single", "single_auto": true, "ts": 1783052720.926}
{"armed": false, "event": "idle_disarmed", "preset": "person_single", "single_auto": true, "ts": 1783052720.926}
{"armed": false, "event": "idle_disarmed", "preset": "person_single", "single_auto": true, "ts": 1783052721.929}
{"armed": false, "event": "idle_disarmed", "preset": "person_single", "single_auto": true, "ts": 1783052721.929}
{"armed": false, "event": "idle_disarmed", "preset": "person_single", "single_auto": true, "ts": 1783052722.933}
{"armed": false, "event": "idle_disarmed", "preset": "person_single", "single_auto": true, "ts": 1783052722.933}
{"armed": false, "event": "idle_disarmed", "preset": "person_single", "single_auto": true, "ts": 1783052723.936}
{"armed": false, "event": "idle_disarmed", "preset": "person_single", "single_auto": true, "ts": 1783052723.936}
{"armed": false, "event": "idle_disarmed", "preset": "person_single", "single_auto": true, "ts": 1783052724.94}
{"armed": false, "event": "idle_disarmed", "preset": "person_single", "single_auto": true, "ts": 1783052724.94}
{"armed": false, "event": "idle_disarmed", "preset": "person_single", "single_auto": true, "ts": 1783052725.943}
{"armed": false, "event": "idle_disarmed", "preset": "person_single", "single_auto": true, "ts": 1783052725.943}
{"armed": false, "event": "idle_disarmed", "preset": "person_single", "single_auto": true, "ts": 1783052726.946}
{"armed": false, "event": "idle_disarmed", "preset": "person_single", "single_auto": true, "ts": 1783052726.946}
{"armed": false, "event": "idle_disarmed", "preset": "person_single", "single_auto": true, "ts": 1783052727.949}
{"armed": false, "event": "idle_disarmed", "preset": "person_single", "single_auto": true, "ts": 1783052727.949}
{"armed": false, "event": "idle_disarmed", "preset": "person_single", "single_auto": true, "ts": 1783052728.952}
{"armed": false, "event": "idle_disarmed", "preset": "person_single", "single_auto": true, "ts": 1783052728.952}
{"armed": false, "event": "idle_disarmed", "preset": "person_single", "single_auto": true, "ts": 1783052729.956}
{"armed": false, "event": "idle_disarmed", "preset": "person_single", "single_auto": true, "ts": 1783052729.956}
{"armed": false, "event": "idle_disarmed", "preset": "person_single", "single_auto": true, "ts": 1783052730.959}
{"armed": false, "event": "idle_disarmed", "preset": "person_single", "single_auto": true, "ts": 1783052730.959}
{"armed": false, "event": "idle_disarmed", "preset": "person_single", "single_auto": true, "ts": 1783052731.962}
{"armed": false, "event": "idle_disarmed", "preset": "person_single", "single_auto": true, "ts": 1783052731.962}
{"armed": false, "event": "idle_disarmed", "preset": "person_single", "single_auto": true, "ts": 1783052732.964}
{"armed": false, "event": "idle_disarmed", "preset": "person_single", "single_auto": true, "ts": 1783052732.964}
{"armed": false, "event": "idle_disarmed", "preset": "person_single", "single_auto": true, "ts": 1783052733.967}
{"armed": false, "event": "idle_disarmed", "preset": "person_single", "single_auto": true, "ts": 1783052733.967}
{"armed": false, "event": "idle_disarmed", "preset": "person_single", "single_auto": true, "ts": 1783052734.969}
{"armed": false, "event": "idle_disarmed", "preset": "person_single", "single_auto": true, "ts": 1783052734.969}
{"armed": false, "event": "idle_disarmed", "preset": "person_single", "single_auto": true, "ts": 1783052735.971}
{"armed": false, "event": "idle_disarmed", "preset": "person_single", "single_auto": true, "ts": 1783052735.971}
{"armed": false, "event": "idle_disarmed", "preset": "person_single", "single_auto": true, "ts": 1783052736.974}
{"armed": false, "event": "idle_disarmed", "preset": "person_single", "single_auto": true, "ts": 1783052736.974}
{"armed": false, "event": "idle_disarmed", "preset": "person_single", "single_auto": true, "ts": 1783052737.976}
{"armed": false, "event": "idle_disarmed", "preset": "person_single", "single_auto": true, "ts": 1783052737.976}
{"armed": false, "event": "idle_disarmed", "preset": "person_single", "single_auto": true, "ts": 1783052738.978}
{"armed": false, "event": "idle_disarmed", "preset": "person_single", "single_auto": true, "ts": 1783052738.978}
{"armed": false, "event": "idle_disarmed", "preset": "person_single", "single_auto": true, "ts": 1783052739.981}
{"armed": false, "event": "idle_disarmed", "preset": "person_single", "single_auto": true, "ts": 1783052739.981}
{"armed": false, "event": "idle_disarmed", "preset": "person_single", "single_auto": true, "ts": 1783052740.984}
{"armed": false, "event": "idle_disarmed", "preset": "person_single", "single_auto": true, "ts": 1783052740.984}
{"armed": false, "event": "idle_disarmed", "preset": "person_single", "single_auto": true, "ts": 1783052741.986}
{"armed": false, "event": "idle_disarmed", "preset": "person_single", "single_auto": true, "ts": 1783052741.986}
{"armed": false, "event": "idle_disarmed", "preset": "person_single", "single_auto": true, "ts": 1783052742.989}
{"armed": false, "event": "idle_disarmed", "preset": "person_single", "single_auto": true, "ts": 1783052742.989}
{"armed": false, "event": "idle_disarmed", "preset": "person_single", "single_auto": true, "ts": 1783052743.991}
{"armed": false, "event": "idle_disarmed", "preset": "person_single", "single_auto": true, "ts": 1783052743.991}
{"armed": false, "event": "idle_disarmed", "preset": "person_single", "single_auto": true, "ts": 1783052744.994}
{"armed": false, "event": "idle_disarmed", "preset": "person_single", "single_auto": true, "ts": 1783052744.994}
{"armed": false, "event": "idle_disarmed", "preset": "person_single", "single_auto": true, "ts": 1783052746.0}
{"armed": false, "event": "idle_disarmed", "preset": "person_single", "single_auto": true, "ts": 1783052746.0}
{"armed": false, "event": "idle_disarmed", "preset": "person_single", "single_auto": true, "ts": 1783052747.003}
{"armed": false, "event": "idle_disarmed", "preset": "person_single", "single_auto": true, "ts": 1783052747.003}
{"armed": false, "event": "idle_disarmed", "preset": "person_single", "single_auto": true, "ts": 1783052748.005}
{"armed": false, "event": "idle_disarmed", "preset": "person_single", "single_auto": true, "ts": 1783052748.005}
{"armed": false, "event": "idle_disarmed", "preset": "person_single", "single_auto": true, "ts": 1783052749.008}
{"armed": false, "event": "idle_disarmed", "preset": "person_single", "single_auto": true, "ts": 1783052749.008}
{"armed": false, "event": "idle_disarmed", "preset": "person_single", "single_auto": true, "ts": 1783052750.01}
{"armed": false, "event": "idle_disarmed", "preset": "person_single", "single_auto": true, "ts": 1783052750.01}
{"armed": false, "event": "idle_disarmed", "preset": "person_single", "single_auto": true, "ts": 1783052751.013}
{"armed": false, "event": "idle_disarmed", "preset": "person_single", "single_auto": true, "ts": 1783052751.013}
{"armed": false, "event": "idle_disarmed", "preset": "person_single", "single_auto": true, "ts": 1783052752.016}
{"armed": false, "event": "idle_disarmed", "preset": "person_single", "single_auto": true, "ts": 1783052752.016}
{"armed": false, "event": "idle_disarmed", "preset": "person_single", "single_auto": true, "ts": 1783052753.018}
{"armed": false, "event": "idle_disarmed", "preset": "person_single", "single_auto": true, "ts": 1783052753.018}
{"armed": false, "event": "idle_disarmed", "preset": "person_single", "single_auto": true, "ts": 1783052754.021}
{"armed": false, "event": "idle_disarmed", "preset": "person_single", "single_auto": true, "ts": 1783052754.021}
{"armed": false, "event": "idle_disarmed", "preset": "person_single", "single_auto": true, "ts": 1783052755.023}
{"armed": false, "event": "idle_disarmed", "preset": "person_single", "single_auto": true, "ts": 1783052755.023}
{"armed": false, "event": "idle_disarmed", "preset": "person_single", "single_auto": true, "ts": 1783052756.026}
{"armed": false, "event": "idle_disarmed", "preset": "person_single", "single_auto": true, "ts": 1783052756.026}
{"armed": false, "event": "idle_disarmed", "preset": "person_single", "single_auto": true, "ts": 1783052757.028}
{"armed": false, "event": "idle_disarmed", "preset": "person_single", "single_auto": true, "ts": 1783052757.028}
{"armed": false, "event": "idle_disarmed", "preset": "person_single", "single_auto": true, "ts": 1783052758.031}
{"armed": false, "event": "idle_disarmed", "preset": "person_single", "single_auto": true, "ts": 1783052758.031}
{"armed": false, "event": "idle_disarmed", "preset": "person_single", "single_auto": true, "ts": 1783052759.033}
{"armed": false, "event": "idle_disarmed", "preset": "person_single", "single_auto": true, "ts": 1783052759.033}
{"armed": false, "event": "idle_disarmed", "preset": "person_single", "single_auto": true, "ts": 1783052760.036}
{"armed": false, "event": "idle_disarmed", "preset": "person_single", "single_auto": true, "ts": 1783052760.036}
{"armed": false, "event": "idle_disarmed", "preset": "person_single", "single_auto": true, "ts": 1783052761.038}
{"armed": false, "event": "idle_disarmed", "preset": "person_single", "single_auto": true, "ts": 1783052761.038}
{"armed": false, "event": "idle_disarmed", "preset": "person_single", "single_auto": true, "ts": 1783052762.041}
{"armed": false, "event": "idle_disarmed", "preset": "person_single", "single_auto": true, "ts": 1783052762.041}
{"armed": false, "event": "idle_disarmed", "preset": "person_single", "single_auto": true, "ts": 1783052763.043}
{"armed": false, "event": "idle_disarmed", "preset": "person_single", "single_auto": true, "ts": 1783052763.043}
{"armed": false, "event": "idle_disarmed", "preset": "person_single", "single_auto": true, "ts": 1783052764.046}
{"armed": false, "event": "idle_disarmed", "preset": "person_single", "single_auto": true, "ts": 1783052764.046}
{"armed": false, "event": "idle_disarmed", "preset": "person_single", "single_auto": true, "ts": 1783052765.048}
{"armed": false, "event": "idle_disarmed", "preset": "person_single", "single_auto": true, "ts": 1783052765.048}
{"armed": false, "event": "idle_disarmed", "preset": "person_single", "single_auto": true, "ts": 1783052766.051}
{"armed": false, "event": "idle_disarmed", "preset": "person_single", "single_auto": true, "ts": 1783052766.051}
{"armed": false, "event": "idle_disarmed", "preset": "person_single", "single_auto": true, "ts": 1783052767.053}
{"armed": false, "event": "idle_disarmed", "preset": "person_single", "single_auto": true, "ts": 1783052767.053}
{"armed": false, "event": "idle_disarmed", "preset": "person_single", "single_auto": true, "ts": 1783052768.055}
{"armed": false, "event": "idle_disarmed", "preset": "person_single", "single_auto": true, "ts": 1783052768.055}
{"armed": false, "event": "idle_disarmed", "preset": "person_single", "single_auto": true, "ts": 1783052769.058}
{"armed": false, "event": "idle_disarmed", "preset": "person_single", "single_auto": true, "ts": 1783052769.058}
{"armed": false, "event": "idle_disarmed", "preset": "person_single", "single_auto": true, "ts": 1783052770.061}
{"armed": false, "event": "idle_disarmed", "preset": "person_single", "single_auto": true, "ts": 1783052770.061}
{"armed": false, "event": "idle_disarmed", "preset": "person_single", "single_auto": true, "ts": 1783052771.063}
{"armed": false, "event": "idle_disarmed", "preset": "person_single", "single_auto": true, "ts": 1783052771.063}
{"armed": false, "event": "idle_disarmed", "preset": "person_single", "single_auto": true, "ts": 1783052772.066}
{"armed": false, "event": "idle_disarmed", "preset": "person_single", "single_auto": true, "ts": 1783052772.066}
{"armed": false, "event": "idle_disarmed", "preset": "person_single", "single_auto": true, "ts": 1783052773.068}
{"armed": false, "event": "idle_disarmed", "preset": "person_single", "single_auto": true, "ts": 1783052773.068}
{"armed": false, "event": "idle_disarmed", "preset": "person_single", "single_auto": true, "ts": 1783052774.071}
{"armed": false, "event": "idle_disarmed", "preset": "person_single", "single_auto": true, "ts": 1783052774.071}
{"armed": false, "event": "idle_disarmed", "preset": "person_single", "single_auto": true, "ts": 1783052775.073}
{"armed": false, "event": "idle_disarmed", "preset": "person_single", "single_auto": true, "ts": 1783052775.073}
{"armed": false, "event": "idle_disarmed", "preset": "person_single", "single_auto": true, "ts": 1783052776.076}
{"armed": false, "event": "idle_disarmed", "preset": "person_single", "single_auto": true, "ts": 1783052776.076}
{"armed": false, "event": "idle_disarmed", "preset": "person_single", "single_auto": true, "ts": 1783052777.079}
{"armed": false, "event": "idle_disarmed", "preset": "person_single", "single_auto": true, "ts": 1783052777.079}
{"armed": false, "event": "idle_disarmed", "preset": "person_single", "single_auto": true, "ts": 1783052778.081}
{"armed": false, "event": "idle_disarmed", "preset": "person_single", "single_auto": true, "ts": 1783052778.081}
{"armed": false, "event": "idle_disarmed", "preset": "person_single", "single_auto": true, "ts": 1783052779.083}
{"armed": false, "event": "idle_disarmed", "preset": "person_single", "single_auto": true, "ts": 1783052779.083}
{"armed": false, "event": "idle_disarmed", "preset": "person_single", "single_auto": true, "ts": 1783052780.086}
{"armed": false, "event": "idle_disarmed", "preset": "person_single", "single_auto": true, "ts": 1783052780.086}
{"armed": false, "event": "idle_disarmed", "preset": "person_single", "single_auto": true, "ts": 1783052781.088}
{"armed": false, "event": "idle_disarmed", "preset": "person_single", "single_auto": true, "ts": 1783052781.088}
{"armed": false, "event": "idle_disarmed", "preset": "person_single", "single_auto": true, "ts": 1783052782.091}
{"armed": false, "event": "idle_disarmed", "preset": "person_single", "single_auto": true, "ts": 1783052782.091}
{"armed": false, "event": "idle_disarmed", "preset": "person_single", "single_auto": true, "ts": 1783052783.093}
{"armed": false, "event": "idle_disarmed", "preset": "person_single", "single_auto": true, "ts": 1783052783.093}
{"armed": false, "event": "idle_disarmed", "preset": "person_single", "single_auto": true, "ts": 1783052784.095}
{"armed": false, "event": "idle_disarmed", "preset": "person_single", "single_auto": true, "ts": 1783052784.095}
{"armed": false, "event": "idle_disarmed", "preset": "person_single", "single_auto": true, "ts": 1783052785.097}
{"armed": false, "event": "idle_disarmed", "preset": "person_single", "single_auto": true, "ts": 1783052785.097}
{"armed": false, "event": "idle_disarmed", "preset": "person_single", "single_auto": true, "ts": 1783052786.098}
{"armed": false, "event": "idle_disarmed", "preset": "person_single", "single_auto": true, "ts": 1783052786.098}
{"armed": false, "event": "idle_disarmed", "preset": "person_single", "single_auto": true, "ts": 1783052787.1}
{"armed": false, "event": "idle_disarmed", "preset": "person_single", "single_auto": true, "ts": 1783052787.1}
{"armed": false, "event": "idle_disarmed", "preset": "person_single", "single_auto": true, "ts": 1783052788.102}
{"armed": false, "event": "idle_disarmed", "preset": "person_single", "single_auto": true, "ts": 1783052788.102}
{"armed": false, "event": "idle_disarmed", "preset": "person_single", "single_auto": true, "ts": 1783052789.105}
{"armed": false, "event": "idle_disarmed", "preset": "person_single", "single_auto": true, "ts": 1783052789.105}
{"armed": false, "event": "idle_disarmed", "preset": "person_single", "single_auto": true, "ts": 1783052790.108}
{"armed": false, "event": "idle_disarmed", "preset": "person_single", "single_auto": true, "ts": 1783052790.108}
{"armed": false, "event": "idle_disarmed", "preset": "person_single", "single_auto": true, "ts": 1783052791.111}
{"armed": false, "event": "idle_disarmed", "preset": "person_single", "single_auto": true, "ts": 1783052791.111}
{"armed": false, "event": "idle_disarmed", "preset": "person_single", "single_auto": true, "ts": 1783052792.115}
{"armed": false, "event": "idle_disarmed", "preset": "person_single", "single_auto": true, "ts": 1783052792.115}
{"armed": false, "event": "idle_disarmed", "preset": "person_single", "single_auto": true, "ts": 1783052793.118}
{"armed": false, "event": "idle_disarmed", "preset": "person_single", "single_auto": true, "ts": 1783052793.118}
{"armed": false, "event": "idle_disarmed", "preset": "person_single", "single_auto": true, "ts": 1783052794.121}
{"armed": false, "event": "idle_disarmed", "preset": "person_single", "single_auto": true, "ts": 1783052794.121}
{"armed": false, "event": "idle_disarmed", "preset": "person_single", "single_auto": true, "ts": 1783052795.125}
{"armed": false, "event": "idle_disarmed", "preset": "person_single", "single_auto": true, "ts": 1783052795.125}
{"armed": false, "event": "idle_disarmed", "preset": "person_single", "single_auto": true, "ts": 1783052796.128}
{"armed": false, "event": "idle_disarmed", "preset": "person_single", "single_auto": true, "ts": 1783052796.128}
{"armed": false, "event": "idle_disarmed", "preset": "person_single", "single_auto": true, "ts": 1783052797.131}
{"armed": false, "event": "idle_disarmed", "preset": "person_single", "single_auto": true, "ts": 1783052797.131}
{"armed": false, "event": "idle_disarmed", "preset": "person_single", "single_auto": true, "ts": 1783052798.134}
{"armed": false, "event": "idle_disarmed", "preset": "person_single", "single_auto": true, "ts": 1783052798.134}
{"armed": false, "event": "idle_disarmed", "preset": "person_single", "single_auto": true, "ts": 1783052799.137}
{"armed": false, "event": "idle_disarmed", "preset": "person_single", "single_auto": true, "ts": 1783052799.137}
{"armed": false, "event": "idle_disarmed", "preset": "person_single", "single_auto": true, "ts": 1783052800.141}
{"armed": false, "event": "idle_disarmed", "preset": "person_single", "single_auto": true, "ts": 1783052800.141}
{"armed": false, "event": "idle_disarmed", "preset": "person_single", "single_auto": true, "ts": 1783052801.144}
{"armed": false, "event": "idle_disarmed", "preset": "person_single", "single_auto": true, "ts": 1783052801.144}
{"armed": false, "event": "idle_disarmed", "preset": "person_single", "single_auto": true, "ts": 1783052802.147}
{"armed": false, "event": "idle_disarmed", "preset": "person_single", "single_auto": true, "ts": 1783052802.147}
{"armed": false, "event": "idle_disarmed", "preset": "person_single", "single_auto": true, "ts": 1783052803.15}
{"armed": false, "event": "idle_disarmed", "preset": "person_single", "single_auto": true, "ts": 1783052803.15}
{"armed": false, "event": "idle_disarmed", "preset": "person_single", "single_auto": true, "ts": 1783052804.154}
{"armed": false, "event": "idle_disarmed", "preset": "person_single", "single_auto": true, "ts": 1783052804.154}
{"armed": false, "event": "idle_disarmed", "preset": "person_single", "single_auto": true, "ts": 1783052805.157}
{"armed": false, "event": "idle_disarmed", "preset": "person_single", "single_auto": true, "ts": 1783052805.157}
{"armed": false, "event": "idle_disarmed", "preset": "person_single", "single_auto": true, "ts": 1783052806.16}
{"armed": false, "event": "idle_disarmed", "preset": "person_single", "single_auto": true, "ts": 1783052806.16}
{"armed": false, "event": "idle_disarmed", "preset": "person_single", "single_auto": true, "ts": 1783052807.163}
{"armed": false, "event": "idle_disarmed", "preset": "person_single", "single_auto": true, "ts": 1783052807.163}
{"armed": false, "event": "idle_disarmed", "preset": "person_single", "single_auto": true, "ts": 1783052808.166}
{"armed": false, "event": "idle_disarmed", "preset": "person_single", "single_auto": true, "ts": 1783052808.166}
{"armed": false, "event": "idle_disarmed", "preset": "person_single", "single_auto": true, "ts": 1783052809.17}
{"armed": false, "event": "idle_disarmed", "preset": "person_single", "single_auto": true, "ts": 1783052809.17}
{"armed": false, "event": "idle_disarmed", "preset": "person_single", "single_auto": true, "ts": 1783052810.173}
{"armed": false, "event": "idle_disarmed", "preset": "person_single", "single_auto": true, "ts": 1783052810.173}
{"armed": false, "event": "idle_disarmed", "preset": "person_single", "single_auto": true, "ts": 1783052811.175}
{"armed": false, "event": "idle_disarmed", "preset": "person_single", "single_auto": true, "ts": 1783052811.175}
{"armed": false, "event": "idle_disarmed", "preset": "person_single", "single_auto": true, "ts": 1783052812.178}
{"armed": false, "event": "idle_disarmed", "preset": "person_single", "single_auto": true, "ts": 1783052812.178}
{"armed": false, "event": "idle_disarmed", "preset": "person_single", "single_auto": true, "ts": 1783052813.18}
{"armed": false, "event": "idle_disarmed", "preset": "person_single", "single_auto": true, "ts": 1783052813.18}
{"armed": false, "event": "idle_disarmed", "preset": "person_single", "single_auto": true, "ts": 1783052814.182}
{"armed": false, "event": "idle_disarmed", "preset": "person_single", "single_auto": true, "ts": 1783052814.182}
{"armed": false, "event": "idle_disarmed", "preset": "person_single", "single_auto": true, "ts": 1783052815.186}
{"armed": false, "event": "idle_disarmed", "preset": "person_single", "single_auto": true, "ts": 1783052815.186}
{"armed": false, "event": "idle_disarmed", "preset": "person_single", "single_auto": true, "ts": 1783052816.189}
{"armed": false, "event": "idle_disarmed", "preset": "person_single", "single_auto": true, "ts": 1783052816.189}
{"armed": false, "event": "idle_disarmed", "preset": "person_single", "single_auto": true, "ts": 1783052817.192}
{"armed": false, "event": "idle_disarmed", "preset": "person_single", "single_auto": true, "ts": 1783052817.192}
{"armed": false, "event": "idle_disarmed", "preset": "person_single", "single_auto": true, "ts": 1783052818.195}
{"armed": false, "event": "idle_disarmed", "preset": "person_single", "single_auto": true, "ts": 1783052818.195}
{"armed": false, "event": "idle_disarmed", "preset": "person_single", "single_auto": true, "ts": 1783052819.198}
{"armed": false, "event": "idle_disarmed", "preset": "person_single", "single_auto": true, "ts": 1783052819.198}
{"armed": false, "event": "idle_disarmed", "preset": "person_single", "single_auto": true, "ts": 1783052820.202}
{"armed": false, "event": "idle_disarmed", "preset": "person_single", "single_auto": true, "ts": 1783052820.202}
{"armed": false, "event": "idle_disarmed", "preset": "person_single", "single_auto": true, "ts": 1783052821.205}
{"armed": false, "event": "idle_disarmed", "preset": "person_single", "single_auto": true, "ts": 1783052821.205}
{"armed": false, "event": "idle_disarmed", "preset": "person_single", "single_auto": true, "ts": 1783052822.208}
{"armed": false, "event": "idle_disarmed", "preset": "person_single", "single_auto": true, "ts": 1783052822.208}
{"armed": false, "event": "idle_disarmed", "preset": "person_single", "single_auto": true, "ts": 1783052823.211}
{"armed": false, "event": "idle_disarmed", "preset": "person_single", "single_auto": true, "ts": 1783052823.211}
{"armed": false, "event": "idle_disarmed", "preset": "person_single", "single_auto": true, "ts": 1783052824.215}
{"armed": false, "event": "idle_disarmed", "preset": "person_single", "single_auto": true, "ts": 1783052824.215}
{"armed": false, "event": "idle_disarmed", "preset": "person_single", "single_auto": true, "ts": 1783052825.218}
{"armed": false, "event": "idle_disarmed", "preset": "person_single", "single_auto": true, "ts": 1783052825.218}
{"armed": false, "event": "idle_disarmed", "preset": "person_single", "single_auto": true, "ts": 1783052826.221}
{"armed": false, "event": "idle_disarmed", "preset": "person_single", "single_auto": true, "ts": 1783052826.221}
{"armed": false, "event": "idle_disarmed", "preset": "person_single", "single_auto": true, "ts": 1783052827.223}
{"armed": false, "event": "idle_disarmed", "preset": "person_single", "single_auto": true, "ts": 1783052827.223}
{"armed": false, "event": "idle_disarmed", "preset": "person_single", "single_auto": true, "ts": 1783052828.224}
{"armed": false, "event": "idle_disarmed", "preset": "person_single", "single_auto": true, "ts": 1783052828.224}
{"armed": false, "event": "idle_disarmed", "preset": "person_single", "single_auto": true, "ts": 1783052829.226}
{"armed": false, "event": "idle_disarmed", "preset": "person_single", "single_auto": true, "ts": 1783052829.226}
{"armed": false, "event": "idle_disarmed", "preset": "person_single", "single_auto": true, "ts": 1783052830.23}
{"armed": false, "event": "idle_disarmed", "preset": "person_single", "single_auto": true, "ts": 1783052830.23}
{"armed": false, "event": "idle_disarmed", "preset": "person_single", "single_auto": true, "ts": 1783052831.233}
{"armed": false, "event": "idle_disarmed", "preset": "person_single", "single_auto": true, "ts": 1783052831.233}
{"armed": false, "event": "idle_disarmed", "preset": "person_single", "single_auto": true, "ts": 1783052832.236}
{"armed": false, "event": "idle_disarmed", "preset": "person_single", "single_auto": true, "ts": 1783052832.236}
{"armed": false, "event": "idle_disarmed", "preset": "person_single", "single_auto": true, "ts": 1783052833.239}
{"armed": false, "event": "idle_disarmed", "preset": "person_single", "single_auto": true, "ts": 1783052833.239}
{"armed": false, "event": "idle_disarmed", "preset": "person_single", "single_auto": true, "ts": 1783052834.242}
{"armed": false, "event": "idle_disarmed", "preset": "person_single", "single_auto": true, "ts": 1783052834.242}
{"armed": false, "event": "idle_disarmed", "preset": "person_single", "single_auto": true, "ts": 1783052835.246}
{"armed": false, "event": "idle_disarmed", "preset": "person_single", "single_auto": true, "ts": 1783052835.246}
{"armed": false, "event": "idle_disarmed", "preset": "person_single", "single_auto": true, "ts": 1783052836.248}
{"armed": false, "event": "idle_disarmed", "preset": "person_single", "single_auto": true, "ts": 1783052836.248}
{"armed": false, "event": "idle_disarmed", "preset": "person_single", "single_auto": true, "ts": 1783052837.25}
{"armed": false, "event": "idle_disarmed", "preset": "person_single", "single_auto": true, "ts": 1783052837.25}
{"armed": false, "event": "idle_disarmed", "preset": "person_single", "single_auto": true, "ts": 1783052838.253}
{"armed": false, "event": "idle_disarmed", "preset": "person_single", "single_auto": true, "ts": 1783052838.253}
{"armed": false, "event": "idle_disarmed", "preset": "person_single", "single_auto": true, "ts": 1783052839.255}
{"armed": false, "event": "idle_disarmed", "preset": "person_single", "single_auto": true, "ts": 1783052839.255}
{"armed": false, "event": "idle_disarmed", "preset": "person_single", "single_auto": true, "ts": 1783052840.258}
{"armed": false, "event": "idle_disarmed", "preset": "person_single", "single_auto": true, "ts": 1783052840.258}
{"armed": false, "event": "idle_disarmed", "preset": "person_single", "single_auto": true, "ts": 1783052841.261}
{"armed": false, "event": "idle_disarmed", "preset": "person_single", "single_auto": true, "ts": 1783052841.261}
{"armed": false, "event": "idle_disarmed", "preset": "person_single", "single_auto": true, "ts": 1783052842.264}
{"armed": false, "event": "idle_disarmed", "preset": "person_single", "single_auto": true, "ts": 1783052842.264}
{"armed": false, "event": "idle_disarmed", "preset": "person_single", "single_auto": true, "ts": 1783052843.267}
{"armed": false, "event": "idle_disarmed", "preset": "person_single", "single_auto": true, "ts": 1783052843.267}
{"armed": false, "event": "idle_disarmed", "preset": "person_single", "single_auto": true, "ts": 1783052844.27}
{"armed": false, "event": "idle_disarmed", "preset": "person_single", "single_auto": true, "ts": 1783052844.27}
{"armed": false, "event": "idle_disarmed", "preset": "person_single", "single_auto": true, "ts": 1783052845.273}
{"armed": false, "event": "idle_disarmed", "preset": "person_single", "single_auto": true, "ts": 1783052845.273}
{"armed": false, "event": "idle_disarmed", "preset": "person_single", "single_auto": true, "ts": 1783052846.275}
{"armed": false, "event": "idle_disarmed", "preset": "person_single", "single_auto": true, "ts": 1783052846.275}
{"armed": false, "event": "idle_disarmed", "preset": "person_single", "single_auto": true, "ts": 1783052847.276}
{"armed": false, "event": "idle_disarmed", "preset": "person_single", "single_auto": true, "ts": 1783052847.276}
{"armed": false, "event": "idle_disarmed", "preset": "person_single", "single_auto": true, "ts": 1783052848.277}
{"armed": false, "event": "idle_disarmed", "preset": "person_single", "single_auto": true, "ts": 1783052848.277}
{"armed": false, "event": "idle_disarmed", "preset": "person_single", "single_auto": true, "ts": 1783052849.278}
{"armed": false, "event": "idle_disarmed", "preset": "person_single", "single_auto": true, "ts": 1783052849.278}
{"armed": false, "event": "idle_disarmed", "preset": "person_single", "single_auto": true, "ts": 1783052850.28}
{"armed": false, "event": "idle_disarmed", "preset": "person_single", "single_auto": true, "ts": 1783052850.28}
{"armed": false, "event": "idle_disarmed", "preset": "person_single", "single_auto": true, "ts": 1783052851.283}
{"armed": false, "event": "idle_disarmed", "preset": "person_single", "single_auto": true, "ts": 1783052851.283}
{"armed": false, "event": "idle_disarmed", "preset": "person_single", "single_auto": true, "ts": 1783052852.287}
{"armed": false, "event": "idle_disarmed", "preset": "person_single", "single_auto": true, "ts": 1783052852.287}
{"armed": false, "event": "idle_disarmed", "preset": "person_single", "single_auto": true, "ts": 1783052853.29}
{"armed": false, "event": "idle_disarmed", "preset": "person_single", "single_auto": true, "ts": 1783052853.29}
{"armed": false, "event": "idle_disarmed", "preset": "person_single", "single_auto": true, "ts": 1783052854.293}
{"armed": false, "event": "idle_disarmed", "preset": "person_single", "single_auto": true, "ts": 1783052854.293}
{"armed": false, "event": "idle_disarmed", "preset": "person_single", "single_auto": true, "ts": 1783052855.296}
{"armed": false, "event": "idle_disarmed", "preset": "person_single", "single_auto": true, "ts": 1783052855.296}
{"armed": false, "event": "idle_disarmed", "preset": "person_single", "single_auto": true, "ts": 1783052856.298}
{"armed": false, "event": "idle_disarmed", "preset": "person_single", "single_auto": true, "ts": 1783052856.298}
{"armed": false, "event": "idle_disarmed", "preset": "person_single", "single_auto": true, "ts": 1783052857.301}
{"armed": false, "event": "idle_disarmed", "preset": "person_single", "single_auto": true, "ts": 1783052857.301}
{"armed": false, "event": "idle_disarmed", "preset": "person_single", "single_auto": true, "ts": 1783052858.303}
{"armed": false, "event": "idle_disarmed", "preset": "person_single", "single_auto": true, "ts": 1783052858.303}
{"armed": false, "event": "idle_disarmed", "preset": "person_single", "single_auto": true, "ts": 1783052859.306}
{"armed": false, "event": "idle_disarmed", "preset": "person_single", "single_auto": true, "ts": 1783052859.306}
{"armed": false, "event": "idle_disarmed", "preset": "person_single", "single_auto": true, "ts": 1783052860.308}
{"armed": false, "event": "idle_disarmed", "preset": "person_single", "single_auto": true, "ts": 1783052860.308}
{"armed": false, "event": "idle_disarmed", "preset": "person_single", "single_auto": true, "ts": 1783052861.311}
{"armed": false, "event": "idle_disarmed", "preset": "person_single", "single_auto": true, "ts": 1783052861.311}
{"armed": false, "event": "idle_disarmed", "preset": "person_single", "single_auto": true, "ts": 1783052862.314}
{"armed": false, "event": "idle_disarmed", "preset": "person_single", "single_auto": true, "ts": 1783052862.314}
{"armed": false, "event": "idle_disarmed", "preset": "person_single", "single_auto": true, "ts": 1783052863.316}
{"armed": false, "event": "idle_disarmed", "preset": "person_single", "single_auto": true, "ts": 1783052863.316}
{"armed": false, "event": "idle_disarmed", "preset": "person_single", "single_auto": true, "ts": 1783052864.319}
{"armed": false, "event": "idle_disarmed", "preset": "person_single", "single_auto": true, "ts": 1783052864.319}
{"armed": false, "event": "idle_disarmed", "preset": "person_single", "single_auto": true, "ts": 1783052865.321}
{"armed": false, "event": "idle_disarmed", "preset": "person_single", "single_auto": true, "ts": 1783052865.321}
{"armed": false, "event": "idle_disarmed", "preset": "person_single", "single_auto": true, "ts": 1783052866.323}
{"armed": false, "event": "idle_disarmed", "preset": "person_single", "single_auto": true, "ts": 1783052866.323}
{"armed": false, "event": "idle_disarmed", "preset": "person_single", "single_auto": true, "ts": 1783052867.326}
{"armed": false, "event": "idle_disarmed", "preset": "person_single", "single_auto": true, "ts": 1783052867.326}
{"armed": false, "event": "idle_disarmed", "preset": "person_single", "single_auto": true, "ts": 1783052868.328}
{"armed": false, "event": "idle_disarmed", "preset": "person_single", "single_auto": true, "ts": 1783052868.328}
{"armed": false, "event": "idle_disarmed", "preset": "person_single", "single_auto": true, "ts": 1783052869.331}
{"armed": false, "event": "idle_disarmed", "preset": "person_single", "single_auto": true, "ts": 1783052869.331}
{"armed": false, "event": "idle_disarmed", "preset": "person_single", "single_auto": true, "ts": 1783052870.333}
{"armed": false, "event": "idle_disarmed", "preset": "person_single", "single_auto": true, "ts": 1783052870.333}
{"armed": false, "event": "idle_disarmed", "preset": "person_single", "single_auto": true, "ts": 1783052871.336}
{"armed": false, "event": "idle_disarmed", "preset": "person_single", "single_auto": true, "ts": 1783052871.336}
{"armed": false, "event": "idle_disarmed", "preset": "person_single", "single_auto": true, "ts": 1783052872.338}
{"armed": false, "event": "idle_disarmed", "preset": "person_single", "single_auto": true, "ts": 1783052872.338}
{"armed": false, "event": "idle_disarmed", "preset": "person_single", "single_auto": true, "ts": 1783052873.341}
{"armed": false, "event": "idle_disarmed", "preset": "person_single", "single_auto": true, "ts": 1783052873.341}
{"armed": false, "event": "idle_disarmed", "preset": "person_single", "single_auto": true, "ts": 1783052874.343}
{"armed": false, "event": "idle_disarmed", "preset": "person_single", "single_auto": true, "ts": 1783052874.343}
{"armed": false, "event": "idle_disarmed", "preset": "person_single", "single_auto": true, "ts": 1783052875.346}
{"armed": false, "event": "idle_disarmed", "preset": "person_single", "single_auto": true, "ts": 1783052875.346}
{"armed": false, "event": "idle_disarmed", "preset": "person_single", "single_auto": true, "ts": 1783052876.348}
{"armed": false, "event": "idle_disarmed", "preset": "person_single", "single_auto": true, "ts": 1783052876.348}
{"armed": false, "event": "idle_disarmed", "preset": "person_single", "single_auto": true, "ts": 1783052877.351}
{"armed": false, "event": "idle_disarmed", "preset": "person_single", "single_auto": true, "ts": 1783052877.351}
{"armed": false, "event": "idle_disarmed", "preset": "person_single", "single_auto": true, "ts": 1783052878.353}
{"armed": false, "event": "idle_disarmed", "preset": "person_single", "single_auto": true, "ts": 1783052878.353}
{"armed": false, "event": "idle_disarmed", "preset": "person_single", "single_auto": true, "ts": 1783052879.356}
{"armed": false, "event": "idle_disarmed", "preset": "person_single", "single_auto": true, "ts": 1783052879.356}
{"armed": false, "event": "idle_disarmed", "preset": "person_single", "single_auto": true, "ts": 1783052880.358}
{"armed": false, "event": "idle_disarmed", "preset": "person_single", "single_auto": true, "ts": 1783052880.358}
{"armed": false, "event": "idle_disarmed", "preset": "person_single", "single_auto": true, "ts": 1783052881.361}
{"armed": false, "event": "idle_disarmed", "preset": "person_single", "single_auto": true, "ts": 1783052881.361}
{"armed": false, "event": "idle_disarmed", "preset": "person_single", "single_auto": true, "ts": 1783052882.363}
{"armed": false, "event": "idle_disarmed", "preset": "person_single", "single_auto": true, "ts": 1783052882.363}
{"armed": false, "event": "idle_disarmed", "preset": "person_single", "single_auto": true, "ts": 1783052883.365}
{"armed": false, "event": "idle_disarmed", "preset": "person_single", "single_auto": true, "ts": 1783052883.365}
{"armed": false, "event": "idle_disarmed", "preset": "person_single", "single_auto": true, "ts": 1783052884.368}
{"armed": false, "event": "idle_disarmed", "preset": "person_single", "single_auto": true, "ts": 1783052884.368}
{"armed": false, "event": "idle_disarmed", "preset": "person_single", "single_auto": true, "ts": 1783052885.371}
{"armed": false, "event": "idle_disarmed", "preset": "person_single", "single_auto": true, "ts": 1783052885.371}
{"armed": false, "event": "idle_disarmed", "preset": "person_single", "single_auto": true, "ts": 1783052886.373}
{"armed": false, "event": "idle_disarmed", "preset": "person_single", "single_auto": true, "ts": 1783052886.373}
{"armed": false, "event": "idle_disarmed", "preset": "person_single", "single_auto": true, "ts": 1783052887.376}
{"armed": false, "event": "idle_disarmed", "preset": "person_single", "single_auto": true, "ts": 1783052887.376}
{"armed": false, "event": "idle_disarmed", "preset": "person_single", "single_auto": true, "ts": 1783052888.378}
{"armed": false, "event": "idle_disarmed", "preset": "person_single", "single_auto": true, "ts": 1783052888.378}
{"armed": false, "event": "idle_disarmed", "preset": "person_single", "single_auto": true, "ts": 1783052889.381}
{"armed": false, "event": "idle_disarmed", "preset": "person_single", "single_auto": true, "ts": 1783052889.381}
{"armed": false, "event": "idle_disarmed", "preset": "person_single", "single_auto": true, "ts": 1783052890.383}
{"armed": false, "event": "idle_disarmed", "preset": "person_single", "single_auto": true, "ts": 1783052890.383}
{"armed": false, "event": "idle_disarmed", "preset": "person_single", "single_auto": true, "ts": 1783052891.386}
{"armed": false, "event": "idle_disarmed", "preset": "person_single", "single_auto": true, "ts": 1783052891.386}
{"armed": false, "event": "idle_disarmed", "preset": "person_single", "single_auto": true, "ts": 1783052892.388}
{"armed": false, "event": "idle_disarmed", "preset": "person_single", "single_auto": true, "ts": 1783052892.388}
{"armed": false, "event": "idle_disarmed", "preset": "person_single", "single_auto": true, "ts": 1783052893.391}
{"armed": false, "event": "idle_disarmed", "preset": "person_single", "single_auto": true, "ts": 1783052893.391}
{"armed": false, "event": "idle_disarmed", "preset": "person_single", "single_auto": true, "ts": 1783052894.393}
{"armed": false, "event": "idle_disarmed", "preset": "person_single", "single_auto": true, "ts": 1783052894.393}
{"armed": false, "event": "idle_disarmed", "preset": "person_single", "single_auto": true, "ts": 1783052895.396}
{"armed": false, "event": "idle_disarmed", "preset": "person_single", "single_auto": true, "ts": 1783052895.396}
{"armed": false, "event": "idle_disarmed", "preset": "person_single", "single_auto": true, "ts": 1783052896.4}
{"armed": false, "event": "idle_disarmed", "preset": "person_single", "single_auto": true, "ts": 1783052896.4}
{"armed": false, "event": "idle_disarmed", "preset": "person_single", "single_auto": true, "ts": 1783052897.402}
{"armed": false, "event": "idle_disarmed", "preset": "person_single", "single_auto": true, "ts": 1783052897.402}
{"armed": false, "event": "idle_disarmed", "preset": "person_single", "single_auto": true, "ts": 1783052898.405}
{"armed": false, "event": "idle_disarmed", "preset": "person_single", "single_auto": true, "ts": 1783052898.405}
{"armed": false, "event": "idle_disarmed", "preset": "person_single", "single_auto": true, "ts": 1783052899.407}
{"armed": false, "event": "idle_disarmed", "preset": "person_single", "single_auto": true, "ts": 1783052899.407}
{"armed": false, "event": "idle_disarmed", "preset": "person_single", "single_auto": true, "ts": 1783052900.41}
{"armed": false, "event": "idle_disarmed", "preset": "person_single", "single_auto": true, "ts": 1783052900.41}
{"armed": false, "event": "idle_disarmed", "preset": "person_single", "single_auto": true, "ts": 1783052901.413}
{"armed": false, "event": "idle_disarmed", "preset": "person_single", "single_auto": true, "ts": 1783052901.413}
{"armed": false, "event": "idle_disarmed", "preset": "person_single", "single_auto": true, "ts": 1783052902.416}
{"armed": false, "event": "idle_disarmed", "preset": "person_single", "single_auto": true, "ts": 1783052902.416}
{"armed": false, "event": "idle_disarmed", "preset": "person_single", "single_auto": true, "ts": 1783052903.42}
{"armed": false, "event": "idle_disarmed", "preset": "person_single", "single_auto": true, "ts": 1783052903.42}
{"armed": false, "event": "idle_disarmed", "preset": "person_single", "single_auto": true, "ts": 1783052904.423}
{"armed": false, "event": "idle_disarmed", "preset": "person_single", "single_auto": true, "ts": 1783052904.423}
{"armed": false, "event": "idle_disarmed", "preset": "person_single", "single_auto": true, "ts": 1783052905.426}
{"armed": false, "event": "idle_disarmed", "preset": "person_single", "single_auto": true, "ts": 1783052905.426}
{"armed": false, "event": "idle_disarmed", "preset": "person_single", "single_auto": true, "ts": 1783052906.429}
{"armed": false, "event": "idle_disarmed", "preset": "person_single", "single_auto": true, "ts": 1783052906.429}
{"armed": false, "event": "idle_disarmed", "preset": "person_single", "single_auto": true, "ts": 1783052907.433}
{"armed": false, "event": "idle_disarmed", "preset": "person_single", "single_auto": true, "ts": 1783052907.433}
{"armed": false, "event": "idle_disarmed", "preset": "person_single", "single_auto": true, "ts": 1783052908.436}
{"armed": false, "event": "idle_disarmed", "preset": "person_single", "single_auto": true, "ts": 1783052908.436}
{"armed": false, "event": "idle_disarmed", "preset": "person_single", "single_auto": true, "ts": 1783052909.439}
{"armed": false, "event": "idle_disarmed", "preset": "person_single", "single_auto": true, "ts": 1783052909.439}
{"armed": false, "event": "idle_disarmed", "preset": "person_single", "single_auto": true, "ts": 1783052910.441}
{"armed": false, "event": "idle_disarmed", "preset": "person_single", "single_auto": true, "ts": 1783052910.441}
{"armed": false, "event": "idle_disarmed", "preset": "person_single", "single_auto": true, "ts": 1783052911.444}
{"armed": false, "event": "idle_disarmed", "preset": "person_single", "single_auto": true, "ts": 1783052911.444}
{"armed": false, "event": "idle_disarmed", "preset": "person_single", "single_auto": true, "ts": 1783052912.446}
{"armed": false, "event": "idle_disarmed", "preset": "person_single", "single_auto": true, "ts": 1783052912.446}
{"armed": false, "event": "idle_disarmed", "preset": "person_single", "single_auto": true, "ts": 1783052913.449}
{"armed": false, "event": "idle_disarmed", "preset": "person_single", "single_auto": true, "ts": 1783052913.449}
{"armed": false, "event": "idle_disarmed", "preset": "person_single", "single_auto": true, "ts": 1783052914.451}
{"armed": false, "event": "idle_disarmed", "preset": "person_single", "single_auto": true, "ts": 1783052914.451}
{"armed": false, "event": "idle_disarmed", "preset": "person_single", "single_auto": true, "ts": 1783052915.454}
{"armed": false, "event": "idle_disarmed", "preset": "person_single", "single_auto": true, "ts": 1783052915.454}
{"armed": false, "event": "idle_disarmed", "preset": "person_single", "single_auto": true, "ts": 1783052916.456}
{"armed": false, "event": "idle_disarmed", "preset": "person_single", "single_auto": true, "ts": 1783052916.456}
{"armed": false, "event": "idle_disarmed", "preset": "person_single", "single_auto": true, "ts": 1783052917.459}
{"armed": false, "event": "idle_disarmed", "preset": "person_single", "single_auto": true, "ts": 1783052917.459}
{"armed": false, "event": "idle_disarmed", "preset": "person_single", "single_auto": true, "ts": 1783052918.461}
{"armed": false, "event": "idle_disarmed", "preset": "person_single", "single_auto": true, "ts": 1783052918.461}
{"armed": false, "event": "idle_disarmed", "preset": "person_single", "single_auto": true, "ts": 1783052919.464}
{"armed": false, "event": "idle_disarmed", "preset": "person_single", "single_auto": true, "ts": 1783052919.464}
{"armed": false, "event": "idle_disarmed", "preset": "person_single", "single_auto": true, "ts": 1783052920.466}
{"armed": false, "event": "idle_disarmed", "preset": "person_single", "single_auto": true, "ts": 1783052920.466}
{"armed": false, "event": "idle_disarmed", "preset": "person_single", "single_auto": true, "ts": 1783052921.469}
{"armed": false, "event": "idle_disarmed", "preset": "person_single", "single_auto": true, "ts": 1783052921.469}
{"armed": false, "event": "idle_disarmed", "preset": "person_single", "single_auto": true, "ts": 1783052922.471}
{"armed": false, "event": "idle_disarmed", "preset": "person_single", "single_auto": true, "ts": 1783052922.471}
{"armed": false, "event": "idle_disarmed", "preset": "person_single", "single_auto": true, "ts": 1783052923.474}
{"armed": false, "event": "idle_disarmed", "preset": "person_single", "single_auto": true, "ts": 1783052923.474}
{"armed": false, "event": "idle_disarmed", "preset": "person_single", "single_auto": true, "ts": 1783052924.477}
{"armed": false, "event": "idle_disarmed", "preset": "person_single", "single_auto": true, "ts": 1783052924.477}
{"armed": false, "event": "idle_disarmed", "preset": "person_single", "single_auto": true, "ts": 1783052925.479}
{"armed": false, "event": "idle_disarmed", "preset": "person_single", "single_auto": true, "ts": 1783052925.479}
{"armed": false, "event": "idle_disarmed", "preset": "person_single", "single_auto": true, "ts": 1783052926.482}
{"armed": false, "event": "idle_disarmed", "preset": "person_single", "single_auto": true, "ts": 1783052926.482}
{"armed": false, "event": "idle_disarmed", "preset": "person_single", "single_auto": true, "ts": 1783052927.484}
{"armed": false, "event": "idle_disarmed", "preset": "person_single", "single_auto": true, "ts": 1783052927.484}
{"armed": false, "event": "idle_disarmed", "preset": "person_single", "single_auto": true, "ts": 1783052928.487}
{"armed": false, "event": "idle_disarmed", "preset": "person_single", "single_auto": true, "ts": 1783052928.487}
{"armed": false, "event": "idle_disarmed", "preset": "person_single", "single_auto": true, "ts": 1783052929.489}
{"armed": false, "event": "idle_disarmed", "preset": "person_single", "single_auto": true, "ts": 1783052929.489}
{"armed": false, "event": "idle_disarmed", "preset": "person_single", "single_auto": true, "ts": 1783052930.492}
{"armed": false, "event": "idle_disarmed", "preset": "person_single", "single_auto": true, "ts": 1783052930.492}
{"armed": false, "event": "idle_disarmed", "preset": "person_single", "single_auto": true, "ts": 1783052931.495}
{"armed": false, "event": "idle_disarmed", "preset": "person_single", "single_auto": true, "ts": 1783052931.495}
{"armed": false, "event": "idle_disarmed", "preset": "person_single", "single_auto": true, "ts": 1783052932.497}
{"armed": false, "event": "idle_disarmed", "preset": "person_single", "single_auto": true, "ts": 1783052932.497}
{"armed": false, "event": "idle_disarmed", "preset": "person_single", "single_auto": true, "ts": 1783052933.5}
{"armed": false, "event": "idle_disarmed", "preset": "person_single", "single_auto": true, "ts": 1783052933.5}
{"armed": false, "event": "idle_disarmed", "preset": "person_single", "single_auto": true, "ts": 1783052934.502}
{"armed": false, "event": "idle_disarmed", "preset": "person_single", "single_auto": true, "ts": 1783052934.502}
{"armed": false, "event": "idle_disarmed", "preset": "person_single", "single_auto": true, "ts": 1783052935.505}
{"armed": false, "event": "idle_disarmed", "preset": "person_single", "single_auto": true, "ts": 1783052935.505}
{"armed": false, "event": "idle_disarmed", "preset": "person_single", "single_auto": true, "ts": 1783052936.507}
{"armed": false, "event": "idle_disarmed", "preset": "person_single", "single_auto": true, "ts": 1783052936.507}
{"armed": false, "event": "idle_disarmed", "preset": "person_single", "single_auto": true, "ts": 1783052937.51}
{"armed": false, "event": "idle_disarmed", "preset": "person_single", "single_auto": true, "ts": 1783052937.51}
{"armed": false, "event": "idle_disarmed", "preset": "person_single", "single_auto": true, "ts": 1783052938.513}
{"armed": false, "event": "idle_disarmed", "preset": "person_single", "single_auto": true, "ts": 1783052938.513}
{"armed": false, "event": "idle_disarmed", "preset": "person_single", "single_auto": true, "ts": 1783052939.515}
{"armed": false, "event": "idle_disarmed", "preset": "person_single", "single_auto": true, "ts": 1783052939.515}
{"armed": false, "event": "idle_disarmed", "preset": "person_single", "single_auto": true, "ts": 1783052940.518}
{"armed": false, "event": "idle_disarmed", "preset": "person_single", "single_auto": true, "ts": 1783052940.518}
{"armed": false, "event": "idle_disarmed", "preset": "person_single", "single_auto": true, "ts": 1783052941.52}
{"armed": false, "event": "idle_disarmed", "preset": "person_single", "single_auto": true, "ts": 1783052941.52}
{"armed": false, "event": "idle_disarmed", "preset": "person_single", "single_auto": true, "ts": 1783052942.523}
{"armed": false, "event": "idle_disarmed", "preset": "person_single", "single_auto": true, "ts": 1783052942.523}
{"armed": false, "event": "idle_disarmed", "preset": "person_single", "single_auto": true, "ts": 1783052943.525}
{"armed": false, "event": "idle_disarmed", "preset": "person_single", "single_auto": true, "ts": 1783052943.525}
{"armed": false, "event": "idle_disarmed", "preset": "person_single", "single_auto": true, "ts": 1783052944.528}
{"armed": false, "event": "idle_disarmed", "preset": "person_single", "single_auto": true, "ts": 1783052944.528}
{"armed": false, "event": "idle_disarmed", "preset": "person_single", "single_auto": true, "ts": 1783052945.53}
{"armed": false, "event": "idle_disarmed", "preset": "person_single", "single_auto": true, "ts": 1783052945.53}
{"armed": false, "event": "idle_disarmed", "preset": "person_single", "single_auto": true, "ts": 1783052946.533}
{"armed": false, "event": "idle_disarmed", "preset": "person_single", "single_auto": true, "ts": 1783052946.533}
{"armed": false, "event": "idle_disarmed", "preset": "person_single", "single_auto": true, "ts": 1783052947.535}
{"armed": false, "event": "idle_disarmed", "preset": "person_single", "single_auto": true, "ts": 1783052947.535}
{"armed": false, "event": "idle_disarmed", "preset": "person_single", "single_auto": true, "ts": 1783052948.538}
{"armed": false, "event": "idle_disarmed", "preset": "person_single", "single_auto": true, "ts": 1783052948.538}
{"armed": false, "event": "idle_disarmed", "preset": "person_single", "single_auto": true, "ts": 1783052949.541}
{"armed": false, "event": "idle_disarmed", "preset": "person_single", "single_auto": true, "ts": 1783052949.541}
{"armed": false, "event": "idle_disarmed", "preset": "person_single", "single_auto": true, "ts": 1783052950.543}
{"armed": false, "event": "idle_disarmed", "preset": "person_single", "single_auto": true, "ts": 1783052950.543}
{"armed": false, "event": "idle_disarmed", "preset": "person_single", "single_auto": true, "ts": 1783052951.546}
{"armed": false, "event": "idle_disarmed", "preset": "person_single", "single_auto": true, "ts": 1783052951.546}
{"armed": false, "event": "idle_disarmed", "preset": "person_single", "single_auto": true, "ts": 1783052952.548}
{"armed": false, "event": "idle_disarmed", "preset": "person_single", "single_auto": true, "ts": 1783052952.548}
{"armed": false, "event": "idle_disarmed", "preset": "person_single", "single_auto": true, "ts": 1783052953.551}
{"armed": false, "event": "idle_disarmed", "preset": "person_single", "single_auto": true, "ts": 1783052953.551}
{"armed": false, "event": "idle_disarmed", "preset": "person_single", "single_auto": true, "ts": 1783052954.554}
{"armed": false, "event": "idle_disarmed", "preset": "person_single", "single_auto": true, "ts": 1783052954.554}
{"armed": false, "event": "idle_disarmed", "preset": "person_single", "single_auto": true, "ts": 1783052955.556}
{"armed": false, "event": "idle_disarmed", "preset": "person_single", "single_auto": true, "ts": 1783052955.556}
{"armed": false, "event": "idle_disarmed", "preset": "person_single", "single_auto": true, "ts": 1783052956.559}
{"armed": false, "event": "idle_disarmed", "preset": "person_single", "single_auto": true, "ts": 1783052956.559}
{"armed": false, "event": "idle_disarmed", "preset": "person_single", "single_auto": true, "ts": 1783052957.562}
{"armed": false, "event": "idle_disarmed", "preset": "person_single", "single_auto": true, "ts": 1783052957.562}
{"armed": false, "event": "idle_disarmed", "preset": "person_single", "single_auto": true, "ts": 1783052958.564}
{"armed": false, "event": "idle_disarmed", "preset": "person_single", "single_auto": true, "ts": 1783052958.564}
{"armed": false, "event": "idle_disarmed", "preset": "person_single", "single_auto": true, "ts": 1783052959.566}
{"armed": false, "event": "idle_disarmed", "preset": "person_single", "single_auto": true, "ts": 1783052959.566}
{"armed": false, "event": "idle_disarmed", "preset": "person_single", "single_auto": true, "ts": 1783052960.569}
{"armed": false, "event": "idle_disarmed", "preset": "person_single", "single_auto": true, "ts": 1783052960.569}
{"armed": false, "event": "idle_disarmed", "preset": "person_single", "single_auto": true, "ts": 1783052961.571}
{"armed": false, "event": "idle_disarmed", "preset": "person_single", "single_auto": true, "ts": 1783052961.571}
{"armed": false, "event": "idle_disarmed", "preset": "person_single", "single_auto": true, "ts": 1783052962.574}
{"armed": false, "event": "idle_disarmed", "preset": "person_single", "single_auto": true, "ts": 1783052962.574}
{"armed": false, "event": "idle_disarmed", "preset": "person_single", "single_auto": true, "ts": 1783052963.576}
{"armed": false, "event": "idle_disarmed", "preset": "person_single", "single_auto": true, "ts": 1783052963.576}
{"armed": false, "event": "idle_disarmed", "preset": "person_single", "single_auto": true, "ts": 1783052964.579}
{"armed": false, "event": "idle_disarmed", "preset": "person_single", "single_auto": true, "ts": 1783052964.579}
{"armed": false, "event": "idle_disarmed", "preset": "person_single", "single_auto": true, "ts": 1783052965.581}
{"armed": false, "event": "idle_disarmed", "preset": "person_single", "single_auto": true, "ts": 1783052965.581}
{"armed": false, "event": "idle_disarmed", "preset": "person_single", "single_auto": true, "ts": 1783052966.584}
{"armed": false, "event": "idle_disarmed", "preset": "person_single", "single_auto": true, "ts": 1783052966.584}
{"armed": false, "event": "idle_disarmed", "preset": "person_single", "single_auto": true, "ts": 1783052967.586}
{"armed": false, "event": "idle_disarmed", "preset": "person_single", "single_auto": true, "ts": 1783052967.586}
{"armed": false, "event": "idle_disarmed", "preset": "person_single", "single_auto": true, "ts": 1783052968.589}
{"armed": false, "event": "idle_disarmed", "preset": "person_single", "single_auto": true, "ts": 1783052968.589}
{"armed": false, "event": "idle_disarmed", "preset": "person_single", "single_auto": true, "ts": 1783052969.591}
{"armed": false, "event": "idle_disarmed", "preset": "person_single", "single_auto": true, "ts": 1783052969.591}
{"armed": false, "event": "idle_disarmed", "preset": "person_single", "single_auto": true, "ts": 1783052970.594}
{"armed": false, "event": "idle_disarmed", "preset": "person_single", "single_auto": true, "ts": 1783052970.594}
{"armed": false, "event": "idle_disarmed", "preset": "person_single", "single_auto": true, "ts": 1783052971.596}
{"armed": false, "event": "idle_disarmed", "preset": "person_single", "single_auto": true, "ts": 1783052971.596}
{"armed": false, "event": "idle_disarmed", "preset": "person_single", "single_auto": true, "ts": 1783052972.599}
{"armed": false, "event": "idle_disarmed", "preset": "person_single", "single_auto": true, "ts": 1783052972.599}
{"armed": false, "event": "idle_disarmed", "preset": "person_single", "single_auto": true, "ts": 1783052973.601}
{"armed": false, "event": "idle_disarmed", "preset": "person_single", "single_auto": true, "ts": 1783052973.601}
{"armed": false, "event": "idle_disarmed", "preset": "person_single", "single_auto": true, "ts": 1783052974.604}
{"armed": false, "event": "idle_disarmed", "preset": "person_single", "single_auto": true, "ts": 1783052974.604}
{"armed": false, "event": "idle_disarmed", "preset": "person_single", "single_auto": true, "ts": 1783052975.606}
{"armed": false, "event": "idle_disarmed", "preset": "person_single", "single_auto": true, "ts": 1783052975.606}
{"armed": false, "event": "idle_disarmed", "preset": "person_single", "single_auto": true, "ts": 1783052976.609}
{"armed": false, "event": "idle_disarmed", "preset": "person_single", "single_auto": true, "ts": 1783052976.609}
{"armed": false, "event": "idle_disarmed", "preset": "person_single", "single_auto": true, "ts": 1783052977.612}
{"armed": false, "event": "idle_disarmed", "preset": "person_single", "single_auto": true, "ts": 1783052977.612}
{"armed": false, "event": "idle_disarmed", "preset": "person_single", "single_auto": true, "ts": 1783052978.614}
{"armed": false, "event": "idle_disarmed", "preset": "person_single", "single_auto": true, "ts": 1783052978.614}
{"armed": false, "event": "idle_disarmed", "preset": "person_single", "single_auto": true, "ts": 1783052979.616}
{"armed": false, "event": "idle_disarmed", "preset": "person_single", "single_auto": true, "ts": 1783052979.616}
{"armed": false, "event": "idle_disarmed", "preset": "person_single", "single_auto": true, "ts": 1783052980.618}
{"armed": false, "event": "idle_disarmed", "preset": "person_single", "single_auto": true, "ts": 1783052980.618}
{"armed": false, "event": "idle_disarmed", "preset": "person_single", "single_auto": true, "ts": 1783052981.621}
{"armed": false, "event": "idle_disarmed", "preset": "person_single", "single_auto": true, "ts": 1783052981.621}
{"armed": false, "event": "idle_disarmed", "preset": "person_single", "single_auto": true, "ts": 1783052982.623}
{"armed": false, "event": "idle_disarmed", "preset": "person_single", "single_auto": true, "ts": 1783052982.623}
{"armed": false, "event": "idle_disarmed", "preset": "person_single", "single_auto": true, "ts": 1783052983.625}
{"armed": false, "event": "idle_disarmed", "preset": "person_single", "single_auto": true, "ts": 1783052983.625}
{"armed": false, "event": "idle_disarmed", "preset": "person_single", "single_auto": true, "ts": 1783052984.627}
{"armed": false, "event": "idle_disarmed", "preset": "person_single", "single_auto": true, "ts": 1783052984.627}
{"armed": false, "event": "idle_disarmed", "preset": "person_single", "single_auto": true, "ts": 1783052985.63}
{"armed": false, "event": "idle_disarmed", "preset": "person_single", "single_auto": true, "ts": 1783052985.63}
{"armed": false, "event": "idle_disarmed", "preset": "person_single", "single_auto": true, "ts": 1783052986.633}
{"armed": false, "event": "idle_disarmed", "preset": "person_single", "single_auto": true, "ts": 1783052986.633}
{"armed": false, "event": "idle_disarmed", "preset": "person_single", "single_auto": true, "ts": 1783052987.635}
{"armed": false, "event": "idle_disarmed", "preset": "person_single", "single_auto": true, "ts": 1783052987.635}
{"armed": false, "event": "idle_disarmed", "preset": "person_single", "single_auto": true, "ts": 1783052988.638}
{"armed": false, "event": "idle_disarmed", "preset": "person_single", "single_auto": true, "ts": 1783052988.638}
{"armed": false, "event": "idle_disarmed", "preset": "person_single", "single_auto": true, "ts": 1783052989.64}
{"armed": false, "event": "idle_disarmed", "preset": "person_single", "single_auto": true, "ts": 1783052989.64}
{"armed": false, "event": "idle_disarmed", "preset": "person_single", "single_auto": true, "ts": 1783052990.643}
{"armed": false, "event": "idle_disarmed", "preset": "person_single", "single_auto": true, "ts": 1783052990.643}
{"armed": false, "event": "idle_disarmed", "preset": "person_single", "single_auto": true, "ts": 1783052991.645}
{"armed": false, "event": "idle_disarmed", "preset": "person_single", "single_auto": true, "ts": 1783052991.645}
{"armed": false, "event": "idle_disarmed", "preset": "person_single", "single_auto": true, "ts": 1783052992.648}
{"armed": false, "event": "idle_disarmed", "preset": "person_single", "single_auto": true, "ts": 1783052992.648}
{"armed": false, "event": "idle_disarmed", "preset": "person_single", "single_auto": true, "ts": 1783052993.65}
{"armed": false, "event": "idle_disarmed", "preset": "person_single", "single_auto": true, "ts": 1783052993.65}
{"armed": false, "event": "idle_disarmed", "preset": "person_single", "single_auto": true, "ts": 1783052994.653}
{"armed": false, "event": "idle_disarmed", "preset": "person_single", "single_auto": true, "ts": 1783052994.653}
{"armed": false, "event": "idle_disarmed", "preset": "person_single", "single_auto": true, "ts": 1783052995.656}
{"armed": false, "event": "idle_disarmed", "preset": "person_single", "single_auto": true, "ts": 1783052995.656}
{"armed": false, "event": "idle_disarmed", "preset": "person_single", "single_auto": true, "ts": 1783052996.658}
{"armed": false, "event": "idle_disarmed", "preset": "person_single", "single_auto": true, "ts": 1783052996.658}
{"armed": false, "event": "idle_disarmed", "preset": "person_single", "single_auto": true, "ts": 1783052997.661}
{"armed": false, "event": "idle_disarmed", "preset": "person_single", "single_auto": true, "ts": 1783052997.661}
{"armed": false, "event": "idle_disarmed", "preset": "person_single", "single_auto": true, "ts": 1783052998.663}
{"armed": false, "event": "idle_disarmed", "preset": "person_single", "single_auto": true, "ts": 1783052998.663}
{"armed": false, "event": "idle_disarmed", "preset": "person_single", "single_auto": true, "ts": 1783052999.667}
{"armed": false, "event": "idle_disarmed", "preset": "person_single", "single_auto": true, "ts": 1783052999.667}
{"armed": false, "event": "idle_disarmed", "preset": "person_single", "single_auto": true, "ts": 1783053000.67}
{"armed": false, "event": "idle_disarmed", "preset": "person_single", "single_auto": true, "ts": 1783053000.67}
{"armed": false, "event": "idle_disarmed", "preset": "person_single", "single_auto": true, "ts": 1783053001.673}
{"armed": false, "event": "idle_disarmed", "preset": "person_single", "single_auto": true, "ts": 1783053001.673}
{"armed": false, "event": "idle_disarmed", "preset": "person_single", "single_auto": true, "ts": 1783053002.676}
{"armed": false, "event": "idle_disarmed", "preset": "person_single", "single_auto": true, "ts": 1783053002.676}
{"armed": false, "event": "idle_disarmed", "preset": "person_single", "single_auto": true, "ts": 1783053003.68}
{"armed": false, "event": "idle_disarmed", "preset": "person_single", "single_auto": true, "ts": 1783053003.68}
{"armed": false, "event": "idle_disarmed", "preset": "person_single", "single_auto": true, "ts": 1783053004.683}
{"armed": false, "event": "idle_disarmed", "preset": "person_single", "single_auto": true, "ts": 1783053004.683}
{"armed": false, "event": "idle_disarmed", "preset": "person_single", "single_auto": true, "ts": 1783053005.686}
{"armed": false, "event": "idle_disarmed", "preset": "person_single", "single_auto": true, "ts": 1783053005.686}
{"armed": false, "event": "idle_disarmed", "preset": "person_single", "single_auto": true, "ts": 1783053006.689}
{"armed": false, "event": "idle_disarmed", "preset": "person_single", "single_auto": true, "ts": 1783053006.689}
{"armed": false, "event": "idle_disarmed", "preset": "person_single", "single_auto": true, "ts": 1783053007.693}
{"armed": false, "event": "idle_disarmed", "preset": "person_single", "single_auto": true, "ts": 1783053007.693}
{"armed": false, "event": "idle_disarmed", "preset": "person_single", "single_auto": true, "ts": 1783053008.696}
{"armed": false, "event": "idle_disarmed", "preset": "person_single", "single_auto": true, "ts": 1783053008.696}
{"armed": false, "event": "idle_disarmed", "preset": "person_single", "single_auto": true, "ts": 1783053009.699}
{"armed": false, "event": "idle_disarmed", "preset": "person_single", "single_auto": true, "ts": 1783053009.699}
{"armed": false, "event": "idle_disarmed", "preset": "person_single", "single_auto": true, "ts": 1783053010.702}
{"armed": false, "event": "idle_disarmed", "preset": "person_single", "single_auto": true, "ts": 1783053010.702}
{"armed": false, "event": "idle_disarmed", "preset": "person_single", "single_auto": true, "ts": 1783053011.706}
{"armed": false, "event": "idle_disarmed", "preset": "person_single", "single_auto": true, "ts": 1783053011.706}
{"armed": false, "event": "idle_disarmed", "preset": "person_single", "single_auto": true, "ts": 1783053012.707}
{"armed": false, "event": "idle_disarmed", "preset": "person_single", "single_auto": true, "ts": 1783053012.707}
{"armed": false, "event": "idle_disarmed", "preset": "person_single", "single_auto": true, "ts": 1783053013.708}
{"armed": false, "event": "idle_disarmed", "preset": "person_single", "single_auto": true, "ts": 1783053013.708}
{"armed": false, "event": "idle_disarmed", "preset": "person_single", "single_auto": true, "ts": 1783053014.711}
{"armed": false, "event": "idle_disarmed", "preset": "person_single", "single_auto": true, "ts": 1783053014.711}
{"armed": false, "event": "idle_disarmed", "preset": "person_single", "single_auto": true, "ts": 1783053015.714}
{"armed": false, "event": "idle_disarmed", "preset": "person_single", "single_auto": true, "ts": 1783053015.714}
{"armed": false, "event": "idle_disarmed", "preset": "person_single", "single_auto": true, "ts": 1783053016.717}
{"armed": false, "event": "idle_disarmed", "preset": "person_single", "single_auto": true, "ts": 1783053016.717}
{"armed": false, "event": "idle_disarmed", "preset": "person_single", "single_auto": true, "ts": 1783053017.72}
{"armed": false, "event": "idle_disarmed", "preset": "person_single", "single_auto": true, "ts": 1783053017.72}
{"armed": false, "event": "idle_disarmed", "preset": "person_single", "single_auto": true, "ts": 1783053018.722}
{"armed": false, "event": "idle_disarmed", "preset": "person_single", "single_auto": true, "ts": 1783053018.722}
{"armed": false, "event": "idle_disarmed", "preset": "person_single", "single_auto": true, "ts": 1783053019.725}
{"armed": false, "event": "idle_disarmed", "preset": "person_single", "single_auto": true, "ts": 1783053019.725}
{"armed": false, "event": "idle_disarmed", "preset": "person_single", "single_auto": true, "ts": 1783053020.727}
{"armed": false, "event": "idle_disarmed", "preset": "person_single", "single_auto": true, "ts": 1783053020.727}
{"armed": false, "event": "idle_disarmed", "preset": "person_single", "single_auto": true, "ts": 1783053021.73}
{"armed": false, "event": "idle_disarmed", "preset": "person_single", "single_auto": true, "ts": 1783053021.73}
{"armed": false, "event": "idle_disarmed", "preset": "person_single", "single_auto": true, "ts": 1783053022.733}
{"armed": false, "event": "idle_disarmed", "preset": "person_single", "single_auto": true, "ts": 1783053022.733}
{"armed": false, "event": "idle_disarmed", "preset": "person_single", "single_auto": true, "ts": 1783053023.736}
{"armed": false, "event": "idle_disarmed", "preset": "person_single", "single_auto": true, "ts": 1783053023.736}
{"armed": false, "event": "idle_disarmed", "preset": "person_single", "single_auto": true, "ts": 1783053024.739}
{"armed": false, "event": "idle_disarmed", "preset": "person_single", "single_auto": true, "ts": 1783053024.739}
{"armed": false, "event": "idle_disarmed", "preset": "person_single", "single_auto": true, "ts": 1783053025.743}
{"armed": false, "event": "idle_disarmed", "preset": "person_single", "single_auto": true, "ts": 1783053025.743}
{"armed": false, "event": "idle_disarmed", "preset": "person_single", "single_auto": true, "ts": 1783053026.746}
{"armed": false, "event": "idle_disarmed", "preset": "person_single", "single_auto": true, "ts": 1783053026.746}
{"armed": false, "event": "idle_disarmed", "preset": "person_single", "single_auto": true, "ts": 1783053027.749}
{"armed": false, "event": "idle_disarmed", "preset": "person_single", "single_auto": true, "ts": 1783053027.749}
{"armed": false, "event": "idle_disarmed", "preset": "person_single", "single_auto": true, "ts": 1783053028.752}
{"armed": false, "event": "idle_disarmed", "preset": "person_single", "single_auto": true, "ts": 1783053028.752}
{"armed": false, "event": "idle_disarmed", "preset": "person_single", "single_auto": true, "ts": 1783053029.756}
{"armed": false, "event": "idle_disarmed", "preset": "person_single", "single_auto": true, "ts": 1783053029.756}
{"armed": false, "event": "idle_disarmed", "preset": "person_single", "single_auto": true, "ts": 1783053030.759}
{"armed": false, "event": "idle_disarmed", "preset": "person_single", "single_auto": true, "ts": 1783053030.759}
{"armed": false, "event": "idle_disarmed", "preset": "person_single", "single_auto": true, "ts": 1783053031.762}
{"armed": false, "event": "idle_disarmed", "preset": "person_single", "single_auto": true, "ts": 1783053031.762}
{"armed": false, "event": "idle_disarmed", "preset": "person_single", "single_auto": true, "ts": 1783053032.765}
{"armed": false, "event": "idle_disarmed", "preset": "person_single", "single_auto": true, "ts": 1783053032.765}
{"armed": false, "event": "idle_disarmed", "preset": "person_single", "single_auto": true, "ts": 1783053033.769}
{"armed": false, "event": "idle_disarmed", "preset": "person_single", "single_auto": true, "ts": 1783053033.769}
{"armed": false, "event": "idle_disarmed", "preset": "person_single", "single_auto": true, "ts": 1783053034.772}
{"armed": false, "event": "idle_disarmed", "preset": "person_single", "single_auto": true, "ts": 1783053034.772}
{"armed": false, "event": "idle_disarmed", "preset": "person_single", "single_auto": true, "ts": 1783053035.775}
{"armed": false, "event": "idle_disarmed", "preset": "person_single", "single_auto": true, "ts": 1783053035.775}
{"armed": false, "event": "idle_disarmed", "preset": "person_single", "single_auto": true, "ts": 1783053036.778}
{"armed": false, "event": "idle_disarmed", "preset": "person_single", "single_auto": true, "ts": 1783053036.778}
{"armed": false, "event": "idle_disarmed", "preset": "person_single", "single_auto": true, "ts": 1783053037.78}
{"armed": false, "event": "idle_disarmed", "preset": "person_single", "single_auto": true, "ts": 1783053037.78}
{"armed": false, "event": "idle_disarmed", "preset": "person_single", "single_auto": true, "ts": 1783053038.781}
{"armed": false, "event": "idle_disarmed", "preset": "person_single", "single_auto": true, "ts": 1783053038.781}
{"armed": false, "event": "idle_disarmed", "preset": "person_single", "single_auto": true, "ts": 1783053039.784}
{"armed": false, "event": "idle_disarmed", "preset": "person_single", "single_auto": true, "ts": 1783053039.784}
{"armed": false, "event": "idle_disarmed", "preset": "person_single", "single_auto": true, "ts": 1783053040.787}
{"armed": false, "event": "idle_disarmed", "preset": "person_single", "single_auto": true, "ts": 1783053040.787}
{"armed": false, "event": "idle_disarmed", "preset": "person_single", "single_auto": true, "ts": 1783053041.79}
{"armed": false, "event": "idle_disarmed", "preset": "person_single", "single_auto": true, "ts": 1783053041.79}
{"armed": false, "event": "idle_disarmed", "preset": "person_single", "single_auto": true, "ts": 1783053042.793}
{"armed": false, "event": "idle_disarmed", "preset": "person_single", "single_auto": true, "ts": 1783053042.793}
{"armed": false, "event": "idle_disarmed", "preset": "person_single", "single_auto": true, "ts": 1783053043.797}
{"armed": false, "event": "idle_disarmed", "preset": "person_single", "single_auto": true, "ts": 1783053043.797}
{"armed": false, "event": "idle_disarmed", "preset": "person_single", "single_auto": true, "ts": 1783053044.8}
{"armed": false, "event": "idle_disarmed", "preset": "person_single", "single_auto": true, "ts": 1783053044.8}
{"armed": false, "event": "idle_disarmed", "preset": "person_single", "single_auto": true, "ts": 1783053045.803}
{"armed": false, "event": "idle_disarmed", "preset": "person_single", "single_auto": true, "ts": 1783053045.803}
{"armed": false, "event": "idle_disarmed", "preset": "person_single", "single_auto": true, "ts": 1783053046.805}
{"armed": false, "event": "idle_disarmed", "preset": "person_single", "single_auto": true, "ts": 1783053046.805}
{"armed": false, "event": "idle_disarmed", "preset": "person_single", "single_auto": true, "ts": 1783053047.808}
{"armed": false, "event": "idle_disarmed", "preset": "person_single", "single_auto": true, "ts": 1783053047.808}
{"armed": false, "event": "idle_disarmed", "preset": "person_single", "single_auto": true, "ts": 1783053048.81}
{"armed": false, "event": "idle_disarmed", "preset": "person_single", "single_auto": true, "ts": 1783053048.81}
{"armed": false, "event": "idle_disarmed", "preset": "person_single", "single_auto": true, "ts": 1783053049.813}
{"armed": false, "event": "idle_disarmed", "preset": "person_single", "single_auto": true, "ts": 1783053049.813}
{"armed": false, "event": "idle_disarmed", "preset": "person_single", "single_auto": true, "ts": 1783053050.816}
{"armed": false, "event": "idle_disarmed", "preset": "person_single", "single_auto": true, "ts": 1783053050.816}
{"armed": false, "event": "idle_disarmed", "preset": "person_single", "single_auto": true, "ts": 1783053051.819}
{"armed": false, "event": "idle_disarmed", "preset": "person_single", "single_auto": true, "ts": 1783053051.819}
{"armed": false, "event": "idle_disarmed", "preset": "person_single", "single_auto": true, "ts": 1783053052.822}
{"armed": false, "event": "idle_disarmed", "preset": "person_single", "single_auto": true, "ts": 1783053052.822}
{"armed": false, "event": "idle_disarmed", "preset": "person_single", "single_auto": true, "ts": 1783053053.825}
{"armed": false, "event": "idle_disarmed", "preset": "person_single", "single_auto": true, "ts": 1783053053.825}
{"armed": false, "event": "idle_disarmed", "preset": "person_single", "single_auto": true, "ts": 1783053054.828}
{"armed": false, "event": "idle_disarmed", "preset": "person_single", "single_auto": true, "ts": 1783053054.828}
{"armed": false, "event": "idle_disarmed", "preset": "person_single", "single_auto": true, "ts": 1783053055.83}
{"armed": false, "event": "idle_disarmed", "preset": "person_single", "single_auto": true, "ts": 1783053055.83}
{"armed": false, "event": "idle_disarmed", "preset": "person_single", "single_auto": true, "ts": 1783053056.832}
{"armed": false, "event": "idle_disarmed", "preset": "person_single", "single_auto": true, "ts": 1783053056.832}
{"armed": false, "event": "idle_disarmed", "preset": "person_single", "single_auto": true, "ts": 1783053057.834}
{"armed": false, "event": "idle_disarmed", "preset": "person_single", "single_auto": true, "ts": 1783053057.834}
{"armed": false, "event": "idle_disarmed", "preset": "person_single", "single_auto": true, "ts": 1783053058.837}
{"armed": false, "event": "idle_disarmed", "preset": "person_single", "single_auto": true, "ts": 1783053058.837}
{"armed": false, "event": "idle_disarmed", "preset": "person_single", "single_auto": true, "ts": 1783053059.839}
{"armed": false, "event": "idle_disarmed", "preset": "person_single", "single_auto": true, "ts": 1783053059.839}
{"armed": false, "event": "idle_disarmed", "preset": "person_single", "single_auto": true, "ts": 1783053060.842}
{"armed": false, "event": "idle_disarmed", "preset": "person_single", "single_auto": true, "ts": 1783053060.842}
{"armed": false, "event": "idle_disarmed", "preset": "person_single", "single_auto": true, "ts": 1783053061.844}
{"armed": false, "event": "idle_disarmed", "preset": "person_single", "single_auto": true, "ts": 1783053061.844}
{"armed": false, "event": "idle_disarmed", "preset": "person_single", "single_auto": true, "ts": 1783053062.847}
{"armed": false, "event": "idle_disarmed", "preset": "person_single", "single_auto": true, "ts": 1783053062.847}
{"armed": false, "event": "idle_disarmed", "preset": "person_single", "single_auto": true, "ts": 1783053063.849}
{"armed": false, "event": "idle_disarmed", "preset": "person_single", "single_auto": true, "ts": 1783053063.849}
{"armed": false, "event": "idle_disarmed", "preset": "person_single", "single_auto": true, "ts": 1783053064.852}
{"armed": false, "event": "idle_disarmed", "preset": "person_single", "single_auto": true, "ts": 1783053064.852}
{"armed": false, "event": "idle_disarmed", "preset": "person_single", "single_auto": true, "ts": 1783053065.854}
{"armed": false, "event": "idle_disarmed", "preset": "person_single", "single_auto": true, "ts": 1783053065.854}
{"armed": false, "event": "idle_disarmed", "preset": "person_single", "single_auto": true, "ts": 1783053066.857}
{"armed": false, "event": "idle_disarmed", "preset": "person_single", "single_auto": true, "ts": 1783053066.857}
{"armed": false, "event": "idle_disarmed", "preset": "person_single", "single_auto": true, "ts": 1783053067.859}
{"armed": false, "event": "idle_disarmed", "preset": "person_single", "single_auto": true, "ts": 1783053067.859}
{"armed": false, "event": "idle_disarmed", "preset": "person_single", "single_auto": true, "ts": 1783053068.862}
{"armed": false, "event": "idle_disarmed", "preset": "person_single", "single_auto": true, "ts": 1783053068.862}
{"armed": false, "event": "idle_disarmed", "preset": "person_single", "single_auto": true, "ts": 1783053069.865}
{"armed": false, "event": "idle_disarmed", "preset": "person_single", "single_auto": true, "ts": 1783053069.865}
{"armed": false, "event": "idle_disarmed", "preset": "person_single", "single_auto": true, "ts": 1783053070.867}
{"armed": false, "event": "idle_disarmed", "preset": "person_single", "single_auto": true, "ts": 1783053070.867}
{"archived": "/root/rknpu2/examples/rknn_yolov8_demo_opencv_2_work_2/new_yolo8/logs/session_20260703_043111_daemon_signal_15", "event": "logs_archived", "reason": "daemon_signal_15", "ts": 1783053071.242}
{"archived": "/root/rknpu2/examples/rknn_yolov8_demo_opencv_2_work_2/new_yolo8/logs/session_20260703_043111_daemon_signal_15", "event": "logs_archived", "reason": "daemon_signal_15", "ts": 1783053071.242}
{"event": "daemon_stop", "signal": 15, "ts": 1783053071.243}
{"event": "daemon_stop", "signal": 15, "ts": 1783053071.243}
{"event": "daemon_start", "pid": 21939, "ts": 1783053088.069}
{"event": "daemon_start", "pid": 21939, "ts": 1783053088.069}
{"armed": false, "event": "idle_disarmed", "preset": "person_single", "single_auto": true, "ts": 1783053088.07}
{"armed": false, "event": "idle_disarmed", "preset": "person_single", "single_auto": true, "ts": 1783053088.07}
{"armed": false, "event": "idle_disarmed", "preset": "person_single", "single_auto": true, "ts": 1783053089.071}
{"armed": false, "event": "idle_disarmed", "preset": "person_single", "single_auto": true, "ts": 1783053089.071}
{"armed": false, "event": "idle_disarmed", "preset": "person_single", "single_auto": true, "ts": 1783053090.072}
{"armed": false, "event": "idle_disarmed", "preset": "person_single", "single_auto": true, "ts": 1783053090.072}
{"armed": false, "event": "idle_disarmed", "preset": "person_single", "single_auto": true, "ts": 1783053091.073}
{"armed": false, "event": "idle_disarmed", "preset": "person_single", "single_auto": true, "ts": 1783053091.073}
{"armed": false, "event": "idle_disarmed", "preset": "person_single", "single_auto": true, "ts": 1783053092.075}
{"armed": false, "event": "idle_disarmed", "preset": "person_single", "single_auto": true, "ts": 1783053092.075}
{"armed": false, "event": "idle_disarmed", "preset": "person_single", "single_auto": true, "ts": 1783053093.079}
{"armed": false, "event": "idle_disarmed", "preset": "person_single", "single_auto": true, "ts": 1783053093.079}
{"armed": false, "event": "idle_disarmed", "preset": "person_single", "single_auto": true, "ts": 1783053094.08}
{"armed": false, "event": "idle_disarmed", "preset": "person_single", "single_auto": true, "ts": 1783053094.08}
{"armed": false, "event": "idle_disarmed", "preset": "person_single", "single_auto": true, "ts": 1783053095.081}
{"armed": false, "event": "idle_disarmed", "preset": "person_single", "single_auto": true, "ts": 1783053095.081}
{"armed": false, "event": "idle_disarmed", "preset": "person_single", "single_auto": true, "ts": 1783053096.082}
{"armed": false, "event": "idle_disarmed", "preset": "person_single", "single_auto": true, "ts": 1783053096.082}
{"armed": false, "event": "idle_disarmed", "preset": "person_single", "single_auto": true, "ts": 1783053097.084}
{"armed": false, "event": "idle_disarmed", "preset": "person_single", "single_auto": true, "ts": 1783053097.084}
{"armed": false, "event": "idle_disarmed", "preset": "person_single", "single_auto": true, "ts": 1783053098.087}
{"armed": false, "event": "idle_disarmed", "preset": "person_single", "single_auto": true, "ts": 1783053098.087}
{"armed": false, "event": "idle_disarmed", "preset": "person_single", "single_auto": true, "ts": 1783053099.089}
{"armed": false, "event": "idle_disarmed", "preset": "person_single", "single_auto": true, "ts": 1783053099.089}
{"armed": false, "event": "idle_disarmed", "preset": "person_single", "single_auto": true, "ts": 1783053100.092}
{"armed": false, "event": "idle_disarmed", "preset": "person_single", "single_auto": true, "ts": 1783053100.092}
{"armed": false, "event": "idle_disarmed", "preset": "person_single", "single_auto": true, "ts": 1783053101.094}
{"armed": false, "event": "idle_disarmed", "preset": "person_single", "single_auto": true, "ts": 1783053101.094}
{"armed": false, "event": "idle_disarmed", "preset": "person_single", "single_auto": true, "ts": 1783053102.097}
{"armed": false, "event": "idle_disarmed", "preset": "person_single", "single_auto": true, "ts": 1783053102.097}
{"armed": false, "event": "idle_disarmed", "preset": "person_single", "single_auto": true, "ts": 1783053103.1}
{"armed": false, "event": "idle_disarmed", "preset": "person_single", "single_auto": true, "ts": 1783053103.1}
{"armed": false, "event": "idle_disarmed", "preset": "person_single", "single_auto": true, "ts": 1783053104.103}
{"armed": false, "event": "idle_disarmed", "preset": "person_single", "single_auto": true, "ts": 1783053104.103}
{"armed": false, "event": "idle_disarmed", "preset": "person_single", "single_auto": true, "ts": 1783053105.106}
{"armed": false, "event": "idle_disarmed", "preset": "person_single", "single_auto": true, "ts": 1783053105.106}
{"armed": false, "event": "idle_disarmed", "preset": "person_single", "single_auto": true, "ts": 1783053106.108}
{"armed": false, "event": "idle_disarmed", "preset": "person_single", "single_auto": true, "ts": 1783053106.108}
{"armed": false, "event": "idle_disarmed", "preset": "person_single", "single_auto": true, "ts": 1783053107.111}
{"armed": false, "event": "idle_disarmed", "preset": "person_single", "single_auto": true, "ts": 1783053107.111}
{"armed": false, "event": "idle_disarmed", "preset": "person_single", "single_auto": true, "ts": 1783053108.114}
{"armed": false, "event": "idle_disarmed", "preset": "person_single", "single_auto": true, "ts": 1783053108.114}
{"armed": false, "event": "idle_disarmed", "preset": "person_single", "single_auto": true, "ts": 1783053109.116}
{"armed": false, "event": "idle_disarmed", "preset": "person_single", "single_auto": true, "ts": 1783053109.116}
{"armed": false, "event": "idle_disarmed", "preset": "person_single", "single_auto": true, "ts": 1783053110.119}
{"armed": false, "event": "idle_disarmed", "preset": "person_single", "single_auto": true, "ts": 1783053110.119}
{"armed": false, "event": "idle_disarmed", "preset": "person_single", "single_auto": true, "ts": 1783053111.122}
{"armed": false, "event": "idle_disarmed", "preset": "person_single", "single_auto": true, "ts": 1783053111.122}
{"armed": false, "event": "idle_disarmed", "preset": "person_single", "single_auto": true, "ts": 1783053112.124}
{"armed": false, "event": "idle_disarmed", "preset": "person_single", "single_auto": true, "ts": 1783053112.124}
{"armed": false, "event": "idle_disarmed", "preset": "person_single", "single_auto": true, "ts": 1783053113.127}
{"armed": false, "event": "idle_disarmed", "preset": "person_single", "single_auto": true, "ts": 1783053113.127}
{"armed": false, "event": "idle_disarmed", "preset": "person_single", "single_auto": true, "ts": 1783053114.13}
{"armed": false, "event": "idle_disarmed", "preset": "person_single", "single_auto": true, "ts": 1783053114.13}
{"armed": false, "event": "idle_disarmed", "preset": "person_single", "single_auto": true, "ts": 1783053115.132}
{"armed": false, "event": "idle_disarmed", "preset": "person_single", "single_auto": true, "ts": 1783053115.132}
{"armed": false, "event": "idle_disarmed", "preset": "person_single", "single_auto": true, "ts": 1783053116.134}
{"armed": false, "event": "idle_disarmed", "preset": "person_single", "single_auto": true, "ts": 1783053116.134}
{"armed": false, "event": "idle_disarmed", "preset": "person_single", "single_auto": true, "ts": 1783053117.137}
{"armed": false, "event": "idle_disarmed", "preset": "person_single", "single_auto": true, "ts": 1783053117.137}
{"armed": false, "event": "idle_disarmed", "preset": "person_single", "single_auto": true, "ts": 1783053118.139}
{"armed": false, "event": "idle_disarmed", "preset": "person_single", "single_auto": true, "ts": 1783053118.139}
{"armed": false, "event": "idle_disarmed", "preset": "person_single", "single_auto": true, "ts": 1783053119.142}
{"armed": false, "event": "idle_disarmed", "preset": "person_single", "single_auto": true, "ts": 1783053119.142}
{"armed": false, "event": "idle_disarmed", "preset": "person_single", "single_auto": true, "ts": 1783053120.144}
{"armed": false, "event": "idle_disarmed", "preset": "person_single", "single_auto": true, "ts": 1783053120.144}
{"armed": false, "event": "idle_disarmed", "preset": "person_single", "single_auto": true, "ts": 1783053121.147}
{"armed": false, "event": "idle_disarmed", "preset": "person_single", "single_auto": true, "ts": 1783053121.147}
{"armed": false, "event": "idle_disarmed", "preset": "person_single", "single_auto": true, "ts": 1783053122.149}
{"armed": false, "event": "idle_disarmed", "preset": "person_single", "single_auto": true, "ts": 1783053122.149}
{"armed": false, "event": "idle_disarmed", "preset": "person_single", "single_auto": true, "ts": 1783053123.152}
{"armed": false, "event": "idle_disarmed", "preset": "person_single", "single_auto": true, "ts": 1783053123.152}
{"armed": false, "event": "idle_disarmed", "preset": "person_single", "single_auto": true, "ts": 1783053124.154}
{"armed": false, "event": "idle_disarmed", "preset": "person_single", "single_auto": true, "ts": 1783053124.154}
{"armed": false, "event": "idle_disarmed", "preset": "person_single", "single_auto": true, "ts": 1783053125.157}
{"armed": false, "event": "idle_disarmed", "preset": "person_single", "single_auto": true, "ts": 1783053125.157}
{"armed": false, "event": "idle_disarmed", "preset": "person_single", "single_auto": true, "ts": 1783053126.16}
{"armed": false, "event": "idle_disarmed", "preset": "person_single", "single_auto": true, "ts": 1783053126.16}
{"armed": false, "event": "idle_disarmed", "preset": "person_single", "single_auto": true, "ts": 1783053127.163}
{"armed": false, "event": "idle_disarmed", "preset": "person_single", "single_auto": true, "ts": 1783053127.163}
{"armed": false, "event": "idle_disarmed", "preset": "person_single", "single_auto": true, "ts": 1783053128.166}
{"armed": false, "event": "idle_disarmed", "preset": "person_single", "single_auto": true, "ts": 1783053128.166}
{"armed": false, "event": "idle_disarmed", "preset": "person_single", "single_auto": true, "ts": 1783053129.168}
{"armed": false, "event": "idle_disarmed", "preset": "person_single", "single_auto": true, "ts": 1783053129.168}
{"armed": false, "event": "idle_disarmed", "preset": "person_single", "single_auto": true, "ts": 1783053130.171}
{"armed": false, "event": "idle_disarmed", "preset": "person_single", "single_auto": true, "ts": 1783053130.171}
{"armed": false, "event": "idle_disarmed", "preset": "person_single", "single_auto": true, "ts": 1783053131.173}
{"armed": false, "event": "idle_disarmed", "preset": "person_single", "single_auto": true, "ts": 1783053131.173}
{"armed": false, "event": "idle_disarmed", "preset": "person_single", "single_auto": true, "ts": 1783053132.176}
{"armed": false, "event": "idle_disarmed", "preset": "person_single", "single_auto": true, "ts": 1783053132.176}
{"armed": false, "event": "idle_disarmed", "preset": "person_single", "single_auto": true, "ts": 1783053133.178}
{"armed": false, "event": "idle_disarmed", "preset": "person_single", "single_auto": true, "ts": 1783053133.178}
{"armed": false, "event": "idle_disarmed", "preset": "person_single", "single_auto": true, "ts": 1783053134.181}
{"armed": false, "event": "idle_disarmed", "preset": "person_single", "single_auto": true, "ts": 1783053134.181}
{"armed": false, "event": "idle_disarmed", "preset": "person_single", "single_auto": true, "ts": 1783053135.184}
{"armed": false, "event": "idle_disarmed", "preset": "person_single", "single_auto": true, "ts": 1783053135.184}
{"armed": false, "event": "idle_disarmed", "preset": "person_single", "single_auto": true, "ts": 1783053136.186}
{"armed": false, "event": "idle_disarmed", "preset": "person_single", "single_auto": true, "ts": 1783053136.186}
{"armed": false, "event": "idle_disarmed", "preset": "person_single", "single_auto": true, "ts": 1783053137.189}
{"armed": false, "event": "idle_disarmed", "preset": "person_single", "single_auto": true, "ts": 1783053137.189}
{"armed": false, "event": "idle_disarmed", "preset": "person_single", "single_auto": true, "ts": 1783053138.191}
{"armed": false, "event": "idle_disarmed", "preset": "person_single", "single_auto": true, "ts": 1783053138.191}
{"armed": false, "event": "idle_disarmed", "preset": "person_single", "single_auto": true, "ts": 1783053139.194}
{"armed": false, "event": "idle_disarmed", "preset": "person_single", "single_auto": true, "ts": 1783053139.194}
{"armed": false, "event": "idle_disarmed", "preset": "person_single", "single_auto": true, "ts": 1783053140.196}
{"armed": false, "event": "idle_disarmed", "preset": "person_single", "single_auto": true, "ts": 1783053140.196}
{"armed": false, "event": "idle_disarmed", "preset": "person_single", "single_auto": true, "ts": 1783053141.199}
{"armed": false, "event": "idle_disarmed", "preset": "person_single", "single_auto": true, "ts": 1783053141.199}
{"armed": false, "event": "idle_disarmed", "preset": "person_single", "single_auto": true, "ts": 1783053142.201}
{"armed": false, "event": "idle_disarmed", "preset": "person_single", "single_auto": true, "ts": 1783053142.201}
{"armed": false, "event": "idle_disarmed", "preset": "person_single", "single_auto": true, "ts": 1783053143.204}
{"armed": false, "event": "idle_disarmed", "preset": "person_single", "single_auto": true, "ts": 1783053143.204}
{"armed": false, "event": "idle_disarmed", "preset": "person_single", "single_auto": true, "ts": 1783053144.206}
{"armed": false, "event": "idle_disarmed", "preset": "person_single", "single_auto": true, "ts": 1783053144.206}
{"armed": false, "event": "idle_disarmed", "preset": "person_single", "single_auto": true, "ts": 1783053145.209}
{"armed": false, "event": "idle_disarmed", "preset": "person_single", "single_auto": true, "ts": 1783053145.209}
{"armed": false, "event": "idle_disarmed", "preset": "person_single", "single_auto": true, "ts": 1783053146.211}
{"armed": false, "event": "idle_disarmed", "preset": "person_single", "single_auto": true, "ts": 1783053146.211}
{"armed": false, "event": "idle_disarmed", "preset": "person_single", "single_auto": true, "ts": 1783053147.214}
{"armed": false, "event": "idle_disarmed", "preset": "person_single", "single_auto": true, "ts": 1783053147.214}
{"armed": false, "event": "idle_disarmed", "preset": "person_single", "single_auto": true, "ts": 1783053148.217}
{"armed": false, "event": "idle_disarmed", "preset": "person_single", "single_auto": true, "ts": 1783053148.217}
{"armed": false, "event": "idle_disarmed", "preset": "person_single", "single_auto": true, "ts": 1783053149.22}
{"armed": false, "event": "idle_disarmed", "preset": "person_single", "single_auto": true, "ts": 1783053149.22}
{"armed": false, "event": "idle_disarmed", "preset": "person_single", "single_auto": true, "ts": 1783053150.222}
{"armed": false, "event": "idle_disarmed", "preset": "person_single", "single_auto": true, "ts": 1783053150.222}
{"armed": false, "event": "idle_disarmed", "preset": "person_single", "single_auto": true, "ts": 1783053151.225}
{"armed": false, "event": "idle_disarmed", "preset": "person_single", "single_auto": true, "ts": 1783053151.225}
{"armed": false, "event": "idle_disarmed", "preset": "person_single", "single_auto": true, "ts": 1783053152.227}
{"armed": false, "event": "idle_disarmed", "preset": "person_single", "single_auto": true, "ts": 1783053152.227}
{"armed": false, "event": "idle_disarmed", "preset": "person_single", "single_auto": true, "ts": 1783053153.23}
{"armed": false, "event": "idle_disarmed", "preset": "person_single", "single_auto": true, "ts": 1783053153.23}
{"armed": false, "event": "idle_disarmed", "preset": "person_single", "single_auto": true, "ts": 1783053154.232}
{"armed": false, "event": "idle_disarmed", "preset": "person_single", "single_auto": true, "ts": 1783053154.232}
{"armed": false, "event": "idle_disarmed", "preset": "person_single", "single_auto": true, "ts": 1783053155.235}
{"armed": false, "event": "idle_disarmed", "preset": "person_single", "single_auto": true, "ts": 1783053155.235}
{"armed": false, "event": "idle_disarmed", "preset": "person_single", "single_auto": true, "ts": 1783053156.238}
{"armed": false, "event": "idle_disarmed", "preset": "person_single", "single_auto": true, "ts": 1783053156.238}
{"armed": false, "event": "idle_disarmed", "preset": "person_single", "single_auto": true, "ts": 1783053157.24}
{"armed": false, "event": "idle_disarmed", "preset": "person_single", "single_auto": true, "ts": 1783053157.24}
{"armed": false, "event": "idle_disarmed", "preset": "person_single", "single_auto": true, "ts": 1783053158.243}
{"armed": false, "event": "idle_disarmed", "preset": "person_single", "single_auto": true, "ts": 1783053158.243}
{"armed": false, "event": "idle_disarmed", "preset": "person_single", "single_auto": true, "ts": 1783053159.246}
{"armed": false, "event": "idle_disarmed", "preset": "person_single", "single_auto": true, "ts": 1783053159.246}
{"armed": false, "event": "idle_disarmed", "preset": "person_single", "single_auto": true, "ts": 1783053160.248}
{"armed": false, "event": "idle_disarmed", "preset": "person_single", "single_auto": true, "ts": 1783053160.248}
{"armed": false, "event": "idle_disarmed", "preset": "person_single", "single_auto": true, "ts": 1783053161.251}
{"armed": false, "event": "idle_disarmed", "preset": "person_single", "single_auto": true, "ts": 1783053161.251}
{"armed": false, "event": "idle_disarmed", "preset": "person_single", "single_auto": true, "ts": 1783053162.254}
{"armed": false, "event": "idle_disarmed", "preset": "person_single", "single_auto": true, "ts": 1783053162.254}
{"armed": false, "event": "idle_disarmed", "preset": "person_single", "single_auto": true, "ts": 1783053163.257}
{"armed": false, "event": "idle_disarmed", "preset": "person_single", "single_auto": true, "ts": 1783053163.257}
{"armed": false, "event": "idle_disarmed", "preset": "person_single", "single_auto": true, "ts": 1783053164.259}
{"armed": false, "event": "idle_disarmed", "preset": "person_single", "single_auto": true, "ts": 1783053164.259}
{"armed": false, "event": "idle_disarmed", "preset": "person_single", "single_auto": true, "ts": 1783053165.263}
{"armed": false, "event": "idle_disarmed", "preset": "person_single", "single_auto": true, "ts": 1783053165.263}
{"armed": false, "event": "idle_disarmed", "preset": "person_single", "single_auto": true, "ts": 1783053166.265}
{"armed": false, "event": "idle_disarmed", "preset": "person_single", "single_auto": true, "ts": 1783053166.265}
{"armed": false, "event": "idle_disarmed", "preset": "person_single", "single_auto": true, "ts": 1783053167.268}
{"armed": false, "event": "idle_disarmed", "preset": "person_single", "single_auto": true, "ts": 1783053167.268}
{"armed": false, "event": "idle_disarmed", "preset": "person_single", "single_auto": true, "ts": 1783053168.271}
{"armed": false, "event": "idle_disarmed", "preset": "person_single", "single_auto": true, "ts": 1783053168.271}
{"armed": false, "event": "idle_disarmed", "preset": "person_single", "single_auto": true, "ts": 1783053169.274}
{"armed": false, "event": "idle_disarmed", "preset": "person_single", "single_auto": true, "ts": 1783053169.274}
{"armed": false, "event": "idle_disarmed", "preset": "person_single", "single_auto": true, "ts": 1783053170.277}
{"armed": false, "event": "idle_disarmed", "preset": "person_single", "single_auto": true, "ts": 1783053170.277}
{"armed": false, "event": "idle_disarmed", "preset": "person_single", "single_auto": true, "ts": 1783053171.28}
{"armed": false, "event": "idle_disarmed", "preset": "person_single", "single_auto": true, "ts": 1783053171.28}
{"armed": false, "event": "idle_disarmed", "preset": "person_single", "single_auto": true, "ts": 1783053172.286}
{"armed": false, "event": "idle_disarmed", "preset": "person_single", "single_auto": true, "ts": 1783053172.286}
{"armed": false, "event": "idle_disarmed", "preset": "person_single", "single_auto": true, "ts": 1783053173.289}
{"armed": false, "event": "idle_disarmed", "preset": "person_single", "single_auto": true, "ts": 1783053173.289}
{"armed": false, "event": "idle_disarmed", "preset": "person_single", "single_auto": true, "ts": 1783053174.292}
{"armed": false, "event": "idle_disarmed", "preset": "person_single", "single_auto": true, "ts": 1783053174.292}
{"armed": false, "event": "idle_disarmed", "preset": "person_single", "single_auto": true, "ts": 1783053175.294}
{"armed": false, "event": "idle_disarmed", "preset": "person_single", "single_auto": true, "ts": 1783053175.294}
{"armed": false, "event": "idle_disarmed", "preset": "person_single", "single_auto": true, "ts": 1783053176.297}
{"armed": false, "event": "idle_disarmed", "preset": "person_single", "single_auto": true, "ts": 1783053176.297}
{"armed": false, "event": "idle_disarmed", "preset": "person_single", "single_auto": true, "ts": 1783053177.3}
{"armed": false, "event": "idle_disarmed", "preset": "person_single", "single_auto": true, "ts": 1783053177.3}
{"armed": false, "event": "idle_disarmed", "preset": "person_single", "single_auto": true, "ts": 1783053178.303}
{"armed": false, "event": "idle_disarmed", "preset": "person_single", "single_auto": true, "ts": 1783053178.303}
{"armed": false, "event": "idle_disarmed", "preset": "person_single", "single_auto": true, "ts": 1783053179.306}
{"armed": false, "event": "idle_disarmed", "preset": "person_single", "single_auto": true, "ts": 1783053179.306}
{"armed": false, "event": "idle_disarmed", "preset": "person_single", "single_auto": true, "ts": 1783053180.308}
{"armed": false, "event": "idle_disarmed", "preset": "person_single", "single_auto": true, "ts": 1783053180.308}
{"armed": false, "event": "idle_disarmed", "preset": "person_single", "single_auto": true, "ts": 1783053181.311}
{"armed": false, "event": "idle_disarmed", "preset": "person_single", "single_auto": true, "ts": 1783053181.311}
{"armed": false, "event": "idle_disarmed", "preset": "person_single", "single_auto": true, "ts": 1783053182.314}
{"armed": false, "event": "idle_disarmed", "preset": "person_single", "single_auto": true, "ts": 1783053182.314}
{"armed": false, "event": "idle_disarmed", "preset": "person_single", "single_auto": true, "ts": 1783053183.317}
{"armed": false, "event": "idle_disarmed", "preset": "person_single", "single_auto": true, "ts": 1783053183.317}
{"armed": false, "event": "idle_disarmed", "preset": "person_single", "single_auto": true, "ts": 1783053184.319}
{"armed": false, "event": "idle_disarmed", "preset": "person_single", "single_auto": true, "ts": 1783053184.319}
{"armed": false, "event": "idle_disarmed", "preset": "person_single", "single_auto": true, "ts": 1783053185.322}
{"armed": false, "event": "idle_disarmed", "preset": "person_single", "single_auto": true, "ts": 1783053185.322}
{"armed": false, "event": "idle_disarmed", "preset": "person_single", "single_auto": true, "ts": 1783053186.325}
{"armed": false, "event": "idle_disarmed", "preset": "person_single", "single_auto": true, "ts": 1783053186.325}
{"armed": false, "event": "idle_disarmed", "preset": "person_single", "single_auto": true, "ts": 1783053187.328}
{"armed": false, "event": "idle_disarmed", "preset": "person_single", "single_auto": true, "ts": 1783053187.328}
{"armed": false, "event": "idle_disarmed", "preset": "person_single", "single_auto": true, "ts": 1783053188.331}
{"armed": false, "event": "idle_disarmed", "preset": "person_single", "single_auto": true, "ts": 1783053188.331}
{"armed": false, "event": "idle_disarmed", "preset": "person_single", "single_auto": true, "ts": 1783053189.333}
{"armed": false, "event": "idle_disarmed", "preset": "person_single", "single_auto": true, "ts": 1783053189.333}
{"armed": false, "event": "idle_disarmed", "preset": "person_single", "single_auto": true, "ts": 1783053190.337}
{"armed": false, "event": "idle_disarmed", "preset": "person_single", "single_auto": true, "ts": 1783053190.337}
{"armed": false, "event": "idle_disarmed", "preset": "person_single", "single_auto": true, "ts": 1783053191.339}
{"armed": false, "event": "idle_disarmed", "preset": "person_single", "single_auto": true, "ts": 1783053191.339}
{"armed": false, "event": "idle_disarmed", "preset": "person_single", "single_auto": true, "ts": 1783053192.342}
{"armed": false, "event": "idle_disarmed", "preset": "person_single", "single_auto": true, "ts": 1783053192.342}
{"armed": false, "event": "idle_disarmed", "preset": "person_single", "single_auto": true, "ts": 1783053193.345}
{"armed": false, "event": "idle_disarmed", "preset": "person_single", "single_auto": true, "ts": 1783053193.345}
{"armed": false, "event": "idle_disarmed", "preset": "person_single", "single_auto": true, "ts": 1783053194.347}
{"armed": false, "event": "idle_disarmed", "preset": "person_single", "single_auto": true, "ts": 1783053194.347}
{"armed": false, "event": "idle_disarmed", "preset": "person_single", "single_auto": true, "ts": 1783053195.35}
{"armed": false, "event": "idle_disarmed", "preset": "person_single", "single_auto": true, "ts": 1783053195.35}
{"armed": false, "event": "idle_disarmed", "preset": "person_single", "single_auto": true, "ts": 1783053196.353}
{"armed": false, "event": "idle_disarmed", "preset": "person_single", "single_auto": true, "ts": 1783053196.353}
{"armed": false, "event": "idle_disarmed", "preset": "person_single", "single_auto": true, "ts": 1783053197.356}
{"armed": false, "event": "idle_disarmed", "preset": "person_single", "single_auto": true, "ts": 1783053197.356}
{"armed": false, "event": "idle_disarmed", "preset": "person_single", "single_auto": true, "ts": 1783053198.359}
{"armed": false, "event": "idle_disarmed", "preset": "person_single", "single_auto": true, "ts": 1783053198.359}
{"armed": false, "event": "idle_disarmed", "preset": "person_single", "single_auto": true, "ts": 1783053199.362}
{"armed": false, "event": "idle_disarmed", "preset": "person_single", "single_auto": true, "ts": 1783053199.362}
{"armed": false, "event": "idle_disarmed", "preset": "person_single", "single_auto": true, "ts": 1783053200.364}
{"armed": false, "event": "idle_disarmed", "preset": "person_single", "single_auto": true, "ts": 1783053200.364}
{"armed": false, "event": "idle_disarmed", "preset": "person_single", "single_auto": true, "ts": 1783053201.367}
{"armed": false, "event": "idle_disarmed", "preset": "person_single", "single_auto": true, "ts": 1783053201.367}
{"armed": false, "event": "idle_disarmed", "preset": "person_single", "single_auto": true, "ts": 1783053202.37}
{"armed": false, "event": "idle_disarmed", "preset": "person_single", "single_auto": true, "ts": 1783053202.37}
{"armed": false, "event": "idle_disarmed", "preset": "person_single", "single_auto": true, "ts": 1783053203.372}
{"armed": false, "event": "idle_disarmed", "preset": "person_single", "single_auto": true, "ts": 1783053203.372}
{"armed": false, "event": "idle_disarmed", "preset": "person_single", "single_auto": true, "ts": 1783053204.375}
{"armed": false, "event": "idle_disarmed", "preset": "person_single", "single_auto": true, "ts": 1783053204.375}
{"armed": false, "event": "idle_disarmed", "preset": "person_single", "single_auto": true, "ts": 1783053205.377}
{"armed": false, "event": "idle_disarmed", "preset": "person_single", "single_auto": true, "ts": 1783053205.377}
{"armed": false, "event": "idle_disarmed", "preset": "person_single", "single_auto": true, "ts": 1783053206.38}
{"armed": false, "event": "idle_disarmed", "preset": "person_single", "single_auto": true, "ts": 1783053206.38}
{"armed": false, "event": "idle_disarmed", "preset": "person_single", "single_auto": true, "ts": 1783053207.383}
{"armed": false, "event": "idle_disarmed", "preset": "person_single", "single_auto": true, "ts": 1783053207.383}
{"armed": false, "event": "idle_disarmed", "preset": "person_single", "single_auto": true, "ts": 1783053208.385}
{"armed": false, "event": "idle_disarmed", "preset": "person_single", "single_auto": true, "ts": 1783053208.385}
{"armed": false, "event": "idle_disarmed", "preset": "person_single", "single_auto": true, "ts": 1783053209.388}
{"armed": false, "event": "idle_disarmed", "preset": "person_single", "single_auto": true, "ts": 1783053209.388}
{"armed": false, "event": "idle_disarmed", "preset": "person_single", "single_auto": true, "ts": 1783053210.391}
{"armed": false, "event": "idle_disarmed", "preset": "person_single", "single_auto": true, "ts": 1783053210.391}
{"armed": false, "event": "idle_disarmed", "preset": "person_single", "single_auto": true, "ts": 1783053211.393}
{"armed": false, "event": "idle_disarmed", "preset": "person_single", "single_auto": true, "ts": 1783053211.393}
{"armed": false, "event": "idle_disarmed", "preset": "person_single", "single_auto": true, "ts": 1783053212.396}
{"armed": false, "event": "idle_disarmed", "preset": "person_single", "single_auto": true, "ts": 1783053212.396}
{"armed": false, "event": "idle_disarmed", "preset": "person_single", "single_auto": true, "ts": 1783053213.399}
{"armed": false, "event": "idle_disarmed", "preset": "person_single", "single_auto": true, "ts": 1783053213.399}
{"armed": false, "event": "idle_disarmed", "preset": "person_single", "single_auto": true, "ts": 1783053214.402}
{"armed": false, "event": "idle_disarmed", "preset": "person_single", "single_auto": true, "ts": 1783053214.402}
{"armed": false, "event": "idle_disarmed", "preset": "person_single", "single_auto": true, "ts": 1783053215.404}
{"armed": false, "event": "idle_disarmed", "preset": "person_single", "single_auto": true, "ts": 1783053215.404}
{"armed": false, "event": "idle_disarmed", "preset": "person_single", "single_auto": true, "ts": 1783053216.407}
{"armed": false, "event": "idle_disarmed", "preset": "person_single", "single_auto": true, "ts": 1783053216.407}
{"armed": false, "event": "idle_disarmed", "preset": "person_single", "single_auto": true, "ts": 1783053217.41}
{"armed": false, "event": "idle_disarmed", "preset": "person_single", "single_auto": true, "ts": 1783053217.41}
{"armed": false, "event": "idle_disarmed", "preset": "person_single", "single_auto": true, "ts": 1783053218.413}
{"armed": false, "event": "idle_disarmed", "preset": "person_single", "single_auto": true, "ts": 1783053218.413}
{"armed": false, "event": "idle_disarmed", "preset": "person_single", "single_auto": true, "ts": 1783053219.416}
{"armed": false, "event": "idle_disarmed", "preset": "person_single", "single_auto": true, "ts": 1783053219.416}
{"armed": false, "event": "idle_disarmed", "preset": "person_single", "single_auto": true, "ts": 1783053220.418}
{"armed": false, "event": "idle_disarmed", "preset": "person_single", "single_auto": true, "ts": 1783053220.418}
{"armed": false, "event": "idle_disarmed", "preset": "person_single", "single_auto": true, "ts": 1783053221.421}
{"armed": false, "event": "idle_disarmed", "preset": "person_single", "single_auto": true, "ts": 1783053221.421}
{"armed": false, "event": "idle_disarmed", "preset": "person_single", "single_auto": true, "ts": 1783053222.424}
{"armed": false, "event": "idle_disarmed", "preset": "person_single", "single_auto": true, "ts": 1783053222.424}
{"armed": false, "event": "idle_disarmed", "preset": "person_single", "single_auto": true, "ts": 1783053223.426}
{"armed": false, "event": "idle_disarmed", "preset": "person_single", "single_auto": true, "ts": 1783053223.426}
{"armed": false, "event": "idle_disarmed", "preset": "person_single", "single_auto": true, "ts": 1783053224.429}
{"armed": false, "event": "idle_disarmed", "preset": "person_single", "single_auto": true, "ts": 1783053224.429}
{"armed": false, "event": "idle_disarmed", "preset": "person_single", "single_auto": true, "ts": 1783053225.432}
{"armed": false, "event": "idle_disarmed", "preset": "person_single", "single_auto": true, "ts": 1783053225.432}
{"armed": false, "event": "idle_disarmed", "preset": "person_single", "single_auto": true, "ts": 1783053226.434}
{"armed": false, "event": "idle_disarmed", "preset": "person_single", "single_auto": true, "ts": 1783053226.434}
{"armed": false, "event": "idle_disarmed", "preset": "person_single", "single_auto": true, "ts": 1783053227.437}
{"armed": false, "event": "idle_disarmed", "preset": "person_single", "single_auto": true, "ts": 1783053227.437}
{"armed": false, "event": "idle_disarmed", "preset": "person_single", "single_auto": true, "ts": 1783053228.44}
{"armed": false, "event": "idle_disarmed", "preset": "person_single", "single_auto": true, "ts": 1783053228.44}
{"armed": false, "event": "idle_disarmed", "preset": "person_single", "single_auto": true, "ts": 1783053229.443}
{"armed": false, "event": "idle_disarmed", "preset": "person_single", "single_auto": true, "ts": 1783053229.443}
{"armed": false, "event": "idle_disarmed", "preset": "person_single", "single_auto": true, "ts": 1783053230.446}
{"armed": false, "event": "idle_disarmed", "preset": "person_single", "single_auto": true, "ts": 1783053230.446}
{"armed": false, "event": "idle_disarmed", "preset": "person_single", "single_auto": true, "ts": 1783053231.449}
{"armed": false, "event": "idle_disarmed", "preset": "person_single", "single_auto": true, "ts": 1783053231.449}
{"armed": false, "event": "idle_disarmed", "preset": "person_single", "single_auto": true, "ts": 1783053232.451}
{"armed": false, "event": "idle_disarmed", "preset": "person_single", "single_auto": true, "ts": 1783053232.451}
{"armed": false, "event": "idle_disarmed", "preset": "person_single", "single_auto": true, "ts": 1783053233.454}
{"armed": false, "event": "idle_disarmed", "preset": "person_single", "single_auto": true, "ts": 1783053233.454}
{"armed": false, "event": "idle_disarmed", "preset": "person_single", "single_auto": true, "ts": 1783053234.457}
{"armed": false, "event": "idle_disarmed", "preset": "person_single", "single_auto": true, "ts": 1783053234.457}
{"armed": false, "event": "idle_disarmed", "preset": "person_single", "single_auto": true, "ts": 1783053235.459}
{"armed": false, "event": "idle_disarmed", "preset": "person_single", "single_auto": true, "ts": 1783053235.459}
{"armed": false, "event": "idle_disarmed", "preset": "person_single", "single_auto": true, "ts": 1783053236.462}
{"armed": false, "event": "idle_disarmed", "preset": "person_single", "single_auto": true, "ts": 1783053236.462}
{"armed": false, "event": "idle_disarmed", "preset": "person_single", "single_auto": true, "ts": 1783053237.465}
{"armed": false, "event": "idle_disarmed", "preset": "person_single", "single_auto": true, "ts": 1783053237.465}
{"armed": false, "event": "idle_disarmed", "preset": "person_single", "single_auto": true, "ts": 1783053238.468}
{"armed": false, "event": "idle_disarmed", "preset": "person_single", "single_auto": true, "ts": 1783053238.468}
{"armed": false, "event": "idle_disarmed", "preset": "person_single", "single_auto": true, "ts": 1783053239.471}
{"armed": false, "event": "idle_disarmed", "preset": "person_single", "single_auto": true, "ts": 1783053239.471}
{"armed": false, "event": "idle_disarmed", "preset": "person_single", "single_auto": true, "ts": 1783053240.474}
{"armed": false, "event": "idle_disarmed", "preset": "person_single", "single_auto": true, "ts": 1783053240.474}
{"armed": false, "event": "idle_disarmed", "preset": "person_single", "single_auto": true, "ts": 1783053241.477}
{"armed": false, "event": "idle_disarmed", "preset": "person_single", "single_auto": true, "ts": 1783053241.477}
{"armed": false, "event": "idle_disarmed", "preset": "person_single", "single_auto": true, "ts": 1783053242.479}
{"armed": false, "event": "idle_disarmed", "preset": "person_single", "single_auto": true, "ts": 1783053242.479}
{"armed": false, "event": "idle_disarmed", "preset": "person_single", "single_auto": true, "ts": 1783053243.482}
{"armed": false, "event": "idle_disarmed", "preset": "person_single", "single_auto": true, "ts": 1783053243.482}
{"armed": false, "event": "idle_disarmed", "preset": "person_single", "single_auto": true, "ts": 1783053244.485}
{"armed": false, "event": "idle_disarmed", "preset": "person_single", "single_auto": true, "ts": 1783053244.485}
{"armed": false, "event": "idle_disarmed", "preset": "person_single", "single_auto": true, "ts": 1783053245.488}
{"armed": false, "event": "idle_disarmed", "preset": "person_single", "single_auto": true, "ts": 1783053245.488}
{"armed": false, "event": "idle_disarmed", "preset": "person_single", "single_auto": true, "ts": 1783053246.49}
{"armed": false, "event": "idle_disarmed", "preset": "person_single", "single_auto": true, "ts": 1783053246.49}
{"armed": false, "event": "idle_disarmed", "preset": "person_single", "single_auto": true, "ts": 1783053247.493}
{"armed": false, "event": "idle_disarmed", "preset": "person_single", "single_auto": true, "ts": 1783053247.493}
{"armed": false, "event": "idle_disarmed", "preset": "person_single", "single_auto": true, "ts": 1783053248.496}
{"armed": false, "event": "idle_disarmed", "preset": "person_single", "single_auto": true, "ts": 1783053248.496}
{"armed": false, "event": "idle_disarmed", "preset": "person_single", "single_auto": true, "ts": 1783053249.499}
{"armed": false, "event": "idle_disarmed", "preset": "person_single", "single_auto": true, "ts": 1783053249.499}
{"armed": false, "event": "idle_disarmed", "preset": "person_single", "single_auto": true, "ts": 1783053250.502}
{"armed": false, "event": "idle_disarmed", "preset": "person_single", "single_auto": true, "ts": 1783053250.502}
{"armed": false, "event": "idle_disarmed", "preset": "person_single", "single_auto": true, "ts": 1783053251.505}
{"armed": false, "event": "idle_disarmed", "preset": "person_single", "single_auto": true, "ts": 1783053251.505}
{"armed": false, "event": "idle_disarmed", "preset": "person_single", "single_auto": true, "ts": 1783053252.508}
{"armed": false, "event": "idle_disarmed", "preset": "person_single", "single_auto": true, "ts": 1783053252.508}
{"armed": false, "event": "idle_disarmed", "preset": "person_single", "single_auto": true, "ts": 1783053253.51}
{"armed": false, "event": "idle_disarmed", "preset": "person_single", "single_auto": true, "ts": 1783053253.51}
{"armed": false, "event": "idle_disarmed", "preset": "person_single", "single_auto": true, "ts": 1783053254.513}
{"armed": false, "event": "idle_disarmed", "preset": "person_single", "single_auto": true, "ts": 1783053254.513}
{"armed": false, "event": "idle_disarmed", "preset": "person_single", "single_auto": true, "ts": 1783053255.516}
{"armed": false, "event": "idle_disarmed", "preset": "person_single", "single_auto": true, "ts": 1783053255.516}
{"armed": false, "event": "idle_disarmed", "preset": "person_single", "single_auto": true, "ts": 1783053256.518}
{"armed": false, "event": "idle_disarmed", "preset": "person_single", "single_auto": true, "ts": 1783053256.518}
{"armed": false, "event": "idle_disarmed", "preset": "person_single", "single_auto": true, "ts": 1783053257.521}
{"armed": false, "event": "idle_disarmed", "preset": "person_single", "single_auto": true, "ts": 1783053257.521}
{"armed": false, "event": "idle_disarmed", "preset": "person_single", "single_auto": true, "ts": 1783053258.523}
{"armed": false, "event": "idle_disarmed", "preset": "person_single", "single_auto": true, "ts": 1783053258.523}
{"armed": false, "event": "idle_disarmed", "preset": "person_single", "single_auto": true, "ts": 1783053259.527}
{"armed": false, "event": "idle_disarmed", "preset": "person_single", "single_auto": true, "ts": 1783053259.527}
{"armed": false, "event": "idle_disarmed", "preset": "person_single", "single_auto": true, "ts": 1783053260.53}
{"armed": false, "event": "idle_disarmed", "preset": "person_single", "single_auto": true, "ts": 1783053260.53}
{"armed": false, "event": "idle_disarmed", "preset": "person_single", "single_auto": true, "ts": 1783053261.533}
{"armed": false, "event": "idle_disarmed", "preset": "person_single", "single_auto": true, "ts": 1783053261.533}
{"armed": false, "event": "idle_disarmed", "preset": "person_single", "single_auto": true, "ts": 1783053262.536}
{"armed": false, "event": "idle_disarmed", "preset": "person_single", "single_auto": true, "ts": 1783053262.536}
{"armed": false, "event": "idle_disarmed", "preset": "person_single", "single_auto": true, "ts": 1783053263.538}
{"armed": false, "event": "idle_disarmed", "preset": "person_single", "single_auto": true, "ts": 1783053263.538}
{"armed": false, "event": "idle_disarmed", "preset": "person_single", "single_auto": true, "ts": 1783053264.542}
{"armed": false, "event": "idle_disarmed", "preset": "person_single", "single_auto": true, "ts": 1783053264.542}
{"armed": false, "event": "idle_disarmed", "preset": "person_single", "single_auto": true, "ts": 1783053265.545}
{"armed": false, "event": "idle_disarmed", "preset": "person_single", "single_auto": true, "ts": 1783053265.545}
{"armed": false, "event": "idle_disarmed", "preset": "person_single", "single_auto": true, "ts": 1783053266.547}
{"armed": false, "event": "idle_disarmed", "preset": "person_single", "single_auto": true, "ts": 1783053266.547}
{"armed": false, "event": "idle_disarmed", "preset": "person_single", "single_auto": true, "ts": 1783053267.55}
{"armed": false, "event": "idle_disarmed", "preset": "person_single", "single_auto": true, "ts": 1783053267.55}
{"armed": false, "event": "idle_disarmed", "preset": "person_single", "single_auto": true, "ts": 1783053268.553}
{"armed": false, "event": "idle_disarmed", "preset": "person_single", "single_auto": true, "ts": 1783053268.553}
{"armed": false, "event": "idle_disarmed", "preset": "person_single", "single_auto": true, "ts": 1783053269.556}
{"armed": false, "event": "idle_disarmed", "preset": "person_single", "single_auto": true, "ts": 1783053269.556}
{"armed": false, "event": "idle_disarmed", "preset": "person_single", "single_auto": true, "ts": 1783053270.559}
{"armed": false, "event": "idle_disarmed", "preset": "person_single", "single_auto": true, "ts": 1783053270.559}
{"armed": false, "event": "idle_disarmed", "preset": "person_single", "single_auto": true, "ts": 1783053271.562}
{"armed": false, "event": "idle_disarmed", "preset": "person_single", "single_auto": true, "ts": 1783053271.562}
{"armed": false, "event": "idle_disarmed", "preset": "person_single", "single_auto": true, "ts": 1783053272.565}
{"armed": false, "event": "idle_disarmed", "preset": "person_single", "single_auto": true, "ts": 1783053272.565}
{"armed": false, "event": "idle_disarmed", "preset": "person_single", "single_auto": true, "ts": 1783053273.568}
{"armed": false, "event": "idle_disarmed", "preset": "person_single", "single_auto": true, "ts": 1783053273.568}
{"armed": false, "event": "idle_disarmed", "preset": "person_single", "single_auto": true, "ts": 1783053274.57}
{"armed": false, "event": "idle_disarmed", "preset": "person_single", "single_auto": true, "ts": 1783053274.57}
{"armed": false, "event": "idle_disarmed", "preset": "person_single", "single_auto": true, "ts": 1783053275.573}
{"armed": false, "event": "idle_disarmed", "preset": "person_single", "single_auto": true, "ts": 1783053275.573}
{"armed": false, "event": "idle_disarmed", "preset": "person_single", "single_auto": true, "ts": 1783053276.576}
{"armed": false, "event": "idle_disarmed", "preset": "person_single", "single_auto": true, "ts": 1783053276.576}
{"armed": false, "event": "idle_disarmed", "preset": "person_single", "single_auto": true, "ts": 1783053277.579}
{"armed": false, "event": "idle_disarmed", "preset": "person_single", "single_auto": true, "ts": 1783053277.579}
{"armed": false, "event": "idle_disarmed", "preset": "person_single", "single_auto": true, "ts": 1783053278.582}
{"armed": false, "event": "idle_disarmed", "preset": "person_single", "single_auto": true, "ts": 1783053278.582}
{"armed": false, "event": "idle_disarmed", "preset": "person_single", "single_auto": true, "ts": 1783053279.585}
{"armed": false, "event": "idle_disarmed", "preset": "person_single", "single_auto": true, "ts": 1783053279.585}
{"armed": false, "event": "idle_disarmed", "preset": "person_single", "single_auto": true, "ts": 1783053280.587}
{"armed": false, "event": "idle_disarmed", "preset": "person_single", "single_auto": true, "ts": 1783053280.587}
{"armed": false, "event": "idle_disarmed", "preset": "person_single", "single_auto": true, "ts": 1783053281.59}
{"armed": false, "event": "idle_disarmed", "preset": "person_single", "single_auto": true, "ts": 1783053281.59}
{"armed": false, "event": "idle_disarmed", "preset": "person_single", "single_auto": true, "ts": 1783053282.593}
{"armed": false, "event": "idle_disarmed", "preset": "person_single", "single_auto": true, "ts": 1783053282.593}
{"armed": false, "event": "idle_disarmed", "preset": "person_single", "single_auto": true, "ts": 1783053283.596}
{"armed": false, "event": "idle_disarmed", "preset": "person_single", "single_auto": true, "ts": 1783053283.596}
{"armed": false, "event": "idle_disarmed", "preset": "person_single", "single_auto": true, "ts": 1783053284.599}
{"armed": false, "event": "idle_disarmed", "preset": "person_single", "single_auto": true, "ts": 1783053284.599}
{"armed": false, "event": "idle_disarmed", "preset": "person_single", "single_auto": true, "ts": 1783053285.602}
{"armed": false, "event": "idle_disarmed", "preset": "person_single", "single_auto": true, "ts": 1783053285.602}
{"armed": false, "event": "idle_disarmed", "preset": "person_single", "single_auto": true, "ts": 1783053286.604}
{"armed": false, "event": "idle_disarmed", "preset": "person_single", "single_auto": true, "ts": 1783053286.604}
{"armed": false, "event": "idle_disarmed", "preset": "person_single", "single_auto": true, "ts": 1783053287.607}
{"armed": false, "event": "idle_disarmed", "preset": "person_single", "single_auto": true, "ts": 1783053287.607}
{"armed": false, "event": "idle_disarmed", "preset": "person_single", "single_auto": true, "ts": 1783053288.61}
{"armed": false, "event": "idle_disarmed", "preset": "person_single", "single_auto": true, "ts": 1783053288.61}
{"armed": false, "event": "idle_disarmed", "preset": "person_single", "single_auto": true, "ts": 1783053289.613}
{"armed": false, "event": "idle_disarmed", "preset": "person_single", "single_auto": true, "ts": 1783053289.613}
{"armed": false, "event": "idle_disarmed", "preset": "person_single", "single_auto": true, "ts": 1783053290.616}
{"armed": false, "event": "idle_disarmed", "preset": "person_single", "single_auto": true, "ts": 1783053290.616}
{"armed": false, "event": "idle_disarmed", "preset": "person_single", "single_auto": true, "ts": 1783053291.619}
{"armed": false, "event": "idle_disarmed", "preset": "person_single", "single_auto": true, "ts": 1783053291.619}
{"armed": false, "event": "idle_disarmed", "preset": "person_single", "single_auto": true, "ts": 1783053292.621}
{"armed": false, "event": "idle_disarmed", "preset": "person_single", "single_auto": true, "ts": 1783053292.621}
{"armed": false, "event": "idle_disarmed", "preset": "person_single", "single_auto": true, "ts": 1783053293.624}
{"armed": false, "event": "idle_disarmed", "preset": "person_single", "single_auto": true, "ts": 1783053293.624}
{"armed": false, "event": "idle_disarmed", "preset": "person_single", "single_auto": true, "ts": 1783053294.627}
{"armed": false, "event": "idle_disarmed", "preset": "person_single", "single_auto": true, "ts": 1783053294.627}
{"armed": false, "event": "idle_disarmed", "preset": "person_single", "single_auto": true, "ts": 1783053295.63}
{"armed": false, "event": "idle_disarmed", "preset": "person_single", "single_auto": true, "ts": 1783053295.63}
{"armed": false, "event": "idle_disarmed", "preset": "person_single", "single_auto": true, "ts": 1783053296.632}
{"armed": false, "event": "idle_disarmed", "preset": "person_single", "single_auto": true, "ts": 1783053296.632}
{"armed": false, "event": "idle_disarmed", "preset": "person_single", "single_auto": true, "ts": 1783053297.635}
{"armed": false, "event": "idle_disarmed", "preset": "person_single", "single_auto": true, "ts": 1783053297.635}
{"armed": false, "event": "idle_disarmed", "preset": "person_single", "single_auto": true, "ts": 1783053298.638}
{"armed": false, "event": "idle_disarmed", "preset": "person_single", "single_auto": true, "ts": 1783053298.638}
{"armed": false, "event": "idle_disarmed", "preset": "person_single", "single_auto": true, "ts": 1783053299.641}
{"armed": false, "event": "idle_disarmed", "preset": "person_single", "single_auto": true, "ts": 1783053299.641}
{"armed": false, "event": "idle_disarmed", "preset": "person_single", "single_auto": true, "ts": 1783053300.643}
{"armed": false, "event": "idle_disarmed", "preset": "person_single", "single_auto": true, "ts": 1783053300.643}
{"armed": false, "event": "idle_disarmed", "preset": "person_single", "single_auto": true, "ts": 1783053301.646}
{"armed": false, "event": "idle_disarmed", "preset": "person_single", "single_auto": true, "ts": 1783053301.646}
{"armed": false, "event": "idle_disarmed", "preset": "person_single", "single_auto": true, "ts": 1783053302.649}
{"armed": false, "event": "idle_disarmed", "preset": "person_single", "single_auto": true, "ts": 1783053302.649}
{"armed": false, "event": "idle_disarmed", "preset": "person_single", "single_auto": true, "ts": 1783053303.651}
{"armed": false, "event": "idle_disarmed", "preset": "person_single", "single_auto": true, "ts": 1783053303.651}
{"armed": false, "event": "idle_disarmed", "preset": "person_single", "single_auto": true, "ts": 1783053304.654}
{"armed": false, "event": "idle_disarmed", "preset": "person_single", "single_auto": true, "ts": 1783053304.654}
{"armed": false, "event": "idle_disarmed", "preset": "person_single", "single_auto": true, "ts": 1783053305.657}
{"armed": false, "event": "idle_disarmed", "preset": "person_single", "single_auto": true, "ts": 1783053305.657}
{"armed": false, "event": "idle_disarmed", "preset": "person_single", "single_auto": true, "ts": 1783053306.66}
{"armed": false, "event": "idle_disarmed", "preset": "person_single", "single_auto": true, "ts": 1783053306.66}
{"armed": false, "event": "idle_disarmed", "preset": "person_single", "single_auto": true, "ts": 1783053307.662}
{"armed": false, "event": "idle_disarmed", "preset": "person_single", "single_auto": true, "ts": 1783053307.662}
{"armed": false, "event": "idle_disarmed", "preset": "person_single", "single_auto": true, "ts": 1783053308.665}
{"armed": false, "event": "idle_disarmed", "preset": "person_single", "single_auto": true, "ts": 1783053308.665}
{"armed": false, "event": "idle_disarmed", "preset": "person_single", "single_auto": true, "ts": 1783053309.668}
{"armed": false, "event": "idle_disarmed", "preset": "person_single", "single_auto": true, "ts": 1783053309.668}
{"armed": false, "event": "idle_disarmed", "preset": "person_single", "single_auto": true, "ts": 1783053310.671}
{"armed": false, "event": "idle_disarmed", "preset": "person_single", "single_auto": true, "ts": 1783053310.671}
{"armed": false, "event": "idle_disarmed", "preset": "person_single", "single_auto": true, "ts": 1783053311.674}
{"armed": false, "event": "idle_disarmed", "preset": "person_single", "single_auto": true, "ts": 1783053311.674}
{"armed": false, "event": "idle_disarmed", "preset": "person_single", "single_auto": true, "ts": 1783053312.677}
{"armed": false, "event": "idle_disarmed", "preset": "person_single", "single_auto": true, "ts": 1783053312.677}
{"armed": false, "event": "idle_disarmed", "preset": "person_single", "single_auto": true, "ts": 1783053313.679}
{"armed": false, "event": "idle_disarmed", "preset": "person_single", "single_auto": true, "ts": 1783053313.679}
{"armed": false, "event": "idle_disarmed", "preset": "car_single", "single_auto": true, "ts": 1783053314.682}
{"armed": false, "event": "idle_disarmed", "preset": "car_single", "single_auto": true, "ts": 1783053314.682}
{"armed": false, "event": "idle_disarmed", "preset": "car_single", "single_auto": true, "ts": 1783053315.685}
{"armed": false, "event": "idle_disarmed", "preset": "car_single", "single_auto": true, "ts": 1783053315.685}
{"armed": false, "event": "idle_disarmed", "preset": "car_single", "single_auto": true, "ts": 1783053316.687}
{"armed": false, "event": "idle_disarmed", "preset": "car_single", "single_auto": true, "ts": 1783053316.687}
{"armed": false, "event": "idle_disarmed", "preset": "car_single", "single_auto": true, "ts": 1783053317.69}
{"armed": false, "event": "idle_disarmed", "preset": "car_single", "single_auto": true, "ts": 1783053317.69}
{"cmd": ["/usr/bin/python3", "/root/rknpu2/examples/rknn_yolov8_demo_opencv_2_work_2/new_yolo8/apply_ptz_object_preset.py", "--preset", "car_single", "--arm", "force", "--strategy", "preset", "--watch"], "event": "child_start", "pid": 32853, "preset": "car_single", "search_preset": "lost_step_wait", "ts": 1783053318.693}
{"cmd": ["/usr/bin/python3", "/root/rknpu2/examples/rknn_yolov8_demo_opencv_2_work_2/new_yolo8/apply_ptz_object_preset.py", "--preset", "car_single", "--arm", "force", "--strategy", "preset", "--watch"], "event": "child_start", "pid": 32853, "preset": "car_single", "search_preset": "lost_step_wait", "ts": 1783053318.693}
{"event": "armed_running", "pid": 32853, "preset": "car_single", "search_preset": "lost_step_wait", "ts": 1783053319.696}
{"event": "armed_running", "pid": 32853, "preset": "car_single", "search_preset": "lost_step_wait", "ts": 1783053319.696}
{"event": "armed_running", "pid": 32853, "preset": "car_single", "search_preset": "lost_step_wait", "ts": 1783053334.734}
{"event": "armed_running", "pid": 32853, "preset": "car_single", "search_preset": "lost_step_wait", "ts": 1783053334.734}
{"event": "armed_running", "pid": 32853, "preset": "car_single", "search_preset": "lost_step_wait", "ts": 1783053349.771}
{"event": "armed_running", "pid": 32853, "preset": "car_single", "search_preset": "lost_step_wait", "ts": 1783053349.771}
{"event": "armed_running", "pid": 32853, "preset": "car_single", "search_preset": "lost_step_wait", "ts": 1783053364.808}
{"event": "armed_running", "pid": 32853, "preset": "car_single", "search_preset": "lost_step_wait", "ts": 1783053364.808}
{"event": "armed_running", "pid": 32853, "preset": "car_single", "search_preset": "lost_step_wait", "ts": 1783053379.845}
{"event": "armed_running", "pid": 32853, "preset": "car_single", "search_preset": "lost_step_wait", "ts": 1783053379.845}
{"event": "armed_running", "pid": 32853, "preset": "car_single", "search_preset": "lost_step_wait", "ts": 1783053394.883}
{"event": "armed_running", "pid": 32853, "preset": "car_single", "search_preset": "lost_step_wait", "ts": 1783053394.883}
{"event": "armed_running", "pid": 32853, "preset": "car_single", "search_preset": "lost_step_wait", "ts": 1783053409.921}
{"event": "armed_running", "pid": 32853, "preset": "car_single", "search_preset": "lost_step_wait", "ts": 1783053409.921}
{"event": "armed_running", "pid": 32853, "preset": "car_single", "search_preset": "lost_step_wait", "ts": 1783053424.957}
{"event": "armed_running", "pid": 32853, "preset": "car_single", "search_preset": "lost_step_wait", "ts": 1783053424.957}
{"event": "armed_running", "pid": 32853, "preset": "car_single", "search_preset": "lost_step_wait", "ts": 1783053439.992}
{"event": "armed_running", "pid": 32853, "preset": "car_single", "search_preset": "lost_step_wait", "ts": 1783053439.992}
{"event": "armed_running", "pid": 32853, "preset": "car_single", "search_preset": "lost_step_wait", "ts": 1783053455.028}
{"event": "armed_running", "pid": 32853, "preset": "car_single", "search_preset": "lost_step_wait", "ts": 1783053455.028}
{"event": "armed_running", "pid": 32853, "preset": "car_single", "search_preset": "lost_step_wait", "ts": 1783053470.062}
{"event": "armed_running", "pid": 32853, "preset": "car_single", "search_preset": "lost_step_wait", "ts": 1783053470.062}
{"event": "armed_running", "pid": 32853, "preset": "car_single", "search_preset": "lost_step_wait", "ts": 1783053485.098}
{"event": "armed_running", "pid": 32853, "preset": "car_single", "search_preset": "lost_step_wait", "ts": 1783053485.098}
{"event": "armed_running", "pid": 32853, "preset": "car_single", "search_preset": "lost_step_wait", "ts": 1783053500.134}
{"event": "armed_running", "pid": 32853, "preset": "car_single", "search_preset": "lost_step_wait", "ts": 1783053500.134}
{"event": "armed_running", "pid": 32853, "preset": "car_single", "search_preset": "lost_step_wait", "ts": 1783053515.169}
{"event": "armed_running", "pid": 32853, "preset": "car_single", "search_preset": "lost_step_wait", "ts": 1783053515.169}
{"event": "armed_running", "pid": 32853, "preset": "car_single", "search_preset": "lost_step_wait", "ts": 1783053530.203}
{"event": "armed_running", "pid": 32853, "preset": "car_single", "search_preset": "lost_step_wait", "ts": 1783053530.203}
{"event": "armed_running", "pid": 32853, "preset": "car_single", "search_preset": "lost_step_wait", "ts": 1783053545.239}
{"event": "armed_running", "pid": 32853, "preset": "car_single", "search_preset": "lost_step_wait", "ts": 1783053545.239}
{"event": "armed_running", "pid": 32853, "preset": "car_single", "search_preset": "lost_step_wait", "ts": 1783053560.274}
{"event": "armed_running", "pid": 32853, "preset": "car_single", "search_preset": "lost_step_wait", "ts": 1783053560.274}
{"event": "armed_running", "pid": 32853, "preset": "car_single", "search_preset": "lost_step_wait", "ts": 1783053575.31}
{"event": "armed_running", "pid": 32853, "preset": "car_single", "search_preset": "lost_step_wait", "ts": 1783053575.31}
{"event": "armed_running", "pid": 32853, "preset": "car_single", "search_preset": "lost_step_wait", "ts": 1783053590.344}
{"event": "armed_running", "pid": 32853, "preset": "car_single", "search_preset": "lost_step_wait", "ts": 1783053590.344}
{"event": "armed_running", "pid": 32853, "preset": "car_single", "search_preset": "lost_step_wait", "ts": 1783053605.38}
{"event": "armed_running", "pid": 32853, "preset": "car_single", "search_preset": "lost_step_wait", "ts": 1783053605.38}
{"event": "armed_running", "pid": 32853, "preset": "car_single", "search_preset": "lost_step_wait", "ts": 1783053620.416}
{"event": "armed_running", "pid": 32853, "preset": "car_single", "search_preset": "lost_step_wait", "ts": 1783053620.416}
{"event": "armed_running", "pid": 32853, "preset": "car_single", "search_preset": "lost_step_wait", "ts": 1783053635.451}
{"event": "armed_running", "pid": 32853, "preset": "car_single", "search_preset": "lost_step_wait", "ts": 1783053635.451}
{"event": "armed_running", "pid": 32853, "preset": "car_single", "search_preset": "lost_step_wait", "ts": 1783053650.486}
{"event": "armed_running", "pid": 32853, "preset": "car_single", "search_preset": "lost_step_wait", "ts": 1783053650.486}
{"event": "armed_running", "pid": 32853, "preset": "car_single", "search_preset": "lost_step_wait", "ts": 1783053665.521}
{"event": "armed_running", "pid": 32853, "preset": "car_single", "search_preset": "lost_step_wait", "ts": 1783053665.521}
{"event": "armed_running", "pid": 32853, "preset": "car_single", "search_preset": "lost_step_wait", "ts": 1783053680.555}
{"event": "armed_running", "pid": 32853, "preset": "car_single", "search_preset": "lost_step_wait", "ts": 1783053680.555}
{"event": "armed_running", "pid": 32853, "preset": "car_single", "search_preset": "lost_step_wait", "ts": 1783053695.59}
{"event": "armed_running", "pid": 32853, "preset": "car_single", "search_preset": "lost_step_wait", "ts": 1783053695.59}
{"event": "armed_running", "pid": 32853, "preset": "car_single", "search_preset": "lost_step_wait", "ts": 1783053710.624}
{"event": "armed_running", "pid": 32853, "preset": "car_single", "search_preset": "lost_step_wait", "ts": 1783053710.624}
{"event": "armed_running", "pid": 32853, "preset": "car_single", "search_preset": "lost_step_wait", "ts": 1783053725.66}
{"event": "armed_running", "pid": 32853, "preset": "car_single", "search_preset": "lost_step_wait", "ts": 1783053725.66}
{"event": "armed_running", "pid": 32853, "preset": "car_single", "search_preset": "lost_step_wait", "ts": 1783053740.695}
{"event": "armed_running", "pid": 32853, "preset": "car_single", "search_preset": "lost_step_wait", "ts": 1783053740.695}
{"event": "armed_running", "pid": 32853, "preset": "car_single", "search_preset": "lost_step_wait", "ts": 1783053755.731}
{"event": "armed_running", "pid": 32853, "preset": "car_single", "search_preset": "lost_step_wait", "ts": 1783053755.731}
{"event": "armed_running", "pid": 32853, "preset": "car_single", "search_preset": "lost_step_wait", "ts": 1783053770.766}
{"event": "armed_running", "pid": 32853, "preset": "car_single", "search_preset": "lost_step_wait", "ts": 1783053770.766}
{"event": "armed_running", "pid": 32853, "preset": "car_single", "search_preset": "lost_step_wait", "ts": 1783053785.801}
{"event": "armed_running", "pid": 32853, "preset": "car_single", "search_preset": "lost_step_wait", "ts": 1783053785.801}
{"event": "armed_running", "pid": 32853, "preset": "car_single", "search_preset": "lost_step_wait", "ts": 1783053800.835}
{"event": "armed_running", "pid": 32853, "preset": "car_single", "search_preset": "lost_step_wait", "ts": 1783053800.835}
{"event": "armed_running", "pid": 32853, "preset": "car_single", "search_preset": "lost_step_wait", "ts": 1783053815.872}
{"event": "armed_running", "pid": 32853, "preset": "car_single", "search_preset": "lost_step_wait", "ts": 1783053815.872}
{"event": "armed_running", "pid": 32853, "preset": "car_single", "search_preset": "lost_step_wait", "ts": 1783053830.907}
{"event": "armed_running", "pid": 32853, "preset": "car_single", "search_preset": "lost_step_wait", "ts": 1783053830.907}
{"event": "armed_running", "pid": 32853, "preset": "car_single", "search_preset": "lost_step_wait", "ts": 1783053845.942}
{"event": "armed_running", "pid": 32853, "preset": "car_single", "search_preset": "lost_step_wait", "ts": 1783053845.942}
{"event": "armed_running", "pid": 32853, "preset": "car_single", "search_preset": "lost_step_wait", "ts": 1783053860.978}
{"event": "armed_running", "pid": 32853, "preset": "car_single", "search_preset": "lost_step_wait", "ts": 1783053860.978}
{"event": "armed_running", "pid": 32853, "preset": "car_single", "search_preset": "lost_step_wait", "ts": 1783053876.013}
{"event": "armed_running", "pid": 32853, "preset": "car_single", "search_preset": "lost_step_wait", "ts": 1783053876.013}
{"event": "armed_running", "pid": 32853, "preset": "car_single", "search_preset": "lost_step_wait", "ts": 1783053891.048}
{"event": "armed_running", "pid": 32853, "preset": "car_single", "search_preset": "lost_step_wait", "ts": 1783053891.048}
{"event": "armed_running", "pid": 32853, "preset": "car_single", "search_preset": "lost_step_wait", "ts": 1783053906.082}
{"event": "armed_running", "pid": 32853, "preset": "car_single", "search_preset": "lost_step_wait", "ts": 1783053906.082}
{"event": "armed_running", "pid": 32853, "preset": "car_single", "search_preset": "lost_step_wait", "ts": 1783053921.118}
{"event": "armed_running", "pid": 32853, "preset": "car_single", "search_preset": "lost_step_wait", "ts": 1783053921.118}
{"event": "armed_running", "pid": 32853, "preset": "car_single", "search_preset": "lost_step_wait", "ts": 1783053936.154}
{"event": "armed_running", "pid": 32853, "preset": "car_single", "search_preset": "lost_step_wait", "ts": 1783053936.154}
{"event": "armed_running", "pid": 32853, "preset": "car_single", "search_preset": "lost_step_wait", "ts": 1783053951.189}
{"event": "armed_running", "pid": 32853, "preset": "car_single", "search_preset": "lost_step_wait", "ts": 1783053951.189}
{"event": "armed_running", "pid": 32853, "preset": "car_single", "search_preset": "lost_step_wait", "ts": 1783053966.224}
{"event": "armed_running", "pid": 32853, "preset": "car_single", "search_preset": "lost_step_wait", "ts": 1783053966.224}
{"event": "armed_running", "pid": 32853, "preset": "car_single", "search_preset": "lost_step_wait", "ts": 1783053981.26}
{"event": "armed_running", "pid": 32853, "preset": "car_single", "search_preset": "lost_step_wait", "ts": 1783053981.26}
{"event": "armed_running", "pid": 32853, "preset": "car_single", "search_preset": "lost_step_wait", "ts": 1783053996.296}
{"event": "armed_running", "pid": 32853, "preset": "car_single", "search_preset": "lost_step_wait", "ts": 1783053996.296}
{"event": "armed_running", "pid": 32853, "preset": "car_single", "search_preset": "lost_step_wait", "ts": 1783054011.331}
{"event": "armed_running", "pid": 32853, "preset": "car_single", "search_preset": "lost_step_wait", "ts": 1783054011.331}
{"event": "armed_running", "pid": 32853, "preset": "car_single", "search_preset": "lost_step_wait", "ts": 1783054026.37}
{"event": "armed_running", "pid": 32853, "preset": "car_single", "search_preset": "lost_step_wait", "ts": 1783054026.37}
{"event": "armed_running", "pid": 32853, "preset": "car_single", "search_preset": "lost_step_wait", "ts": 1783054041.409}
{"event": "armed_running", "pid": 32853, "preset": "car_single", "search_preset": "lost_step_wait", "ts": 1783054041.409}
{"event": "armed_running", "pid": 32853, "preset": "car_single", "search_preset": "lost_step_wait", "ts": 1783054056.444}
{"event": "armed_running", "pid": 32853, "preset": "car_single", "search_preset": "lost_step_wait", "ts": 1783054056.444}
{"event": "armed_running", "pid": 32853, "preset": "car_single", "search_preset": "lost_step_wait", "ts": 1783054071.48}
{"event": "armed_running", "pid": 32853, "preset": "car_single", "search_preset": "lost_step_wait", "ts": 1783054071.48}
{"event": "armed_running", "pid": 32853, "preset": "car_single", "search_preset": "lost_step_wait", "ts": 1783054086.516}
{"event": "armed_running", "pid": 32853, "preset": "car_single", "search_preset": "lost_step_wait", "ts": 1783054086.516}
{"event": "armed_running", "pid": 32853, "preset": "car_single", "search_preset": "lost_step_wait", "ts": 1783054101.551}
{"event": "armed_running", "pid": 32853, "preset": "car_single", "search_preset": "lost_step_wait", "ts": 1783054101.551}
{"event": "armed_running", "pid": 32853, "preset": "car_single", "search_preset": "lost_step_wait", "ts": 1783054116.587}
{"event": "armed_running", "pid": 32853, "preset": "car_single", "search_preset": "lost_step_wait", "ts": 1783054116.587}
{"event": "armed_running", "pid": 32853, "preset": "car_single", "search_preset": "lost_step_wait", "ts": 1783054131.622}
{"event": "armed_running", "pid": 32853, "preset": "car_single", "search_preset": "lost_step_wait", "ts": 1783054131.622}
{"event": "armed_running", "pid": 32853, "preset": "car_single", "search_preset": "lost_step_wait", "ts": 1783054146.658}
{"event": "armed_running", "pid": 32853, "preset": "car_single", "search_preset": "lost_step_wait", "ts": 1783054146.658}
{"event": "armed_running", "pid": 32853, "preset": "car_single", "search_preset": "lost_step_wait", "ts": 1783054161.694}
{"event": "armed_running", "pid": 32853, "preset": "car_single", "search_preset": "lost_step_wait", "ts": 1783054161.694}
{"event": "armed_running", "pid": 32853, "preset": "car_single", "search_preset": "lost_step_wait", "ts": 1783054176.728}
{"event": "armed_running", "pid": 32853, "preset": "car_single", "search_preset": "lost_step_wait", "ts": 1783054176.728}
{"event": "armed_running", "pid": 32853, "preset": "car_single", "search_preset": "lost_step_wait", "ts": 1783054191.763}
{"event": "armed_running", "pid": 32853, "preset": "car_single", "search_preset": "lost_step_wait", "ts": 1783054191.763}
{"event": "armed_running", "pid": 32853, "preset": "car_single", "search_preset": "lost_step_wait", "ts": 1783054206.799}
{"event": "armed_running", "pid": 32853, "preset": "car_single", "search_preset": "lost_step_wait", "ts": 1783054206.799}
{"event": "armed_running", "pid": 32853, "preset": "car_single", "search_preset": "lost_step_wait", "ts": 1783054221.835}
{"event": "armed_running", "pid": 32853, "preset": "car_single", "search_preset": "lost_step_wait", "ts": 1783054221.835}
{"event": "armed_running", "pid": 32853, "preset": "car_single", "search_preset": "lost_step_wait", "ts": 1783054236.871}
{"event": "armed_running", "pid": 32853, "preset": "car_single", "search_preset": "lost_step_wait", "ts": 1783054236.871}
{"event": "armed_running", "pid": 32853, "preset": "car_single", "search_preset": "lost_step_wait", "ts": 1783054251.906}
{"event": "armed_running", "pid": 32853, "preset": "car_single", "search_preset": "lost_step_wait", "ts": 1783054251.906}
{"event": "armed_running", "pid": 32853, "preset": "car_single", "search_preset": "lost_step_wait", "ts": 1783054266.94}
{"event": "armed_running", "pid": 32853, "preset": "car_single", "search_preset": "lost_step_wait", "ts": 1783054266.94}
{"event": "armed_running", "pid": 32853, "preset": "car_single", "search_preset": "lost_step_wait", "ts": 1783054281.976}
{"event": "armed_running", "pid": 32853, "preset": "car_single", "search_preset": "lost_step_wait", "ts": 1783054281.976}
{"event": "armed_running", "pid": 32853, "preset": "car_single", "search_preset": "lost_step_wait", "ts": 1783054297.012}
{"event": "armed_running", "pid": 32853, "preset": "car_single", "search_preset": "lost_step_wait", "ts": 1783054297.012}
{"event": "armed_running", "pid": 32853, "preset": "car_single", "search_preset": "lost_step_wait", "ts": 1783054312.048}
{"event": "armed_running", "pid": 32853, "preset": "car_single", "search_preset": "lost_step_wait", "ts": 1783054312.048}
{"event": "armed_running", "pid": 32853, "preset": "car_single", "search_preset": "lost_step_wait", "ts": 1783054327.081}
{"event": "armed_running", "pid": 32853, "preset": "car_single", "search_preset": "lost_step_wait", "ts": 1783054327.081}
{"event": "armed_running", "pid": 32853, "preset": "car_single", "search_preset": "lost_step_wait", "ts": 1783054342.117}
{"event": "armed_running", "pid": 32853, "preset": "car_single", "search_preset": "lost_step_wait", "ts": 1783054342.117}
{"event": "armed_running", "pid": 32853, "preset": "car_single", "search_preset": "lost_step_wait", "ts": 1783054357.152}
{"event": "armed_running", "pid": 32853, "preset": "car_single", "search_preset": "lost_step_wait", "ts": 1783054357.152}
{"event": "armed_running", "pid": 32853, "preset": "car_single", "search_preset": "lost_step_wait", "ts": 1783054372.186}
{"event": "armed_running", "pid": 32853, "preset": "car_single", "search_preset": "lost_step_wait", "ts": 1783054372.186}
{"event": "armed_running", "pid": 32853, "preset": "car_single", "search_preset": "lost_step_wait", "ts": 1783054387.217}
{"event": "armed_running", "pid": 32853, "preset": "car_single", "search_preset": "lost_step_wait", "ts": 1783054387.217}
{"event": "armed_running", "pid": 32853, "preset": "car_single", "search_preset": "lost_step_wait", "ts": 1783054402.25}
{"event": "armed_running", "pid": 32853, "preset": "car_single", "search_preset": "lost_step_wait", "ts": 1783054402.25}
{"event": "armed_running", "pid": 32853, "preset": "car_single", "search_preset": "lost_step_wait", "ts": 1783054417.285}
{"event": "armed_running", "pid": 32853, "preset": "car_single", "search_preset": "lost_step_wait", "ts": 1783054417.285}
{"event": "armed_running", "pid": 32853, "preset": "car_single", "search_preset": "lost_step_wait", "ts": 1783054432.319}
{"event": "armed_running", "pid": 32853, "preset": "car_single", "search_preset": "lost_step_wait", "ts": 1783054432.319}
{"event": "armed_running", "pid": 32853, "preset": "car_single", "search_preset": "lost_step_wait", "ts": 1783054447.354}
{"event": "armed_running", "pid": 32853, "preset": "car_single", "search_preset": "lost_step_wait", "ts": 1783054447.354}
{"event": "armed_running", "pid": 32853, "preset": "car_single", "search_preset": "lost_step_wait", "ts": 1783054462.387}
{"event": "armed_running", "pid": 32853, "preset": "car_single", "search_preset": "lost_step_wait", "ts": 1783054462.387}
{"event": "armed_running", "pid": 32853, "preset": "car_single", "search_preset": "lost_step_wait", "ts": 1783054477.422}
{"event": "armed_running", "pid": 32853, "preset": "car_single", "search_preset": "lost_step_wait", "ts": 1783054477.422}
{"event": "armed_running", "pid": 32853, "preset": "car_single", "search_preset": "lost_step_wait", "ts": 1783054492.458}
{"event": "armed_running", "pid": 32853, "preset": "car_single", "search_preset": "lost_step_wait", "ts": 1783054492.458}
{"event": "armed_running", "pid": 32853, "preset": "car_single", "search_preset": "lost_step_wait", "ts": 1783054507.492}
{"event": "armed_running", "pid": 32853, "preset": "car_single", "search_preset": "lost_step_wait", "ts": 1783054507.492}
{"event": "armed_running", "pid": 32853, "preset": "car_single", "search_preset": "lost_step_wait", "ts": 1783054522.523}
{"event": "armed_running", "pid": 32853, "preset": "car_single", "search_preset": "lost_step_wait", "ts": 1783054522.523}
{"event": "armed_running", "pid": 32853, "preset": "car_single", "search_preset": "lost_step_wait", "ts": 1783054537.559}
{"event": "armed_running", "pid": 32853, "preset": "car_single", "search_preset": "lost_step_wait", "ts": 1783054537.559}
{"event": "armed_running", "pid": 32853, "preset": "car_single", "search_preset": "lost_step_wait", "ts": 1783054552.593}
{"event": "armed_running", "pid": 32853, "preset": "car_single", "search_preset": "lost_step_wait", "ts": 1783054552.593}
{"event": "armed_running", "pid": 32853, "preset": "car_single", "search_preset": "lost_step_wait", "ts": 1783054567.627}
{"event": "armed_running", "pid": 32853, "preset": "car_single", "search_preset": "lost_step_wait", "ts": 1783054567.627}
{"event": "armed_running", "pid": 32853, "preset": "car_single", "search_preset": "lost_step_wait", "ts": 1783054582.661}
{"event": "armed_running", "pid": 32853, "preset": "car_single", "search_preset": "lost_step_wait", "ts": 1783054582.661}
{"event": "armed_running", "pid": 32853, "preset": "car_single", "search_preset": "lost_step_wait", "ts": 1783054597.694}
{"event": "armed_running", "pid": 32853, "preset": "car_single", "search_preset": "lost_step_wait", "ts": 1783054597.694}
{"event": "armed_running", "pid": 32853, "preset": "car_single", "search_preset": "lost_step_wait", "ts": 1783054612.731}
{"event": "armed_running", "pid": 32853, "preset": "car_single", "search_preset": "lost_step_wait", "ts": 1783054612.731}
{"event": "armed_running", "pid": 32853, "preset": "car_single", "search_preset": "lost_step_wait", "ts": 1783054627.769}
{"event": "armed_running", "pid": 32853, "preset": "car_single", "search_preset": "lost_step_wait", "ts": 1783054627.769}
{"event": "armed_running", "pid": 32853, "preset": "car_single", "search_preset": "lost_step_wait", "ts": 1783054642.804}
{"event": "armed_running", "pid": 32853, "preset": "car_single", "search_preset": "lost_step_wait", "ts": 1783054642.804}
{"event": "armed_running", "pid": 32853, "preset": "car_single", "search_preset": "lost_step_wait", "ts": 1783054657.84}
{"event": "armed_running", "pid": 32853, "preset": "car_single", "search_preset": "lost_step_wait", "ts": 1783054657.84}
{"event": "child_stop", "pid": 32853, "preset": "car_single::lost_step_wait", "reason": "ptzArmed_false", "ts": 1783054660.848}
{"event": "child_stop", "pid": 32853, "preset": "car_single::lost_step_wait", "reason": "ptzArmed_false", "ts": 1783054660.848}
{"archived": "/root/rknpu2/examples/rknn_yolov8_demo_opencv_2_work_2/new_yolo8/logs/session_20260703_045740_ptzArmed_false", "event": "logs_archived", "reason": "ptzArmed_false", "ts": 1783054661.566}
{"archived": "/root/rknpu2/examples/rknn_yolov8_demo_opencv_2_work_2/new_yolo8/logs/session_20260703_045740_ptzArmed_false", "event": "logs_archived", "reason": "ptzArmed_false", "ts": 1783054661.566}
{"armed": false, "event": "idle_disarmed", "preset": "car_single", "single_auto": true, "ts": 1783054661.567}
{"armed": false, "event": "idle_disarmed", "preset": "car_single", "single_auto": true, "ts": 1783054661.567}
{"armed": false, "event": "idle_disarmed", "preset": "car_single", "single_auto": true, "ts": 1783054662.569}
{"armed": false, "event": "idle_disarmed", "preset": "car_single", "single_auto": true, "ts": 1783054662.569}
{"armed": false, "event": "idle_disarmed", "preset": "car_single", "single_auto": true, "ts": 1783054663.572}
{"armed": false, "event": "idle_disarmed", "preset": "car_single", "single_auto": true, "ts": 1783054663.572}
{"armed": false, "event": "idle_disarmed", "preset": "car_single", "single_auto": true, "ts": 1783054664.575}
{"armed": false, "event": "idle_disarmed", "preset": "car_single", "single_auto": true, "ts": 1783054664.575}
{"armed": false, "event": "idle_disarmed", "preset": "car_single", "single_auto": true, "ts": 1783054665.577}
{"armed": false, "event": "idle_disarmed", "preset": "car_single", "single_auto": true, "ts": 1783054665.577}
{"armed": false, "event": "idle_disarmed", "preset": "car_single", "single_auto": true, "ts": 1783054666.58}
{"armed": false, "event": "idle_disarmed", "preset": "car_single", "single_auto": true, "ts": 1783054666.58}
{"cmd": ["/usr/bin/python3", "/root/rknpu2/examples/rknn_yolov8_demo_opencv_2_work_2/new_yolo8/apply_ptz_object_preset.py", "--preset", "car_single", "--arm", "force", "--strategy", "preset", "--watch"], "event": "child_start", "pid": 97492, "preset": "car_single", "search_preset": "lost_step_wait", "ts": 1783054667.584}
{"cmd": ["/usr/bin/python3", "/root/rknpu2/examples/rknn_yolov8_demo_opencv_2_work_2/new_yolo8/apply_ptz_object_preset.py", "--preset", "car_single", "--arm", "force", "--strategy", "preset", "--watch"], "event": "child_start", "pid": 97492, "preset": "car_single", "search_preset": "lost_step_wait", "ts": 1783054667.584}
{"event": "armed_running", "pid": 97492, "preset": "car_single", "search_preset": "lost_step_wait", "ts": 1783054668.586}
{"event": "armed_running", "pid": 97492, "preset": "car_single", "search_preset": "lost_step_wait", "ts": 1783054668.586}
{"event": "child_stop", "pid": 97492, "preset": "car_single::lost_step_wait", "reason": "ptzArmed_false", "ts": 1783054679.614}
{"event": "child_stop", "pid": 97492, "preset": "car_single::lost_step_wait", "reason": "ptzArmed_false", "ts": 1783054679.614}
{"archived": "/root/rknpu2/examples/rknn_yolov8_demo_opencv_2_work_2/new_yolo8/logs/session_20260703_045759_ptzArmed_false", "event": "logs_archived", "reason": "ptzArmed_false", "ts": 1783054680.86}
{"archived": "/root/rknpu2/examples/rknn_yolov8_demo_opencv_2_work_2/new_yolo8/logs/session_20260703_045759_ptzArmed_false", "event": "logs_archived", "reason": "ptzArmed_false", "ts": 1783054680.86}
{"armed": false, "event": "idle_disarmed", "preset": "car_single", "single_auto": true, "ts": 1783054680.861}
{"armed": false, "event": "idle_disarmed", "preset": "car_single", "single_auto": true, "ts": 1783054680.861}
{"armed": false, "event": "idle_disarmed", "preset": "car_single", "single_auto": true, "ts": 1783054681.864}
{"armed": false, "event": "idle_disarmed", "preset": "car_single", "single_auto": true, "ts": 1783054681.864}
{"armed": false, "event": "idle_disarmed", "preset": "car_single", "single_auto": true, "ts": 1783054682.866}
{"armed": false, "event": "idle_disarmed", "preset": "car_single", "single_auto": true, "ts": 1783054682.866}
{"armed": false, "event": "idle_disarmed", "preset": "car_single", "single_auto": true, "ts": 1783054683.869}
{"armed": false, "event": "idle_disarmed", "preset": "car_single", "single_auto": true, "ts": 1783054683.869}
{"armed": false, "event": "idle_disarmed", "preset": "car_single", "single_auto": true, "ts": 1783054684.872}
{"armed": false, "event": "idle_disarmed", "preset": "car_single", "single_auto": true, "ts": 1783054684.872}
{"armed": false, "event": "idle_disarmed", "preset": "car_single", "single_auto": true, "ts": 1783054685.874}
{"armed": false, "event": "idle_disarmed", "preset": "car_single", "single_auto": true, "ts": 1783054685.874}
{"armed": false, "event": "idle_disarmed", "preset": "car_single", "single_auto": true, "ts": 1783054686.877}
{"armed": false, "event": "idle_disarmed", "preset": "car_single", "single_auto": true, "ts": 1783054686.877}
{"armed": false, "event": "idle_disarmed", "preset": "car_single", "single_auto": true, "ts": 1783054687.88}
{"armed": false, "event": "idle_disarmed", "preset": "car_single", "single_auto": true, "ts": 1783054687.88}
{"armed": false, "event": "idle_disarmed", "preset": "car_single", "single_auto": true, "ts": 1783054688.882}
{"armed": false, "event": "idle_disarmed", "preset": "car_single", "single_auto": true, "ts": 1783054688.882}
{"armed": false, "event": "idle_disarmed", "preset": "car_single", "single_auto": true, "ts": 1783054689.885}
{"armed": false, "event": "idle_disarmed", "preset": "car_single", "single_auto": true, "ts": 1783054689.885}
{"armed": false, "event": "idle_disarmed", "preset": "car_single", "single_auto": true, "ts": 1783054690.888}
{"armed": false, "event": "idle_disarmed", "preset": "car_single", "single_auto": true, "ts": 1783054690.888}
{"armed": false, "event": "idle_disarmed", "preset": "car_single", "single_auto": true, "ts": 1783054691.891}
{"armed": false, "event": "idle_disarmed", "preset": "car_single", "single_auto": true, "ts": 1783054691.891}
{"armed": false, "event": "idle_disarmed", "preset": "car_single", "single_auto": true, "ts": 1783054692.894}
{"armed": false, "event": "idle_disarmed", "preset": "car_single", "single_auto": true, "ts": 1783054692.894}
{"armed": false, "event": "idle_disarmed", "preset": "car_single", "single_auto": true, "ts": 1783054693.896}
{"armed": false, "event": "idle_disarmed", "preset": "car_single", "single_auto": true, "ts": 1783054693.896}
{"armed": false, "event": "idle_disarmed", "preset": "car_single", "single_auto": true, "ts": 1783054694.899}
{"armed": false, "event": "idle_disarmed", "preset": "car_single", "single_auto": true, "ts": 1783054694.899}
{"armed": false, "event": "idle_disarmed", "preset": "car_single", "single_auto": true, "ts": 1783054695.902}
{"armed": false, "event": "idle_disarmed", "preset": "car_single", "single_auto": true, "ts": 1783054695.902}
{"armed": false, "event": "idle_disarmed", "preset": "car_single", "single_auto": true, "ts": 1783054696.905}
{"armed": false, "event": "idle_disarmed", "preset": "car_single", "single_auto": true, "ts": 1783054696.905}
{"armed": false, "event": "idle_disarmed", "preset": "car_single", "single_auto": true, "ts": 1783054697.907}
{"armed": false, "event": "idle_disarmed", "preset": "car_single", "single_auto": true, "ts": 1783054697.907}
{"armed": false, "event": "idle_disarmed", "preset": "car_single", "single_auto": true, "ts": 1783054698.91}
{"armed": false, "event": "idle_disarmed", "preset": "car_single", "single_auto": true, "ts": 1783054698.91}
{"armed": false, "event": "idle_disarmed", "preset": "car_single", "single_auto": true, "ts": 1783054699.913}
{"armed": false, "event": "idle_disarmed", "preset": "car_single", "single_auto": true, "ts": 1783054699.913}
{"armed": false, "event": "idle_disarmed", "preset": "car_single", "single_auto": true, "ts": 1783054700.916}
{"armed": false, "event": "idle_disarmed", "preset": "car_single", "single_auto": true, "ts": 1783054700.916}
{"armed": false, "event": "idle_disarmed", "preset": "car_single", "single_auto": true, "ts": 1783054701.918}
{"armed": false, "event": "idle_disarmed", "preset": "car_single", "single_auto": true, "ts": 1783054701.918}
{"armed": false, "event": "idle_disarmed", "preset": "car_single", "single_auto": true, "ts": 1783054702.921}
{"armed": false, "event": "idle_disarmed", "preset": "car_single", "single_auto": true, "ts": 1783054702.921}
{"armed": false, "event": "idle_disarmed", "preset": "car_single", "single_auto": true, "ts": 1783054703.923}
{"armed": false, "event": "idle_disarmed", "preset": "car_single", "single_auto": true, "ts": 1783054703.923}
{"armed": false, "event": "idle_disarmed", "preset": "car_single", "single_auto": true, "ts": 1783054704.926}
{"armed": false, "event": "idle_disarmed", "preset": "car_single", "single_auto": true, "ts": 1783054704.926}
{"armed": false, "event": "idle_disarmed", "preset": "car_single", "single_auto": true, "ts": 1783054705.928}
{"armed": false, "event": "idle_disarmed", "preset": "car_single", "single_auto": true, "ts": 1783054705.928}
{"armed": false, "event": "idle_disarmed", "preset": "car_single", "single_auto": true, "ts": 1783054706.931}
{"armed": false, "event": "idle_disarmed", "preset": "car_single", "single_auto": true, "ts": 1783054706.931}
{"armed": false, "event": "idle_disarmed", "preset": "car_single", "single_auto": true, "ts": 1783054707.934}
{"armed": false, "event": "idle_disarmed", "preset": "car_single", "single_auto": true, "ts": 1783054707.934}
{"armed": false, "event": "idle_disarmed", "preset": "car_single", "single_auto": true, "ts": 1783054708.936}
{"armed": false, "event": "idle_disarmed", "preset": "car_single", "single_auto": true, "ts": 1783054708.936}
{"armed": false, "event": "idle_disarmed", "preset": "car_single", "single_auto": true, "ts": 1783054709.939}
{"armed": false, "event": "idle_disarmed", "preset": "car_single", "single_auto": true, "ts": 1783054709.939}
{"armed": false, "event": "idle_disarmed", "preset": "car_single", "single_auto": true, "ts": 1783054710.942}
{"armed": false, "event": "idle_disarmed", "preset": "car_single", "single_auto": true, "ts": 1783054710.942}
{"armed": false, "event": "idle_disarmed", "preset": "car_single", "single_auto": true, "ts": 1783054711.944}
{"armed": false, "event": "idle_disarmed", "preset": "car_single", "single_auto": true, "ts": 1783054711.944}
{"armed": false, "event": "idle_disarmed", "preset": "car_single", "single_auto": true, "ts": 1783054712.947}
{"armed": false, "event": "idle_disarmed", "preset": "car_single", "single_auto": true, "ts": 1783054712.947}
{"armed": false, "event": "idle_disarmed", "preset": "car_single", "single_auto": true, "ts": 1783054713.95}
{"armed": false, "event": "idle_disarmed", "preset": "car_single", "single_auto": true, "ts": 1783054713.95}
{"armed": false, "event": "idle_disarmed", "preset": "car_single", "single_auto": true, "ts": 1783054714.952}
{"armed": false, "event": "idle_disarmed", "preset": "car_single", "single_auto": true, "ts": 1783054714.952}
{"armed": false, "event": "idle_disarmed", "preset": "car_single", "single_auto": true, "ts": 1783054715.955}
{"armed": false, "event": "idle_disarmed", "preset": "car_single", "single_auto": true, "ts": 1783054715.955}
{"armed": false, "event": "idle_disarmed", "preset": "car_single", "single_auto": true, "ts": 1783054716.958}
{"armed": false, "event": "idle_disarmed", "preset": "car_single", "single_auto": true, "ts": 1783054716.958}
{"armed": false, "event": "idle_disarmed", "preset": "car_single", "single_auto": true, "ts": 1783054717.961}
{"armed": false, "event": "idle_disarmed", "preset": "car_single", "single_auto": true, "ts": 1783054717.961}
{"armed": false, "event": "idle_disarmed", "preset": "car_single", "single_auto": true, "ts": 1783054718.963}
{"armed": false, "event": "idle_disarmed", "preset": "car_single", "single_auto": true, "ts": 1783054718.963}
{"armed": false, "event": "idle_disarmed", "preset": "car_single", "single_auto": true, "ts": 1783054719.966}
{"armed": false, "event": "idle_disarmed", "preset": "car_single", "single_auto": true, "ts": 1783054719.966}
{"armed": false, "event": "idle_disarmed", "preset": "car_single", "single_auto": true, "ts": 1783054720.969}
{"armed": false, "event": "idle_disarmed", "preset": "car_single", "single_auto": true, "ts": 1783054720.969}
{"armed": false, "event": "idle_disarmed", "preset": "car_single", "single_auto": true, "ts": 1783054721.972}
{"armed": false, "event": "idle_disarmed", "preset": "car_single", "single_auto": true, "ts": 1783054721.972}
{"armed": false, "event": "idle_disarmed", "preset": "car_single", "single_auto": true, "ts": 1783054722.974}
{"armed": false, "event": "idle_disarmed", "preset": "car_single", "single_auto": true, "ts": 1783054722.974}
{"armed": false, "event": "idle_disarmed", "preset": "car_single", "single_auto": true, "ts": 1783054723.977}
{"armed": false, "event": "idle_disarmed", "preset": "car_single", "single_auto": true, "ts": 1783054723.977}
{"armed": false, "event": "idle_disarmed", "preset": "car_single", "single_auto": true, "ts": 1783054724.98}
{"armed": false, "event": "idle_disarmed", "preset": "car_single", "single_auto": true, "ts": 1783054724.98}
{"armed": false, "event": "idle_disarmed", "preset": "car_single", "single_auto": true, "ts": 1783054725.983}
{"armed": false, "event": "idle_disarmed", "preset": "car_single", "single_auto": true, "ts": 1783054725.983}
{"armed": false, "event": "idle_disarmed", "preset": "car_single", "single_auto": true, "ts": 1783054726.986}
{"armed": false, "event": "idle_disarmed", "preset": "car_single", "single_auto": true, "ts": 1783054726.986}
{"armed": false, "event": "idle_disarmed", "preset": "car_single", "single_auto": true, "ts": 1783054727.988}
{"armed": false, "event": "idle_disarmed", "preset": "car_single", "single_auto": true, "ts": 1783054727.988}
{"armed": false, "event": "idle_disarmed", "preset": "car_single", "single_auto": true, "ts": 1783054728.991}
{"armed": false, "event": "idle_disarmed", "preset": "car_single", "single_auto": true, "ts": 1783054728.991}
{"armed": false, "event": "idle_disarmed", "preset": "car_single", "single_auto": true, "ts": 1783054729.994}
{"armed": false, "event": "idle_disarmed", "preset": "car_single", "single_auto": true, "ts": 1783054729.994}
{"armed": false, "event": "idle_disarmed", "preset": "car_single", "single_auto": true, "ts": 1783054730.996}
{"armed": false, "event": "idle_disarmed", "preset": "car_single", "single_auto": true, "ts": 1783054730.996}
{"armed": false, "event": "idle_disarmed", "preset": "car_single", "single_auto": true, "ts": 1783054731.999}
{"armed": false, "event": "idle_disarmed", "preset": "car_single", "single_auto": true, "ts": 1783054731.999}
{"armed": false, "event": "idle_disarmed", "preset": "car_single", "single_auto": true, "ts": 1783054733.002}
{"armed": false, "event": "idle_disarmed", "preset": "car_single", "single_auto": true, "ts": 1783054733.002}
{"armed": false, "event": "idle_disarmed", "preset": "car_single", "single_auto": true, "ts": 1783054734.004}
{"armed": false, "event": "idle_disarmed", "preset": "car_single", "single_auto": true, "ts": 1783054734.004}
{"armed": false, "event": "idle_disarmed", "preset": "car_single", "single_auto": true, "ts": 1783054735.007}
{"armed": false, "event": "idle_disarmed", "preset": "car_single", "single_auto": true, "ts": 1783054735.007}
{"armed": false, "event": "idle_disarmed", "preset": "car_single", "single_auto": true, "ts": 1783054736.009}
{"armed": false, "event": "idle_disarmed", "preset": "car_single", "single_auto": true, "ts": 1783054736.009}
{"armed": false, "event": "idle_disarmed", "preset": "car_single", "single_auto": true, "ts": 1783054737.012}
{"armed": false, "event": "idle_disarmed", "preset": "car_single", "single_auto": true, "ts": 1783054737.012}
{"armed": false, "event": "idle_disarmed", "preset": "car_single", "single_auto": true, "ts": 1783054738.015}
{"armed": false, "event": "idle_disarmed", "preset": "car_single", "single_auto": true, "ts": 1783054738.015}
{"armed": false, "event": "idle_disarmed", "preset": "car_single", "single_auto": true, "ts": 1783054739.018}
{"armed": false, "event": "idle_disarmed", "preset": "car_single", "single_auto": true, "ts": 1783054739.018}
{"armed": false, "event": "idle_disarmed", "preset": "car_single", "single_auto": true, "ts": 1783054740.02}
{"armed": false, "event": "idle_disarmed", "preset": "car_single", "single_auto": true, "ts": 1783054740.02}
{"armed": false, "event": "idle_disarmed", "preset": "car_single", "single_auto": true, "ts": 1783054741.023}
{"armed": false, "event": "idle_disarmed", "preset": "car_single", "single_auto": true, "ts": 1783054741.023}
{"armed": false, "event": "idle_disarmed", "preset": "car_single", "single_auto": true, "ts": 1783054742.026}
{"armed": false, "event": "idle_disarmed", "preset": "car_single", "single_auto": true, "ts": 1783054742.026}
{"armed": false, "event": "idle_disarmed", "preset": "car_single", "single_auto": true, "ts": 1783054743.029}
{"armed": false, "event": "idle_disarmed", "preset": "car_single", "single_auto": true, "ts": 1783054743.029}
{"armed": false, "event": "idle_disarmed", "preset": "car_single", "single_auto": true, "ts": 1783054744.032}
{"armed": false, "event": "idle_disarmed", "preset": "car_single", "single_auto": true, "ts": 1783054744.032}
{"armed": false, "event": "idle_disarmed", "preset": "car_single", "single_auto": true, "ts": 1783054745.035}
{"armed": false, "event": "idle_disarmed", "preset": "car_single", "single_auto": true, "ts": 1783054745.035}
{"armed": false, "event": "idle_disarmed", "preset": "car_single", "single_auto": true, "ts": 1783054746.038}
{"armed": false, "event": "idle_disarmed", "preset": "car_single", "single_auto": true, "ts": 1783054746.038}
{"armed": false, "event": "idle_disarmed", "preset": "car_single", "single_auto": true, "ts": 1783054747.04}
{"armed": false, "event": "idle_disarmed", "preset": "car_single", "single_auto": true, "ts": 1783054747.04}
{"armed": false, "event": "idle_disarmed", "preset": "car_single", "single_auto": true, "ts": 1783054748.043}
{"armed": false, "event": "idle_disarmed", "preset": "car_single", "single_auto": true, "ts": 1783054748.043}
{"armed": false, "event": "idle_disarmed", "preset": "car_single", "single_auto": true, "ts": 1783054749.046}
{"armed": false, "event": "idle_disarmed", "preset": "car_single", "single_auto": true, "ts": 1783054749.046}
{"armed": false, "event": "idle_disarmed", "preset": "car_single", "single_auto": true, "ts": 1783054750.049}
{"armed": false, "event": "idle_disarmed", "preset": "car_single", "single_auto": true, "ts": 1783054750.049}
{"armed": false, "event": "idle_disarmed", "preset": "car_single", "single_auto": true, "ts": 1783054751.052}
{"armed": false, "event": "idle_disarmed", "preset": "car_single", "single_auto": true, "ts": 1783054751.052}
{"armed": false, "event": "idle_disarmed", "preset": "car_single", "single_auto": true, "ts": 1783054752.054}
{"armed": false, "event": "idle_disarmed", "preset": "car_single", "single_auto": true, "ts": 1783054752.054}
{"armed": false, "event": "idle_disarmed", "preset": "car_single", "single_auto": true, "ts": 1783054753.057}
{"armed": false, "event": "idle_disarmed", "preset": "car_single", "single_auto": true, "ts": 1783054753.057}
{"armed": false, "event": "idle_disarmed", "preset": "car_single", "single_auto": true, "ts": 1783054754.06}
{"armed": false, "event": "idle_disarmed", "preset": "car_single", "single_auto": true, "ts": 1783054754.06}
{"armed": false, "event": "idle_disarmed", "preset": "car_single", "single_auto": true, "ts": 1783054755.062}
{"armed": false, "event": "idle_disarmed", "preset": "car_single", "single_auto": true, "ts": 1783054755.062}
{"armed": false, "event": "idle_disarmed", "preset": "car_single", "single_auto": true, "ts": 1783054756.065}
{"armed": false, "event": "idle_disarmed", "preset": "car_single", "single_auto": true, "ts": 1783054756.065}
{"armed": false, "event": "idle_disarmed", "preset": "car_single", "single_auto": true, "ts": 1783054757.068}
{"armed": false, "event": "idle_disarmed", "preset": "car_single", "single_auto": true, "ts": 1783054757.068}
{"armed": false, "event": "idle_disarmed", "preset": "car_single", "single_auto": true, "ts": 1783054758.07}
{"armed": false, "event": "idle_disarmed", "preset": "car_single", "single_auto": true, "ts": 1783054758.07}
{"armed": false, "event": "idle_disarmed", "preset": "car_single", "single_auto": true, "ts": 1783054759.073}
{"armed": false, "event": "idle_disarmed", "preset": "car_single", "single_auto": true, "ts": 1783054759.073}
{"armed": false, "event": "idle_disarmed", "preset": "car_single", "single_auto": true, "ts": 1783054760.076}
{"armed": false, "event": "idle_disarmed", "preset": "car_single", "single_auto": true, "ts": 1783054760.076}
{"armed": false, "event": "idle_disarmed", "preset": "car_single", "single_auto": true, "ts": 1783054761.079}
{"armed": false, "event": "idle_disarmed", "preset": "car_single", "single_auto": true, "ts": 1783054761.079}
{"armed": false, "event": "idle_disarmed", "preset": "car_single", "single_auto": true, "ts": 1783054762.082}
{"armed": false, "event": "idle_disarmed", "preset": "car_single", "single_auto": true, "ts": 1783054762.082}
{"armed": false, "event": "idle_disarmed", "preset": "car_single", "single_auto": true, "ts": 1783054763.084}
{"armed": false, "event": "idle_disarmed", "preset": "car_single", "single_auto": true, "ts": 1783054763.084}
{"armed": false, "event": "idle_disarmed", "preset": "car_single", "single_auto": true, "ts": 1783054764.087}
{"armed": false, "event": "idle_disarmed", "preset": "car_single", "single_auto": true, "ts": 1783054764.087}
{"armed": false, "event": "idle_disarmed", "preset": "car_single", "single_auto": true, "ts": 1783054765.09}
{"armed": false, "event": "idle_disarmed", "preset": "car_single", "single_auto": true, "ts": 1783054765.09}
{"armed": false, "event": "idle_disarmed", "preset": "car_single", "single_auto": true, "ts": 1783054766.093}
{"armed": false, "event": "idle_disarmed", "preset": "car_single", "single_auto": true, "ts": 1783054766.093}
{"armed": false, "event": "idle_disarmed", "preset": "car_single", "single_auto": true, "ts": 1783054767.096}
{"armed": false, "event": "idle_disarmed", "preset": "car_single", "single_auto": true, "ts": 1783054767.096}
{"armed": false, "event": "idle_disarmed", "preset": "car_single", "single_auto": true, "ts": 1783054768.098}
{"armed": false, "event": "idle_disarmed", "preset": "car_single", "single_auto": true, "ts": 1783054768.098}
{"armed": false, "event": "idle_disarmed", "preset": "car_single", "single_auto": true, "ts": 1783054769.101}
{"armed": false, "event": "idle_disarmed", "preset": "car_single", "single_auto": true, "ts": 1783054769.101}
{"armed": false, "event": "idle_disarmed", "preset": "car_single", "single_auto": true, "ts": 1783054770.104}
{"armed": false, "event": "idle_disarmed", "preset": "car_single", "single_auto": true, "ts": 1783054770.104}
{"armed": false, "event": "idle_disarmed", "preset": "car_single", "single_auto": true, "ts": 1783054771.106}
{"armed": false, "event": "idle_disarmed", "preset": "car_single", "single_auto": true, "ts": 1783054771.106}
{"armed": false, "event": "idle_disarmed", "preset": "car_single", "single_auto": true, "ts": 1783054772.109}
{"armed": false, "event": "idle_disarmed", "preset": "car_single", "single_auto": true, "ts": 1783054772.109}
{"armed": false, "event": "idle_disarmed", "preset": "car_single", "single_auto": true, "ts": 1783054773.112}
{"armed": false, "event": "idle_disarmed", "preset": "car_single", "single_auto": true, "ts": 1783054773.112}
{"armed": false, "event": "idle_disarmed", "preset": "car_single", "single_auto": true, "ts": 1783054774.115}
{"armed": false, "event": "idle_disarmed", "preset": "car_single", "single_auto": true, "ts": 1783054774.115}
{"armed": false, "event": "idle_disarmed", "preset": "car_single", "single_auto": true, "ts": 1783054775.118}
{"armed": false, "event": "idle_disarmed", "preset": "car_single", "single_auto": true, "ts": 1783054775.118}
{"armed": false, "event": "idle_disarmed", "preset": "car_single", "single_auto": true, "ts": 1783054776.121}
{"armed": false, "event": "idle_disarmed", "preset": "car_single", "single_auto": true, "ts": 1783054776.121}
{"armed": false, "event": "idle_disarmed", "preset": "car_single", "single_auto": true, "ts": 1783054777.123}
{"armed": false, "event": "idle_disarmed", "preset": "car_single", "single_auto": true, "ts": 1783054777.123}
{"armed": false, "event": "idle_disarmed", "preset": "car_single", "single_auto": true, "ts": 1783054778.126}
{"armed": false, "event": "idle_disarmed", "preset": "car_single", "single_auto": true, "ts": 1783054778.126}
{"armed": false, "event": "idle_disarmed", "preset": "car_single", "single_auto": true, "ts": 1783054779.128}
{"armed": false, "event": "idle_disarmed", "preset": "car_single", "single_auto": true, "ts": 1783054779.128}
{"armed": false, "event": "idle_disarmed", "preset": "car_single", "single_auto": true, "ts": 1783054780.131}
{"armed": false, "event": "idle_disarmed", "preset": "car_single", "single_auto": true, "ts": 1783054780.131}
{"armed": false, "event": "idle_disarmed", "preset": "car_single", "single_auto": true, "ts": 1783054781.134}
{"armed": false, "event": "idle_disarmed", "preset": "car_single", "single_auto": true, "ts": 1783054781.134}
{"armed": false, "event": "idle_disarmed", "preset": "car_single", "single_auto": true, "ts": 1783054782.137}
{"armed": false, "event": "idle_disarmed", "preset": "car_single", "single_auto": true, "ts": 1783054782.137}
{"armed": false, "event": "idle_disarmed", "preset": "car_single", "single_auto": true, "ts": 1783054783.139}
{"armed": false, "event": "idle_disarmed", "preset": "car_single", "single_auto": true, "ts": 1783054783.139}
{"armed": false, "event": "idle_disarmed", "preset": "car_single", "single_auto": true, "ts": 1783054784.142}
{"armed": false, "event": "idle_disarmed", "preset": "car_single", "single_auto": true, "ts": 1783054784.142}
{"armed": false, "event": "idle_disarmed", "preset": "car_single", "single_auto": true, "ts": 1783054785.145}
{"armed": false, "event": "idle_disarmed", "preset": "car_single", "single_auto": true, "ts": 1783054785.145}
{"armed": false, "event": "idle_disarmed", "preset": "car_single", "single_auto": true, "ts": 1783054786.147}
{"armed": false, "event": "idle_disarmed", "preset": "car_single", "single_auto": true, "ts": 1783054786.147}
{"armed": false, "event": "idle_disarmed", "preset": "car_single", "single_auto": true, "ts": 1783054787.15}
{"armed": false, "event": "idle_disarmed", "preset": "car_single", "single_auto": true, "ts": 1783054787.15}
{"armed": false, "event": "idle_disarmed", "preset": "car_single", "single_auto": true, "ts": 1783054788.153}
{"armed": false, "event": "idle_disarmed", "preset": "car_single", "single_auto": true, "ts": 1783054788.153}
{"armed": false, "event": "idle_disarmed", "preset": "car_single", "single_auto": true, "ts": 1783054789.156}
{"armed": false, "event": "idle_disarmed", "preset": "car_single", "single_auto": true, "ts": 1783054789.156}
{"armed": false, "event": "idle_disarmed", "preset": "car_single", "single_auto": true, "ts": 1783054790.159}
{"armed": false, "event": "idle_disarmed", "preset": "car_single", "single_auto": true, "ts": 1783054790.159}
{"armed": false, "event": "idle_disarmed", "preset": "car_single", "single_auto": true, "ts": 1783054791.161}
{"armed": false, "event": "idle_disarmed", "preset": "car_single", "single_auto": true, "ts": 1783054791.161}
{"armed": false, "event": "idle_disarmed", "preset": "car_single", "single_auto": true, "ts": 1783054792.164}
{"armed": false, "event": "idle_disarmed", "preset": "car_single", "single_auto": true, "ts": 1783054792.164}
{"armed": false, "event": "idle_disarmed", "preset": "car_single", "single_auto": true, "ts": 1783054793.167}
{"armed": false, "event": "idle_disarmed", "preset": "car_single", "single_auto": true, "ts": 1783054793.167}
{"armed": false, "event": "idle_disarmed", "preset": "car_single", "single_auto": true, "ts": 1783054794.169}
{"armed": false, "event": "idle_disarmed", "preset": "car_single", "single_auto": true, "ts": 1783054794.169}
{"armed": false, "event": "idle_disarmed", "preset": "car_single", "single_auto": true, "ts": 1783054795.172}
{"armed": false, "event": "idle_disarmed", "preset": "car_single", "single_auto": true, "ts": 1783054795.172}
{"armed": false, "event": "idle_disarmed", "preset": "car_single", "single_auto": true, "ts": 1783054796.175}
{"armed": false, "event": "idle_disarmed", "preset": "car_single", "single_auto": true, "ts": 1783054796.175}
{"armed": false, "event": "idle_disarmed", "preset": "car_single", "single_auto": true, "ts": 1783054797.177}
{"armed": false, "event": "idle_disarmed", "preset": "car_single", "single_auto": true, "ts": 1783054797.177}
{"armed": false, "event": "idle_disarmed", "preset": "car_single", "single_auto": true, "ts": 1783054798.18}
{"armed": false, "event": "idle_disarmed", "preset": "car_single", "single_auto": true, "ts": 1783054798.18}
{"armed": false, "event": "idle_disarmed", "preset": "car_single", "single_auto": true, "ts": 1783054799.182}
{"armed": false, "event": "idle_disarmed", "preset": "car_single", "single_auto": true, "ts": 1783054799.182}
{"armed": false, "event": "idle_disarmed", "preset": "car_single", "single_auto": true, "ts": 1783054800.185}
{"armed": false, "event": "idle_disarmed", "preset": "car_single", "single_auto": true, "ts": 1783054800.185}
{"armed": false, "event": "idle_disarmed", "preset": "car_single", "single_auto": true, "ts": 1783054801.188}
{"armed": false, "event": "idle_disarmed", "preset": "car_single", "single_auto": true, "ts": 1783054801.188}
{"armed": false, "event": "idle_disarmed", "preset": "car_single", "single_auto": true, "ts": 1783054802.191}
{"armed": false, "event": "idle_disarmed", "preset": "car_single", "single_auto": true, "ts": 1783054802.191}
{"armed": false, "event": "idle_disarmed", "preset": "car_single", "single_auto": true, "ts": 1783054803.194}
{"armed": false, "event": "idle_disarmed", "preset": "car_single", "single_auto": true, "ts": 1783054803.194}
{"armed": false, "event": "idle_disarmed", "preset": "car_single", "single_auto": true, "ts": 1783054804.196}
{"armed": false, "event": "idle_disarmed", "preset": "car_single", "single_auto": true, "ts": 1783054804.196}
{"armed": false, "event": "idle_disarmed", "preset": "car_single", "single_auto": true, "ts": 1783054805.199}
{"armed": false, "event": "idle_disarmed", "preset": "car_single", "single_auto": true, "ts": 1783054805.199}
{"armed": false, "event": "idle_disarmed", "preset": "car_single", "single_auto": true, "ts": 1783054806.202}
{"armed": false, "event": "idle_disarmed", "preset": "car_single", "single_auto": true, "ts": 1783054806.202}
{"armed": false, "event": "idle_disarmed", "preset": "car_single", "single_auto": true, "ts": 1783054807.204}
{"armed": false, "event": "idle_disarmed", "preset": "car_single", "single_auto": true, "ts": 1783054807.204}
{"armed": false, "event": "idle_disarmed", "preset": "car_single", "single_auto": true, "ts": 1783054808.207}
{"armed": false, "event": "idle_disarmed", "preset": "car_single", "single_auto": true, "ts": 1783054808.207}
{"armed": false, "event": "idle_disarmed", "preset": "car_single", "single_auto": true, "ts": 1783054809.21}
{"armed": false, "event": "idle_disarmed", "preset": "car_single", "single_auto": true, "ts": 1783054809.21}
{"armed": false, "event": "idle_disarmed", "preset": "car_single", "single_auto": true, "ts": 1783054810.213}
{"armed": false, "event": "idle_disarmed", "preset": "car_single", "single_auto": true, "ts": 1783054810.213}
{"armed": false, "event": "idle_disarmed", "preset": "car_single", "single_auto": true, "ts": 1783054811.215}
{"armed": false, "event": "idle_disarmed", "preset": "car_single", "single_auto": true, "ts": 1783054811.215}
{"armed": false, "event": "idle_disarmed", "preset": "car_single", "single_auto": true, "ts": 1783054812.218}
{"armed": false, "event": "idle_disarmed", "preset": "car_single", "single_auto": true, "ts": 1783054812.218}
{"armed": false, "event": "idle_disarmed", "preset": "car_single", "single_auto": true, "ts": 1783054813.221}
{"armed": false, "event": "idle_disarmed", "preset": "car_single", "single_auto": true, "ts": 1783054813.221}
{"armed": false, "event": "idle_disarmed", "preset": "car_single", "single_auto": true, "ts": 1783054814.224}
{"armed": false, "event": "idle_disarmed", "preset": "car_single", "single_auto": true, "ts": 1783054814.224}
{"armed": false, "event": "idle_disarmed", "preset": "car_single", "single_auto": true, "ts": 1783054815.226}
{"armed": false, "event": "idle_disarmed", "preset": "car_single", "single_auto": true, "ts": 1783054815.226}
{"armed": false, "event": "idle_disarmed", "preset": "car_single", "single_auto": true, "ts": 1783054816.229}
{"armed": false, "event": "idle_disarmed", "preset": "car_single", "single_auto": true, "ts": 1783054816.229}
{"armed": false, "event": "idle_disarmed", "preset": "car_single", "single_auto": true, "ts": 1783054817.232}
{"armed": false, "event": "idle_disarmed", "preset": "car_single", "single_auto": true, "ts": 1783054817.232}
{"armed": false, "event": "idle_disarmed", "preset": "car_single", "single_auto": true, "ts": 1783054818.234}
{"armed": false, "event": "idle_disarmed", "preset": "car_single", "single_auto": true, "ts": 1783054818.234}
{"armed": false, "event": "idle_disarmed", "preset": "car_single", "single_auto": true, "ts": 1783054819.237}
{"armed": false, "event": "idle_disarmed", "preset": "car_single", "single_auto": true, "ts": 1783054819.237}
{"armed": false, "event": "idle_disarmed", "preset": "car_single", "single_auto": true, "ts": 1783054820.24}
{"armed": false, "event": "idle_disarmed", "preset": "car_single", "single_auto": true, "ts": 1783054820.24}
{"armed": false, "event": "idle_disarmed", "preset": "car_single", "single_auto": true, "ts": 1783054821.242}
{"armed": false, "event": "idle_disarmed", "preset": "car_single", "single_auto": true, "ts": 1783054821.242}
{"armed": false, "event": "idle_disarmed", "preset": "car_single", "single_auto": true, "ts": 1783054822.245}
{"armed": false, "event": "idle_disarmed", "preset": "car_single", "single_auto": true, "ts": 1783054822.245}
{"armed": false, "event": "idle_disarmed", "preset": "car_single", "single_auto": true, "ts": 1783054823.248}
{"armed": false, "event": "idle_disarmed", "preset": "car_single", "single_auto": true, "ts": 1783054823.248}
{"armed": false, "event": "idle_disarmed", "preset": "car_single", "single_auto": true, "ts": 1783054824.25}
{"armed": false, "event": "idle_disarmed", "preset": "car_single", "single_auto": true, "ts": 1783054824.25}
{"armed": false, "event": "idle_disarmed", "preset": "car_single", "single_auto": true, "ts": 1783054825.253}
{"armed": false, "event": "idle_disarmed", "preset": "car_single", "single_auto": true, "ts": 1783054825.253}
{"armed": false, "event": "idle_disarmed", "preset": "car_single", "single_auto": true, "ts": 1783054826.256}
{"armed": false, "event": "idle_disarmed", "preset": "car_single", "single_auto": true, "ts": 1783054826.256}
{"armed": false, "event": "idle_disarmed", "preset": "car_single", "single_auto": true, "ts": 1783054827.259}
{"armed": false, "event": "idle_disarmed", "preset": "car_single", "single_auto": true, "ts": 1783054827.259}
{"armed": false, "event": "idle_disarmed", "preset": "car_single", "single_auto": true, "ts": 1783054828.261}
{"armed": false, "event": "idle_disarmed", "preset": "car_single", "single_auto": true, "ts": 1783054828.261}
{"armed": false, "event": "idle_disarmed", "preset": "car_single", "single_auto": true, "ts": 1783054829.264}
{"armed": false, "event": "idle_disarmed", "preset": "car_single", "single_auto": true, "ts": 1783054829.264}
{"armed": false, "event": "idle_disarmed", "preset": "car_single", "single_auto": true, "ts": 1783054830.267}
{"armed": false, "event": "idle_disarmed", "preset": "car_single", "single_auto": true, "ts": 1783054830.267}
{"armed": false, "event": "idle_disarmed", "preset": "car_single", "single_auto": true, "ts": 1783054831.27}
{"armed": false, "event": "idle_disarmed", "preset": "car_single", "single_auto": true, "ts": 1783054831.27}
{"armed": false, "event": "idle_disarmed", "preset": "car_single", "single_auto": true, "ts": 1783054832.272}
{"armed": false, "event": "idle_disarmed", "preset": "car_single", "single_auto": true, "ts": 1783054832.272}
{"armed": false, "event": "idle_disarmed", "preset": "car_single", "single_auto": true, "ts": 1783054833.275}
{"armed": false, "event": "idle_disarmed", "preset": "car_single", "single_auto": true, "ts": 1783054833.275}
{"armed": false, "event": "idle_disarmed", "preset": "car_single", "single_auto": true, "ts": 1783054834.278}
{"armed": false, "event": "idle_disarmed", "preset": "car_single", "single_auto": true, "ts": 1783054834.278}
{"armed": false, "event": "idle_disarmed", "preset": "car_single", "single_auto": true, "ts": 1783054835.281}
{"armed": false, "event": "idle_disarmed", "preset": "car_single", "single_auto": true, "ts": 1783054835.281}
{"armed": false, "event": "idle_disarmed", "preset": "car_single", "single_auto": true, "ts": 1783054836.284}
{"armed": false, "event": "idle_disarmed", "preset": "car_single", "single_auto": true, "ts": 1783054836.284}
{"armed": false, "event": "idle_disarmed", "preset": "car_single", "single_auto": true, "ts": 1783054837.286}
{"armed": false, "event": "idle_disarmed", "preset": "car_single", "single_auto": true, "ts": 1783054837.286}
{"armed": false, "event": "idle_disarmed", "preset": "car_single", "single_auto": true, "ts": 1783054838.289}
{"armed": false, "event": "idle_disarmed", "preset": "car_single", "single_auto": true, "ts": 1783054838.289}
{"armed": false, "event": "idle_disarmed", "preset": "car_single", "single_auto": true, "ts": 1783054839.292}
{"armed": false, "event": "idle_disarmed", "preset": "car_single", "single_auto": true, "ts": 1783054839.292}
{"armed": false, "event": "idle_disarmed", "preset": "car_single", "single_auto": true, "ts": 1783054840.294}
{"armed": false, "event": "idle_disarmed", "preset": "car_single", "single_auto": true, "ts": 1783054840.294}
{"armed": false, "event": "idle_disarmed", "preset": "car_single", "single_auto": true, "ts": 1783054841.297}
{"armed": false, "event": "idle_disarmed", "preset": "car_single", "single_auto": true, "ts": 1783054841.297}
{"armed": false, "event": "idle_disarmed", "preset": "car_single", "single_auto": true, "ts": 1783054842.3}
{"armed": false, "event": "idle_disarmed", "preset": "car_single", "single_auto": true, "ts": 1783054842.3}
{"armed": false, "event": "idle_disarmed", "preset": "car_single", "single_auto": true, "ts": 1783054843.302}
{"armed": false, "event": "idle_disarmed", "preset": "car_single", "single_auto": true, "ts": 1783054843.302}
{"armed": false, "event": "idle_disarmed", "preset": "car_single", "single_auto": true, "ts": 1783054844.305}
{"armed": false, "event": "idle_disarmed", "preset": "car_single", "single_auto": true, "ts": 1783054844.305}
{"armed": false, "event": "idle_disarmed", "preset": "car_single", "single_auto": true, "ts": 1783054845.307}
{"armed": false, "event": "idle_disarmed", "preset": "car_single", "single_auto": true, "ts": 1783054845.307}
{"armed": false, "event": "idle_disarmed", "preset": "car_single", "single_auto": true, "ts": 1783054846.31}
{"armed": false, "event": "idle_disarmed", "preset": "car_single", "single_auto": true, "ts": 1783054846.31}
{"armed": false, "event": "idle_disarmed", "preset": "car_single", "single_auto": true, "ts": 1783054847.312}
{"armed": false, "event": "idle_disarmed", "preset": "car_single", "single_auto": true, "ts": 1783054847.312}
{"armed": false, "event": "idle_disarmed", "preset": "car_single", "single_auto": true, "ts": 1783054848.315}
{"armed": false, "event": "idle_disarmed", "preset": "car_single", "single_auto": true, "ts": 1783054848.315}
{"armed": false, "event": "idle_disarmed", "preset": "car_single", "single_auto": true, "ts": 1783054849.318}
{"armed": false, "event": "idle_disarmed", "preset": "car_single", "single_auto": true, "ts": 1783054849.318}
{"armed": false, "event": "idle_disarmed", "preset": "car_single", "single_auto": true, "ts": 1783054850.321}
{"armed": false, "event": "idle_disarmed", "preset": "car_single", "single_auto": true, "ts": 1783054850.321}
{"armed": false, "event": "idle_disarmed", "preset": "car_single", "single_auto": true, "ts": 1783054851.323}
{"armed": false, "event": "idle_disarmed", "preset": "car_single", "single_auto": true, "ts": 1783054851.323}
{"armed": false, "event": "idle_disarmed", "preset": "car_single", "single_auto": true, "ts": 1783054852.326}
{"armed": false, "event": "idle_disarmed", "preset": "car_single", "single_auto": true, "ts": 1783054852.326}
{"armed": false, "event": "idle_disarmed", "preset": "car_single", "single_auto": true, "ts": 1783054853.329}
{"armed": false, "event": "idle_disarmed", "preset": "car_single", "single_auto": true, "ts": 1783054853.329}
{"armed": false, "event": "idle_disarmed", "preset": "car_single", "single_auto": true, "ts": 1783054854.331}
{"armed": false, "event": "idle_disarmed", "preset": "car_single", "single_auto": true, "ts": 1783054854.331}
{"armed": false, "event": "idle_disarmed", "preset": "car_single", "single_auto": true, "ts": 1783054855.334}
{"armed": false, "event": "idle_disarmed", "preset": "car_single", "single_auto": true, "ts": 1783054855.334}
{"armed": false, "event": "idle_disarmed", "preset": "car_single", "single_auto": true, "ts": 1783054856.337}
{"armed": false, "event": "idle_disarmed", "preset": "car_single", "single_auto": true, "ts": 1783054856.337}
{"armed": false, "event": "idle_disarmed", "preset": "car_single", "single_auto": true, "ts": 1783054857.339}
{"armed": false, "event": "idle_disarmed", "preset": "car_single", "single_auto": true, "ts": 1783054857.339}
{"armed": false, "event": "idle_disarmed", "preset": "car_single", "single_auto": true, "ts": 1783054858.342}
{"armed": false, "event": "idle_disarmed", "preset": "car_single", "single_auto": true, "ts": 1783054858.342}
{"armed": false, "event": "idle_disarmed", "preset": "car_single", "single_auto": true, "ts": 1783054859.345}
{"armed": false, "event": "idle_disarmed", "preset": "car_single", "single_auto": true, "ts": 1783054859.345}
{"armed": false, "event": "idle_disarmed", "preset": "car_single", "single_auto": true, "ts": 1783054860.348}
{"armed": false, "event": "idle_disarmed", "preset": "car_single", "single_auto": true, "ts": 1783054860.348}
{"armed": false, "event": "idle_disarmed", "preset": "car_single", "single_auto": true, "ts": 1783054861.35}
{"armed": false, "event": "idle_disarmed", "preset": "car_single", "single_auto": true, "ts": 1783054861.35}
{"armed": false, "event": "idle_disarmed", "preset": "car_single", "single_auto": true, "ts": 1783054862.353}
{"armed": false, "event": "idle_disarmed", "preset": "car_single", "single_auto": true, "ts": 1783054862.353}
{"armed": false, "event": "idle_disarmed", "preset": "car_single", "single_auto": true, "ts": 1783054863.356}
{"armed": false, "event": "idle_disarmed", "preset": "car_single", "single_auto": true, "ts": 1783054863.356}
{"armed": false, "event": "idle_disarmed", "preset": "car_single", "single_auto": true, "ts": 1783054864.358}
{"armed": false, "event": "idle_disarmed", "preset": "car_single", "single_auto": true, "ts": 1783054864.358}
{"armed": false, "event": "idle_disarmed", "preset": "car_single", "single_auto": true, "ts": 1783054865.361}
{"armed": false, "event": "idle_disarmed", "preset": "car_single", "single_auto": true, "ts": 1783054865.361}
{"armed": false, "event": "idle_disarmed", "preset": "car_single", "single_auto": true, "ts": 1783054866.364}
{"armed": false, "event": "idle_disarmed", "preset": "car_single", "single_auto": true, "ts": 1783054866.364}
{"armed": false, "event": "idle_disarmed", "preset": "car_single", "single_auto": true, "ts": 1783054867.366}
{"armed": false, "event": "idle_disarmed", "preset": "car_single", "single_auto": true, "ts": 1783054867.366}
{"armed": false, "event": "idle_disarmed", "preset": "car_single", "single_auto": true, "ts": 1783054868.369}
{"armed": false, "event": "idle_disarmed", "preset": "car_single", "single_auto": true, "ts": 1783054868.369}
{"armed": false, "event": "idle_disarmed", "preset": "car_single", "single_auto": true, "ts": 1783054869.371}
{"armed": false, "event": "idle_disarmed", "preset": "car_single", "single_auto": true, "ts": 1783054869.371}
{"armed": false, "event": "idle_disarmed", "preset": "car_single", "single_auto": true, "ts": 1783054870.374}
{"armed": false, "event": "idle_disarmed", "preset": "car_single", "single_auto": true, "ts": 1783054870.374}
{"armed": false, "event": "idle_disarmed", "preset": "car_single", "single_auto": true, "ts": 1783054871.377}
{"armed": false, "event": "idle_disarmed", "preset": "car_single", "single_auto": true, "ts": 1783054871.377}
{"armed": false, "event": "idle_disarmed", "preset": "car_single", "single_auto": true, "ts": 1783054872.379}
{"armed": false, "event": "idle_disarmed", "preset": "car_single", "single_auto": true, "ts": 1783054872.379}
{"armed": false, "event": "idle_disarmed", "preset": "car_single", "single_auto": true, "ts": 1783054873.382}
{"armed": false, "event": "idle_disarmed", "preset": "car_single", "single_auto": true, "ts": 1783054873.382}
{"armed": false, "event": "idle_disarmed", "preset": "car_single", "single_auto": true, "ts": 1783054874.384}
{"armed": false, "event": "idle_disarmed", "preset": "car_single", "single_auto": true, "ts": 1783054874.384}
{"armed": false, "event": "idle_disarmed", "preset": "car_single", "single_auto": true, "ts": 1783054875.387}
{"armed": false, "event": "idle_disarmed", "preset": "car_single", "single_auto": true, "ts": 1783054875.387}
{"armed": false, "event": "idle_disarmed", "preset": "car_single", "single_auto": true, "ts": 1783054876.39}
{"armed": false, "event": "idle_disarmed", "preset": "car_single", "single_auto": true, "ts": 1783054876.39}
{"armed": false, "event": "idle_disarmed", "preset": "car_single", "single_auto": true, "ts": 1783054877.392}
{"armed": false, "event": "idle_disarmed", "preset": "car_single", "single_auto": true, "ts": 1783054877.392}
{"armed": false, "event": "idle_disarmed", "preset": "car_single", "single_auto": true, "ts": 1783054878.395}
{"armed": false, "event": "idle_disarmed", "preset": "car_single", "single_auto": true, "ts": 1783054878.395}
{"armed": false, "event": "idle_disarmed", "preset": "car_single", "single_auto": true, "ts": 1783054879.398}
{"armed": false, "event": "idle_disarmed", "preset": "car_single", "single_auto": true, "ts": 1783054879.398}
{"armed": false, "event": "idle_disarmed", "preset": "car_single", "single_auto": true, "ts": 1783054880.4}
{"armed": false, "event": "idle_disarmed", "preset": "car_single", "single_auto": true, "ts": 1783054880.4}
{"armed": false, "event": "idle_disarmed", "preset": "car_single", "single_auto": true, "ts": 1783054881.403}
{"armed": false, "event": "idle_disarmed", "preset": "car_single", "single_auto": true, "ts": 1783054881.403}
{"armed": false, "event": "idle_disarmed", "preset": "car_single", "single_auto": true, "ts": 1783054882.406}
{"armed": false, "event": "idle_disarmed", "preset": "car_single", "single_auto": true, "ts": 1783054882.406}
{"armed": false, "event": "idle_disarmed", "preset": "car_single", "single_auto": true, "ts": 1783054883.408}
{"armed": false, "event": "idle_disarmed", "preset": "car_single", "single_auto": true, "ts": 1783054883.408}
{"armed": false, "event": "idle_disarmed", "preset": "car_single", "single_auto": true, "ts": 1783054884.411}
{"armed": false, "event": "idle_disarmed", "preset": "car_single", "single_auto": true, "ts": 1783054884.411}
{"armed": false, "event": "idle_disarmed", "preset": "car_single", "single_auto": true, "ts": 1783054885.414}
{"armed": false, "event": "idle_disarmed", "preset": "car_single", "single_auto": true, "ts": 1783054885.414}
{"armed": false, "event": "idle_disarmed", "preset": "car_single", "single_auto": true, "ts": 1783054886.417}
{"armed": false, "event": "idle_disarmed", "preset": "car_single", "single_auto": true, "ts": 1783054886.417}
{"armed": false, "event": "idle_disarmed", "preset": "car_single", "single_auto": true, "ts": 1783054887.419}
{"armed": false, "event": "idle_disarmed", "preset": "car_single", "single_auto": true, "ts": 1783054887.419}
{"armed": false, "event": "idle_disarmed", "preset": "car_single", "single_auto": true, "ts": 1783054888.422}
{"armed": false, "event": "idle_disarmed", "preset": "car_single", "single_auto": true, "ts": 1783054888.422}
{"armed": false, "event": "idle_disarmed", "preset": "car_single", "single_auto": true, "ts": 1783054889.424}
{"armed": false, "event": "idle_disarmed", "preset": "car_single", "single_auto": true, "ts": 1783054889.424}
{"armed": false, "event": "idle_disarmed", "preset": "car_single", "single_auto": true, "ts": 1783054890.427}
{"armed": false, "event": "idle_disarmed", "preset": "car_single", "single_auto": true, "ts": 1783054890.427}
{"armed": false, "event": "idle_disarmed", "preset": "car_single", "single_auto": true, "ts": 1783054891.43}
{"armed": false, "event": "idle_disarmed", "preset": "car_single", "single_auto": true, "ts": 1783054891.43}
{"armed": false, "event": "idle_disarmed", "preset": "car_single", "single_auto": true, "ts": 1783054892.432}
{"armed": false, "event": "idle_disarmed", "preset": "car_single", "single_auto": true, "ts": 1783054892.432}
{"armed": false, "event": "idle_disarmed", "preset": "car_single", "single_auto": true, "ts": 1783054893.435}
{"armed": false, "event": "idle_disarmed", "preset": "car_single", "single_auto": true, "ts": 1783054893.435}
{"armed": false, "event": "idle_disarmed", "preset": "car_single", "single_auto": true, "ts": 1783054894.438}
{"armed": false, "event": "idle_disarmed", "preset": "car_single", "single_auto": true, "ts": 1783054894.438}
{"armed": false, "event": "idle_disarmed", "preset": "car_single", "single_auto": true, "ts": 1783054895.441}
{"armed": false, "event": "idle_disarmed", "preset": "car_single", "single_auto": true, "ts": 1783054895.441}
{"armed": false, "event": "idle_disarmed", "preset": "car_single", "single_auto": true, "ts": 1783054896.443}
{"armed": false, "event": "idle_disarmed", "preset": "car_single", "single_auto": true, "ts": 1783054896.443}
{"armed": false, "event": "idle_disarmed", "preset": "car_single", "single_auto": true, "ts": 1783054897.446}
{"armed": false, "event": "idle_disarmed", "preset": "car_single", "single_auto": true, "ts": 1783054897.446}
{"armed": false, "event": "idle_disarmed", "preset": "car_single", "single_auto": true, "ts": 1783054898.449}
{"armed": false, "event": "idle_disarmed", "preset": "car_single", "single_auto": true, "ts": 1783054898.449}
{"armed": false, "event": "idle_disarmed", "preset": "car_single", "single_auto": true, "ts": 1783054899.451}
{"armed": false, "event": "idle_disarmed", "preset": "car_single", "single_auto": true, "ts": 1783054899.451}
{"armed": false, "event": "idle_disarmed", "preset": "car_single", "single_auto": true, "ts": 1783054900.454}
{"armed": false, "event": "idle_disarmed", "preset": "car_single", "single_auto": true, "ts": 1783054900.454}
{"armed": false, "event": "idle_disarmed", "preset": "car_single", "single_auto": true, "ts": 1783054901.456}
{"armed": false, "event": "idle_disarmed", "preset": "car_single", "single_auto": true, "ts": 1783054901.456}
{"armed": false, "event": "idle_disarmed", "preset": "car_single", "single_auto": true, "ts": 1783054902.459}
{"armed": false, "event": "idle_disarmed", "preset": "car_single", "single_auto": true, "ts": 1783054902.459}
{"armed": false, "event": "idle_disarmed", "preset": "car_single", "single_auto": true, "ts": 1783054903.462}
{"armed": false, "event": "idle_disarmed", "preset": "car_single", "single_auto": true, "ts": 1783054903.462}
{"armed": false, "event": "idle_disarmed", "preset": "car_single", "single_auto": true, "ts": 1783054904.465}
{"armed": false, "event": "idle_disarmed", "preset": "car_single", "single_auto": true, "ts": 1783054904.465}
{"armed": false, "event": "idle_disarmed", "preset": "car_single", "single_auto": true, "ts": 1783054905.467}
{"armed": false, "event": "idle_disarmed", "preset": "car_single", "single_auto": true, "ts": 1783054905.467}
{"armed": false, "event": "idle_disarmed", "preset": "car_single", "single_auto": true, "ts": 1783054906.47}
{"armed": false, "event": "idle_disarmed", "preset": "car_single", "single_auto": true, "ts": 1783054906.47}
{"armed": false, "event": "idle_disarmed", "preset": "car_single", "single_auto": true, "ts": 1783054907.473}
{"armed": false, "event": "idle_disarmed", "preset": "car_single", "single_auto": true, "ts": 1783054907.473}
{"armed": false, "event": "idle_disarmed", "preset": "car_single", "single_auto": true, "ts": 1783054908.475}
{"armed": false, "event": "idle_disarmed", "preset": "car_single", "single_auto": true, "ts": 1783054908.475}
{"armed": false, "event": "idle_disarmed", "preset": "car_single", "single_auto": true, "ts": 1783054909.478}
{"armed": false, "event": "idle_disarmed", "preset": "car_single", "single_auto": true, "ts": 1783054909.478}
{"armed": false, "event": "idle_disarmed", "preset": "car_single", "single_auto": true, "ts": 1783054910.481}
{"armed": false, "event": "idle_disarmed", "preset": "car_single", "single_auto": true, "ts": 1783054910.481}
{"armed": false, "event": "idle_disarmed", "preset": "car_single", "single_auto": true, "ts": 1783054911.483}
{"armed": false, "event": "idle_disarmed", "preset": "car_single", "single_auto": true, "ts": 1783054911.483}
{"armed": false, "event": "idle_disarmed", "preset": "car_single", "single_auto": true, "ts": 1783054912.486}
{"armed": false, "event": "idle_disarmed", "preset": "car_single", "single_auto": true, "ts": 1783054912.486}
{"armed": false, "event": "idle_disarmed", "preset": "car_single", "single_auto": true, "ts": 1783054913.488}
{"armed": false, "event": "idle_disarmed", "preset": "car_single", "single_auto": true, "ts": 1783054913.488}
{"armed": false, "event": "idle_disarmed", "preset": "car_single", "single_auto": true, "ts": 1783054914.491}
{"armed": false, "event": "idle_disarmed", "preset": "car_single", "single_auto": true, "ts": 1783054914.491}
{"armed": false, "event": "idle_disarmed", "preset": "car_single", "single_auto": true, "ts": 1783054915.494}
{"armed": false, "event": "idle_disarmed", "preset": "car_single", "single_auto": true, "ts": 1783054915.494}
{"armed": false, "event": "idle_disarmed", "preset": "car_single", "single_auto": true, "ts": 1783054916.496}
{"armed": false, "event": "idle_disarmed", "preset": "car_single", "single_auto": true, "ts": 1783054916.496}
{"armed": false, "event": "idle_disarmed", "preset": "car_single", "single_auto": true, "ts": 1783054917.499}
{"armed": false, "event": "idle_disarmed", "preset": "car_single", "single_auto": true, "ts": 1783054917.499}
{"armed": false, "event": "idle_disarmed", "preset": "car_single", "single_auto": true, "ts": 1783054918.502}
{"armed": false, "event": "idle_disarmed", "preset": "car_single", "single_auto": true, "ts": 1783054918.502}
{"armed": false, "event": "idle_disarmed", "preset": "car_single", "single_auto": true, "ts": 1783054919.504}
{"armed": false, "event": "idle_disarmed", "preset": "car_single", "single_auto": true, "ts": 1783054919.504}
{"armed": false, "event": "idle_disarmed", "preset": "car_single", "single_auto": true, "ts": 1783054920.507}
{"armed": false, "event": "idle_disarmed", "preset": "car_single", "single_auto": true, "ts": 1783054920.507}
{"armed": false, "event": "idle_disarmed", "preset": "car_single", "single_auto": true, "ts": 1783054921.51}
{"armed": false, "event": "idle_disarmed", "preset": "car_single", "single_auto": true, "ts": 1783054921.51}
{"armed": false, "event": "idle_disarmed", "preset": "car_single", "single_auto": true, "ts": 1783054922.513}
{"armed": false, "event": "idle_disarmed", "preset": "car_single", "single_auto": true, "ts": 1783054922.513}
{"armed": false, "event": "idle_disarmed", "preset": "car_single", "single_auto": true, "ts": 1783054923.515}
{"armed": false, "event": "idle_disarmed", "preset": "car_single", "single_auto": true, "ts": 1783054923.515}
{"armed": false, "event": "idle_disarmed", "preset": "car_single", "single_auto": true, "ts": 1783054924.518}
{"armed": false, "event": "idle_disarmed", "preset": "car_single", "single_auto": true, "ts": 1783054924.518}
{"armed": false, "event": "idle_disarmed", "preset": "car_single", "single_auto": true, "ts": 1783054925.521}
{"armed": false, "event": "idle_disarmed", "preset": "car_single", "single_auto": true, "ts": 1783054925.521}
{"armed": false, "event": "idle_disarmed", "preset": "car_single", "single_auto": true, "ts": 1783054926.524}
{"armed": false, "event": "idle_disarmed", "preset": "car_single", "single_auto": true, "ts": 1783054926.524}
{"armed": false, "event": "idle_disarmed", "preset": "car_single", "single_auto": true, "ts": 1783054927.527}
{"armed": false, "event": "idle_disarmed", "preset": "car_single", "single_auto": true, "ts": 1783054927.527}
{"armed": false, "event": "idle_disarmed", "preset": "car_single", "single_auto": true, "ts": 1783054928.53}
{"armed": false, "event": "idle_disarmed", "preset": "car_single", "single_auto": true, "ts": 1783054928.53}
{"armed": false, "event": "idle_disarmed", "preset": "car_single", "single_auto": true, "ts": 1783054929.532}
{"armed": false, "event": "idle_disarmed", "preset": "car_single", "single_auto": true, "ts": 1783054929.532}
{"armed": false, "event": "idle_disarmed", "preset": "car_single", "single_auto": true, "ts": 1783054930.535}
{"armed": false, "event": "idle_disarmed", "preset": "car_single", "single_auto": true, "ts": 1783054930.535}
{"armed": false, "event": "idle_disarmed", "preset": "car_single", "single_auto": true, "ts": 1783054931.538}
{"armed": false, "event": "idle_disarmed", "preset": "car_single", "single_auto": true, "ts": 1783054931.538}
{"armed": false, "event": "idle_disarmed", "preset": "car_single", "single_auto": true, "ts": 1783054932.54}
{"armed": false, "event": "idle_disarmed", "preset": "car_single", "single_auto": true, "ts": 1783054932.54}
{"armed": false, "event": "idle_disarmed", "preset": "car_single", "single_auto": true, "ts": 1783054933.543}
{"armed": false, "event": "idle_disarmed", "preset": "car_single", "single_auto": true, "ts": 1783054933.543}
{"armed": false, "event": "idle_disarmed", "preset": "car_single", "single_auto": true, "ts": 1783054934.546}
{"armed": false, "event": "idle_disarmed", "preset": "car_single", "single_auto": true, "ts": 1783054934.546}
{"armed": false, "event": "idle_disarmed", "preset": "car_single", "single_auto": true, "ts": 1783054935.548}
{"armed": false, "event": "idle_disarmed", "preset": "car_single", "single_auto": true, "ts": 1783054935.548}
{"armed": false, "event": "idle_disarmed", "preset": "car_single", "single_auto": true, "ts": 1783054936.551}
{"armed": false, "event": "idle_disarmed", "preset": "car_single", "single_auto": true, "ts": 1783054936.551}
{"armed": false, "event": "idle_disarmed", "preset": "car_single", "single_auto": true, "ts": 1783054937.554}
{"armed": false, "event": "idle_disarmed", "preset": "car_single", "single_auto": true, "ts": 1783054937.554}
{"armed": false, "event": "idle_disarmed", "preset": "car_single", "single_auto": true, "ts": 1783054938.557}
{"armed": false, "event": "idle_disarmed", "preset": "car_single", "single_auto": true, "ts": 1783054938.557}
{"armed": false, "event": "idle_disarmed", "preset": "car_single", "single_auto": true, "ts": 1783054939.559}
{"armed": false, "event": "idle_disarmed", "preset": "car_single", "single_auto": true, "ts": 1783054939.559}
{"armed": false, "event": "idle_disarmed", "preset": "car_single", "single_auto": true, "ts": 1783054940.562}
{"armed": false, "event": "idle_disarmed", "preset": "car_single", "single_auto": true, "ts": 1783054940.562}
{"armed": false, "event": "idle_disarmed", "preset": "car_single", "single_auto": true, "ts": 1783054941.565}
{"armed": false, "event": "idle_disarmed", "preset": "car_single", "single_auto": true, "ts": 1783054941.565}
{"armed": false, "event": "idle_disarmed", "preset": "car_single", "single_auto": true, "ts": 1783054942.567}
{"armed": false, "event": "idle_disarmed", "preset": "car_single", "single_auto": true, "ts": 1783054942.567}
{"armed": false, "event": "idle_disarmed", "preset": "car_single", "single_auto": true, "ts": 1783054943.57}
{"armed": false, "event": "idle_disarmed", "preset": "car_single", "single_auto": true, "ts": 1783054943.57}
{"armed": false, "event": "idle_disarmed", "preset": "car_single", "single_auto": true, "ts": 1783054944.573}
{"armed": false, "event": "idle_disarmed", "preset": "car_single", "single_auto": true, "ts": 1783054944.573}
{"armed": false, "event": "idle_disarmed", "preset": "car_single", "single_auto": true, "ts": 1783054945.575}
{"armed": false, "event": "idle_disarmed", "preset": "car_single", "single_auto": true, "ts": 1783054945.575}
{"armed": false, "event": "idle_disarmed", "preset": "car_single", "single_auto": true, "ts": 1783054946.578}
{"armed": false, "event": "idle_disarmed", "preset": "car_single", "single_auto": true, "ts": 1783054946.578}
{"armed": false, "event": "idle_disarmed", "preset": "car_single", "single_auto": true, "ts": 1783054947.58}
{"armed": false, "event": "idle_disarmed", "preset": "car_single", "single_auto": true, "ts": 1783054947.58}
{"armed": false, "event": "idle_disarmed", "preset": "car_single", "single_auto": true, "ts": 1783054948.583}
{"armed": false, "event": "idle_disarmed", "preset": "car_single", "single_auto": true, "ts": 1783054948.583}
{"armed": false, "event": "idle_disarmed", "preset": "car_single", "single_auto": true, "ts": 1783054949.586}
{"armed": false, "event": "idle_disarmed", "preset": "car_single", "single_auto": true, "ts": 1783054949.586}
{"armed": false, "event": "idle_disarmed", "preset": "car_single", "single_auto": true, "ts": 1783054950.589}
{"armed": false, "event": "idle_disarmed", "preset": "car_single", "single_auto": true, "ts": 1783054950.589}
{"armed": false, "event": "idle_disarmed", "preset": "car_single", "single_auto": true, "ts": 1783054951.591}
{"armed": false, "event": "idle_disarmed", "preset": "car_single", "single_auto": true, "ts": 1783054951.591}
{"armed": false, "event": "idle_disarmed", "preset": "car_single", "single_auto": true, "ts": 1783054952.594}
{"armed": false, "event": "idle_disarmed", "preset": "car_single", "single_auto": true, "ts": 1783054952.594}
{"armed": false, "event": "idle_disarmed", "preset": "car_single", "single_auto": true, "ts": 1783054953.597}
{"armed": false, "event": "idle_disarmed", "preset": "car_single", "single_auto": true, "ts": 1783054953.597}
{"armed": false, "event": "idle_disarmed", "preset": "car_single", "single_auto": true, "ts": 1783054954.6}
{"armed": false, "event": "idle_disarmed", "preset": "car_single", "single_auto": true, "ts": 1783054954.6}
{"armed": false, "event": "idle_disarmed", "preset": "car_single", "single_auto": true, "ts": 1783054955.602}
{"armed": false, "event": "idle_disarmed", "preset": "car_single", "single_auto": true, "ts": 1783054955.602}
{"armed": false, "event": "idle_disarmed", "preset": "car_single", "single_auto": true, "ts": 1783054956.605}
{"armed": false, "event": "idle_disarmed", "preset": "car_single", "single_auto": true, "ts": 1783054956.605}
{"armed": false, "event": "idle_disarmed", "preset": "car_single", "single_auto": true, "ts": 1783054957.607}
{"armed": false, "event": "idle_disarmed", "preset": "car_single", "single_auto": true, "ts": 1783054957.607}
{"armed": false, "event": "idle_disarmed", "preset": "car_single", "single_auto": true, "ts": 1783054958.61}
{"armed": false, "event": "idle_disarmed", "preset": "car_single", "single_auto": true, "ts": 1783054958.61}
{"armed": false, "event": "idle_disarmed", "preset": "car_single", "single_auto": true, "ts": 1783054959.612}
{"armed": false, "event": "idle_disarmed", "preset": "car_single", "single_auto": true, "ts": 1783054959.612}
{"armed": false, "event": "idle_disarmed", "preset": "car_single", "single_auto": true, "ts": 1783054960.615}
{"armed": false, "event": "idle_disarmed", "preset": "car_single", "single_auto": true, "ts": 1783054960.615}
{"armed": false, "event": "idle_disarmed", "preset": "car_single", "single_auto": true, "ts": 1783054961.618}
{"armed": false, "event": "idle_disarmed", "preset": "car_single", "single_auto": true, "ts": 1783054961.618}
{"armed": false, "event": "idle_disarmed", "preset": "car_single", "single_auto": true, "ts": 1783054962.621}
{"armed": false, "event": "idle_disarmed", "preset": "car_single", "single_auto": true, "ts": 1783054962.621}
{"armed": false, "event": "idle_disarmed", "preset": "car_single", "single_auto": true, "ts": 1783054963.624}
{"armed": false, "event": "idle_disarmed", "preset": "car_single", "single_auto": true, "ts": 1783054963.624}
{"armed": false, "event": "idle_disarmed", "preset": "car_single", "single_auto": true, "ts": 1783054964.627}
{"armed": false, "event": "idle_disarmed", "preset": "car_single", "single_auto": true, "ts": 1783054964.627}
{"armed": false, "event": "idle_disarmed", "preset": "car_single", "single_auto": true, "ts": 1783054965.629}
{"armed": false, "event": "idle_disarmed", "preset": "car_single", "single_auto": true, "ts": 1783054965.629}
{"armed": false, "event": "idle_disarmed", "preset": "car_single", "single_auto": true, "ts": 1783054966.632}
{"armed": false, "event": "idle_disarmed", "preset": "car_single", "single_auto": true, "ts": 1783054966.632}
{"armed": false, "event": "idle_disarmed", "preset": "car_single", "single_auto": true, "ts": 1783054967.634}
{"armed": false, "event": "idle_disarmed", "preset": "car_single", "single_auto": true, "ts": 1783054967.634}
{"armed": false, "event": "idle_disarmed", "preset": "car_single", "single_auto": true, "ts": 1783054968.637}
{"armed": false, "event": "idle_disarmed", "preset": "car_single", "single_auto": true, "ts": 1783054968.637}
{"armed": false, "event": "idle_disarmed", "preset": "car_single", "single_auto": true, "ts": 1783054969.64}
{"armed": false, "event": "idle_disarmed", "preset": "car_single", "single_auto": true, "ts": 1783054969.64}
{"armed": false, "event": "idle_disarmed", "preset": "car_single", "single_auto": true, "ts": 1783054970.643}
{"armed": false, "event": "idle_disarmed", "preset": "car_single", "single_auto": true, "ts": 1783054970.643}
{"armed": false, "event": "idle_disarmed", "preset": "car_single", "single_auto": true, "ts": 1783054971.645}
{"armed": false, "event": "idle_disarmed", "preset": "car_single", "single_auto": true, "ts": 1783054971.645}
{"armed": false, "event": "idle_disarmed", "preset": "car_single", "single_auto": true, "ts": 1783054972.649}
{"armed": false, "event": "idle_disarmed", "preset": "car_single", "single_auto": true, "ts": 1783054972.649}
{"armed": false, "event": "idle_disarmed", "preset": "car_single", "single_auto": true, "ts": 1783054973.652}
{"armed": false, "event": "idle_disarmed", "preset": "car_single", "single_auto": true, "ts": 1783054973.652}
{"armed": false, "event": "idle_disarmed", "preset": "car_single", "single_auto": true, "ts": 1783054974.654}
{"armed": false, "event": "idle_disarmed", "preset": "car_single", "single_auto": true, "ts": 1783054974.654}
{"armed": false, "event": "idle_disarmed", "preset": "car_single", "single_auto": true, "ts": 1783054975.657}
{"armed": false, "event": "idle_disarmed", "preset": "car_single", "single_auto": true, "ts": 1783054975.657}
{"armed": false, "event": "idle_disarmed", "preset": "car_single", "single_auto": true, "ts": 1783054976.66}
{"armed": false, "event": "idle_disarmed", "preset": "car_single", "single_auto": true, "ts": 1783054976.66}
{"armed": false, "event": "idle_disarmed", "preset": "car_single", "single_auto": true, "ts": 1783054977.662}
{"armed": false, "event": "idle_disarmed", "preset": "car_single", "single_auto": true, "ts": 1783054977.662}
{"armed": false, "event": "idle_disarmed", "preset": "car_single", "single_auto": true, "ts": 1783054978.665}
{"armed": false, "event": "idle_disarmed", "preset": "car_single", "single_auto": true, "ts": 1783054978.665}
{"armed": false, "event": "idle_disarmed", "preset": "car_single", "single_auto": true, "ts": 1783054979.668}
{"armed": false, "event": "idle_disarmed", "preset": "car_single", "single_auto": true, "ts": 1783054979.668}
{"armed": false, "event": "idle_disarmed", "preset": "car_single", "single_auto": true, "ts": 1783054980.671}
{"armed": false, "event": "idle_disarmed", "preset": "car_single", "single_auto": true, "ts": 1783054980.671}
{"armed": false, "event": "idle_disarmed", "preset": "car_single", "single_auto": true, "ts": 1783054981.673}
{"armed": false, "event": "idle_disarmed", "preset": "car_single", "single_auto": true, "ts": 1783054981.673}
{"armed": false, "event": "idle_disarmed", "preset": "car_single", "single_auto": true, "ts": 1783054982.676}
{"armed": false, "event": "idle_disarmed", "preset": "car_single", "single_auto": true, "ts": 1783054982.676}
{"armed": false, "event": "idle_disarmed", "preset": "car_single", "single_auto": true, "ts": 1783054983.679}
{"armed": false, "event": "idle_disarmed", "preset": "car_single", "single_auto": true, "ts": 1783054983.679}
{"armed": false, "event": "idle_disarmed", "preset": "car_single", "single_auto": true, "ts": 1783054984.681}
{"armed": false, "event": "idle_disarmed", "preset": "car_single", "single_auto": true, "ts": 1783054984.681}
{"armed": false, "event": "idle_disarmed", "preset": "car_single", "single_auto": true, "ts": 1783054985.684}
{"armed": false, "event": "idle_disarmed", "preset": "car_single", "single_auto": true, "ts": 1783054985.684}
{"armed": false, "event": "idle_disarmed", "preset": "car_single", "single_auto": true, "ts": 1783054986.687}
{"armed": false, "event": "idle_disarmed", "preset": "car_single", "single_auto": true, "ts": 1783054986.687}
{"armed": false, "event": "idle_disarmed", "preset": "car_single", "single_auto": true, "ts": 1783054987.689}
{"armed": false, "event": "idle_disarmed", "preset": "car_single", "single_auto": true, "ts": 1783054987.689}
{"armed": false, "event": "idle_disarmed", "preset": "car_single", "single_auto": true, "ts": 1783054988.692}
{"armed": false, "event": "idle_disarmed", "preset": "car_single", "single_auto": true, "ts": 1783054988.692}
{"armed": false, "event": "idle_disarmed", "preset": "car_single", "single_auto": true, "ts": 1783054989.695}
{"armed": false, "event": "idle_disarmed", "preset": "car_single", "single_auto": true, "ts": 1783054989.695}
{"armed": false, "event": "idle_disarmed", "preset": "car_single", "single_auto": true, "ts": 1783054990.698}
{"armed": false, "event": "idle_disarmed", "preset": "car_single", "single_auto": true, "ts": 1783054990.698}
{"armed": false, "event": "idle_disarmed", "preset": "car_single", "single_auto": true, "ts": 1783054991.701}
{"armed": false, "event": "idle_disarmed", "preset": "car_single", "single_auto": true, "ts": 1783054991.701}
{"armed": false, "event": "idle_disarmed", "preset": "car_single", "single_auto": true, "ts": 1783054992.704}
{"armed": false, "event": "idle_disarmed", "preset": "car_single", "single_auto": true, "ts": 1783054992.704}
{"armed": false, "event": "idle_disarmed", "preset": "car_single", "single_auto": true, "ts": 1783054993.706}
{"armed": false, "event": "idle_disarmed", "preset": "car_single", "single_auto": true, "ts": 1783054993.706}
{"armed": false, "event": "idle_disarmed", "preset": "car_single", "single_auto": true, "ts": 1783054994.709}
{"armed": false, "event": "idle_disarmed", "preset": "car_single", "single_auto": true, "ts": 1783054994.709}
{"armed": false, "event": "idle_disarmed", "preset": "car_single", "single_auto": true, "ts": 1783054995.712}
{"armed": false, "event": "idle_disarmed", "preset": "car_single", "single_auto": true, "ts": 1783054995.712}
{"armed": false, "event": "idle_disarmed", "preset": "car_single", "single_auto": true, "ts": 1783054996.715}
{"armed": false, "event": "idle_disarmed", "preset": "car_single", "single_auto": true, "ts": 1783054996.715}
{"armed": false, "event": "idle_disarmed", "preset": "car_single", "single_auto": true, "ts": 1783054997.718}
{"armed": false, "event": "idle_disarmed", "preset": "car_single", "single_auto": true, "ts": 1783054997.718}
{"armed": false, "event": "idle_disarmed", "preset": "car_single", "single_auto": true, "ts": 1783054998.72}
{"armed": false, "event": "idle_disarmed", "preset": "car_single", "single_auto": true, "ts": 1783054998.72}
{"armed": false, "event": "idle_disarmed", "preset": "car_single", "single_auto": true, "ts": 1783054999.723}
{"armed": false, "event": "idle_disarmed", "preset": "car_single", "single_auto": true, "ts": 1783054999.723}
{"armed": false, "event": "idle_disarmed", "preset": "car_single", "single_auto": true, "ts": 1783055000.726}
{"armed": false, "event": "idle_disarmed", "preset": "car_single", "single_auto": true, "ts": 1783055000.726}
{"armed": false, "event": "idle_disarmed", "preset": "car_single", "single_auto": true, "ts": 1783055001.728}
{"armed": false, "event": "idle_disarmed", "preset": "car_single", "single_auto": true, "ts": 1783055001.728}
{"armed": false, "event": "idle_disarmed", "preset": "car_single", "single_auto": true, "ts": 1783055002.731}
{"armed": false, "event": "idle_disarmed", "preset": "car_single", "single_auto": true, "ts": 1783055002.731}
{"armed": false, "event": "idle_disarmed", "preset": "car_single", "single_auto": true, "ts": 1783055003.733}
{"armed": false, "event": "idle_disarmed", "preset": "car_single", "single_auto": true, "ts": 1783055003.733}
{"armed": false, "event": "idle_disarmed", "preset": "car_single", "single_auto": true, "ts": 1783055004.736}
{"armed": false, "event": "idle_disarmed", "preset": "car_single", "single_auto": true, "ts": 1783055004.736}
{"armed": false, "event": "idle_disarmed", "preset": "car_single", "single_auto": true, "ts": 1783055005.739}
{"armed": false, "event": "idle_disarmed", "preset": "car_single", "single_auto": true, "ts": 1783055005.739}
{"armed": false, "event": "idle_disarmed", "preset": "car_single", "single_auto": true, "ts": 1783055006.741}
{"armed": false, "event": "idle_disarmed", "preset": "car_single", "single_auto": true, "ts": 1783055006.741}
{"armed": false, "event": "idle_disarmed", "preset": "car_single", "single_auto": true, "ts": 1783055007.744}
{"armed": false, "event": "idle_disarmed", "preset": "car_single", "single_auto": true, "ts": 1783055007.744}
{"armed": false, "event": "idle_disarmed", "preset": "car_single", "single_auto": true, "ts": 1783055008.747}
{"armed": false, "event": "idle_disarmed", "preset": "car_single", "single_auto": true, "ts": 1783055008.747}
{"armed": false, "event": "idle_disarmed", "preset": "car_single", "single_auto": true, "ts": 1783055009.749}
{"armed": false, "event": "idle_disarmed", "preset": "car_single", "single_auto": true, "ts": 1783055009.749}
{"armed": false, "event": "idle_disarmed", "preset": "car_single", "single_auto": true, "ts": 1783055010.752}
{"armed": false, "event": "idle_disarmed", "preset": "car_single", "single_auto": true, "ts": 1783055010.752}
{"armed": false, "event": "idle_disarmed", "preset": "car_single", "single_auto": true, "ts": 1783055011.755}
{"armed": false, "event": "idle_disarmed", "preset": "car_single", "single_auto": true, "ts": 1783055011.755}
{"armed": false, "event": "idle_disarmed", "preset": "car_single", "single_auto": true, "ts": 1783055012.758}
{"armed": false, "event": "idle_disarmed", "preset": "car_single", "single_auto": true, "ts": 1783055012.758}
{"armed": false, "event": "idle_disarmed", "preset": "car_single", "single_auto": true, "ts": 1783055013.761}
{"armed": false, "event": "idle_disarmed", "preset": "car_single", "single_auto": true, "ts": 1783055013.761}
{"armed": false, "event": "idle_disarmed", "preset": "car_single", "single_auto": true, "ts": 1783055014.763}
{"armed": false, "event": "idle_disarmed", "preset": "car_single", "single_auto": true, "ts": 1783055014.763}
{"armed": false, "event": "idle_disarmed", "preset": "car_single", "single_auto": true, "ts": 1783055015.766}
{"armed": false, "event": "idle_disarmed", "preset": "car_single", "single_auto": true, "ts": 1783055015.766}
{"armed": false, "event": "idle_disarmed", "preset": "car_single", "single_auto": true, "ts": 1783055016.769}
{"armed": false, "event": "idle_disarmed", "preset": "car_single", "single_auto": true, "ts": 1783055016.769}
{"armed": false, "event": "idle_disarmed", "preset": "car_single", "single_auto": true, "ts": 1783055017.771}
{"armed": false, "event": "idle_disarmed", "preset": "car_single", "single_auto": true, "ts": 1783055017.771}
{"armed": false, "event": "idle_disarmed", "preset": "car_single", "single_auto": true, "ts": 1783055018.774}
{"armed": false, "event": "idle_disarmed", "preset": "car_single", "single_auto": true, "ts": 1783055018.774}
{"armed": false, "event": "idle_disarmed", "preset": "car_single", "single_auto": true, "ts": 1783055019.777}
{"armed": false, "event": "idle_disarmed", "preset": "car_single", "single_auto": true, "ts": 1783055019.777}
{"armed": false, "event": "idle_disarmed", "preset": "car_single", "single_auto": true, "ts": 1783055020.78}
{"armed": false, "event": "idle_disarmed", "preset": "car_single", "single_auto": true, "ts": 1783055020.78}
{"armed": false, "event": "idle_disarmed", "preset": "car_single", "single_auto": true, "ts": 1783055021.782}
{"armed": false, "event": "idle_disarmed", "preset": "car_single", "single_auto": true, "ts": 1783055021.782}
{"armed": false, "event": "idle_disarmed", "preset": "car_single", "single_auto": true, "ts": 1783055022.785}
{"armed": false, "event": "idle_disarmed", "preset": "car_single", "single_auto": true, "ts": 1783055022.785}
{"armed": false, "event": "idle_disarmed", "preset": "car_single", "single_auto": true, "ts": 1783055023.788}
{"armed": false, "event": "idle_disarmed", "preset": "car_single", "single_auto": true, "ts": 1783055023.788}
{"armed": false, "event": "idle_disarmed", "preset": "car_single", "single_auto": true, "ts": 1783055024.79}
{"armed": false, "event": "idle_disarmed", "preset": "car_single", "single_auto": true, "ts": 1783055024.79}
{"armed": false, "event": "idle_disarmed", "preset": "car_single", "single_auto": true, "ts": 1783055025.793}
{"armed": false, "event": "idle_disarmed", "preset": "car_single", "single_auto": true, "ts": 1783055025.793}
{"armed": false, "event": "idle_disarmed", "preset": "car_single", "single_auto": true, "ts": 1783055026.796}
{"armed": false, "event": "idle_disarmed", "preset": "car_single", "single_auto": true, "ts": 1783055026.796}
{"armed": false, "event": "idle_disarmed", "preset": "car_single", "single_auto": true, "ts": 1783055027.798}
{"armed": false, "event": "idle_disarmed", "preset": "car_single", "single_auto": true, "ts": 1783055027.798}
{"armed": false, "event": "idle_disarmed", "preset": "car_single", "single_auto": true, "ts": 1783055028.801}
{"armed": false, "event": "idle_disarmed", "preset": "car_single", "single_auto": true, "ts": 1783055028.801}
{"armed": false, "event": "idle_disarmed", "preset": "car_single", "single_auto": true, "ts": 1783055029.804}
{"armed": false, "event": "idle_disarmed", "preset": "car_single", "single_auto": true, "ts": 1783055029.804}
{"armed": false, "event": "idle_disarmed", "preset": "car_single", "single_auto": true, "ts": 1783055030.807}
{"armed": false, "event": "idle_disarmed", "preset": "car_single", "single_auto": true, "ts": 1783055030.807}
{"armed": false, "event": "idle_disarmed", "preset": "car_single", "single_auto": true, "ts": 1783055031.81}
{"armed": false, "event": "idle_disarmed", "preset": "car_single", "single_auto": true, "ts": 1783055031.81}
{"armed": false, "event": "idle_disarmed", "preset": "car_single", "single_auto": true, "ts": 1783055032.812}
{"armed": false, "event": "idle_disarmed", "preset": "car_single", "single_auto": true, "ts": 1783055032.812}
{"armed": false, "event": "idle_disarmed", "preset": "car_single", "single_auto": true, "ts": 1783055033.815}
{"armed": false, "event": "idle_disarmed", "preset": "car_single", "single_auto": true, "ts": 1783055033.815}
{"armed": false, "event": "idle_disarmed", "preset": "car_single", "single_auto": true, "ts": 1783055034.817}
{"armed": false, "event": "idle_disarmed", "preset": "car_single", "single_auto": true, "ts": 1783055034.817}
{"armed": false, "event": "idle_disarmed", "preset": "car_single", "single_auto": true, "ts": 1783055035.82}
{"armed": false, "event": "idle_disarmed", "preset": "car_single", "single_auto": true, "ts": 1783055035.82}
{"armed": false, "event": "idle_disarmed", "preset": "car_single", "single_auto": true, "ts": 1783055036.823}
{"armed": false, "event": "idle_disarmed", "preset": "car_single", "single_auto": true, "ts": 1783055036.823}
{"armed": false, "event": "idle_disarmed", "preset": "car_single", "single_auto": true, "ts": 1783055037.825}
{"armed": false, "event": "idle_disarmed", "preset": "car_single", "single_auto": true, "ts": 1783055037.825}
{"armed": false, "event": "idle_disarmed", "preset": "car_single", "single_auto": true, "ts": 1783055038.828}
{"armed": false, "event": "idle_disarmed", "preset": "car_single", "single_auto": true, "ts": 1783055038.828}
{"armed": false, "event": "idle_disarmed", "preset": "car_single", "single_auto": true, "ts": 1783055039.831}
{"armed": false, "event": "idle_disarmed", "preset": "car_single", "single_auto": true, "ts": 1783055039.831}
{"armed": false, "event": "idle_disarmed", "preset": "car_single", "single_auto": true, "ts": 1783055040.834}
{"armed": false, "event": "idle_disarmed", "preset": "car_single", "single_auto": true, "ts": 1783055040.834}
{"armed": false, "event": "idle_disarmed", "preset": "car_single", "single_auto": true, "ts": 1783055041.836}
{"armed": false, "event": "idle_disarmed", "preset": "car_single", "single_auto": true, "ts": 1783055041.836}
{"armed": false, "event": "idle_disarmed", "preset": "car_single", "single_auto": true, "ts": 1783055042.839}
{"armed": false, "event": "idle_disarmed", "preset": "car_single", "single_auto": true, "ts": 1783055042.839}
{"armed": false, "event": "idle_disarmed", "preset": "car_single", "single_auto": true, "ts": 1783055043.842}
{"armed": false, "event": "idle_disarmed", "preset": "car_single", "single_auto": true, "ts": 1783055043.842}
{"armed": false, "event": "idle_disarmed", "preset": "car_single", "single_auto": true, "ts": 1783055044.845}
{"armed": false, "event": "idle_disarmed", "preset": "car_single", "single_auto": true, "ts": 1783055044.845}
{"armed": false, "event": "idle_disarmed", "preset": "car_single", "single_auto": true, "ts": 1783055045.847}
{"armed": false, "event": "idle_disarmed", "preset": "car_single", "single_auto": true, "ts": 1783055045.847}
{"armed": false, "event": "idle_disarmed", "preset": "car_single", "single_auto": true, "ts": 1783055046.85}
{"armed": false, "event": "idle_disarmed", "preset": "car_single", "single_auto": true, "ts": 1783055046.85}
{"armed": false, "event": "idle_disarmed", "preset": "car_single", "single_auto": true, "ts": 1783055047.854}
{"armed": false, "event": "idle_disarmed", "preset": "car_single", "single_auto": true, "ts": 1783055047.854}
{"armed": false, "event": "idle_disarmed", "preset": "car_single", "single_auto": true, "ts": 1783055048.858}
{"armed": false, "event": "idle_disarmed", "preset": "car_single", "single_auto": true, "ts": 1783055048.858}
{"armed": false, "event": "idle_disarmed", "preset": "car_single", "single_auto": true, "ts": 1783055049.861}
{"armed": false, "event": "idle_disarmed", "preset": "car_single", "single_auto": true, "ts": 1783055049.861}
{"armed": false, "event": "idle_disarmed", "preset": "car_single", "single_auto": true, "ts": 1783055050.863}
{"armed": false, "event": "idle_disarmed", "preset": "car_single", "single_auto": true, "ts": 1783055050.863}
{"armed": false, "event": "idle_disarmed", "preset": "car_single", "single_auto": true, "ts": 1783055051.866}
{"armed": false, "event": "idle_disarmed", "preset": "car_single", "single_auto": true, "ts": 1783055051.866}
{"armed": false, "event": "idle_disarmed", "preset": "car_single", "single_auto": true, "ts": 1783055052.869}
{"armed": false, "event": "idle_disarmed", "preset": "car_single", "single_auto": true, "ts": 1783055052.869}
{"armed": false, "event": "idle_disarmed", "preset": "car_single", "single_auto": true, "ts": 1783055053.872}
{"armed": false, "event": "idle_disarmed", "preset": "car_single", "single_auto": true, "ts": 1783055053.872}
{"armed": false, "event": "idle_disarmed", "preset": "car_single", "single_auto": true, "ts": 1783055054.875}
{"armed": false, "event": "idle_disarmed", "preset": "car_single", "single_auto": true, "ts": 1783055054.875}
{"armed": false, "event": "idle_disarmed", "preset": "car_single", "single_auto": true, "ts": 1783055055.877}
{"armed": false, "event": "idle_disarmed", "preset": "car_single", "single_auto": true, "ts": 1783055055.877}
{"armed": false, "event": "idle_disarmed", "preset": "car_single", "single_auto": true, "ts": 1783055056.88}
{"armed": false, "event": "idle_disarmed", "preset": "car_single", "single_auto": true, "ts": 1783055056.88}
{"armed": false, "event": "idle_disarmed", "preset": "car_single", "single_auto": true, "ts": 1783055057.883}
{"armed": false, "event": "idle_disarmed", "preset": "car_single", "single_auto": true, "ts": 1783055057.883}
{"armed": false, "event": "idle_disarmed", "preset": "car_single", "single_auto": true, "ts": 1783055058.886}
{"armed": false, "event": "idle_disarmed", "preset": "car_single", "single_auto": true, "ts": 1783055058.886}
{"armed": false, "event": "idle_disarmed", "preset": "car_single", "single_auto": true, "ts": 1783055059.889}
{"armed": false, "event": "idle_disarmed", "preset": "car_single", "single_auto": true, "ts": 1783055059.889}
{"armed": false, "event": "idle_disarmed", "preset": "car_single", "single_auto": true, "ts": 1783055060.892}
{"armed": false, "event": "idle_disarmed", "preset": "car_single", "single_auto": true, "ts": 1783055060.892}
{"cmd": ["/usr/bin/python3", "/root/rknpu2/examples/rknn_yolov8_demo_opencv_2_work_2/new_yolo8/apply_ptz_object_preset.py", "--preset", "car_single", "--arm", "force", "--strategy", "preset", "--watch"], "event": "child_start", "pid": 116115, "preset": "car_single", "search_preset": "lost_step_wait", "ts": 1783055061.895}
{"cmd": ["/usr/bin/python3", "/root/rknpu2/examples/rknn_yolov8_demo_opencv_2_work_2/new_yolo8/apply_ptz_object_preset.py", "--preset", "car_single", "--arm", "force", "--strategy", "preset", "--watch"], "event": "child_start", "pid": 116115, "preset": "car_single", "search_preset": "lost_step_wait", "ts": 1783055061.895}
{"event": "armed_running", "pid": 116115, "preset": "car_single", "search_preset": "lost_step_wait", "ts": 1783055062.898}
{"event": "armed_running", "pid": 116115, "preset": "car_single", "search_preset": "lost_step_wait", "ts": 1783055062.898}
{"event": "armed_running", "pid": 116115, "preset": "car_single", "search_preset": "lost_step_wait", "ts": 1783055077.934}
{"event": "armed_running", "pid": 116115, "preset": "car_single", "search_preset": "lost_step_wait", "ts": 1783055077.934}
{"event": "armed_running", "pid": 116115, "preset": "car_single", "search_preset": "lost_step_wait", "ts": 1783055092.971}
{"event": "armed_running", "pid": 116115, "preset": "car_single", "search_preset": "lost_step_wait", "ts": 1783055092.971}
{"event": "armed_running", "pid": 116115, "preset": "car_single", "search_preset": "lost_step_wait", "ts": 1783055108.007}
{"event": "armed_running", "pid": 116115, "preset": "car_single", "search_preset": "lost_step_wait", "ts": 1783055108.007}
{"event": "child_stop", "pid": 116115, "preset": "car_single::lost_step_wait", "reason": "ptzArmed_false", "ts": 1783055122.042}
{"event": "child_stop", "pid": 116115, "preset": "car_single::lost_step_wait", "reason": "ptzArmed_false", "ts": 1783055122.042}
