{"armed": false, "event": "idle_disarmed", "preset": "car_single", "single_auto": true, "ts": 1782985580.325}
{"armed": false, "event": "idle_disarmed", "preset": "car_single", "single_auto": true, "ts": 1782985581.328}
{"armed": false, "event": "idle_disarmed", "preset": "car_single", "single_auto": true, "ts": 1782985582.331}
{"armed": false, "event": "idle_disarmed", "preset": "car_single", "single_auto": true, "ts": 1782985583.333}
{"armed": false, "event": "idle_disarmed", "preset": "car_single", "single_auto": true, "ts": 1782985584.335}
{"cmd": ["/usr/bin/python3", "/root/rknpu2/examples/rknn_yolov8_demo_opencv_2_work_2/new_yolo8/apply_ptz_object_preset.py", "--preset", "car_single", "--arm", "force", "--strategy", "preset", "--watch"], "event": "child_start", "pid": 229093, "preset": "car_single", "search_preset": "lost_step_wait", "ts": 1782985585.339}
{"event": "child_stop", "pid": 229093, "preset": "car_single::lost_step_wait", "reason": "ptzArmed_false", "ts": 1782985586.341}
{"archived": "/root/rknpu2/examples/rknn_yolov8_demo_opencv_2_work_2/new_yolo8/logs/session_20260702_094626_ptzArmed_false", "event": "logs_archived", "reason": "ptzArmed_false", "ts": 1782985586.395}
{"armed": false, "event": "idle_disarmed", "preset": "car_single", "single_auto": true, "ts": 1782985586.396}
{"armed": false, "event": "idle_disarmed", "preset": "car_single", "single_auto": true, "ts": 1782985587.398}
{"armed": false, "event": "idle_disarmed", "preset": "car_single", "single_auto": true, "ts": 1782985588.401}
{"armed": false, "event": "idle_disarmed", "preset": "car_single", "single_auto": true, "ts": 1782985589.403}
{"armed": false, "event": "idle_disarmed", "preset": "car_single", "single_auto": true, "ts": 1782985590.406}
{"armed": false, "event": "idle_disarmed", "preset": "cars", "single_auto": false, "ts": 1782985591.408}
{"armed": false, "event": "idle_disarmed", "preset": "cars", "single_auto": false, "ts": 1782985592.411}
{"armed": false, "event": "idle_disarmed", "preset": "car_single", "single_auto": true, "ts": 1782985593.413}
{"armed": false, "event": "idle_disarmed", "preset": "car_single", "single_auto": true, "ts": 1782985594.415}
{"armed": false, "event": "idle_disarmed", "preset": "cars", "single_auto": false, "ts": 1782985595.418}
{"armed": false, "event": "idle_disarmed", "preset": "cars", "single_auto": false, "ts": 1782985596.42}
{"armed": false, "event": "idle_disarmed", "preset": "car_single", "single_auto": true, "ts": 1782985597.422}
{"armed": false, "event": "idle_disarmed", "preset": "car_single", "single_auto": true, "ts": 1782985598.424}
{"armed": false, "event": "idle_disarmed", "preset": "car_single", "single_auto": true, "ts": 1782985599.427}
{"armed": false, "event": "idle_disarmed", "preset": "person_single", "single_auto": true, "ts": 1782985600.429}
{"armed": false, "event": "idle_disarmed", "preset": "person_single", "single_auto": true, "ts": 1782985601.432}
{"armed": false, "event": "idle_disarmed", "preset": "person_single", "single_auto": true, "ts": 1782985602.434}
{"armed": false, "event": "idle_disarmed", "preset": "car_single", "single_auto": true, "ts": 1782985603.436}
{"armed": false, "event": "idle_disarmed", "preset": "car_single", "single_auto": true, "ts": 1782985604.439}
{"armed": false, "event": "idle_disarmed", "preset": "car_single", "single_auto": true, "ts": 1782985605.441}
{"armed": false, "event": "idle_disarmed", "preset": "car_single", "single_auto": true, "ts": 1782985606.444}
{"armed": false, "event": "idle_disarmed", "preset": "car_single", "single_auto": true, "ts": 1782985607.446}
{"armed": false, "event": "idle_disarmed", "preset": "car_single", "single_auto": true, "ts": 1782985608.449}
{"armed": false, "event": "idle_disarmed", "preset": "car_single", "single_auto": true, "ts": 1782985609.451}
{"armed": false, "event": "idle_disarmed", "preset": "person_single", "single_auto": true, "ts": 1782985610.454}
{"armed": false, "event": "idle_disarmed", "preset": "person_single", "single_auto": true, "ts": 1782985611.456}
{"armed": false, "event": "idle_disarmed", "preset": "car_single", "single_auto": true, "ts": 1782985612.458}
{"armed": false, "event": "idle_disarmed", "preset": "car_single", "single_auto": true, "ts": 1782985613.461}
{"armed": false, "event": "idle_disarmed", "preset": "car_single", "single_auto": true, "ts": 1782985614.463}
{"armed": false, "event": "idle_disarmed", "preset": "car_single", "single_auto": true, "ts": 1782985615.466}
{"armed": false, "event": "idle_disarmed", "preset": "car_single", "single_auto": true, "ts": 1782985616.468}
{"armed": false, "event": "idle_disarmed", "preset": "car_single", "single_auto": true, "ts": 1782985617.471}
{"armed": false, "event": "idle_disarmed", "preset": "car_single", "single_auto": true, "ts": 1782985618.473}
{"armed": false, "event": "idle_disarmed", "preset": "car_single", "single_auto": true, "ts": 1782985619.476}
{"armed": false, "event": "idle_disarmed", "preset": "car_single", "single_auto": true, "ts": 1782985620.478}
{"armed": false, "event": "idle_disarmed", "preset": "car_single", "single_auto": true, "ts": 1782985621.48}
{"armed": false, "event": "idle_disarmed", "preset": "car_single", "single_auto": true, "ts": 1782985622.483}
{"armed": false, "event": "idle_disarmed", "preset": "car_single", "single_auto": true, "ts": 1782985623.486}
{"armed": false, "event": "idle_disarmed", "preset": "car_single", "single_auto": true, "ts": 1782985624.488}
{"armed": false, "event": "idle_disarmed", "preset": "car_single", "single_auto": true, "ts": 1782985625.491}
{"armed": false, "event": "idle_disarmed", "preset": "car_single", "single_auto": true, "ts": 1782985626.493}
{"armed": false, "event": "idle_disarmed", "preset": "car_single", "single_auto": true, "ts": 1782985627.496}
{"armed": false, "event": "idle_disarmed", "preset": "car_single", "single_auto": true, "ts": 1782985628.498}
{"armed": false, "event": "idle_disarmed", "preset": "car_single", "single_auto": true, "ts": 1782985629.5}
{"armed": false, "event": "idle_disarmed", "preset": "car_single", "single_auto": true, "ts": 1782985630.503}
{"armed": false, "event": "idle_disarmed", "preset": "car_single", "single_auto": true, "ts": 1782985631.505}
{"armed": false, "event": "idle_disarmed", "preset": "car_single", "single_auto": true, "ts": 1782985632.508}
{"armed": false, "event": "idle_disarmed", "preset": "car_single", "single_auto": true, "ts": 1782985633.511}
{"armed": false, "event": "idle_disarmed", "preset": "car_single", "single_auto": true, "ts": 1782985634.513}
{"armed": false, "event": "idle_disarmed", "preset": "car_single", "single_auto": true, "ts": 1782985635.516}
{"armed": false, "event": "idle_disarmed", "preset": "car_single", "single_auto": true, "ts": 1782985636.518}
{"armed": false, "event": "idle_disarmed", "preset": "car_single", "single_auto": true, "ts": 1782985637.521}
{"armed": false, "event": "idle_disarmed", "preset": "car_single", "single_auto": true, "ts": 1782985638.523}
{"armed": false, "event": "idle_disarmed", "preset": "car_single", "single_auto": true, "ts": 1782985639.526}
{"armed": false, "event": "idle_disarmed", "preset": "car_single", "single_auto": true, "ts": 1782985640.528}
{"armed": false, "event": "idle_disarmed", "preset": "car_single", "single_auto": true, "ts": 1782985641.531}
{"armed": false, "event": "idle_disarmed", "preset": "car_single", "single_auto": true, "ts": 1782985642.533}
{"armed": false, "event": "idle_disarmed", "preset": "car_single", "single_auto": true, "ts": 1782985643.535}
{"armed": false, "event": "idle_disarmed", "preset": "car_single", "single_auto": true, "ts": 1782985644.538}
{"armed": false, "event": "idle_disarmed", "preset": "car_single", "single_auto": true, "ts": 1782985645.54}
{"armed": false, "event": "idle_disarmed", "preset": "car_single", "single_auto": true, "ts": 1782985646.543}
{"armed": false, "event": "idle_disarmed", "preset": "car_single", "single_auto": true, "ts": 1782985647.545}
{"armed": false, "event": "idle_disarmed", "preset": "car_single", "single_auto": true, "ts": 1782985648.548}
{"armed": false, "event": "idle_disarmed", "preset": "car_single", "single_auto": true, "ts": 1782985649.551}
{"armed": false, "event": "idle_disarmed", "preset": "car_single", "single_auto": true, "ts": 1782985650.553}
{"armed": false, "event": "idle_disarmed", "preset": "car_single", "single_auto": true, "ts": 1782985651.555}
{"armed": false, "event": "idle_disarmed", "preset": "car_single", "single_auto": true, "ts": 1782985652.558}
{"armed": false, "event": "idle_disarmed", "preset": "car_single", "single_auto": true, "ts": 1782985653.56}
{"armed": false, "event": "idle_disarmed", "preset": "car_single", "single_auto": true, "ts": 1782985654.563}
{"armed": false, "event": "idle_disarmed", "preset": "car_single", "single_auto": true, "ts": 1782985655.566}
{"armed": false, "event": "idle_disarmed", "preset": "car_single", "single_auto": true, "ts": 1782985656.568}
{"armed": false, "event": "idle_disarmed", "preset": "car_single", "single_auto": true, "ts": 1782985657.57}
{"armed": false, "event": "idle_disarmed", "preset": "car_single", "single_auto": true, "ts": 1782985658.573}
{"armed": false, "event": "idle_disarmed", "preset": "car_single", "single_auto": true, "ts": 1782985659.575}
{"armed": false, "event": "idle_disarmed", "preset": "car_single", "single_auto": true, "ts": 1782985660.578}
{"armed": false, "event": "idle_disarmed", "preset": "car_single", "single_auto": true, "ts": 1782985661.58}
{"armed": false, "event": "idle_disarmed", "preset": "car_single", "single_auto": true, "ts": 1782985662.582}
{"armed": false, "event": "idle_disarmed", "preset": "car_single", "single_auto": true, "ts": 1782985663.585}
{"armed": false, "event": "idle_disarmed", "preset": "car_single", "single_auto": true, "ts": 1782985664.587}
{"armed": false, "event": "idle_disarmed", "preset": "car_single", "single_auto": true, "ts": 1782985665.59}
{"armed": false, "event": "idle_disarmed", "preset": "car_single", "single_auto": true, "ts": 1782985666.592}
{"armed": false, "event": "idle_disarmed", "preset": "car_single", "single_auto": true, "ts": 1782985667.595}
{"armed": false, "event": "idle_disarmed", "preset": "car_single", "single_auto": true, "ts": 1782985668.597}
{"armed": false, "event": "idle_disarmed", "preset": "car_single", "single_auto": true, "ts": 1782985669.599}
{"armed": false, "event": "idle_disarmed", "preset": "car_single", "single_auto": true, "ts": 1782985670.602}
{"armed": false, "event": "idle_disarmed", "preset": "car_single", "single_auto": true, "ts": 1782985671.604}
{"armed": false, "event": "idle_disarmed", "preset": "car_single", "single_auto": true, "ts": 1782985672.607}
{"armed": false, "event": "idle_disarmed", "preset": "car_single", "single_auto": true, "ts": 1782985673.609}
{"armed": false, "event": "idle_disarmed", "preset": "car_single", "single_auto": true, "ts": 1782985674.611}
{"armed": false, "event": "idle_disarmed", "preset": "car_single", "single_auto": true, "ts": 1782985675.614}
{"armed": false, "event": "idle_disarmed", "preset": "car_single", "single_auto": true, "ts": 1782985676.616}
{"armed": false, "event": "idle_disarmed", "preset": "car_single", "single_auto": true, "ts": 1782985677.619}
{"armed": false, "event": "idle_disarmed", "preset": "car_single", "single_auto": true, "ts": 1782985678.622}
{"armed": false, "event": "idle_disarmed", "preset": "car_single", "single_auto": true, "ts": 1782985679.624}
{"armed": false, "event": "idle_disarmed", "preset": "car_single", "single_auto": true, "ts": 1782985680.626}
{"armed": false, "event": "idle_disarmed", "preset": "car_single", "single_auto": true, "ts": 1782985681.629}
{"armed": false, "event": "idle_disarmed", "preset": "car_single", "single_auto": true, "ts": 1782985682.631}
{"armed": false, "event": "idle_disarmed", "preset": "car_single", "single_auto": true, "ts": 1782985683.633}
{"armed": false, "event": "idle_disarmed", "preset": "car_single", "single_auto": true, "ts": 1782985684.636}
{"armed": false, "event": "idle_disarmed", "preset": "car_single", "single_auto": true, "ts": 1782985685.639}
{"armed": false, "event": "idle_disarmed", "preset": "car_single", "single_auto": true, "ts": 1782985686.641}
{"armed": false, "event": "idle_disarmed", "preset": "car_single", "single_auto": true, "ts": 1782985687.644}
{"armed": false, "event": "idle_disarmed", "preset": "car_single", "single_auto": true, "ts": 1782985688.647}
{"armed": false, "event": "idle_disarmed", "preset": "car_single", "single_auto": true, "ts": 1782985689.649}
{"armed": false, "event": "idle_disarmed", "preset": "car_single", "single_auto": true, "ts": 1782985690.652}
{"armed": false, "event": "idle_disarmed", "preset": "car_single", "single_auto": true, "ts": 1782985691.654}
{"armed": false, "event": "idle_disarmed", "preset": "car_single", "single_auto": true, "ts": 1782985692.656}
{"armed": false, "event": "idle_disarmed", "preset": "car_single", "single_auto": true, "ts": 1782985693.659}
{"armed": false, "event": "idle_disarmed", "preset": "car_single", "single_auto": true, "ts": 1782985694.661}
{"armed": false, "event": "idle_disarmed", "preset": "car_single", "single_auto": true, "ts": 1782985695.663}
{"armed": false, "event": "idle_disarmed", "preset": "car_single", "single_auto": true, "ts": 1782985696.666}
{"armed": false, "event": "idle_disarmed", "preset": "car_single", "single_auto": true, "ts": 1782985697.668}
{"armed": false, "event": "idle_disarmed", "preset": "car_single", "single_auto": true, "ts": 1782985698.671}
{"armed": false, "event": "idle_disarmed", "preset": "car_single", "single_auto": true, "ts": 1782985699.674}
{"armed": false, "event": "idle_disarmed", "preset": "car_single", "single_auto": true, "ts": 1782985700.676}
{"armed": false, "event": "idle_disarmed", "preset": "car_single", "single_auto": true, "ts": 1782985701.679}
{"armed": false, "event": "idle_disarmed", "preset": "car_single", "single_auto": true, "ts": 1782985702.682}
{"armed": false, "event": "idle_disarmed", "preset": "car_single", "single_auto": true, "ts": 1782985703.684}
{"armed": false, "event": "idle_disarmed", "preset": "car_single", "single_auto": true, "ts": 1782985704.687}
{"armed": false, "event": "idle_disarmed", "preset": "car_single", "single_auto": true, "ts": 1782985705.689}
{"armed": false, "event": "idle_disarmed", "preset": "car_single", "single_auto": true, "ts": 1782985706.692}
{"armed": false, "event": "idle_disarmed", "preset": "car_single", "single_auto": true, "ts": 1782985707.694}
{"armed": false, "event": "idle_disarmed", "preset": "car_single", "single_auto": true, "ts": 1782985708.697}
{"armed": false, "event": "idle_disarmed", "preset": "car_single", "single_auto": true, "ts": 1782985709.699}
{"armed": false, "event": "idle_disarmed", "preset": "car_single", "single_auto": true, "ts": 1782985710.702}
{"armed": false, "event": "idle_disarmed", "preset": "car_single", "single_auto": true, "ts": 1782985711.704}
{"armed": false, "event": "idle_disarmed", "preset": "car_single", "single_auto": true, "ts": 1782985712.707}
{"armed": false, "event": "idle_disarmed", "preset": "car_single", "single_auto": true, "ts": 1782985713.71}
{"armed": false, "event": "idle_disarmed", "preset": "car_single", "single_auto": true, "ts": 1782985714.713}
{"armed": false, "event": "idle_disarmed", "preset": "car_single", "single_auto": true, "ts": 1782985715.716}
{"armed": false, "event": "idle_disarmed", "preset": "car_single", "single_auto": true, "ts": 1782985716.719}
{"armed": false, "event": "idle_disarmed", "preset": "car_single", "single_auto": true, "ts": 1782985717.721}
{"armed": false, "event": "idle_disarmed", "preset": "car_single", "single_auto": true, "ts": 1782985718.724}
{"armed": false, "event": "idle_disarmed", "preset": "car_single", "single_auto": true, "ts": 1782985719.726}
{"armed": false, "event": "idle_disarmed", "preset": "car_single", "single_auto": true, "ts": 1782985720.729}
{"armed": false, "event": "idle_disarmed", "preset": "car_single", "single_auto": true, "ts": 1782985721.731}
{"armed": false, "event": "idle_disarmed", "preset": "car_single", "single_auto": true, "ts": 1782985722.734}
{"armed": false, "event": "idle_disarmed", "preset": "car_single", "single_auto": true, "ts": 1782985723.736}
{"armed": false, "event": "idle_disarmed", "preset": "car_single", "single_auto": true, "ts": 1782985724.74}
{"armed": false, "event": "idle_disarmed", "preset": "car_single", "single_auto": true, "ts": 1782985725.742}
{"armed": false, "event": "idle_disarmed", "preset": "car_single", "single_auto": true, "ts": 1782985726.745}
{"armed": false, "event": "idle_disarmed", "preset": "car_single", "single_auto": true, "ts": 1782985727.747}
{"armed": false, "event": "idle_disarmed", "preset": "car_single", "single_auto": true, "ts": 1782985728.75}
{"armed": false, "event": "idle_disarmed", "preset": "car_single", "single_auto": true, "ts": 1782985729.752}
{"armed": false, "event": "idle_disarmed", "preset": "car_single", "single_auto": true, "ts": 1782985730.754}
{"armed": false, "event": "idle_disarmed", "preset": "car_single", "single_auto": true, "ts": 1782985731.756}
{"armed": false, "event": "idle_disarmed", "preset": "car_single", "single_auto": true, "ts": 1782985732.759}
{"armed": false, "event": "idle_disarmed", "preset": "car_single", "single_auto": true, "ts": 1782985733.761}
{"armed": false, "event": "idle_disarmed", "preset": "car_single", "single_auto": true, "ts": 1782985734.764}
{"armed": false, "event": "idle_disarmed", "preset": "car_single", "single_auto": true, "ts": 1782985735.766}
{"armed": false, "event": "idle_disarmed", "preset": "car_single", "single_auto": true, "ts": 1782985736.769}
{"armed": false, "event": "idle_disarmed", "preset": "car_single", "single_auto": true, "ts": 1782985737.771}
{"armed": false, "event": "idle_disarmed", "preset": "car_single", "single_auto": true, "ts": 1782985738.774}
{"armed": false, "event": "idle_disarmed", "preset": "car_single", "single_auto": true, "ts": 1782985739.776}
{"armed": false, "event": "idle_disarmed", "preset": "car_single", "single_auto": true, "ts": 1782985740.778}
{"armed": false, "event": "idle_disarmed", "preset": "car_single", "single_auto": true, "ts": 1782985741.781}
{"armed": false, "event": "idle_disarmed", "preset": "car_single", "single_auto": true, "ts": 1782985742.783}
{"armed": false, "event": "idle_disarmed", "preset": "car_single", "single_auto": true, "ts": 1782985743.786}
{"armed": false, "event": "idle_disarmed", "preset": "car_single", "single_auto": true, "ts": 1782985744.788}
{"armed": false, "event": "idle_disarmed", "preset": "car_single", "single_auto": true, "ts": 1782985745.791}
{"armed": false, "event": "idle_disarmed", "preset": "car_single", "single_auto": true, "ts": 1782985746.793}
{"armed": false, "event": "idle_disarmed", "preset": "car_single", "single_auto": true, "ts": 1782985747.796}
{"armed": false, "event": "idle_disarmed", "preset": "car_single", "single_auto": true, "ts": 1782985748.799}
{"armed": false, "event": "idle_disarmed", "preset": "car_single", "single_auto": true, "ts": 1782985749.801}
{"armed": false, "event": "idle_disarmed", "preset": "car_single", "single_auto": true, "ts": 1782985750.804}
{"armed": false, "event": "idle_disarmed", "preset": "car_single", "single_auto": true, "ts": 1782985751.806}
{"armed": false, "event": "idle_disarmed", "preset": "car_single", "single_auto": true, "ts": 1782985752.809}
{"armed": false, "event": "idle_disarmed", "preset": "car_single", "single_auto": true, "ts": 1782985753.811}
{"armed": false, "event": "idle_disarmed", "preset": "car_single", "single_auto": true, "ts": 1782985754.814}
{"armed": false, "event": "idle_disarmed", "preset": "car_single", "single_auto": true, "ts": 1782985755.816}
{"archived": "/root/rknpu2/examples/rknn_yolov8_demo_opencv_2_work_2/new_yolo8/logs/session_20260702_094916_daemon_signal_15", "event": "logs_archived", "reason": "daemon_signal_15", "ts": 1782985756.476}
{"event": "daemon_stop", "signal": 15, "ts": 1782985756.477}
{"event": "daemon_start", "pid": 237606, "ts": 1782985774.447}
{"event": "daemon_start", "pid": 237606, "ts": 1782985774.447}
{"armed": false, "event": "idle_disarmed", "preset": "car_single", "single_auto": true, "ts": 1782985774.448}
{"armed": false, "event": "idle_disarmed", "preset": "car_single", "single_auto": true, "ts": 1782985774.448}
{"armed": false, "event": "idle_disarmed", "preset": "car_single", "single_auto": true, "ts": 1782985775.448}
{"armed": false, "event": "idle_disarmed", "preset": "car_single", "single_auto": true, "ts": 1782985775.448}
{"armed": false, "event": "idle_disarmed", "preset": "car_single", "single_auto": true, "ts": 1782985776.449}
{"armed": false, "event": "idle_disarmed", "preset": "car_single", "single_auto": true, "ts": 1782985776.449}
{"armed": false, "event": "idle_disarmed", "preset": "car_single", "single_auto": true, "ts": 1782985777.451}
{"armed": false, "event": "idle_disarmed", "preset": "car_single", "single_auto": true, "ts": 1782985777.451}
{"armed": false, "event": "idle_disarmed", "preset": "car_single", "single_auto": true, "ts": 1782985778.452}
{"armed": false, "event": "idle_disarmed", "preset": "car_single", "single_auto": true, "ts": 1782985778.452}
{"armed": false, "event": "idle_disarmed", "preset": "car_single", "single_auto": true, "ts": 1782985779.453}
{"armed": false, "event": "idle_disarmed", "preset": "car_single", "single_auto": true, "ts": 1782985779.453}
{"armed": false, "event": "idle_disarmed", "preset": "car_single", "single_auto": true, "ts": 1782985780.454}
{"armed": false, "event": "idle_disarmed", "preset": "car_single", "single_auto": true, "ts": 1782985780.454}
{"armed": false, "event": "idle_disarmed", "preset": "car_single", "single_auto": true, "ts": 1782985781.455}
{"armed": false, "event": "idle_disarmed", "preset": "car_single", "single_auto": true, "ts": 1782985781.455}
{"armed": false, "event": "idle_disarmed", "preset": "car_single", "single_auto": true, "ts": 1782985782.456}
{"armed": false, "event": "idle_disarmed", "preset": "car_single", "single_auto": true, "ts": 1782985782.456}
{"armed": false, "event": "idle_disarmed", "preset": "car_single", "single_auto": true, "ts": 1782985783.457}
{"armed": false, "event": "idle_disarmed", "preset": "car_single", "single_auto": true, "ts": 1782985783.457}
{"armed": false, "event": "idle_disarmed", "preset": "car_single", "single_auto": true, "ts": 1782985784.458}
{"armed": false, "event": "idle_disarmed", "preset": "car_single", "single_auto": true, "ts": 1782985784.458}
{"armed": false, "event": "idle_disarmed", "preset": "car_single", "single_auto": true, "ts": 1782985785.459}
{"armed": false, "event": "idle_disarmed", "preset": "car_single", "single_auto": true, "ts": 1782985785.459}
{"armed": false, "event": "idle_disarmed", "preset": "car_single", "single_auto": true, "ts": 1782985786.459}
{"armed": false, "event": "idle_disarmed", "preset": "car_single", "single_auto": true, "ts": 1782985786.459}
{"armed": false, "event": "idle_disarmed", "preset": "car_single", "single_auto": true, "ts": 1782985787.46}
{"armed": false, "event": "idle_disarmed", "preset": "car_single", "single_auto": true, "ts": 1782985787.46}
{"armed": false, "event": "idle_disarmed", "preset": "car_single", "single_auto": true, "ts": 1782985788.463}
{"armed": false, "event": "idle_disarmed", "preset": "car_single", "single_auto": true, "ts": 1782985788.463}
{"armed": false, "event": "idle_disarmed", "preset": "car_single", "single_auto": true, "ts": 1782985789.465}
{"armed": false, "event": "idle_disarmed", "preset": "car_single", "single_auto": true, "ts": 1782985789.465}
{"armed": false, "event": "idle_disarmed", "preset": "car_single", "single_auto": true, "ts": 1782985790.468}
{"armed": false, "event": "idle_disarmed", "preset": "car_single", "single_auto": true, "ts": 1782985790.468}
{"armed": false, "event": "idle_disarmed", "preset": "car_single", "single_auto": true, "ts": 1782985791.469}
{"armed": false, "event": "idle_disarmed", "preset": "car_single", "single_auto": true, "ts": 1782985791.469}
{"armed": false, "event": "idle_disarmed", "preset": "car_single", "single_auto": true, "ts": 1782985792.47}
{"armed": false, "event": "idle_disarmed", "preset": "car_single", "single_auto": true, "ts": 1782985792.47}
{"armed": false, "event": "idle_disarmed", "preset": "car_single", "single_auto": true, "ts": 1782985793.472}
{"armed": false, "event": "idle_disarmed", "preset": "car_single", "single_auto": true, "ts": 1782985793.472}
{"armed": false, "event": "idle_disarmed", "preset": "car_single", "single_auto": true, "ts": 1782985794.473}
{"armed": false, "event": "idle_disarmed", "preset": "car_single", "single_auto": true, "ts": 1782985794.473}
{"armed": false, "event": "idle_disarmed", "preset": "car_single", "single_auto": true, "ts": 1782985795.474}
{"armed": false, "event": "idle_disarmed", "preset": "car_single", "single_auto": true, "ts": 1782985795.474}
{"armed": false, "event": "idle_disarmed", "preset": "car_single", "single_auto": true, "ts": 1782985796.475}
{"armed": false, "event": "idle_disarmed", "preset": "car_single", "single_auto": true, "ts": 1782985796.475}
{"armed": false, "event": "idle_disarmed", "preset": "car_single", "single_auto": true, "ts": 1782985797.477}
{"armed": false, "event": "idle_disarmed", "preset": "car_single", "single_auto": true, "ts": 1782985797.477}
{"armed": false, "event": "idle_disarmed", "preset": "car_single", "single_auto": true, "ts": 1782985798.478}
{"armed": false, "event": "idle_disarmed", "preset": "car_single", "single_auto": true, "ts": 1782985798.478}
{"armed": false, "event": "idle_disarmed", "preset": "car_single", "single_auto": true, "ts": 1782985799.48}
{"armed": false, "event": "idle_disarmed", "preset": "car_single", "single_auto": true, "ts": 1782985799.48}
{"armed": false, "event": "idle_disarmed", "preset": "car_single", "single_auto": true, "ts": 1782985800.483}
{"armed": false, "event": "idle_disarmed", "preset": "car_single", "single_auto": true, "ts": 1782985800.483}
{"armed": false, "event": "idle_disarmed", "preset": "car_single", "single_auto": true, "ts": 1782985801.484}
{"armed": false, "event": "idle_disarmed", "preset": "car_single", "single_auto": true, "ts": 1782985801.484}
{"armed": false, "event": "idle_disarmed", "preset": "car_single", "single_auto": true, "ts": 1782985802.486}
{"armed": false, "event": "idle_disarmed", "preset": "car_single", "single_auto": true, "ts": 1782985802.486}
{"armed": false, "event": "idle_disarmed", "preset": "car_single", "single_auto": true, "ts": 1782985803.489}
{"armed": false, "event": "idle_disarmed", "preset": "car_single", "single_auto": true, "ts": 1782985803.489}
{"armed": false, "event": "idle_disarmed", "preset": "car_single", "single_auto": true, "ts": 1782985804.492}
{"armed": false, "event": "idle_disarmed", "preset": "car_single", "single_auto": true, "ts": 1782985804.492}
{"armed": false, "event": "idle_disarmed", "preset": "car_single", "single_auto": true, "ts": 1782985805.493}
{"armed": false, "event": "idle_disarmed", "preset": "car_single", "single_auto": true, "ts": 1782985805.493}
{"armed": false, "event": "idle_disarmed", "preset": "car_single", "single_auto": true, "ts": 1782985806.496}
{"armed": false, "event": "idle_disarmed", "preset": "car_single", "single_auto": true, "ts": 1782985806.496}
{"armed": false, "event": "idle_disarmed", "preset": "car_single", "single_auto": true, "ts": 1782985807.497}
{"armed": false, "event": "idle_disarmed", "preset": "car_single", "single_auto": true, "ts": 1782985807.497}
{"armed": false, "event": "idle_disarmed", "preset": "car_single", "single_auto": true, "ts": 1782985808.498}
{"armed": false, "event": "idle_disarmed", "preset": "car_single", "single_auto": true, "ts": 1782985808.498}
{"armed": false, "event": "idle_disarmed", "preset": "car_single", "single_auto": true, "ts": 1782985809.499}
{"armed": false, "event": "idle_disarmed", "preset": "car_single", "single_auto": true, "ts": 1782985809.499}
{"armed": false, "event": "idle_disarmed", "preset": "car_single", "single_auto": true, "ts": 1782985810.5}
{"armed": false, "event": "idle_disarmed", "preset": "car_single", "single_auto": true, "ts": 1782985810.5}
{"armed": false, "event": "idle_disarmed", "preset": "car_single", "single_auto": true, "ts": 1782985811.501}
{"armed": false, "event": "idle_disarmed", "preset": "car_single", "single_auto": true, "ts": 1782985811.501}
{"armed": false, "event": "idle_disarmed", "preset": "car_single", "single_auto": true, "ts": 1782985812.502}
{"armed": false, "event": "idle_disarmed", "preset": "car_single", "single_auto": true, "ts": 1782985812.502}
{"armed": false, "event": "idle_disarmed", "preset": "car_single", "single_auto": true, "ts": 1782985813.503}
{"armed": false, "event": "idle_disarmed", "preset": "car_single", "single_auto": true, "ts": 1782985813.503}
{"armed": false, "event": "idle_disarmed", "preset": "car_single", "single_auto": true, "ts": 1782985814.505}
{"armed": false, "event": "idle_disarmed", "preset": "car_single", "single_auto": true, "ts": 1782985814.505}
{"armed": false, "event": "idle_disarmed", "preset": "car_single", "single_auto": true, "ts": 1782985815.507}
{"armed": false, "event": "idle_disarmed", "preset": "car_single", "single_auto": true, "ts": 1782985815.507}
{"armed": false, "event": "idle_disarmed", "preset": "car_single", "single_auto": true, "ts": 1782985816.509}
{"armed": false, "event": "idle_disarmed", "preset": "car_single", "single_auto": true, "ts": 1782985816.509}
{"armed": false, "event": "idle_disarmed", "preset": "car_single", "single_auto": true, "ts": 1782985817.511}
{"armed": false, "event": "idle_disarmed", "preset": "car_single", "single_auto": true, "ts": 1782985817.511}
{"armed": false, "event": "idle_disarmed", "preset": "car_single", "single_auto": true, "ts": 1782985818.513}
{"armed": false, "event": "idle_disarmed", "preset": "car_single", "single_auto": true, "ts": 1782985818.513}
{"armed": false, "event": "idle_disarmed", "preset": "car_single", "single_auto": true, "ts": 1782985819.515}
{"armed": false, "event": "idle_disarmed", "preset": "car_single", "single_auto": true, "ts": 1782985819.515}
{"armed": false, "event": "idle_disarmed", "preset": "car_single", "single_auto": true, "ts": 1782985820.518}
{"armed": false, "event": "idle_disarmed", "preset": "car_single", "single_auto": true, "ts": 1782985820.518}
{"armed": false, "event": "idle_disarmed", "preset": "car_single", "single_auto": true, "ts": 1782985821.52}
{"armed": false, "event": "idle_disarmed", "preset": "car_single", "single_auto": true, "ts": 1782985821.52}
{"armed": false, "event": "idle_disarmed", "preset": "car_single", "single_auto": true, "ts": 1782985822.522}
{"armed": false, "event": "idle_disarmed", "preset": "car_single", "single_auto": true, "ts": 1782985822.522}
{"armed": false, "event": "idle_disarmed", "preset": "car_single", "single_auto": true, "ts": 1782985823.524}
{"armed": false, "event": "idle_disarmed", "preset": "car_single", "single_auto": true, "ts": 1782985823.524}
{"armed": false, "event": "idle_disarmed", "preset": "car_single", "single_auto": true, "ts": 1782985824.526}
{"armed": false, "event": "idle_disarmed", "preset": "car_single", "single_auto": true, "ts": 1782985824.526}
{"armed": false, "event": "idle_disarmed", "preset": "car_single", "single_auto": true, "ts": 1782985825.528}
{"armed": false, "event": "idle_disarmed", "preset": "car_single", "single_auto": true, "ts": 1782985825.528}
{"armed": false, "event": "idle_disarmed", "preset": "car_single", "single_auto": true, "ts": 1782985826.531}
{"armed": false, "event": "idle_disarmed", "preset": "car_single", "single_auto": true, "ts": 1782985826.531}
{"armed": false, "event": "idle_disarmed", "preset": "car_single", "single_auto": true, "ts": 1782985827.533}
{"armed": false, "event": "idle_disarmed", "preset": "car_single", "single_auto": true, "ts": 1782985827.533}
{"armed": false, "event": "idle_disarmed", "preset": "car_single", "single_auto": true, "ts": 1782985828.535}
{"armed": false, "event": "idle_disarmed", "preset": "car_single", "single_auto": true, "ts": 1782985828.535}
{"armed": false, "event": "idle_disarmed", "preset": "car_single", "single_auto": true, "ts": 1782985829.538}
{"armed": false, "event": "idle_disarmed", "preset": "car_single", "single_auto": true, "ts": 1782985829.538}
{"armed": false, "event": "idle_disarmed", "preset": "car_single", "single_auto": true, "ts": 1782985830.54}
{"armed": false, "event": "idle_disarmed", "preset": "car_single", "single_auto": true, "ts": 1782985830.54}
{"armed": false, "event": "idle_disarmed", "preset": "car_single", "single_auto": true, "ts": 1782985831.542}
{"armed": false, "event": "idle_disarmed", "preset": "car_single", "single_auto": true, "ts": 1782985831.542}
{"armed": false, "event": "idle_disarmed", "preset": "car_single", "single_auto": true, "ts": 1782985832.545}
{"armed": false, "event": "idle_disarmed", "preset": "car_single", "single_auto": true, "ts": 1782985832.545}
{"armed": false, "event": "idle_disarmed", "preset": "car_single", "single_auto": true, "ts": 1782985833.547}
{"armed": false, "event": "idle_disarmed", "preset": "car_single", "single_auto": true, "ts": 1782985833.547}
{"armed": false, "event": "idle_disarmed", "preset": "car_single", "single_auto": true, "ts": 1782985834.549}
{"armed": false, "event": "idle_disarmed", "preset": "car_single", "single_auto": true, "ts": 1782985834.549}
{"armed": false, "event": "idle_disarmed", "preset": "car_single", "single_auto": true, "ts": 1782985835.552}
{"armed": false, "event": "idle_disarmed", "preset": "car_single", "single_auto": true, "ts": 1782985835.552}
{"armed": false, "event": "idle_disarmed", "preset": "car_single", "single_auto": true, "ts": 1782985836.554}
{"armed": false, "event": "idle_disarmed", "preset": "car_single", "single_auto": true, "ts": 1782985836.554}
{"armed": false, "event": "idle_disarmed", "preset": "car_single", "single_auto": true, "ts": 1782985837.556}
{"armed": false, "event": "idle_disarmed", "preset": "car_single", "single_auto": true, "ts": 1782985837.556}
{"armed": false, "event": "idle_disarmed", "preset": "car_single", "single_auto": true, "ts": 1782985838.558}
{"armed": false, "event": "idle_disarmed", "preset": "car_single", "single_auto": true, "ts": 1782985838.558}
{"armed": false, "event": "idle_disarmed", "preset": "car_single", "single_auto": true, "ts": 1782985839.561}
{"armed": false, "event": "idle_disarmed", "preset": "car_single", "single_auto": true, "ts": 1782985839.561}
{"armed": false, "event": "idle_disarmed", "preset": "car_single", "single_auto": true, "ts": 1782985840.563}
{"armed": false, "event": "idle_disarmed", "preset": "car_single", "single_auto": true, "ts": 1782985840.563}
{"armed": false, "event": "idle_disarmed", "preset": "car_single", "single_auto": true, "ts": 1782985841.565}
{"armed": false, "event": "idle_disarmed", "preset": "car_single", "single_auto": true, "ts": 1782985841.565}
{"armed": false, "event": "idle_disarmed", "preset": "car_single", "single_auto": true, "ts": 1782985842.567}
{"armed": false, "event": "idle_disarmed", "preset": "car_single", "single_auto": true, "ts": 1782985842.567}
{"armed": false, "event": "idle_disarmed", "preset": "car_single", "single_auto": true, "ts": 1782985843.569}
{"armed": false, "event": "idle_disarmed", "preset": "car_single", "single_auto": true, "ts": 1782985843.569}
{"armed": false, "event": "idle_disarmed", "preset": "car_single", "single_auto": true, "ts": 1782985844.571}
{"armed": false, "event": "idle_disarmed", "preset": "car_single", "single_auto": true, "ts": 1782985844.571}
{"armed": false, "event": "idle_disarmed", "preset": "car_single", "single_auto": true, "ts": 1782985845.574}
{"armed": false, "event": "idle_disarmed", "preset": "car_single", "single_auto": true, "ts": 1782985845.574}
{"armed": false, "event": "idle_disarmed", "preset": "car_single", "single_auto": true, "ts": 1782985846.576}
{"armed": false, "event": "idle_disarmed", "preset": "car_single", "single_auto": true, "ts": 1782985846.576}
{"armed": false, "event": "idle_disarmed", "preset": "car_single", "single_auto": true, "ts": 1782985847.579}
{"armed": false, "event": "idle_disarmed", "preset": "car_single", "single_auto": true, "ts": 1782985847.579}
{"armed": false, "event": "idle_disarmed", "preset": "car_single", "single_auto": true, "ts": 1782985848.582}
{"armed": false, "event": "idle_disarmed", "preset": "car_single", "single_auto": true, "ts": 1782985848.582}
{"armed": false, "event": "idle_disarmed", "preset": "car_single", "single_auto": true, "ts": 1782985849.584}
{"armed": false, "event": "idle_disarmed", "preset": "car_single", "single_auto": true, "ts": 1782985849.584}
{"armed": false, "event": "idle_disarmed", "preset": "car_single", "single_auto": true, "ts": 1782985850.587}
{"armed": false, "event": "idle_disarmed", "preset": "car_single", "single_auto": true, "ts": 1782985850.587}
{"armed": false, "event": "idle_disarmed", "preset": "car_single", "single_auto": true, "ts": 1782985851.589}
{"armed": false, "event": "idle_disarmed", "preset": "car_single", "single_auto": true, "ts": 1782985851.589}
{"armed": false, "event": "idle_disarmed", "preset": "car_single", "single_auto": true, "ts": 1782985852.592}
{"armed": false, "event": "idle_disarmed", "preset": "car_single", "single_auto": true, "ts": 1782985852.592}
{"armed": false, "event": "idle_disarmed", "preset": "car_single", "single_auto": true, "ts": 1782985853.594}
{"armed": false, "event": "idle_disarmed", "preset": "car_single", "single_auto": true, "ts": 1782985853.594}
{"armed": false, "event": "idle_disarmed", "preset": "car_single", "single_auto": true, "ts": 1782985854.597}
{"armed": false, "event": "idle_disarmed", "preset": "car_single", "single_auto": true, "ts": 1782985854.597}
{"armed": false, "event": "idle_disarmed", "preset": "car_single", "single_auto": true, "ts": 1782985855.599}
{"armed": false, "event": "idle_disarmed", "preset": "car_single", "single_auto": true, "ts": 1782985855.599}
{"armed": false, "event": "idle_disarmed", "preset": "car_single", "single_auto": true, "ts": 1782985856.602}
{"armed": false, "event": "idle_disarmed", "preset": "car_single", "single_auto": true, "ts": 1782985856.602}
{"armed": false, "event": "idle_disarmed", "preset": "car_single", "single_auto": true, "ts": 1782985857.604}
{"armed": false, "event": "idle_disarmed", "preset": "car_single", "single_auto": true, "ts": 1782985857.604}
{"armed": false, "event": "idle_disarmed", "preset": "car_single", "single_auto": true, "ts": 1782985858.607}
{"armed": false, "event": "idle_disarmed", "preset": "car_single", "single_auto": true, "ts": 1782985858.607}
{"armed": false, "event": "idle_disarmed", "preset": "car_single", "single_auto": true, "ts": 1782985859.612}
{"armed": false, "event": "idle_disarmed", "preset": "car_single", "single_auto": true, "ts": 1782985859.612}
{"armed": false, "event": "idle_disarmed", "preset": "car_single", "single_auto": true, "ts": 1782985860.615}
{"armed": false, "event": "idle_disarmed", "preset": "car_single", "single_auto": true, "ts": 1782985860.615}
{"armed": false, "event": "idle_disarmed", "preset": "car_single", "single_auto": true, "ts": 1782985861.617}
{"armed": false, "event": "idle_disarmed", "preset": "car_single", "single_auto": true, "ts": 1782985861.617}
{"armed": false, "event": "idle_disarmed", "preset": "car_single", "single_auto": true, "ts": 1782985862.62}
{"armed": false, "event": "idle_disarmed", "preset": "car_single", "single_auto": true, "ts": 1782985862.62}
{"armed": false, "event": "idle_disarmed", "preset": "car_single", "single_auto": true, "ts": 1782985863.622}
{"armed": false, "event": "idle_disarmed", "preset": "car_single", "single_auto": true, "ts": 1782985863.622}
{"armed": false, "event": "idle_disarmed", "preset": "car_single", "single_auto": true, "ts": 1782985864.625}
{"armed": false, "event": "idle_disarmed", "preset": "car_single", "single_auto": true, "ts": 1782985864.625}
{"armed": false, "event": "idle_disarmed", "preset": "car_single", "single_auto": true, "ts": 1782985865.627}
{"armed": false, "event": "idle_disarmed", "preset": "car_single", "single_auto": true, "ts": 1782985865.627}
{"armed": false, "event": "idle_disarmed", "preset": "car_single", "single_auto": true, "ts": 1782985866.63}
{"armed": false, "event": "idle_disarmed", "preset": "car_single", "single_auto": true, "ts": 1782985866.63}
{"armed": false, "event": "idle_disarmed", "preset": "car_single", "single_auto": true, "ts": 1782985867.632}
{"armed": false, "event": "idle_disarmed", "preset": "car_single", "single_auto": true, "ts": 1782985867.632}
{"armed": false, "event": "idle_disarmed", "preset": "car_single", "single_auto": true, "ts": 1782985868.635}
{"armed": false, "event": "idle_disarmed", "preset": "car_single", "single_auto": true, "ts": 1782985868.635}
{"armed": false, "event": "idle_disarmed", "preset": "car_single", "single_auto": true, "ts": 1782985869.637}
{"armed": false, "event": "idle_disarmed", "preset": "car_single", "single_auto": true, "ts": 1782985869.637}
{"armed": false, "event": "idle_disarmed", "preset": "car_single", "single_auto": true, "ts": 1782985870.64}
{"armed": false, "event": "idle_disarmed", "preset": "car_single", "single_auto": true, "ts": 1782985870.64}
{"armed": false, "event": "idle_disarmed", "preset": "car_single", "single_auto": true, "ts": 1782985871.642}
{"armed": false, "event": "idle_disarmed", "preset": "car_single", "single_auto": true, "ts": 1782985871.642}
{"armed": false, "event": "idle_disarmed", "preset": "car_single", "single_auto": true, "ts": 1782985872.645}
{"armed": false, "event": "idle_disarmed", "preset": "car_single", "single_auto": true, "ts": 1782985872.645}
{"armed": false, "event": "idle_disarmed", "preset": "car_single", "single_auto": true, "ts": 1782985873.647}
{"armed": false, "event": "idle_disarmed", "preset": "car_single", "single_auto": true, "ts": 1782985873.647}
{"armed": false, "event": "idle_disarmed", "preset": "car_single", "single_auto": true, "ts": 1782985874.65}
{"armed": false, "event": "idle_disarmed", "preset": "car_single", "single_auto": true, "ts": 1782985874.65}
{"armed": false, "event": "idle_disarmed", "preset": "car_single", "single_auto": true, "ts": 1782985875.652}
{"armed": false, "event": "idle_disarmed", "preset": "car_single", "single_auto": true, "ts": 1782985875.652}
{"armed": false, "event": "idle_disarmed", "preset": "car_single", "single_auto": true, "ts": 1782985876.654}
{"armed": false, "event": "idle_disarmed", "preset": "car_single", "single_auto": true, "ts": 1782985876.654}
{"armed": false, "event": "idle_disarmed", "preset": "car_single", "single_auto": true, "ts": 1782985877.656}
{"armed": false, "event": "idle_disarmed", "preset": "car_single", "single_auto": true, "ts": 1782985877.656}
{"armed": false, "event": "idle_disarmed", "preset": "car_single", "single_auto": true, "ts": 1782985878.659}
{"armed": false, "event": "idle_disarmed", "preset": "car_single", "single_auto": true, "ts": 1782985878.659}
{"armed": false, "event": "idle_disarmed", "preset": "car_single", "single_auto": true, "ts": 1782985879.661}
{"armed": false, "event": "idle_disarmed", "preset": "car_single", "single_auto": true, "ts": 1782985879.661}
{"armed": false, "event": "idle_disarmed", "preset": "car_single", "single_auto": true, "ts": 1782985880.664}
{"armed": false, "event": "idle_disarmed", "preset": "car_single", "single_auto": true, "ts": 1782985880.664}
{"armed": false, "event": "idle_disarmed", "preset": "car_single", "single_auto": true, "ts": 1782985881.666}
{"armed": false, "event": "idle_disarmed", "preset": "car_single", "single_auto": true, "ts": 1782985881.666}
{"armed": false, "event": "idle_disarmed", "preset": "car_single", "single_auto": true, "ts": 1782985882.67}
{"armed": false, "event": "idle_disarmed", "preset": "car_single", "single_auto": true, "ts": 1782985882.67}
{"armed": false, "event": "idle_disarmed", "preset": "car_single", "single_auto": true, "ts": 1782985883.673}
{"armed": false, "event": "idle_disarmed", "preset": "car_single", "single_auto": true, "ts": 1782985883.673}
{"armed": false, "event": "idle_disarmed", "preset": "car_single", "single_auto": true, "ts": 1782985884.675}
{"armed": false, "event": "idle_disarmed", "preset": "car_single", "single_auto": true, "ts": 1782985884.675}
{"armed": false, "event": "idle_disarmed", "preset": "car_single", "single_auto": true, "ts": 1782985885.678}
{"armed": false, "event": "idle_disarmed", "preset": "car_single", "single_auto": true, "ts": 1782985885.678}
{"armed": false, "event": "idle_disarmed", "preset": "car_single", "single_auto": true, "ts": 1782985886.68}
{"armed": false, "event": "idle_disarmed", "preset": "car_single", "single_auto": true, "ts": 1782985886.68}
{"armed": false, "event": "idle_disarmed", "preset": "car_single", "single_auto": true, "ts": 1782985887.682}
{"armed": false, "event": "idle_disarmed", "preset": "car_single", "single_auto": true, "ts": 1782985887.682}
{"armed": false, "event": "idle_disarmed", "preset": "car_single", "single_auto": true, "ts": 1782985888.685}
{"armed": false, "event": "idle_disarmed", "preset": "car_single", "single_auto": true, "ts": 1782985888.685}
{"armed": false, "event": "idle_disarmed", "preset": "car_single", "single_auto": true, "ts": 1782985889.687}
{"armed": false, "event": "idle_disarmed", "preset": "car_single", "single_auto": true, "ts": 1782985889.687}
{"armed": false, "event": "idle_disarmed", "preset": "car_single", "single_auto": true, "ts": 1782985890.689}
{"armed": false, "event": "idle_disarmed", "preset": "car_single", "single_auto": true, "ts": 1782985890.689}
{"armed": false, "event": "idle_disarmed", "preset": "car_single", "single_auto": true, "ts": 1782985891.692}
{"armed": false, "event": "idle_disarmed", "preset": "car_single", "single_auto": true, "ts": 1782985891.692}
{"armed": false, "event": "idle_disarmed", "preset": "car_single", "single_auto": true, "ts": 1782985892.694}
{"armed": false, "event": "idle_disarmed", "preset": "car_single", "single_auto": true, "ts": 1782985892.694}
{"armed": false, "event": "idle_disarmed", "preset": "car_single", "single_auto": true, "ts": 1782985893.697}
{"armed": false, "event": "idle_disarmed", "preset": "car_single", "single_auto": true, "ts": 1782985893.697}
{"armed": false, "event": "idle_disarmed", "preset": "car_single", "single_auto": true, "ts": 1782985894.699}
{"armed": false, "event": "idle_disarmed", "preset": "car_single", "single_auto": true, "ts": 1782985894.699}
{"armed": false, "event": "idle_disarmed", "preset": "car_single", "single_auto": true, "ts": 1782985895.701}
{"armed": false, "event": "idle_disarmed", "preset": "car_single", "single_auto": true, "ts": 1782985895.701}
{"armed": false, "event": "idle_disarmed", "preset": "car_single", "single_auto": true, "ts": 1782985896.704}
{"armed": false, "event": "idle_disarmed", "preset": "car_single", "single_auto": true, "ts": 1782985896.704}
{"armed": false, "event": "idle_disarmed", "preset": "car_single", "single_auto": true, "ts": 1782985897.706}
{"armed": false, "event": "idle_disarmed", "preset": "car_single", "single_auto": true, "ts": 1782985897.706}
{"armed": false, "event": "idle_disarmed", "preset": "car_single", "single_auto": true, "ts": 1782985898.709}
{"armed": false, "event": "idle_disarmed", "preset": "car_single", "single_auto": true, "ts": 1782985898.709}
{"armed": false, "event": "idle_disarmed", "preset": "car_single", "single_auto": true, "ts": 1782985899.711}
{"armed": false, "event": "idle_disarmed", "preset": "car_single", "single_auto": true, "ts": 1782985899.711}
{"armed": false, "event": "idle_disarmed", "preset": "car_single", "single_auto": true, "ts": 1782985900.714}
{"armed": false, "event": "idle_disarmed", "preset": "car_single", "single_auto": true, "ts": 1782985900.714}
{"armed": false, "event": "idle_disarmed", "preset": "car_single", "single_auto": true, "ts": 1782985901.717}
{"armed": false, "event": "idle_disarmed", "preset": "car_single", "single_auto": true, "ts": 1782985901.717}
{"armed": false, "event": "idle_disarmed", "preset": "car_single", "single_auto": true, "ts": 1782985902.719}
{"armed": false, "event": "idle_disarmed", "preset": "car_single", "single_auto": true, "ts": 1782985902.719}
{"armed": false, "event": "idle_disarmed", "preset": "car_single", "single_auto": true, "ts": 1782985903.721}
{"armed": false, "event": "idle_disarmed", "preset": "car_single", "single_auto": true, "ts": 1782985903.721}
{"armed": false, "event": "idle_disarmed", "preset": "car_single", "single_auto": true, "ts": 1782985904.724}
{"armed": false, "event": "idle_disarmed", "preset": "car_single", "single_auto": true, "ts": 1782985904.724}
{"armed": false, "event": "idle_disarmed", "preset": "car_single", "single_auto": true, "ts": 1782985905.727}
{"armed": false, "event": "idle_disarmed", "preset": "car_single", "single_auto": true, "ts": 1782985905.727}
{"armed": false, "event": "idle_disarmed", "preset": "car_single", "single_auto": true, "ts": 1782985906.729}
{"armed": false, "event": "idle_disarmed", "preset": "car_single", "single_auto": true, "ts": 1782985906.729}
{"armed": false, "event": "idle_disarmed", "preset": "car_single", "single_auto": true, "ts": 1782985907.732}
{"armed": false, "event": "idle_disarmed", "preset": "car_single", "single_auto": true, "ts": 1782985907.732}
{"armed": false, "event": "idle_disarmed", "preset": "car_single", "single_auto": true, "ts": 1782985908.734}
{"armed": false, "event": "idle_disarmed", "preset": "car_single", "single_auto": true, "ts": 1782985908.734}
{"armed": false, "event": "idle_disarmed", "preset": "car_single", "single_auto": true, "ts": 1782985909.737}
{"armed": false, "event": "idle_disarmed", "preset": "car_single", "single_auto": true, "ts": 1782985909.737}
{"armed": false, "event": "idle_disarmed", "preset": "car_single", "single_auto": true, "ts": 1782985910.739}
{"armed": false, "event": "idle_disarmed", "preset": "car_single", "single_auto": true, "ts": 1782985910.739}
{"armed": false, "event": "idle_disarmed", "preset": "car_single", "single_auto": true, "ts": 1782985911.741}
{"armed": false, "event": "idle_disarmed", "preset": "car_single", "single_auto": true, "ts": 1782985911.741}
{"armed": false, "event": "idle_disarmed", "preset": "car_single", "single_auto": true, "ts": 1782985912.744}
{"armed": false, "event": "idle_disarmed", "preset": "car_single", "single_auto": true, "ts": 1782985912.744}
{"armed": false, "event": "idle_disarmed", "preset": "car_single", "single_auto": true, "ts": 1782985913.745}
{"armed": false, "event": "idle_disarmed", "preset": "car_single", "single_auto": true, "ts": 1782985913.745}
{"armed": false, "event": "idle_disarmed", "preset": "car_single", "single_auto": true, "ts": 1782985914.746}
{"armed": false, "event": "idle_disarmed", "preset": "car_single", "single_auto": true, "ts": 1782985914.746}
{"armed": false, "event": "idle_disarmed", "preset": "car_single", "single_auto": true, "ts": 1782985915.747}
{"armed": false, "event": "idle_disarmed", "preset": "car_single", "single_auto": true, "ts": 1782985915.747}
{"armed": false, "event": "idle_disarmed", "preset": "car_single", "single_auto": true, "ts": 1782985916.748}
{"armed": false, "event": "idle_disarmed", "preset": "car_single", "single_auto": true, "ts": 1782985916.748}
{"armed": false, "event": "idle_disarmed", "preset": "car_single", "single_auto": true, "ts": 1782985917.75}
{"armed": false, "event": "idle_disarmed", "preset": "car_single", "single_auto": true, "ts": 1782985917.75}
{"armed": false, "event": "idle_disarmed", "preset": "car_single", "single_auto": true, "ts": 1782985918.751}
{"armed": false, "event": "idle_disarmed", "preset": "car_single", "single_auto": true, "ts": 1782985918.751}
{"armed": false, "event": "idle_disarmed", "preset": "car_single", "single_auto": true, "ts": 1782985919.752}
{"armed": false, "event": "idle_disarmed", "preset": "car_single", "single_auto": true, "ts": 1782985919.752}
{"armed": false, "event": "idle_disarmed", "preset": "car_single", "single_auto": true, "ts": 1782985920.753}
{"armed": false, "event": "idle_disarmed", "preset": "car_single", "single_auto": true, "ts": 1782985920.753}
{"armed": false, "event": "idle_disarmed", "preset": "car_single", "single_auto": true, "ts": 1782985921.754}
{"armed": false, "event": "idle_disarmed", "preset": "car_single", "single_auto": true, "ts": 1782985921.754}
{"armed": false, "event": "idle_disarmed", "preset": "car_single", "single_auto": true, "ts": 1782985922.755}
{"armed": false, "event": "idle_disarmed", "preset": "car_single", "single_auto": true, "ts": 1782985922.755}
{"armed": false, "event": "idle_disarmed", "preset": "car_single", "single_auto": true, "ts": 1782985923.756}
{"armed": false, "event": "idle_disarmed", "preset": "car_single", "single_auto": true, "ts": 1782985923.756}
{"armed": false, "event": "idle_disarmed", "preset": "car_single", "single_auto": true, "ts": 1782985924.757}
{"armed": false, "event": "idle_disarmed", "preset": "car_single", "single_auto": true, "ts": 1782985924.757}
{"armed": false, "event": "idle_disarmed", "preset": "car_single", "single_auto": true, "ts": 1782985925.758}
{"armed": false, "event": "idle_disarmed", "preset": "car_single", "single_auto": true, "ts": 1782985925.758}
{"armed": false, "event": "idle_disarmed", "preset": "car_single", "single_auto": true, "ts": 1782985926.759}
{"armed": false, "event": "idle_disarmed", "preset": "car_single", "single_auto": true, "ts": 1782985926.759}
{"armed": false, "event": "idle_disarmed", "preset": "car_single", "single_auto": true, "ts": 1782985927.76}
{"armed": false, "event": "idle_disarmed", "preset": "car_single", "single_auto": true, "ts": 1782985927.76}
{"armed": false, "event": "idle_disarmed", "preset": "car_single", "single_auto": true, "ts": 1782985928.762}
{"armed": false, "event": "idle_disarmed", "preset": "car_single", "single_auto": true, "ts": 1782985928.762}
{"armed": false, "event": "idle_disarmed", "preset": "car_single", "single_auto": true, "ts": 1782985929.763}
{"armed": false, "event": "idle_disarmed", "preset": "car_single", "single_auto": true, "ts": 1782985929.763}
{"armed": false, "event": "idle_disarmed", "preset": "car_single", "single_auto": true, "ts": 1782985930.764}
{"armed": false, "event": "idle_disarmed", "preset": "car_single", "single_auto": true, "ts": 1782985930.764}
{"armed": false, "event": "idle_disarmed", "preset": "car_single", "single_auto": true, "ts": 1782985931.765}
{"armed": false, "event": "idle_disarmed", "preset": "car_single", "single_auto": true, "ts": 1782985931.765}
{"armed": false, "event": "idle_disarmed", "preset": "car_single", "single_auto": true, "ts": 1782985932.766}
{"armed": false, "event": "idle_disarmed", "preset": "car_single", "single_auto": true, "ts": 1782985932.766}
{"armed": false, "event": "idle_disarmed", "preset": "car_single", "single_auto": true, "ts": 1782985933.768}
{"armed": false, "event": "idle_disarmed", "preset": "car_single", "single_auto": true, "ts": 1782985933.768}
{"armed": false, "event": "idle_disarmed", "preset": "car_single", "single_auto": true, "ts": 1782985934.77}
{"armed": false, "event": "idle_disarmed", "preset": "car_single", "single_auto": true, "ts": 1782985934.77}
{"armed": false, "event": "idle_disarmed", "preset": "car_single", "single_auto": true, "ts": 1782985935.773}
{"armed": false, "event": "idle_disarmed", "preset": "car_single", "single_auto": true, "ts": 1782985935.773}
{"armed": false, "event": "idle_disarmed", "preset": "car_single", "single_auto": true, "ts": 1782985936.775}
{"armed": false, "event": "idle_disarmed", "preset": "car_single", "single_auto": true, "ts": 1782985936.775}
{"armed": false, "event": "idle_disarmed", "preset": "car_single", "single_auto": true, "ts": 1782985937.778}
{"armed": false, "event": "idle_disarmed", "preset": "car_single", "single_auto": true, "ts": 1782985937.778}
{"armed": false, "event": "idle_disarmed", "preset": "car_single", "single_auto": true, "ts": 1782985938.78}
{"armed": false, "event": "idle_disarmed", "preset": "car_single", "single_auto": true, "ts": 1782985938.78}
{"armed": false, "event": "idle_disarmed", "preset": "car_single", "single_auto": true, "ts": 1782985939.782}
{"armed": false, "event": "idle_disarmed", "preset": "car_single", "single_auto": true, "ts": 1782985939.782}
{"armed": false, "event": "idle_disarmed", "preset": "car_single", "single_auto": true, "ts": 1782985940.785}
{"armed": false, "event": "idle_disarmed", "preset": "car_single", "single_auto": true, "ts": 1782985940.785}
{"armed": false, "event": "idle_disarmed", "preset": "car_single", "single_auto": true, "ts": 1782985941.787}
{"armed": false, "event": "idle_disarmed", "preset": "car_single", "single_auto": true, "ts": 1782985941.787}
{"armed": false, "event": "idle_disarmed", "preset": "car_single", "single_auto": true, "ts": 1782985942.79}
{"armed": false, "event": "idle_disarmed", "preset": "car_single", "single_auto": true, "ts": 1782985942.79}
{"armed": false, "event": "idle_disarmed", "preset": "car_single", "single_auto": true, "ts": 1782985943.792}
{"armed": false, "event": "idle_disarmed", "preset": "car_single", "single_auto": true, "ts": 1782985943.792}
{"armed": false, "event": "idle_disarmed", "preset": "car_single", "single_auto": true, "ts": 1782985944.795}
{"armed": false, "event": "idle_disarmed", "preset": "car_single", "single_auto": true, "ts": 1782985944.795}
{"armed": false, "event": "idle_disarmed", "preset": "car_single", "single_auto": true, "ts": 1782985945.797}
{"armed": false, "event": "idle_disarmed", "preset": "car_single", "single_auto": true, "ts": 1782985945.797}
{"armed": false, "event": "idle_disarmed", "preset": "car_single", "single_auto": true, "ts": 1782985946.8}
{"armed": false, "event": "idle_disarmed", "preset": "car_single", "single_auto": true, "ts": 1782985946.8}
{"armed": false, "event": "idle_disarmed", "preset": "car_single", "single_auto": true, "ts": 1782985947.802}
{"armed": false, "event": "idle_disarmed", "preset": "car_single", "single_auto": true, "ts": 1782985947.802}
{"armed": false, "event": "idle_disarmed", "preset": "car_single", "single_auto": true, "ts": 1782985948.805}
{"armed": false, "event": "idle_disarmed", "preset": "car_single", "single_auto": true, "ts": 1782985948.805}
{"armed": false, "event": "idle_disarmed", "preset": "car_single", "single_auto": true, "ts": 1782985949.807}
{"armed": false, "event": "idle_disarmed", "preset": "car_single", "single_auto": true, "ts": 1782985949.807}
{"armed": false, "event": "idle_disarmed", "preset": "car_single", "single_auto": true, "ts": 1782985950.81}
{"armed": false, "event": "idle_disarmed", "preset": "car_single", "single_auto": true, "ts": 1782985950.81}
{"armed": false, "event": "idle_disarmed", "preset": "car_single", "single_auto": true, "ts": 1782985951.813}
{"armed": false, "event": "idle_disarmed", "preset": "car_single", "single_auto": true, "ts": 1782985951.813}
{"armed": false, "event": "idle_disarmed", "preset": "car_single", "single_auto": true, "ts": 1782985952.814}
{"armed": false, "event": "idle_disarmed", "preset": "car_single", "single_auto": true, "ts": 1782985952.814}
{"armed": false, "event": "idle_disarmed", "preset": "car_single", "single_auto": true, "ts": 1782985953.816}
{"armed": false, "event": "idle_disarmed", "preset": "car_single", "single_auto": true, "ts": 1782985953.816}
{"armed": false, "event": "idle_disarmed", "preset": "car_single", "single_auto": true, "ts": 1782985954.818}
{"armed": false, "event": "idle_disarmed", "preset": "car_single", "single_auto": true, "ts": 1782985954.818}
{"armed": false, "event": "idle_disarmed", "preset": "car_single", "single_auto": true, "ts": 1782985955.821}
{"armed": false, "event": "idle_disarmed", "preset": "car_single", "single_auto": true, "ts": 1782985955.821}
{"armed": false, "event": "idle_disarmed", "preset": "car_single", "single_auto": true, "ts": 1782985956.823}
{"armed": false, "event": "idle_disarmed", "preset": "car_single", "single_auto": true, "ts": 1782985956.823}
{"armed": false, "event": "idle_disarmed", "preset": "car_single", "single_auto": true, "ts": 1782985957.825}
{"armed": false, "event": "idle_disarmed", "preset": "car_single", "single_auto": true, "ts": 1782985957.825}
{"armed": false, "event": "idle_disarmed", "preset": "car_single", "single_auto": true, "ts": 1782985958.828}
{"armed": false, "event": "idle_disarmed", "preset": "car_single", "single_auto": true, "ts": 1782985958.828}
{"armed": false, "event": "idle_disarmed", "preset": "car_single", "single_auto": true, "ts": 1782985959.831}
{"armed": false, "event": "idle_disarmed", "preset": "car_single", "single_auto": true, "ts": 1782985959.831}
{"armed": false, "event": "idle_disarmed", "preset": "car_single", "single_auto": true, "ts": 1782985960.834}
{"armed": false, "event": "idle_disarmed", "preset": "car_single", "single_auto": true, "ts": 1782985960.834}
{"armed": false, "event": "idle_disarmed", "preset": "car_single", "single_auto": true, "ts": 1782985961.836}
{"armed": false, "event": "idle_disarmed", "preset": "car_single", "single_auto": true, "ts": 1782985961.836}
{"armed": false, "event": "idle_disarmed", "preset": "car_single", "single_auto": true, "ts": 1782985962.839}
{"armed": false, "event": "idle_disarmed", "preset": "car_single", "single_auto": true, "ts": 1782985962.839}
{"armed": false, "event": "idle_disarmed", "preset": "car_single", "single_auto": true, "ts": 1782985963.841}
{"armed": false, "event": "idle_disarmed", "preset": "car_single", "single_auto": true, "ts": 1782985963.841}
{"armed": false, "event": "idle_disarmed", "preset": "car_single", "single_auto": true, "ts": 1782985964.844}
{"armed": false, "event": "idle_disarmed", "preset": "car_single", "single_auto": true, "ts": 1782985964.844}
{"armed": false, "event": "idle_disarmed", "preset": "car_single", "single_auto": true, "ts": 1782985965.846}
{"armed": false, "event": "idle_disarmed", "preset": "car_single", "single_auto": true, "ts": 1782985965.846}
{"armed": false, "event": "idle_disarmed", "preset": "car_single", "single_auto": true, "ts": 1782985966.848}
{"armed": false, "event": "idle_disarmed", "preset": "car_single", "single_auto": true, "ts": 1782985966.848}
{"armed": false, "event": "idle_disarmed", "preset": "car_single", "single_auto": true, "ts": 1782985967.851}
{"armed": false, "event": "idle_disarmed", "preset": "car_single", "single_auto": true, "ts": 1782985967.851}
{"armed": false, "event": "idle_disarmed", "preset": "car_single", "single_auto": true, "ts": 1782985968.853}
{"armed": false, "event": "idle_disarmed", "preset": "car_single", "single_auto": true, "ts": 1782985968.853}
{"armed": false, "event": "idle_disarmed", "preset": "car_single", "single_auto": true, "ts": 1782985969.855}
{"armed": false, "event": "idle_disarmed", "preset": "car_single", "single_auto": true, "ts": 1782985969.855}
{"armed": false, "event": "idle_disarmed", "preset": "car_single", "single_auto": true, "ts": 1782985970.858}
{"armed": false, "event": "idle_disarmed", "preset": "car_single", "single_auto": true, "ts": 1782985970.858}
{"armed": false, "event": "idle_disarmed", "preset": "car_single", "single_auto": true, "ts": 1782985971.86}
{"armed": false, "event": "idle_disarmed", "preset": "car_single", "single_auto": true, "ts": 1782985971.86}
{"armed": false, "event": "idle_disarmed", "preset": "car_single", "single_auto": true, "ts": 1782985972.862}
{"armed": false, "event": "idle_disarmed", "preset": "car_single", "single_auto": true, "ts": 1782985972.862}
{"armed": false, "event": "idle_disarmed", "preset": "car_single", "single_auto": true, "ts": 1782985973.863}
{"armed": false, "event": "idle_disarmed", "preset": "car_single", "single_auto": true, "ts": 1782985973.863}
{"armed": false, "event": "idle_disarmed", "preset": "car_single", "single_auto": true, "ts": 1782985974.864}
{"armed": false, "event": "idle_disarmed", "preset": "car_single", "single_auto": true, "ts": 1782985974.864}
{"armed": false, "event": "idle_disarmed", "preset": "car_single", "single_auto": true, "ts": 1782985975.865}
{"armed": false, "event": "idle_disarmed", "preset": "car_single", "single_auto": true, "ts": 1782985975.865}
{"armed": false, "event": "idle_disarmed", "preset": "car_single", "single_auto": true, "ts": 1782985976.866}
{"armed": false, "event": "idle_disarmed", "preset": "car_single", "single_auto": true, "ts": 1782985976.866}
{"armed": false, "event": "idle_disarmed", "preset": "car_single", "single_auto": true, "ts": 1782985977.868}
{"armed": false, "event": "idle_disarmed", "preset": "car_single", "single_auto": true, "ts": 1782985977.868}
{"armed": false, "event": "idle_disarmed", "preset": "car_single", "single_auto": true, "ts": 1782985978.872}
{"armed": false, "event": "idle_disarmed", "preset": "car_single", "single_auto": true, "ts": 1782985978.872}
{"armed": false, "event": "idle_disarmed", "preset": "car_single", "single_auto": true, "ts": 1782985979.874}
{"armed": false, "event": "idle_disarmed", "preset": "car_single", "single_auto": true, "ts": 1782985979.874}
{"armed": false, "event": "idle_disarmed", "preset": "car_single", "single_auto": true, "ts": 1782985980.877}
{"armed": false, "event": "idle_disarmed", "preset": "car_single", "single_auto": true, "ts": 1782985980.877}
{"armed": false, "event": "idle_disarmed", "preset": "car_single", "single_auto": true, "ts": 1782985981.879}
{"armed": false, "event": "idle_disarmed", "preset": "car_single", "single_auto": true, "ts": 1782985981.879}
{"armed": false, "event": "idle_disarmed", "preset": "car_single", "single_auto": true, "ts": 1782985982.882}
{"armed": false, "event": "idle_disarmed", "preset": "car_single", "single_auto": true, "ts": 1782985982.882}
{"armed": false, "event": "idle_disarmed", "preset": "car_single", "single_auto": true, "ts": 1782985983.884}
{"armed": false, "event": "idle_disarmed", "preset": "car_single", "single_auto": true, "ts": 1782985983.884}
{"armed": false, "event": "idle_disarmed", "preset": "car_single", "single_auto": true, "ts": 1782985984.887}
{"armed": false, "event": "idle_disarmed", "preset": "car_single", "single_auto": true, "ts": 1782985984.887}
{"armed": false, "event": "idle_disarmed", "preset": "car_single", "single_auto": true, "ts": 1782985985.889}
{"armed": false, "event": "idle_disarmed", "preset": "car_single", "single_auto": true, "ts": 1782985985.889}
{"armed": false, "event": "idle_disarmed", "preset": "car_single", "single_auto": true, "ts": 1782985986.892}
{"armed": false, "event": "idle_disarmed", "preset": "car_single", "single_auto": true, "ts": 1782985986.892}
{"armed": false, "event": "idle_disarmed", "preset": "car_single", "single_auto": true, "ts": 1782985987.894}
{"armed": false, "event": "idle_disarmed", "preset": "car_single", "single_auto": true, "ts": 1782985987.894}
{"armed": false, "event": "idle_disarmed", "preset": "car_single", "single_auto": true, "ts": 1782985988.897}
{"armed": false, "event": "idle_disarmed", "preset": "car_single", "single_auto": true, "ts": 1782985988.897}
{"armed": false, "event": "idle_disarmed", "preset": "car_single", "single_auto": true, "ts": 1782985989.899}
{"armed": false, "event": "idle_disarmed", "preset": "car_single", "single_auto": true, "ts": 1782985989.899}
{"armed": false, "event": "idle_disarmed", "preset": "car_single", "single_auto": true, "ts": 1782985990.902}
{"armed": false, "event": "idle_disarmed", "preset": "car_single", "single_auto": true, "ts": 1782985990.902}
{"armed": false, "event": "idle_disarmed", "preset": "car_single", "single_auto": true, "ts": 1782985991.904}
{"armed": false, "event": "idle_disarmed", "preset": "car_single", "single_auto": true, "ts": 1782985991.904}
{"armed": false, "event": "idle_disarmed", "preset": "car_single", "single_auto": true, "ts": 1782985992.906}
{"armed": false, "event": "idle_disarmed", "preset": "car_single", "single_auto": true, "ts": 1782985992.906}
{"armed": false, "event": "idle_disarmed", "preset": "car_single", "single_auto": true, "ts": 1782985993.909}
{"armed": false, "event": "idle_disarmed", "preset": "car_single", "single_auto": true, "ts": 1782985993.909}
{"armed": false, "event": "idle_disarmed", "preset": "car_single", "single_auto": true, "ts": 1782985994.912}
{"armed": false, "event": "idle_disarmed", "preset": "car_single", "single_auto": true, "ts": 1782985994.912}
{"armed": false, "event": "idle_disarmed", "preset": "car_single", "single_auto": true, "ts": 1782985995.914}
{"armed": false, "event": "idle_disarmed", "preset": "car_single", "single_auto": true, "ts": 1782985995.914}
{"armed": false, "event": "idle_disarmed", "preset": "car_single", "single_auto": true, "ts": 1782985996.917}
{"armed": false, "event": "idle_disarmed", "preset": "car_single", "single_auto": true, "ts": 1782985996.917}
{"armed": false, "event": "idle_disarmed", "preset": "car_single", "single_auto": true, "ts": 1782985997.92}
{"armed": false, "event": "idle_disarmed", "preset": "car_single", "single_auto": true, "ts": 1782985997.92}
{"armed": false, "event": "idle_disarmed", "preset": "car_single", "single_auto": true, "ts": 1782985998.922}
{"armed": false, "event": "idle_disarmed", "preset": "car_single", "single_auto": true, "ts": 1782985998.922}
{"armed": false, "event": "idle_disarmed", "preset": "car_single", "single_auto": true, "ts": 1782985999.925}
{"armed": false, "event": "idle_disarmed", "preset": "car_single", "single_auto": true, "ts": 1782985999.925}
{"armed": false, "event": "idle_disarmed", "preset": "car_single", "single_auto": true, "ts": 1782986000.927}
{"armed": false, "event": "idle_disarmed", "preset": "car_single", "single_auto": true, "ts": 1782986000.927}
{"armed": false, "event": "idle_disarmed", "preset": "car_single", "single_auto": true, "ts": 1782986001.929}
{"armed": false, "event": "idle_disarmed", "preset": "car_single", "single_auto": true, "ts": 1782986001.929}
{"armed": false, "event": "idle_disarmed", "preset": "car_single", "single_auto": true, "ts": 1782986002.932}
{"armed": false, "event": "idle_disarmed", "preset": "car_single", "single_auto": true, "ts": 1782986002.932}
{"armed": false, "event": "idle_disarmed", "preset": "car_single", "single_auto": true, "ts": 1782986003.934}
{"armed": false, "event": "idle_disarmed", "preset": "car_single", "single_auto": true, "ts": 1782986003.934}
{"armed": false, "event": "idle_disarmed", "preset": "car_single", "single_auto": true, "ts": 1782986004.937}
{"armed": false, "event": "idle_disarmed", "preset": "car_single", "single_auto": true, "ts": 1782986004.937}
{"armed": false, "event": "idle_disarmed", "preset": "car_single", "single_auto": true, "ts": 1782986005.939}
{"armed": false, "event": "idle_disarmed", "preset": "car_single", "single_auto": true, "ts": 1782986005.939}
{"armed": false, "event": "idle_disarmed", "preset": "car_single", "single_auto": true, "ts": 1782986006.941}
{"armed": false, "event": "idle_disarmed", "preset": "car_single", "single_auto": true, "ts": 1782986006.941}
{"armed": false, "event": "idle_disarmed", "preset": "car_single", "single_auto": true, "ts": 1782986007.944}
{"armed": false, "event": "idle_disarmed", "preset": "car_single", "single_auto": true, "ts": 1782986007.944}
{"armed": false, "event": "idle_disarmed", "preset": "car_single", "single_auto": true, "ts": 1782986008.946}
{"armed": false, "event": "idle_disarmed", "preset": "car_single", "single_auto": true, "ts": 1782986008.946}
{"armed": false, "event": "idle_disarmed", "preset": "car_single", "single_auto": true, "ts": 1782986009.949}
{"armed": false, "event": "idle_disarmed", "preset": "car_single", "single_auto": true, "ts": 1782986009.949}
{"armed": false, "event": "idle_disarmed", "preset": "car_single", "single_auto": true, "ts": 1782986010.951}
{"armed": false, "event": "idle_disarmed", "preset": "car_single", "single_auto": true, "ts": 1782986010.951}
{"armed": false, "event": "idle_disarmed", "preset": "car_single", "single_auto": true, "ts": 1782986011.954}
{"armed": false, "event": "idle_disarmed", "preset": "car_single", "single_auto": true, "ts": 1782986011.954}
{"armed": false, "event": "idle_disarmed", "preset": "car_single", "single_auto": true, "ts": 1782986012.956}
{"armed": false, "event": "idle_disarmed", "preset": "car_single", "single_auto": true, "ts": 1782986012.956}
{"armed": false, "event": "idle_disarmed", "preset": "car_single", "single_auto": true, "ts": 1782986013.958}
{"armed": false, "event": "idle_disarmed", "preset": "car_single", "single_auto": true, "ts": 1782986013.958}
{"armed": false, "event": "idle_disarmed", "preset": "car_single", "single_auto": true, "ts": 1782986014.961}
{"armed": false, "event": "idle_disarmed", "preset": "car_single", "single_auto": true, "ts": 1782986014.961}
{"armed": false, "event": "idle_disarmed", "preset": "car_single", "single_auto": true, "ts": 1782986015.963}
{"armed": false, "event": "idle_disarmed", "preset": "car_single", "single_auto": true, "ts": 1782986015.963}
{"armed": false, "event": "idle_disarmed", "preset": "car_single", "single_auto": true, "ts": 1782986016.966}
{"armed": false, "event": "idle_disarmed", "preset": "car_single", "single_auto": true, "ts": 1782986016.966}
{"armed": false, "event": "idle_disarmed", "preset": "car_single", "single_auto": true, "ts": 1782986017.968}
{"armed": false, "event": "idle_disarmed", "preset": "car_single", "single_auto": true, "ts": 1782986017.968}
{"armed": false, "event": "idle_disarmed", "preset": "car_single", "single_auto": true, "ts": 1782986018.971}
{"armed": false, "event": "idle_disarmed", "preset": "car_single", "single_auto": true, "ts": 1782986018.971}
{"armed": false, "event": "idle_disarmed", "preset": "car_single", "single_auto": true, "ts": 1782986019.973}
{"armed": false, "event": "idle_disarmed", "preset": "car_single", "single_auto": true, "ts": 1782986019.973}
{"armed": false, "event": "idle_disarmed", "preset": "car_single", "single_auto": true, "ts": 1782986020.976}
{"armed": false, "event": "idle_disarmed", "preset": "car_single", "single_auto": true, "ts": 1782986020.976}
{"armed": false, "event": "idle_disarmed", "preset": "car_single", "single_auto": true, "ts": 1782986021.978}
{"armed": false, "event": "idle_disarmed", "preset": "car_single", "single_auto": true, "ts": 1782986021.978}
{"armed": false, "event": "idle_disarmed", "preset": "car_single", "single_auto": true, "ts": 1782986022.981}
{"armed": false, "event": "idle_disarmed", "preset": "car_single", "single_auto": true, "ts": 1782986022.981}
{"armed": false, "event": "idle_disarmed", "preset": "car_single", "single_auto": true, "ts": 1782986023.983}
{"armed": false, "event": "idle_disarmed", "preset": "car_single", "single_auto": true, "ts": 1782986023.983}
{"armed": false, "event": "idle_disarmed", "preset": "car_single", "single_auto": true, "ts": 1782986024.986}
{"armed": false, "event": "idle_disarmed", "preset": "car_single", "single_auto": true, "ts": 1782986024.986}
{"armed": false, "event": "idle_disarmed", "preset": "car_single", "single_auto": true, "ts": 1782986025.988}
{"armed": false, "event": "idle_disarmed", "preset": "car_single", "single_auto": true, "ts": 1782986025.988}
{"armed": false, "event": "idle_disarmed", "preset": "car_single", "single_auto": true, "ts": 1782986026.991}
{"armed": false, "event": "idle_disarmed", "preset": "car_single", "single_auto": true, "ts": 1782986026.991}
{"armed": false, "event": "idle_disarmed", "preset": "car_single", "single_auto": true, "ts": 1782986027.993}
{"armed": false, "event": "idle_disarmed", "preset": "car_single", "single_auto": true, "ts": 1782986027.993}
{"armed": false, "event": "idle_disarmed", "preset": "car_single", "single_auto": true, "ts": 1782986028.997}
{"armed": false, "event": "idle_disarmed", "preset": "car_single", "single_auto": true, "ts": 1782986028.997}
{"armed": false, "event": "idle_disarmed", "preset": "car_single", "single_auto": true, "ts": 1782986029.999}
{"armed": false, "event": "idle_disarmed", "preset": "car_single", "single_auto": true, "ts": 1782986029.999}
{"armed": false, "event": "idle_disarmed", "preset": "car_single", "single_auto": true, "ts": 1782986031.002}
{"armed": false, "event": "idle_disarmed", "preset": "car_single", "single_auto": true, "ts": 1782986031.002}
{"armed": false, "event": "idle_disarmed", "preset": "car_single", "single_auto": true, "ts": 1782986032.004}
{"armed": false, "event": "idle_disarmed", "preset": "car_single", "single_auto": true, "ts": 1782986032.004}
{"armed": false, "event": "idle_disarmed", "preset": "car_single", "single_auto": true, "ts": 1782986033.006}
{"armed": false, "event": "idle_disarmed", "preset": "car_single", "single_auto": true, "ts": 1782986033.006}
{"armed": false, "event": "idle_disarmed", "preset": "car_single", "single_auto": true, "ts": 1782986034.009}
{"armed": false, "event": "idle_disarmed", "preset": "car_single", "single_auto": true, "ts": 1782986034.009}
{"armed": false, "event": "idle_disarmed", "preset": "car_single", "single_auto": true, "ts": 1782986035.011}
{"armed": false, "event": "idle_disarmed", "preset": "car_single", "single_auto": true, "ts": 1782986035.011}
{"armed": false, "event": "idle_disarmed", "preset": "car_single", "single_auto": true, "ts": 1782986036.014}
{"armed": false, "event": "idle_disarmed", "preset": "car_single", "single_auto": true, "ts": 1782986036.014}
{"armed": false, "event": "idle_disarmed", "preset": "car_single", "single_auto": true, "ts": 1782986037.016}
{"armed": false, "event": "idle_disarmed", "preset": "car_single", "single_auto": true, "ts": 1782986037.016}
{"armed": false, "event": "idle_disarmed", "preset": "car_single", "single_auto": true, "ts": 1782986038.019}
{"armed": false, "event": "idle_disarmed", "preset": "car_single", "single_auto": true, "ts": 1782986038.019}
{"armed": false, "event": "idle_disarmed", "preset": "car_single", "single_auto": true, "ts": 1782986039.021}
{"armed": false, "event": "idle_disarmed", "preset": "car_single", "single_auto": true, "ts": 1782986039.021}
{"armed": false, "event": "idle_disarmed", "preset": "car_single", "single_auto": true, "ts": 1782986040.022}
{"armed": false, "event": "idle_disarmed", "preset": "car_single", "single_auto": true, "ts": 1782986040.022}
{"armed": false, "event": "idle_disarmed", "preset": "car_single", "single_auto": true, "ts": 1782986041.023}
{"armed": false, "event": "idle_disarmed", "preset": "car_single", "single_auto": true, "ts": 1782986041.023}
{"armed": false, "event": "idle_disarmed", "preset": "car_single", "single_auto": true, "ts": 1782986042.024}
{"armed": false, "event": "idle_disarmed", "preset": "car_single", "single_auto": true, "ts": 1782986042.024}
{"armed": false, "event": "idle_disarmed", "preset": "car_single", "single_auto": true, "ts": 1782986043.025}
{"armed": false, "event": "idle_disarmed", "preset": "car_single", "single_auto": true, "ts": 1782986043.025}
{"armed": false, "event": "idle_disarmed", "preset": "car_single", "single_auto": true, "ts": 1782986044.028}
{"armed": false, "event": "idle_disarmed", "preset": "car_single", "single_auto": true, "ts": 1782986044.028}
{"armed": false, "event": "idle_disarmed", "preset": "car_single", "single_auto": true, "ts": 1782986045.03}
{"armed": false, "event": "idle_disarmed", "preset": "car_single", "single_auto": true, "ts": 1782986045.03}
{"armed": false, "event": "idle_disarmed", "preset": "car_single", "single_auto": true, "ts": 1782986046.033}
{"armed": false, "event": "idle_disarmed", "preset": "car_single", "single_auto": true, "ts": 1782986046.033}
{"armed": false, "event": "idle_disarmed", "preset": "car_single", "single_auto": true, "ts": 1782986047.035}
{"armed": false, "event": "idle_disarmed", "preset": "car_single", "single_auto": true, "ts": 1782986047.035}
{"armed": false, "event": "idle_disarmed", "preset": "car_single", "single_auto": true, "ts": 1782986048.037}
{"armed": false, "event": "idle_disarmed", "preset": "car_single", "single_auto": true, "ts": 1782986048.037}
{"armed": false, "event": "idle_disarmed", "preset": "car_single", "single_auto": true, "ts": 1782986049.04}
{"armed": false, "event": "idle_disarmed", "preset": "car_single", "single_auto": true, "ts": 1782986049.04}
{"armed": false, "event": "idle_disarmed", "preset": "car_single", "single_auto": true, "ts": 1782986050.042}
{"armed": false, "event": "idle_disarmed", "preset": "car_single", "single_auto": true, "ts": 1782986050.042}
{"armed": false, "event": "idle_disarmed", "preset": "car_single", "single_auto": true, "ts": 1782986051.045}
{"armed": false, "event": "idle_disarmed", "preset": "car_single", "single_auto": true, "ts": 1782986051.045}
{"armed": false, "event": "idle_disarmed", "preset": "car_single", "single_auto": true, "ts": 1782986052.047}
{"armed": false, "event": "idle_disarmed", "preset": "car_single", "single_auto": true, "ts": 1782986052.047}
{"armed": false, "event": "idle_disarmed", "preset": "car_single", "single_auto": true, "ts": 1782986053.05}
{"armed": false, "event": "idle_disarmed", "preset": "car_single", "single_auto": true, "ts": 1782986053.05}
{"armed": false, "event": "idle_disarmed", "preset": "car_single", "single_auto": true, "ts": 1782986054.052}
{"armed": false, "event": "idle_disarmed", "preset": "car_single", "single_auto": true, "ts": 1782986054.052}
{"armed": false, "event": "idle_disarmed", "preset": "car_single", "single_auto": true, "ts": 1782986055.054}
{"armed": false, "event": "idle_disarmed", "preset": "car_single", "single_auto": true, "ts": 1782986055.054}
{"armed": false, "event": "idle_disarmed", "preset": "car_single", "single_auto": true, "ts": 1782986056.057}
{"armed": false, "event": "idle_disarmed", "preset": "car_single", "single_auto": true, "ts": 1782986056.057}
{"armed": false, "event": "idle_disarmed", "preset": "car_single", "single_auto": true, "ts": 1782986057.059}
{"armed": false, "event": "idle_disarmed", "preset": "car_single", "single_auto": true, "ts": 1782986057.059}
{"armed": false, "event": "idle_disarmed", "preset": "car_single", "single_auto": true, "ts": 1782986058.062}
{"armed": false, "event": "idle_disarmed", "preset": "car_single", "single_auto": true, "ts": 1782986058.062}
{"armed": false, "event": "idle_disarmed", "preset": "car_single", "single_auto": true, "ts": 1782986059.064}
{"armed": false, "event": "idle_disarmed", "preset": "car_single", "single_auto": true, "ts": 1782986059.064}
{"armed": false, "event": "idle_disarmed", "preset": "car_single", "single_auto": true, "ts": 1782986060.066}
{"armed": false, "event": "idle_disarmed", "preset": "car_single", "single_auto": true, "ts": 1782986060.066}
{"armed": false, "event": "idle_disarmed", "preset": "car_single", "single_auto": true, "ts": 1782986061.069}
{"armed": false, "event": "idle_disarmed", "preset": "car_single", "single_auto": true, "ts": 1782986061.069}
{"armed": false, "event": "idle_disarmed", "preset": "car_single", "single_auto": true, "ts": 1782986062.072}
{"armed": false, "event": "idle_disarmed", "preset": "car_single", "single_auto": true, "ts": 1782986062.072}
{"armed": false, "event": "idle_disarmed", "preset": "car_single", "single_auto": true, "ts": 1782986063.074}
{"armed": false, "event": "idle_disarmed", "preset": "car_single", "single_auto": true, "ts": 1782986063.074}
{"armed": false, "event": "idle_disarmed", "preset": "car_single", "single_auto": true, "ts": 1782986064.077}
{"armed": false, "event": "idle_disarmed", "preset": "car_single", "single_auto": true, "ts": 1782986064.077}
{"armed": false, "event": "idle_disarmed", "preset": "car_single", "single_auto": true, "ts": 1782986065.08}
{"armed": false, "event": "idle_disarmed", "preset": "car_single", "single_auto": true, "ts": 1782986065.08}
{"armed": false, "event": "idle_disarmed", "preset": "car_single", "single_auto": true, "ts": 1782986066.082}
{"armed": false, "event": "idle_disarmed", "preset": "car_single", "single_auto": true, "ts": 1782986066.082}
{"armed": false, "event": "idle_disarmed", "preset": "car_single", "single_auto": true, "ts": 1782986067.085}
{"armed": false, "event": "idle_disarmed", "preset": "car_single", "single_auto": true, "ts": 1782986067.085}
{"armed": false, "event": "idle_disarmed", "preset": "car_single", "single_auto": true, "ts": 1782986068.088}
{"armed": false, "event": "idle_disarmed", "preset": "car_single", "single_auto": true, "ts": 1782986068.088}
{"armed": false, "event": "idle_disarmed", "preset": "car_single", "single_auto": true, "ts": 1782986069.09}
{"armed": false, "event": "idle_disarmed", "preset": "car_single", "single_auto": true, "ts": 1782986069.09}
{"armed": false, "event": "idle_disarmed", "preset": "car_single", "single_auto": true, "ts": 1782986070.092}
{"armed": false, "event": "idle_disarmed", "preset": "car_single", "single_auto": true, "ts": 1782986070.092}
{"armed": false, "event": "idle_disarmed", "preset": "car_single", "single_auto": true, "ts": 1782986071.095}
{"armed": false, "event": "idle_disarmed", "preset": "car_single", "single_auto": true, "ts": 1782986071.095}
{"armed": false, "event": "idle_disarmed", "preset": "car_single", "single_auto": true, "ts": 1782986072.097}
{"armed": false, "event": "idle_disarmed", "preset": "car_single", "single_auto": true, "ts": 1782986072.097}
{"armed": false, "event": "idle_disarmed", "preset": "car_single", "single_auto": true, "ts": 1782986073.1}
{"armed": false, "event": "idle_disarmed", "preset": "car_single", "single_auto": true, "ts": 1782986073.1}
{"armed": false, "event": "idle_disarmed", "preset": "car_single", "single_auto": true, "ts": 1782986074.102}
{"armed": false, "event": "idle_disarmed", "preset": "car_single", "single_auto": true, "ts": 1782986074.102}
{"armed": false, "event": "idle_disarmed", "preset": "car_single", "single_auto": true, "ts": 1782986075.105}
{"armed": false, "event": "idle_disarmed", "preset": "car_single", "single_auto": true, "ts": 1782986075.105}
{"armed": false, "event": "idle_disarmed", "preset": "car_single", "single_auto": true, "ts": 1782986076.107}
{"armed": false, "event": "idle_disarmed", "preset": "car_single", "single_auto": true, "ts": 1782986076.107}
{"armed": false, "event": "idle_disarmed", "preset": "car_single", "single_auto": true, "ts": 1782986077.11}
{"armed": false, "event": "idle_disarmed", "preset": "car_single", "single_auto": true, "ts": 1782986077.11}
{"armed": false, "event": "idle_disarmed", "preset": "car_single", "single_auto": true, "ts": 1782986078.112}
{"armed": false, "event": "idle_disarmed", "preset": "car_single", "single_auto": true, "ts": 1782986078.112}
{"armed": false, "event": "idle_disarmed", "preset": "car_single", "single_auto": true, "ts": 1782986079.114}
{"armed": false, "event": "idle_disarmed", "preset": "car_single", "single_auto": true, "ts": 1782986079.114}
{"armed": false, "event": "idle_disarmed", "preset": "car_single", "single_auto": true, "ts": 1782986080.117}
{"armed": false, "event": "idle_disarmed", "preset": "car_single", "single_auto": true, "ts": 1782986080.117}
{"armed": false, "event": "idle_disarmed", "preset": "car_single", "single_auto": true, "ts": 1782986081.119}
{"armed": false, "event": "idle_disarmed", "preset": "car_single", "single_auto": true, "ts": 1782986081.119}
{"armed": false, "event": "idle_disarmed", "preset": "car_single", "single_auto": true, "ts": 1782986082.122}
{"armed": false, "event": "idle_disarmed", "preset": "car_single", "single_auto": true, "ts": 1782986082.122}
{"armed": false, "event": "idle_disarmed", "preset": "car_single", "single_auto": true, "ts": 1782986083.124}
{"armed": false, "event": "idle_disarmed", "preset": "car_single", "single_auto": true, "ts": 1782986083.124}
{"armed": false, "event": "idle_disarmed", "preset": "car_single", "single_auto": true, "ts": 1782986084.127}
{"armed": false, "event": "idle_disarmed", "preset": "car_single", "single_auto": true, "ts": 1782986084.127}
{"armed": false, "event": "idle_disarmed", "preset": "car_single", "single_auto": true, "ts": 1782986085.129}
{"armed": false, "event": "idle_disarmed", "preset": "car_single", "single_auto": true, "ts": 1782986085.129}
{"armed": false, "event": "idle_disarmed", "preset": "car_single", "single_auto": true, "ts": 1782986086.131}
{"armed": false, "event": "idle_disarmed", "preset": "car_single", "single_auto": true, "ts": 1782986086.131}
{"armed": false, "event": "idle_disarmed", "preset": "car_single", "single_auto": true, "ts": 1782986087.134}
{"armed": false, "event": "idle_disarmed", "preset": "car_single", "single_auto": true, "ts": 1782986087.134}
{"armed": false, "event": "idle_disarmed", "preset": "car_single", "single_auto": true, "ts": 1782986088.136}
{"armed": false, "event": "idle_disarmed", "preset": "car_single", "single_auto": true, "ts": 1782986088.136}
{"armed": false, "event": "idle_disarmed", "preset": "car_single", "single_auto": true, "ts": 1782986089.139}
{"armed": false, "event": "idle_disarmed", "preset": "car_single", "single_auto": true, "ts": 1782986089.139}
{"armed": false, "event": "idle_disarmed", "preset": "car_single", "single_auto": true, "ts": 1782986090.142}
{"armed": false, "event": "idle_disarmed", "preset": "car_single", "single_auto": true, "ts": 1782986090.142}
{"armed": false, "event": "idle_disarmed", "preset": "car_single", "single_auto": true, "ts": 1782986091.144}
{"armed": false, "event": "idle_disarmed", "preset": "car_single", "single_auto": true, "ts": 1782986091.144}
{"armed": false, "event": "idle_disarmed", "preset": "car_single", "single_auto": true, "ts": 1782986092.146}
{"armed": false, "event": "idle_disarmed", "preset": "car_single", "single_auto": true, "ts": 1782986092.146}
{"armed": false, "event": "idle_disarmed", "preset": "car_single", "single_auto": true, "ts": 1782986093.149}
{"armed": false, "event": "idle_disarmed", "preset": "car_single", "single_auto": true, "ts": 1782986093.149}
{"armed": false, "event": "idle_disarmed", "preset": "car_single", "single_auto": true, "ts": 1782986094.151}
{"armed": false, "event": "idle_disarmed", "preset": "car_single", "single_auto": true, "ts": 1782986094.151}
{"armed": false, "event": "idle_disarmed", "preset": "car_single", "single_auto": true, "ts": 1782986095.154}
{"armed": false, "event": "idle_disarmed", "preset": "car_single", "single_auto": true, "ts": 1782986095.154}
{"armed": false, "event": "idle_disarmed", "preset": "car_single", "single_auto": true, "ts": 1782986096.156}
{"armed": false, "event": "idle_disarmed", "preset": "car_single", "single_auto": true, "ts": 1782986096.156}
{"armed": false, "event": "idle_disarmed", "preset": "car_single", "single_auto": true, "ts": 1782986097.159}
{"armed": false, "event": "idle_disarmed", "preset": "car_single", "single_auto": true, "ts": 1782986097.159}
{"armed": false, "event": "idle_disarmed", "preset": "car_single", "single_auto": true, "ts": 1782986098.161}
{"armed": false, "event": "idle_disarmed", "preset": "car_single", "single_auto": true, "ts": 1782986098.161}
{"armed": false, "event": "idle_disarmed", "preset": "car_single", "single_auto": true, "ts": 1782986099.163}
{"armed": false, "event": "idle_disarmed", "preset": "car_single", "single_auto": true, "ts": 1782986099.163}
{"armed": false, "event": "idle_disarmed", "preset": "car_single", "single_auto": true, "ts": 1782986100.166}
{"armed": false, "event": "idle_disarmed", "preset": "car_single", "single_auto": true, "ts": 1782986100.166}
{"armed": false, "event": "idle_disarmed", "preset": "car_single", "single_auto": true, "ts": 1782986101.168}
{"armed": false, "event": "idle_disarmed", "preset": "car_single", "single_auto": true, "ts": 1782986101.168}
{"armed": false, "event": "idle_disarmed", "preset": "car_single", "single_auto": true, "ts": 1782986102.17}
{"armed": false, "event": "idle_disarmed", "preset": "car_single", "single_auto": true, "ts": 1782986102.17}
{"armed": false, "event": "idle_disarmed", "preset": "car_single", "single_auto": true, "ts": 1782986103.173}
{"armed": false, "event": "idle_disarmed", "preset": "car_single", "single_auto": true, "ts": 1782986103.173}
{"armed": false, "event": "idle_disarmed", "preset": "car_single", "single_auto": true, "ts": 1782986104.175}
{"armed": false, "event": "idle_disarmed", "preset": "car_single", "single_auto": true, "ts": 1782986104.175}
{"armed": false, "event": "idle_disarmed", "preset": "car_single", "single_auto": true, "ts": 1782986105.178}
{"armed": false, "event": "idle_disarmed", "preset": "car_single", "single_auto": true, "ts": 1782986105.178}
{"armed": false, "event": "idle_disarmed", "preset": "car_single", "single_auto": true, "ts": 1782986106.18}
{"armed": false, "event": "idle_disarmed", "preset": "car_single", "single_auto": true, "ts": 1782986106.18}
{"armed": false, "event": "idle_disarmed", "preset": "car_single", "single_auto": true, "ts": 1782986107.183}
{"armed": false, "event": "idle_disarmed", "preset": "car_single", "single_auto": true, "ts": 1782986107.183}
{"armed": false, "event": "idle_disarmed", "preset": "car_single", "single_auto": true, "ts": 1782986108.185}
{"armed": false, "event": "idle_disarmed", "preset": "car_single", "single_auto": true, "ts": 1782986108.185}
{"armed": false, "event": "idle_disarmed", "preset": "car_single", "single_auto": true, "ts": 1782986109.187}
{"armed": false, "event": "idle_disarmed", "preset": "car_single", "single_auto": true, "ts": 1782986109.187}
{"armed": false, "event": "idle_disarmed", "preset": "car_single", "single_auto": true, "ts": 1782986110.19}
{"armed": false, "event": "idle_disarmed", "preset": "car_single", "single_auto": true, "ts": 1782986110.19}
{"armed": false, "event": "idle_disarmed", "preset": "car_single", "single_auto": true, "ts": 1782986111.192}
{"armed": false, "event": "idle_disarmed", "preset": "car_single", "single_auto": true, "ts": 1782986111.192}
{"armed": false, "event": "idle_disarmed", "preset": "car_single", "single_auto": true, "ts": 1782986112.195}
{"armed": false, "event": "idle_disarmed", "preset": "car_single", "single_auto": true, "ts": 1782986112.195}
{"armed": false, "event": "idle_disarmed", "preset": "car_single", "single_auto": true, "ts": 1782986113.198}
{"armed": false, "event": "idle_disarmed", "preset": "car_single", "single_auto": true, "ts": 1782986113.198}
{"armed": false, "event": "idle_disarmed", "preset": "car_single", "single_auto": true, "ts": 1782986114.2}
{"armed": false, "event": "idle_disarmed", "preset": "car_single", "single_auto": true, "ts": 1782986114.2}
{"armed": false, "event": "idle_disarmed", "preset": "car_single", "single_auto": true, "ts": 1782986115.202}
{"armed": false, "event": "idle_disarmed", "preset": "car_single", "single_auto": true, "ts": 1782986115.202}
{"armed": false, "event": "idle_disarmed", "preset": "car_single", "single_auto": true, "ts": 1782986116.205}
{"armed": false, "event": "idle_disarmed", "preset": "car_single", "single_auto": true, "ts": 1782986116.205}
{"armed": false, "event": "idle_disarmed", "preset": "car_single", "single_auto": true, "ts": 1782986117.207}
{"armed": false, "event": "idle_disarmed", "preset": "car_single", "single_auto": true, "ts": 1782986117.207}
{"armed": false, "event": "idle_disarmed", "preset": "car_single", "single_auto": true, "ts": 1782986118.209}
{"armed": false, "event": "idle_disarmed", "preset": "car_single", "single_auto": true, "ts": 1782986118.209}
{"armed": false, "event": "idle_disarmed", "preset": "car_single", "single_auto": true, "ts": 1782986119.212}
{"armed": false, "event": "idle_disarmed", "preset": "car_single", "single_auto": true, "ts": 1782986119.212}
{"armed": false, "event": "idle_disarmed", "preset": "car_single", "single_auto": true, "ts": 1782986120.214}
{"armed": false, "event": "idle_disarmed", "preset": "car_single", "single_auto": true, "ts": 1782986120.214}
{"armed": false, "event": "idle_disarmed", "preset": "car_single", "single_auto": true, "ts": 1782986121.217}
{"armed": false, "event": "idle_disarmed", "preset": "car_single", "single_auto": true, "ts": 1782986121.217}
{"armed": false, "event": "idle_disarmed", "preset": "car_single", "single_auto": true, "ts": 1782986122.219}
{"armed": false, "event": "idle_disarmed", "preset": "car_single", "single_auto": true, "ts": 1782986122.219}
{"armed": false, "event": "idle_disarmed", "preset": "car_single", "single_auto": true, "ts": 1782986123.221}
{"armed": false, "event": "idle_disarmed", "preset": "car_single", "single_auto": true, "ts": 1782986123.221}
{"armed": false, "event": "idle_disarmed", "preset": "car_single", "single_auto": true, "ts": 1782986124.224}
{"armed": false, "event": "idle_disarmed", "preset": "car_single", "single_auto": true, "ts": 1782986124.224}
{"armed": false, "event": "idle_disarmed", "preset": "car_single", "single_auto": true, "ts": 1782986125.226}
{"armed": false, "event": "idle_disarmed", "preset": "car_single", "single_auto": true, "ts": 1782986125.226}
{"armed": false, "event": "idle_disarmed", "preset": "car_single", "single_auto": true, "ts": 1782986126.229}
{"armed": false, "event": "idle_disarmed", "preset": "car_single", "single_auto": true, "ts": 1782986126.229}
{"armed": false, "event": "idle_disarmed", "preset": "car_single", "single_auto": true, "ts": 1782986127.231}
{"armed": false, "event": "idle_disarmed", "preset": "car_single", "single_auto": true, "ts": 1782986127.231}
{"armed": false, "event": "idle_disarmed", "preset": "car_single", "single_auto": true, "ts": 1782986128.234}
{"armed": false, "event": "idle_disarmed", "preset": "car_single", "single_auto": true, "ts": 1782986128.234}
{"armed": false, "event": "idle_disarmed", "preset": "car_single", "single_auto": true, "ts": 1782986129.236}
{"armed": false, "event": "idle_disarmed", "preset": "car_single", "single_auto": true, "ts": 1782986129.236}
{"armed": false, "event": "idle_disarmed", "preset": "car_single", "single_auto": true, "ts": 1782986130.238}
{"armed": false, "event": "idle_disarmed", "preset": "car_single", "single_auto": true, "ts": 1782986130.238}
{"armed": false, "event": "idle_disarmed", "preset": "car_single", "single_auto": true, "ts": 1782986131.241}
{"armed": false, "event": "idle_disarmed", "preset": "car_single", "single_auto": true, "ts": 1782986131.241}
{"armed": false, "event": "idle_disarmed", "preset": "car_single", "single_auto": true, "ts": 1782986132.243}
{"armed": false, "event": "idle_disarmed", "preset": "car_single", "single_auto": true, "ts": 1782986132.243}
{"armed": false, "event": "idle_disarmed", "preset": "car_single", "single_auto": true, "ts": 1782986133.246}
{"armed": false, "event": "idle_disarmed", "preset": "car_single", "single_auto": true, "ts": 1782986133.246}
{"armed": false, "event": "idle_disarmed", "preset": "car_single", "single_auto": true, "ts": 1782986134.249}
{"armed": false, "event": "idle_disarmed", "preset": "car_single", "single_auto": true, "ts": 1782986134.249}
{"armed": false, "event": "idle_disarmed", "preset": "car_single", "single_auto": true, "ts": 1782986135.252}
{"armed": false, "event": "idle_disarmed", "preset": "car_single", "single_auto": true, "ts": 1782986135.252}
{"armed": false, "event": "idle_disarmed", "preset": "car_single", "single_auto": true, "ts": 1782986136.254}
{"armed": false, "event": "idle_disarmed", "preset": "car_single", "single_auto": true, "ts": 1782986136.254}
{"armed": false, "event": "idle_disarmed", "preset": "car_single", "single_auto": true, "ts": 1782986137.257}
{"armed": false, "event": "idle_disarmed", "preset": "car_single", "single_auto": true, "ts": 1782986137.257}
{"armed": false, "event": "idle_disarmed", "preset": "car_single", "single_auto": true, "ts": 1782986138.259}
{"armed": false, "event": "idle_disarmed", "preset": "car_single", "single_auto": true, "ts": 1782986138.259}
{"armed": false, "event": "idle_disarmed", "preset": "car_single", "single_auto": true, "ts": 1782986139.261}
{"armed": false, "event": "idle_disarmed", "preset": "car_single", "single_auto": true, "ts": 1782986139.261}
{"armed": false, "event": "idle_disarmed", "preset": "car_single", "single_auto": true, "ts": 1782986140.264}
{"armed": false, "event": "idle_disarmed", "preset": "car_single", "single_auto": true, "ts": 1782986140.264}
{"armed": false, "event": "idle_disarmed", "preset": "car_single", "single_auto": true, "ts": 1782986141.266}
{"armed": false, "event": "idle_disarmed", "preset": "car_single", "single_auto": true, "ts": 1782986141.266}
{"armed": false, "event": "idle_disarmed", "preset": "car_single", "single_auto": true, "ts": 1782986142.269}
{"armed": false, "event": "idle_disarmed", "preset": "car_single", "single_auto": true, "ts": 1782986142.269}
{"armed": false, "event": "idle_disarmed", "preset": "car_single", "single_auto": true, "ts": 1782986143.271}
{"armed": false, "event": "idle_disarmed", "preset": "car_single", "single_auto": true, "ts": 1782986143.271}
{"armed": false, "event": "idle_disarmed", "preset": "car_single", "single_auto": true, "ts": 1782986144.273}
{"armed": false, "event": "idle_disarmed", "preset": "car_single", "single_auto": true, "ts": 1782986144.273}
{"armed": false, "event": "idle_disarmed", "preset": "car_single", "single_auto": true, "ts": 1782986145.276}
{"armed": false, "event": "idle_disarmed", "preset": "car_single", "single_auto": true, "ts": 1782986145.276}
{"armed": false, "event": "idle_disarmed", "preset": "car_single", "single_auto": true, "ts": 1782986146.278}
{"armed": false, "event": "idle_disarmed", "preset": "car_single", "single_auto": true, "ts": 1782986146.278}
{"armed": false, "event": "idle_disarmed", "preset": "car_single", "single_auto": true, "ts": 1782986147.281}
{"armed": false, "event": "idle_disarmed", "preset": "car_single", "single_auto": true, "ts": 1782986147.281}
{"armed": false, "event": "idle_disarmed", "preset": "car_single", "single_auto": true, "ts": 1782986148.283}
{"armed": false, "event": "idle_disarmed", "preset": "car_single", "single_auto": true, "ts": 1782986148.283}
{"armed": false, "event": "idle_disarmed", "preset": "car_single", "single_auto": true, "ts": 1782986149.286}
{"armed": false, "event": "idle_disarmed", "preset": "car_single", "single_auto": true, "ts": 1782986149.286}
{"armed": false, "event": "idle_disarmed", "preset": "car_single", "single_auto": true, "ts": 1782986150.288}
{"armed": false, "event": "idle_disarmed", "preset": "car_single", "single_auto": true, "ts": 1782986150.288}
{"armed": false, "event": "idle_disarmed", "preset": "car_single", "single_auto": true, "ts": 1782986151.29}
{"armed": false, "event": "idle_disarmed", "preset": "car_single", "single_auto": true, "ts": 1782986151.29}
{"armed": false, "event": "idle_disarmed", "preset": "car_single", "single_auto": true, "ts": 1782986152.293}
{"armed": false, "event": "idle_disarmed", "preset": "car_single", "single_auto": true, "ts": 1782986152.293}
{"armed": false, "event": "idle_disarmed", "preset": "car_single", "single_auto": true, "ts": 1782986153.295}
{"armed": false, "event": "idle_disarmed", "preset": "car_single", "single_auto": true, "ts": 1782986153.295}
{"armed": false, "event": "idle_disarmed", "preset": "car_single", "single_auto": true, "ts": 1782986154.297}
{"armed": false, "event": "idle_disarmed", "preset": "car_single", "single_auto": true, "ts": 1782986154.297}
{"armed": false, "event": "idle_disarmed", "preset": "car_single", "single_auto": true, "ts": 1782986155.3}
{"armed": false, "event": "idle_disarmed", "preset": "car_single", "single_auto": true, "ts": 1782986155.3}
{"armed": false, "event": "idle_disarmed", "preset": "car_single", "single_auto": true, "ts": 1782986156.302}
{"armed": false, "event": "idle_disarmed", "preset": "car_single", "single_auto": true, "ts": 1782986156.302}
{"armed": false, "event": "idle_disarmed", "preset": "car_single", "single_auto": true, "ts": 1782986157.305}
{"armed": false, "event": "idle_disarmed", "preset": "car_single", "single_auto": true, "ts": 1782986157.305}
{"armed": false, "event": "idle_disarmed", "preset": "car_single", "single_auto": true, "ts": 1782986158.307}
{"armed": false, "event": "idle_disarmed", "preset": "car_single", "single_auto": true, "ts": 1782986158.307}
{"armed": false, "event": "idle_disarmed", "preset": "car_single", "single_auto": true, "ts": 1782986159.31}
{"armed": false, "event": "idle_disarmed", "preset": "car_single", "single_auto": true, "ts": 1782986159.31}
{"armed": false, "event": "idle_disarmed", "preset": "car_single", "single_auto": true, "ts": 1782986160.312}
{"armed": false, "event": "idle_disarmed", "preset": "car_single", "single_auto": true, "ts": 1782986160.312}
{"armed": false, "event": "idle_disarmed", "preset": "car_single", "single_auto": true, "ts": 1782986161.315}
{"armed": false, "event": "idle_disarmed", "preset": "car_single", "single_auto": true, "ts": 1782986161.315}
{"armed": false, "event": "idle_disarmed", "preset": "car_single", "single_auto": true, "ts": 1782986162.317}
{"armed": false, "event": "idle_disarmed", "preset": "car_single", "single_auto": true, "ts": 1782986162.317}
{"armed": false, "event": "idle_disarmed", "preset": "car_single", "single_auto": true, "ts": 1782986163.32}
{"armed": false, "event": "idle_disarmed", "preset": "car_single", "single_auto": true, "ts": 1782986163.32}
{"armed": false, "event": "idle_disarmed", "preset": "car_single", "single_auto": true, "ts": 1782986164.322}
{"armed": false, "event": "idle_disarmed", "preset": "car_single", "single_auto": true, "ts": 1782986164.322}
{"armed": false, "event": "idle_disarmed", "preset": "car_single", "single_auto": true, "ts": 1782986165.325}
{"armed": false, "event": "idle_disarmed", "preset": "car_single", "single_auto": true, "ts": 1782986165.325}
{"armed": false, "event": "idle_disarmed", "preset": "car_single", "single_auto": true, "ts": 1782986166.327}
{"armed": false, "event": "idle_disarmed", "preset": "car_single", "single_auto": true, "ts": 1782986166.327}
{"armed": false, "event": "idle_disarmed", "preset": "car_single", "single_auto": true, "ts": 1782986167.33}
{"armed": false, "event": "idle_disarmed", "preset": "car_single", "single_auto": true, "ts": 1782986167.33}
{"armed": false, "event": "idle_disarmed", "preset": "car_single", "single_auto": true, "ts": 1782986168.332}
{"armed": false, "event": "idle_disarmed", "preset": "car_single", "single_auto": true, "ts": 1782986168.332}
{"armed": false, "event": "idle_disarmed", "preset": "car_single", "single_auto": true, "ts": 1782986169.335}
{"armed": false, "event": "idle_disarmed", "preset": "car_single", "single_auto": true, "ts": 1782986169.335}
{"armed": false, "event": "idle_disarmed", "preset": "car_single", "single_auto": true, "ts": 1782986170.337}
{"armed": false, "event": "idle_disarmed", "preset": "car_single", "single_auto": true, "ts": 1782986170.337}
{"armed": false, "event": "idle_disarmed", "preset": "car_single", "single_auto": true, "ts": 1782986171.339}
{"armed": false, "event": "idle_disarmed", "preset": "car_single", "single_auto": true, "ts": 1782986171.339}
{"armed": false, "event": "idle_disarmed", "preset": "car_single", "single_auto": true, "ts": 1782986172.342}
{"armed": false, "event": "idle_disarmed", "preset": "car_single", "single_auto": true, "ts": 1782986172.342}
{"armed": false, "event": "idle_disarmed", "preset": "car_single", "single_auto": true, "ts": 1782986173.344}
{"armed": false, "event": "idle_disarmed", "preset": "car_single", "single_auto": true, "ts": 1782986173.344}
{"armed": false, "event": "idle_disarmed", "preset": "car_single", "single_auto": true, "ts": 1782986174.347}
{"armed": false, "event": "idle_disarmed", "preset": "car_single", "single_auto": true, "ts": 1782986174.347}
{"armed": false, "event": "idle_disarmed", "preset": "car_single", "single_auto": true, "ts": 1782986175.349}
{"armed": false, "event": "idle_disarmed", "preset": "car_single", "single_auto": true, "ts": 1782986175.349}
{"armed": false, "event": "idle_disarmed", "preset": "car_single", "single_auto": true, "ts": 1782986176.352}
{"armed": false, "event": "idle_disarmed", "preset": "car_single", "single_auto": true, "ts": 1782986176.352}
{"armed": false, "event": "idle_disarmed", "preset": "car_single", "single_auto": true, "ts": 1782986177.354}
{"armed": false, "event": "idle_disarmed", "preset": "car_single", "single_auto": true, "ts": 1782986177.354}
{"armed": false, "event": "idle_disarmed", "preset": "car_single", "single_auto": true, "ts": 1782986178.356}
{"armed": false, "event": "idle_disarmed", "preset": "car_single", "single_auto": true, "ts": 1782986178.356}
{"armed": false, "event": "idle_disarmed", "preset": "car_single", "single_auto": true, "ts": 1782986179.359}
{"armed": false, "event": "idle_disarmed", "preset": "car_single", "single_auto": true, "ts": 1782986179.359}
{"armed": false, "event": "idle_disarmed", "preset": "car_single", "single_auto": true, "ts": 1782986180.361}
{"armed": false, "event": "idle_disarmed", "preset": "car_single", "single_auto": true, "ts": 1782986180.361}
{"armed": false, "event": "idle_disarmed", "preset": "car_single", "single_auto": true, "ts": 1782986181.363}
{"armed": false, "event": "idle_disarmed", "preset": "car_single", "single_auto": true, "ts": 1782986181.363}
{"armed": false, "event": "idle_disarmed", "preset": "car_single", "single_auto": true, "ts": 1782986182.366}
{"armed": false, "event": "idle_disarmed", "preset": "car_single", "single_auto": true, "ts": 1782986182.366}
{"armed": false, "event": "idle_disarmed", "preset": "car_single", "single_auto": true, "ts": 1782986183.369}
{"armed": false, "event": "idle_disarmed", "preset": "car_single", "single_auto": true, "ts": 1782986183.369}
{"armed": false, "event": "idle_disarmed", "preset": "car_single", "single_auto": true, "ts": 1782986184.371}
{"armed": false, "event": "idle_disarmed", "preset": "car_single", "single_auto": true, "ts": 1782986184.371}
{"armed": false, "event": "idle_disarmed", "preset": "car_single", "single_auto": true, "ts": 1782986185.373}
{"armed": false, "event": "idle_disarmed", "preset": "car_single", "single_auto": true, "ts": 1782986185.373}
{"armed": false, "event": "idle_disarmed", "preset": "car_single", "single_auto": true, "ts": 1782986186.374}
{"armed": false, "event": "idle_disarmed", "preset": "car_single", "single_auto": true, "ts": 1782986186.374}
{"armed": false, "event": "idle_disarmed", "preset": "car_single", "single_auto": true, "ts": 1782986187.377}
{"armed": false, "event": "idle_disarmed", "preset": "car_single", "single_auto": true, "ts": 1782986187.377}
{"armed": false, "event": "idle_disarmed", "preset": "car_single", "single_auto": true, "ts": 1782986188.379}
{"armed": false, "event": "idle_disarmed", "preset": "car_single", "single_auto": true, "ts": 1782986188.379}
{"armed": false, "event": "idle_disarmed", "preset": "car_single", "single_auto": true, "ts": 1782986189.381}
{"armed": false, "event": "idle_disarmed", "preset": "car_single", "single_auto": true, "ts": 1782986189.381}
{"armed": false, "event": "idle_disarmed", "preset": "car_single", "single_auto": true, "ts": 1782986190.383}
{"armed": false, "event": "idle_disarmed", "preset": "car_single", "single_auto": true, "ts": 1782986190.383}
{"armed": false, "event": "idle_disarmed", "preset": "car_single", "single_auto": true, "ts": 1782986191.385}
{"armed": false, "event": "idle_disarmed", "preset": "car_single", "single_auto": true, "ts": 1782986191.385}
{"armed": false, "event": "idle_disarmed", "preset": "car_single", "single_auto": true, "ts": 1782986192.387}
{"armed": false, "event": "idle_disarmed", "preset": "car_single", "single_auto": true, "ts": 1782986192.387}
{"armed": false, "event": "idle_disarmed", "preset": "car_single", "single_auto": true, "ts": 1782986193.39}
{"armed": false, "event": "idle_disarmed", "preset": "car_single", "single_auto": true, "ts": 1782986193.39}
{"armed": false, "event": "idle_disarmed", "preset": "car_single", "single_auto": true, "ts": 1782986194.392}
{"armed": false, "event": "idle_disarmed", "preset": "car_single", "single_auto": true, "ts": 1782986194.392}
{"armed": false, "event": "idle_disarmed", "preset": "car_single", "single_auto": true, "ts": 1782986195.394}
{"armed": false, "event": "idle_disarmed", "preset": "car_single", "single_auto": true, "ts": 1782986195.394}
{"armed": false, "event": "idle_disarmed", "preset": "car_single", "single_auto": true, "ts": 1782986196.397}
{"armed": false, "event": "idle_disarmed", "preset": "car_single", "single_auto": true, "ts": 1782986196.397}
{"armed": false, "event": "idle_disarmed", "preset": "car_single", "single_auto": true, "ts": 1782986197.401}
{"armed": false, "event": "idle_disarmed", "preset": "car_single", "single_auto": true, "ts": 1782986197.401}
{"armed": false, "event": "idle_disarmed", "preset": "car_single", "single_auto": true, "ts": 1782986198.403}
{"armed": false, "event": "idle_disarmed", "preset": "car_single", "single_auto": true, "ts": 1782986198.403}
{"armed": false, "event": "idle_disarmed", "preset": "car_single", "single_auto": true, "ts": 1782986199.405}
{"armed": false, "event": "idle_disarmed", "preset": "car_single", "single_auto": true, "ts": 1782986199.405}
{"armed": false, "event": "idle_disarmed", "preset": "car_single", "single_auto": true, "ts": 1782986200.408}
{"armed": false, "event": "idle_disarmed", "preset": "car_single", "single_auto": true, "ts": 1782986200.408}
{"armed": false, "event": "idle_disarmed", "preset": "car_single", "single_auto": true, "ts": 1782986201.41}
{"armed": false, "event": "idle_disarmed", "preset": "car_single", "single_auto": true, "ts": 1782986201.41}
{"armed": false, "event": "idle_disarmed", "preset": "car_single", "single_auto": true, "ts": 1782986202.412}
{"armed": false, "event": "idle_disarmed", "preset": "car_single", "single_auto": true, "ts": 1782986202.412}
{"armed": false, "event": "idle_disarmed", "preset": "car_single", "single_auto": true, "ts": 1782986203.415}
{"armed": false, "event": "idle_disarmed", "preset": "car_single", "single_auto": true, "ts": 1782986203.415}
{"armed": false, "event": "idle_disarmed", "preset": "car_single", "single_auto": true, "ts": 1782986204.417}
{"armed": false, "event": "idle_disarmed", "preset": "car_single", "single_auto": true, "ts": 1782986204.417}
{"armed": false, "event": "idle_disarmed", "preset": "car_single", "single_auto": true, "ts": 1782986205.42}
{"armed": false, "event": "idle_disarmed", "preset": "car_single", "single_auto": true, "ts": 1782986205.42}
{"armed": false, "event": "idle_disarmed", "preset": "car_single", "single_auto": true, "ts": 1782986206.422}
{"armed": false, "event": "idle_disarmed", "preset": "car_single", "single_auto": true, "ts": 1782986206.422}
{"armed": false, "event": "idle_disarmed", "preset": "car_single", "single_auto": true, "ts": 1782986207.425}
{"armed": false, "event": "idle_disarmed", "preset": "car_single", "single_auto": true, "ts": 1782986207.425}
{"armed": false, "event": "idle_disarmed", "preset": "car_single", "single_auto": true, "ts": 1782986208.427}
{"armed": false, "event": "idle_disarmed", "preset": "car_single", "single_auto": true, "ts": 1782986208.427}
{"armed": false, "event": "idle_disarmed", "preset": "car_single", "single_auto": true, "ts": 1782986209.43}
{"armed": false, "event": "idle_disarmed", "preset": "car_single", "single_auto": true, "ts": 1782986209.43}
{"armed": false, "event": "idle_disarmed", "preset": "car_single", "single_auto": true, "ts": 1782986210.432}
{"armed": false, "event": "idle_disarmed", "preset": "car_single", "single_auto": true, "ts": 1782986210.432}
{"armed": false, "event": "idle_disarmed", "preset": "car_single", "single_auto": true, "ts": 1782986211.434}
{"armed": false, "event": "idle_disarmed", "preset": "car_single", "single_auto": true, "ts": 1782986211.434}
{"armed": false, "event": "idle_disarmed", "preset": "car_single", "single_auto": true, "ts": 1782986212.437}
{"armed": false, "event": "idle_disarmed", "preset": "car_single", "single_auto": true, "ts": 1782986212.437}
{"armed": false, "event": "idle_disarmed", "preset": "car_single", "single_auto": true, "ts": 1782986213.44}
{"armed": false, "event": "idle_disarmed", "preset": "car_single", "single_auto": true, "ts": 1782986213.44}
{"armed": false, "event": "idle_disarmed", "preset": "car_single", "single_auto": true, "ts": 1782986214.441}
{"armed": false, "event": "idle_disarmed", "preset": "car_single", "single_auto": true, "ts": 1782986214.441}
{"armed": false, "event": "idle_disarmed", "preset": "car_single", "single_auto": true, "ts": 1782986215.442}
{"armed": false, "event": "idle_disarmed", "preset": "car_single", "single_auto": true, "ts": 1782986215.442}
{"armed": false, "event": "idle_disarmed", "preset": "car_single", "single_auto": true, "ts": 1782986216.443}
{"armed": false, "event": "idle_disarmed", "preset": "car_single", "single_auto": true, "ts": 1782986216.443}
{"armed": false, "event": "idle_disarmed", "preset": "car_single", "single_auto": true, "ts": 1782986217.445}
{"armed": false, "event": "idle_disarmed", "preset": "car_single", "single_auto": true, "ts": 1782986217.445}
{"armed": false, "event": "idle_disarmed", "preset": "car_single", "single_auto": true, "ts": 1782986218.449}
{"armed": false, "event": "idle_disarmed", "preset": "car_single", "single_auto": true, "ts": 1782986218.449}
{"armed": false, "event": "idle_disarmed", "preset": "car_single", "single_auto": true, "ts": 1782986219.45}
{"armed": false, "event": "idle_disarmed", "preset": "car_single", "single_auto": true, "ts": 1782986219.45}
{"armed": false, "event": "idle_disarmed", "preset": "car_single", "single_auto": true, "ts": 1782986220.451}
{"armed": false, "event": "idle_disarmed", "preset": "car_single", "single_auto": true, "ts": 1782986220.451}
{"armed": false, "event": "idle_disarmed", "preset": "car_single", "single_auto": true, "ts": 1782986221.452}
{"armed": false, "event": "idle_disarmed", "preset": "car_single", "single_auto": true, "ts": 1782986221.452}
{"armed": false, "event": "idle_disarmed", "preset": "car_single", "single_auto": true, "ts": 1782986222.453}
{"armed": false, "event": "idle_disarmed", "preset": "car_single", "single_auto": true, "ts": 1782986222.453}
{"armed": false, "event": "idle_disarmed", "preset": "car_single", "single_auto": true, "ts": 1782986223.454}
{"armed": false, "event": "idle_disarmed", "preset": "car_single", "single_auto": true, "ts": 1782986223.454}
{"armed": false, "event": "idle_disarmed", "preset": "car_single", "single_auto": true, "ts": 1782986224.455}
{"armed": false, "event": "idle_disarmed", "preset": "car_single", "single_auto": true, "ts": 1782986224.455}
{"armed": false, "event": "idle_disarmed", "preset": "car_single", "single_auto": true, "ts": 1782986225.456}
{"armed": false, "event": "idle_disarmed", "preset": "car_single", "single_auto": true, "ts": 1782986225.456}
{"armed": false, "event": "idle_disarmed", "preset": "car_single", "single_auto": true, "ts": 1782986226.457}
{"armed": false, "event": "idle_disarmed", "preset": "car_single", "single_auto": true, "ts": 1782986226.457}
{"armed": false, "event": "idle_disarmed", "preset": "car_single", "single_auto": true, "ts": 1782986227.458}
{"armed": false, "event": "idle_disarmed", "preset": "car_single", "single_auto": true, "ts": 1782986227.458}
{"armed": false, "event": "idle_disarmed", "preset": "car_single", "single_auto": true, "ts": 1782986228.459}
{"armed": false, "event": "idle_disarmed", "preset": "car_single", "single_auto": true, "ts": 1782986228.459}
{"armed": false, "event": "idle_disarmed", "preset": "car_single", "single_auto": true, "ts": 1782986229.46}
{"armed": false, "event": "idle_disarmed", "preset": "car_single", "single_auto": true, "ts": 1782986229.46}
{"armed": false, "event": "idle_disarmed", "preset": "car_single", "single_auto": true, "ts": 1782986230.461}
{"armed": false, "event": "idle_disarmed", "preset": "car_single", "single_auto": true, "ts": 1782986230.461}
{"armed": false, "event": "idle_disarmed", "preset": "car_single", "single_auto": true, "ts": 1782986231.462}
{"armed": false, "event": "idle_disarmed", "preset": "car_single", "single_auto": true, "ts": 1782986231.462}
{"armed": false, "event": "idle_disarmed", "preset": "car_single", "single_auto": true, "ts": 1782986232.463}
{"armed": false, "event": "idle_disarmed", "preset": "car_single", "single_auto": true, "ts": 1782986232.463}
{"armed": false, "event": "idle_disarmed", "preset": "car_single", "single_auto": true, "ts": 1782986233.465}
{"armed": false, "event": "idle_disarmed", "preset": "car_single", "single_auto": true, "ts": 1782986233.465}
{"armed": false, "event": "idle_disarmed", "preset": "car_single", "single_auto": true, "ts": 1782986234.466}
{"armed": false, "event": "idle_disarmed", "preset": "car_single", "single_auto": true, "ts": 1782986234.466}
{"armed": false, "event": "idle_disarmed", "preset": "car_single", "single_auto": true, "ts": 1782986235.468}
{"armed": false, "event": "idle_disarmed", "preset": "car_single", "single_auto": true, "ts": 1782986235.468}
{"armed": false, "event": "idle_disarmed", "preset": "car_single", "single_auto": true, "ts": 1782986236.469}
{"armed": false, "event": "idle_disarmed", "preset": "car_single", "single_auto": true, "ts": 1782986236.469}
{"armed": false, "event": "idle_disarmed", "preset": "car_single", "single_auto": true, "ts": 1782986237.47}
{"armed": false, "event": "idle_disarmed", "preset": "car_single", "single_auto": true, "ts": 1782986237.47}
{"armed": false, "event": "idle_disarmed", "preset": "car_single", "single_auto": true, "ts": 1782986238.47}
{"armed": false, "event": "idle_disarmed", "preset": "car_single", "single_auto": true, "ts": 1782986238.47}
{"armed": false, "event": "idle_disarmed", "preset": "car_single", "single_auto": true, "ts": 1782986239.472}
{"armed": false, "event": "idle_disarmed", "preset": "car_single", "single_auto": true, "ts": 1782986239.472}
{"armed": false, "event": "idle_disarmed", "preset": "car_single", "single_auto": true, "ts": 1782986240.473}
{"armed": false, "event": "idle_disarmed", "preset": "car_single", "single_auto": true, "ts": 1782986240.473}
{"armed": false, "event": "idle_disarmed", "preset": "car_single", "single_auto": true, "ts": 1782986241.474}
{"armed": false, "event": "idle_disarmed", "preset": "car_single", "single_auto": true, "ts": 1782986241.474}
{"armed": false, "event": "idle_disarmed", "preset": "car_single", "single_auto": true, "ts": 1782986242.476}
{"armed": false, "event": "idle_disarmed", "preset": "car_single", "single_auto": true, "ts": 1782986242.476}
{"armed": false, "event": "idle_disarmed", "preset": "car_single", "single_auto": true, "ts": 1782986243.479}
{"armed": false, "event": "idle_disarmed", "preset": "car_single", "single_auto": true, "ts": 1782986243.479}
{"armed": false, "event": "idle_disarmed", "preset": "car_single", "single_auto": true, "ts": 1782986244.482}
{"armed": false, "event": "idle_disarmed", "preset": "car_single", "single_auto": true, "ts": 1782986244.482}
{"armed": false, "event": "idle_disarmed", "preset": "car_single", "single_auto": true, "ts": 1782986245.484}
{"armed": false, "event": "idle_disarmed", "preset": "car_single", "single_auto": true, "ts": 1782986245.484}
{"armed": false, "event": "idle_disarmed", "preset": "car_single", "single_auto": true, "ts": 1782986246.486}
{"armed": false, "event": "idle_disarmed", "preset": "car_single", "single_auto": true, "ts": 1782986246.486}
{"armed": false, "event": "idle_disarmed", "preset": "car_single", "single_auto": true, "ts": 1782986247.489}
{"armed": false, "event": "idle_disarmed", "preset": "car_single", "single_auto": true, "ts": 1782986247.489}
{"armed": false, "event": "idle_disarmed", "preset": "car_single", "single_auto": true, "ts": 1782986248.491}
{"armed": false, "event": "idle_disarmed", "preset": "car_single", "single_auto": true, "ts": 1782986248.491}
{"armed": false, "event": "idle_disarmed", "preset": "car_single", "single_auto": true, "ts": 1782986249.494}
{"armed": false, "event": "idle_disarmed", "preset": "car_single", "single_auto": true, "ts": 1782986249.494}
{"armed": false, "event": "idle_disarmed", "preset": "car_single", "single_auto": true, "ts": 1782986250.496}
{"armed": false, "event": "idle_disarmed", "preset": "car_single", "single_auto": true, "ts": 1782986250.496}
{"armed": false, "event": "idle_disarmed", "preset": "car_single", "single_auto": true, "ts": 1782986251.499}
{"armed": false, "event": "idle_disarmed", "preset": "car_single", "single_auto": true, "ts": 1782986251.499}
{"armed": false, "event": "idle_disarmed", "preset": "car_single", "single_auto": true, "ts": 1782986252.501}
{"armed": false, "event": "idle_disarmed", "preset": "car_single", "single_auto": true, "ts": 1782986252.501}
{"armed": false, "event": "idle_disarmed", "preset": "car_single", "single_auto": true, "ts": 1782986253.504}
{"armed": false, "event": "idle_disarmed", "preset": "car_single", "single_auto": true, "ts": 1782986253.504}
{"armed": false, "event": "idle_disarmed", "preset": "car_single", "single_auto": true, "ts": 1782986254.506}
{"armed": false, "event": "idle_disarmed", "preset": "car_single", "single_auto": true, "ts": 1782986254.506}
{"armed": false, "event": "idle_disarmed", "preset": "car_single", "single_auto": true, "ts": 1782986255.509}
{"armed": false, "event": "idle_disarmed", "preset": "car_single", "single_auto": true, "ts": 1782986255.509}
{"armed": false, "event": "idle_disarmed", "preset": "car_single", "single_auto": true, "ts": 1782986256.511}
{"armed": false, "event": "idle_disarmed", "preset": "car_single", "single_auto": true, "ts": 1782986256.511}
{"armed": false, "event": "idle_disarmed", "preset": "car_single", "single_auto": true, "ts": 1782986257.514}
{"armed": false, "event": "idle_disarmed", "preset": "car_single", "single_auto": true, "ts": 1782986257.514}
{"armed": false, "event": "idle_disarmed", "preset": "car_single", "single_auto": true, "ts": 1782986258.517}
{"armed": false, "event": "idle_disarmed", "preset": "car_single", "single_auto": true, "ts": 1782986258.517}
{"armed": false, "event": "idle_disarmed", "preset": "car_single", "single_auto": true, "ts": 1782986259.519}
{"armed": false, "event": "idle_disarmed", "preset": "car_single", "single_auto": true, "ts": 1782986259.519}
{"armed": false, "event": "idle_disarmed", "preset": "car_single", "single_auto": true, "ts": 1782986260.522}
{"armed": false, "event": "idle_disarmed", "preset": "car_single", "single_auto": true, "ts": 1782986260.522}
{"armed": false, "event": "idle_disarmed", "preset": "car_single", "single_auto": true, "ts": 1782986261.525}
{"armed": false, "event": "idle_disarmed", "preset": "car_single", "single_auto": true, "ts": 1782986261.525}
{"armed": false, "event": "idle_disarmed", "preset": "car_single", "single_auto": true, "ts": 1782986262.527}
{"armed": false, "event": "idle_disarmed", "preset": "car_single", "single_auto": true, "ts": 1782986262.527}
{"armed": false, "event": "idle_disarmed", "preset": "car_single", "single_auto": true, "ts": 1782986263.53}
{"armed": false, "event": "idle_disarmed", "preset": "car_single", "single_auto": true, "ts": 1782986263.53}
{"armed": false, "event": "idle_disarmed", "preset": "car_single", "single_auto": true, "ts": 1782986264.533}
{"armed": false, "event": "idle_disarmed", "preset": "car_single", "single_auto": true, "ts": 1782986264.533}
{"armed": false, "event": "idle_disarmed", "preset": "car_single", "single_auto": true, "ts": 1782986265.535}
{"armed": false, "event": "idle_disarmed", "preset": "car_single", "single_auto": true, "ts": 1782986265.535}
{"cmd": ["/usr/bin/python3", "/root/rknpu2/examples/rknn_yolov8_demo_opencv_2_work_2/new_yolo8/apply_ptz_object_preset.py", "--preset", "car_single", "--arm", "force", "--strategy", "preset", "--watch"], "event": "child_start", "pid": 259809, "preset": "car_single", "search_preset": "lost_step_wait", "ts": 1782986266.539}
{"cmd": ["/usr/bin/python3", "/root/rknpu2/examples/rknn_yolov8_demo_opencv_2_work_2/new_yolo8/apply_ptz_object_preset.py", "--preset", "car_single", "--arm", "force", "--strategy", "preset", "--watch"], "event": "child_start", "pid": 259809, "preset": "car_single", "search_preset": "lost_step_wait", "ts": 1782986266.539}
{"event": "child_stop", "pid": 259809, "preset": "car_single::lost_step_wait", "reason": "ptzArmed_false", "ts": 1782986267.541}
{"event": "child_stop", "pid": 259809, "preset": "car_single::lost_step_wait", "reason": "ptzArmed_false", "ts": 1782986267.541}
{"archived": "/root/rknpu2/examples/rknn_yolov8_demo_opencv_2_work_2/new_yolo8/logs/session_20260702_095747_ptzArmed_false", "event": "logs_archived", "reason": "ptzArmed_false", "ts": 1782986267.63}
{"archived": "/root/rknpu2/examples/rknn_yolov8_demo_opencv_2_work_2/new_yolo8/logs/session_20260702_095747_ptzArmed_false", "event": "logs_archived", "reason": "ptzArmed_false", "ts": 1782986267.63}
{"armed": false, "event": "idle_disarmed", "preset": "car_single", "single_auto": true, "ts": 1782986267.63}
{"armed": false, "event": "idle_disarmed", "preset": "car_single", "single_auto": true, "ts": 1782986267.63}
{"armed": false, "event": "idle_disarmed", "preset": "car_single", "single_auto": true, "ts": 1782986268.633}
{"armed": false, "event": "idle_disarmed", "preset": "car_single", "single_auto": true, "ts": 1782986268.633}
{"armed": false, "event": "idle_disarmed", "preset": "car_single", "single_auto": true, "ts": 1782986269.635}
{"armed": false, "event": "idle_disarmed", "preset": "car_single", "single_auto": true, "ts": 1782986269.635}
{"armed": false, "event": "idle_disarmed", "preset": "car_single", "single_auto": true, "ts": 1782986270.637}
{"armed": false, "event": "idle_disarmed", "preset": "car_single", "single_auto": true, "ts": 1782986270.637}
{"armed": false, "event": "idle_disarmed", "preset": "car_single", "single_auto": true, "ts": 1782986271.638}
{"armed": false, "event": "idle_disarmed", "preset": "car_single", "single_auto": true, "ts": 1782986271.638}
{"armed": false, "event": "idle_disarmed", "preset": "car_single", "single_auto": true, "ts": 1782986272.639}
{"armed": false, "event": "idle_disarmed", "preset": "car_single", "single_auto": true, "ts": 1782986272.639}
{"armed": false, "event": "idle_disarmed", "preset": "car_single", "single_auto": true, "ts": 1782986273.64}
{"armed": false, "event": "idle_disarmed", "preset": "car_single", "single_auto": true, "ts": 1782986273.64}
{"armed": false, "event": "idle_disarmed", "preset": "car_single", "single_auto": true, "ts": 1782986274.641}
{"armed": false, "event": "idle_disarmed", "preset": "car_single", "single_auto": true, "ts": 1782986274.641}
{"armed": false, "event": "idle_disarmed", "preset": "car_single", "single_auto": true, "ts": 1782986275.642}
{"armed": false, "event": "idle_disarmed", "preset": "car_single", "single_auto": true, "ts": 1782986275.642}
{"armed": false, "event": "idle_disarmed", "preset": "car_single", "single_auto": true, "ts": 1782986276.645}
{"armed": false, "event": "idle_disarmed", "preset": "car_single", "single_auto": true, "ts": 1782986276.645}
{"armed": false, "event": "idle_disarmed", "preset": "car_single", "single_auto": true, "ts": 1782986277.647}
{"armed": false, "event": "idle_disarmed", "preset": "car_single", "single_auto": true, "ts": 1782986277.647}
{"armed": false, "event": "idle_disarmed", "preset": "car_single", "single_auto": true, "ts": 1782986278.648}
{"armed": false, "event": "idle_disarmed", "preset": "car_single", "single_auto": true, "ts": 1782986278.648}
{"armed": false, "event": "idle_disarmed", "preset": "car_single", "single_auto": true, "ts": 1782986279.649}
{"armed": false, "event": "idle_disarmed", "preset": "car_single", "single_auto": true, "ts": 1782986279.649}
{"armed": false, "event": "idle_disarmed", "preset": "car_single", "single_auto": true, "ts": 1782986280.65}
{"armed": false, "event": "idle_disarmed", "preset": "car_single", "single_auto": true, "ts": 1782986280.65}
{"armed": false, "event": "idle_disarmed", "preset": "car_single", "single_auto": true, "ts": 1782986281.651}
{"armed": false, "event": "idle_disarmed", "preset": "car_single", "single_auto": true, "ts": 1782986281.651}
{"armed": false, "event": "idle_disarmed", "preset": "car_single", "single_auto": true, "ts": 1782986282.652}
{"armed": false, "event": "idle_disarmed", "preset": "car_single", "single_auto": true, "ts": 1782986282.652}
{"armed": false, "event": "idle_disarmed", "preset": "car_single", "single_auto": true, "ts": 1782986283.653}
{"armed": false, "event": "idle_disarmed", "preset": "car_single", "single_auto": true, "ts": 1782986283.653}
{"armed": false, "event": "idle_disarmed", "preset": "car_single", "single_auto": true, "ts": 1782986284.654}
{"armed": false, "event": "idle_disarmed", "preset": "car_single", "single_auto": true, "ts": 1782986284.654}
{"armed": false, "event": "idle_disarmed", "preset": "car_single", "single_auto": true, "ts": 1782986285.655}
{"armed": false, "event": "idle_disarmed", "preset": "car_single", "single_auto": true, "ts": 1782986285.655}
{"armed": false, "event": "idle_disarmed", "preset": "car_single", "single_auto": true, "ts": 1782986286.656}
{"armed": false, "event": "idle_disarmed", "preset": "car_single", "single_auto": true, "ts": 1782986286.656}
{"armed": false, "event": "idle_disarmed", "preset": "car_single", "single_auto": true, "ts": 1782986287.658}
{"armed": false, "event": "idle_disarmed", "preset": "car_single", "single_auto": true, "ts": 1782986287.658}
{"armed": false, "event": "idle_disarmed", "preset": "car_single", "single_auto": true, "ts": 1782986288.66}
{"armed": false, "event": "idle_disarmed", "preset": "car_single", "single_auto": true, "ts": 1782986288.66}
{"armed": false, "event": "idle_disarmed", "preset": "car_single", "single_auto": true, "ts": 1782986289.661}
{"armed": false, "event": "idle_disarmed", "preset": "car_single", "single_auto": true, "ts": 1782986289.661}
{"armed": false, "event": "idle_disarmed", "preset": "car_single", "single_auto": true, "ts": 1782986290.662}
{"armed": false, "event": "idle_disarmed", "preset": "car_single", "single_auto": true, "ts": 1782986290.662}
{"armed": false, "event": "idle_disarmed", "preset": "car_single", "single_auto": true, "ts": 1782986291.663}
{"armed": false, "event": "idle_disarmed", "preset": "car_single", "single_auto": true, "ts": 1782986291.663}
{"armed": false, "event": "idle_disarmed", "preset": "car_single", "single_auto": true, "ts": 1782986292.664}
{"armed": false, "event": "idle_disarmed", "preset": "car_single", "single_auto": true, "ts": 1782986292.664}
{"armed": false, "event": "idle_disarmed", "preset": "car_single", "single_auto": true, "ts": 1782986293.665}
{"armed": false, "event": "idle_disarmed", "preset": "car_single", "single_auto": true, "ts": 1782986293.665}
{"armed": false, "event": "idle_disarmed", "preset": "car_single", "single_auto": true, "ts": 1782986294.666}
{"armed": false, "event": "idle_disarmed", "preset": "car_single", "single_auto": true, "ts": 1782986294.666}
{"armed": false, "event": "idle_disarmed", "preset": "car_single", "single_auto": true, "ts": 1782986295.668}
{"armed": false, "event": "idle_disarmed", "preset": "car_single", "single_auto": true, "ts": 1782986295.668}
{"armed": false, "event": "idle_disarmed", "preset": "car_single", "single_auto": true, "ts": 1782986296.671}
{"armed": false, "event": "idle_disarmed", "preset": "car_single", "single_auto": true, "ts": 1782986296.671}
{"armed": false, "event": "idle_disarmed", "preset": "car_single", "single_auto": true, "ts": 1782986297.673}
{"armed": false, "event": "idle_disarmed", "preset": "car_single", "single_auto": true, "ts": 1782986297.673}
{"armed": false, "event": "idle_disarmed", "preset": "car_single", "single_auto": true, "ts": 1782986298.677}
{"armed": false, "event": "idle_disarmed", "preset": "car_single", "single_auto": true, "ts": 1782986298.677}
{"armed": false, "event": "idle_disarmed", "preset": "car_single", "single_auto": true, "ts": 1782986299.679}
{"armed": false, "event": "idle_disarmed", "preset": "car_single", "single_auto": true, "ts": 1782986299.679}
{"armed": false, "event": "idle_disarmed", "preset": "car_single", "single_auto": true, "ts": 1782986300.68}
{"armed": false, "event": "idle_disarmed", "preset": "car_single", "single_auto": true, "ts": 1782986300.68}
{"armed": false, "event": "idle_disarmed", "preset": "car_single", "single_auto": true, "ts": 1782986301.681}
{"armed": false, "event": "idle_disarmed", "preset": "car_single", "single_auto": true, "ts": 1782986301.681}
{"armed": false, "event": "idle_disarmed", "preset": "car_single", "single_auto": true, "ts": 1782986302.683}
{"armed": false, "event": "idle_disarmed", "preset": "car_single", "single_auto": true, "ts": 1782986302.683}
{"armed": false, "event": "idle_disarmed", "preset": "car_single", "single_auto": true, "ts": 1782986303.686}
{"armed": false, "event": "idle_disarmed", "preset": "car_single", "single_auto": true, "ts": 1782986303.686}
{"armed": false, "event": "idle_disarmed", "preset": "car_single", "single_auto": true, "ts": 1782986304.687}
{"armed": false, "event": "idle_disarmed", "preset": "car_single", "single_auto": true, "ts": 1782986304.687}
{"armed": false, "event": "idle_disarmed", "preset": "car_single", "single_auto": true, "ts": 1782986305.688}
{"armed": false, "event": "idle_disarmed", "preset": "car_single", "single_auto": true, "ts": 1782986305.688}
{"armed": false, "event": "idle_disarmed", "preset": "car_single", "single_auto": true, "ts": 1782986306.69}
{"armed": false, "event": "idle_disarmed", "preset": "car_single", "single_auto": true, "ts": 1782986306.69}
{"armed": false, "event": "idle_disarmed", "preset": "car_single", "single_auto": true, "ts": 1782986307.693}
{"armed": false, "event": "idle_disarmed", "preset": "car_single", "single_auto": true, "ts": 1782986307.693}
{"armed": false, "event": "idle_disarmed", "preset": "car_single", "single_auto": true, "ts": 1782986308.696}
{"armed": false, "event": "idle_disarmed", "preset": "car_single", "single_auto": true, "ts": 1782986308.696}
{"armed": false, "event": "idle_disarmed", "preset": "car_single", "single_auto": true, "ts": 1782986309.698}
{"armed": false, "event": "idle_disarmed", "preset": "car_single", "single_auto": true, "ts": 1782986309.698}
{"armed": false, "event": "idle_disarmed", "preset": "car_single", "single_auto": true, "ts": 1782986310.701}
{"armed": false, "event": "idle_disarmed", "preset": "car_single", "single_auto": true, "ts": 1782986310.701}
{"armed": false, "event": "idle_disarmed", "preset": "car_single", "single_auto": true, "ts": 1782986311.704}
{"armed": false, "event": "idle_disarmed", "preset": "car_single", "single_auto": true, "ts": 1782986311.704}
{"armed": false, "event": "idle_disarmed", "preset": "car_single", "single_auto": true, "ts": 1782986312.706}
{"armed": false, "event": "idle_disarmed", "preset": "car_single", "single_auto": true, "ts": 1782986312.706}
{"armed": false, "event": "idle_disarmed", "preset": "car_single", "single_auto": true, "ts": 1782986313.709}
{"armed": false, "event": "idle_disarmed", "preset": "car_single", "single_auto": true, "ts": 1782986313.709}
{"armed": false, "event": "idle_disarmed", "preset": "car_single", "single_auto": true, "ts": 1782986314.711}
{"armed": false, "event": "idle_disarmed", "preset": "car_single", "single_auto": true, "ts": 1782986314.711}
{"armed": false, "event": "idle_disarmed", "preset": "car_single", "single_auto": true, "ts": 1782986315.714}
{"armed": false, "event": "idle_disarmed", "preset": "car_single", "single_auto": true, "ts": 1782986315.714}
{"armed": false, "event": "idle_disarmed", "preset": "car_single", "single_auto": true, "ts": 1782986316.717}
{"armed": false, "event": "idle_disarmed", "preset": "car_single", "single_auto": true, "ts": 1782986316.717}
{"armed": false, "event": "idle_disarmed", "preset": "car_single", "single_auto": true, "ts": 1782986317.719}
{"armed": false, "event": "idle_disarmed", "preset": "car_single", "single_auto": true, "ts": 1782986317.719}
{"armed": false, "event": "idle_disarmed", "preset": "car_single", "single_auto": true, "ts": 1782986318.722}
{"armed": false, "event": "idle_disarmed", "preset": "car_single", "single_auto": true, "ts": 1782986318.722}
{"armed": false, "event": "idle_disarmed", "preset": "car_single", "single_auto": true, "ts": 1782986319.725}
{"armed": false, "event": "idle_disarmed", "preset": "car_single", "single_auto": true, "ts": 1782986319.725}
{"armed": false, "event": "idle_disarmed", "preset": "car_single", "single_auto": true, "ts": 1782986320.727}
{"armed": false, "event": "idle_disarmed", "preset": "car_single", "single_auto": true, "ts": 1782986320.727}
{"armed": false, "event": "idle_disarmed", "preset": "car_single", "single_auto": true, "ts": 1782986321.73}
{"armed": false, "event": "idle_disarmed", "preset": "car_single", "single_auto": true, "ts": 1782986321.73}
{"armed": false, "event": "idle_disarmed", "preset": "car_single", "single_auto": true, "ts": 1782986322.732}
{"armed": false, "event": "idle_disarmed", "preset": "car_single", "single_auto": true, "ts": 1782986322.732}
{"armed": false, "event": "idle_disarmed", "preset": "car_single", "single_auto": true, "ts": 1782986323.735}
{"armed": false, "event": "idle_disarmed", "preset": "car_single", "single_auto": true, "ts": 1782986323.735}
{"armed": false, "event": "idle_disarmed", "preset": "car_single", "single_auto": true, "ts": 1782986324.737}
{"armed": false, "event": "idle_disarmed", "preset": "car_single", "single_auto": true, "ts": 1782986324.737}
{"armed": false, "event": "idle_disarmed", "preset": "car_single", "single_auto": true, "ts": 1782986325.74}
{"armed": false, "event": "idle_disarmed", "preset": "car_single", "single_auto": true, "ts": 1782986325.74}
{"armed": false, "event": "idle_disarmed", "preset": "car_single", "single_auto": true, "ts": 1782986326.742}
{"armed": false, "event": "idle_disarmed", "preset": "car_single", "single_auto": true, "ts": 1782986326.742}
{"armed": false, "event": "idle_disarmed", "preset": "car_single", "single_auto": true, "ts": 1782986327.744}
{"armed": false, "event": "idle_disarmed", "preset": "car_single", "single_auto": true, "ts": 1782986327.744}
{"armed": false, "event": "idle_disarmed", "preset": "car_single", "single_auto": true, "ts": 1782986328.747}
{"armed": false, "event": "idle_disarmed", "preset": "car_single", "single_auto": true, "ts": 1782986328.747}
{"armed": false, "event": "idle_disarmed", "preset": "car_single", "single_auto": true, "ts": 1782986329.749}
{"armed": false, "event": "idle_disarmed", "preset": "car_single", "single_auto": true, "ts": 1782986329.749}
{"armed": false, "event": "idle_disarmed", "preset": "car_single", "single_auto": true, "ts": 1782986330.752}
{"armed": false, "event": "idle_disarmed", "preset": "car_single", "single_auto": true, "ts": 1782986330.752}
{"armed": false, "event": "idle_disarmed", "preset": "car_single", "single_auto": true, "ts": 1782986331.754}
{"armed": false, "event": "idle_disarmed", "preset": "car_single", "single_auto": true, "ts": 1782986331.754}
{"armed": false, "event": "idle_disarmed", "preset": "car_single", "single_auto": true, "ts": 1782986332.757}
{"armed": false, "event": "idle_disarmed", "preset": "car_single", "single_auto": true, "ts": 1782986332.757}
{"armed": false, "event": "idle_disarmed", "preset": "car_single", "single_auto": true, "ts": 1782986333.76}
{"armed": false, "event": "idle_disarmed", "preset": "car_single", "single_auto": true, "ts": 1782986333.76}
{"armed": false, "event": "idle_disarmed", "preset": "car_single", "single_auto": true, "ts": 1782986334.762}
{"armed": false, "event": "idle_disarmed", "preset": "car_single", "single_auto": true, "ts": 1782986334.762}
{"armed": false, "event": "idle_disarmed", "preset": "car_single", "single_auto": true, "ts": 1782986335.765}
{"armed": false, "event": "idle_disarmed", "preset": "car_single", "single_auto": true, "ts": 1782986335.765}
{"armed": false, "event": "idle_disarmed", "preset": "car_single", "single_auto": true, "ts": 1782986336.767}
{"armed": false, "event": "idle_disarmed", "preset": "car_single", "single_auto": true, "ts": 1782986336.767}
{"armed": false, "event": "idle_disarmed", "preset": "car_single", "single_auto": true, "ts": 1782986337.77}
{"armed": false, "event": "idle_disarmed", "preset": "car_single", "single_auto": true, "ts": 1782986337.77}
{"armed": false, "event": "idle_disarmed", "preset": "car_single", "single_auto": true, "ts": 1782986338.772}
{"armed": false, "event": "idle_disarmed", "preset": "car_single", "single_auto": true, "ts": 1782986338.772}
{"armed": false, "event": "idle_disarmed", "preset": "car_single", "single_auto": true, "ts": 1782986339.774}
{"armed": false, "event": "idle_disarmed", "preset": "car_single", "single_auto": true, "ts": 1782986339.774}
{"armed": false, "event": "idle_disarmed", "preset": "car_single", "single_auto": true, "ts": 1782986340.777}
{"armed": false, "event": "idle_disarmed", "preset": "car_single", "single_auto": true, "ts": 1782986340.777}
{"armed": false, "event": "idle_disarmed", "preset": "car_single", "single_auto": true, "ts": 1782986341.78}
{"armed": false, "event": "idle_disarmed", "preset": "car_single", "single_auto": true, "ts": 1782986341.78}
{"armed": false, "event": "idle_disarmed", "preset": "car_single", "single_auto": true, "ts": 1782986342.782}
{"armed": false, "event": "idle_disarmed", "preset": "car_single", "single_auto": true, "ts": 1782986342.782}
{"armed": false, "event": "idle_disarmed", "preset": "car_single", "single_auto": true, "ts": 1782986343.784}
{"armed": false, "event": "idle_disarmed", "preset": "car_single", "single_auto": true, "ts": 1782986343.784}
{"armed": false, "event": "idle_disarmed", "preset": "car_single", "single_auto": true, "ts": 1782986344.787}
{"armed": false, "event": "idle_disarmed", "preset": "car_single", "single_auto": true, "ts": 1782986344.787}
{"armed": false, "event": "idle_disarmed", "preset": "car_single", "single_auto": true, "ts": 1782986345.789}
{"armed": false, "event": "idle_disarmed", "preset": "car_single", "single_auto": true, "ts": 1782986345.789}
{"armed": false, "event": "idle_disarmed", "preset": "car_single", "single_auto": true, "ts": 1782986346.792}
{"armed": false, "event": "idle_disarmed", "preset": "car_single", "single_auto": true, "ts": 1782986346.792}
{"armed": false, "event": "idle_disarmed", "preset": "car_single", "single_auto": true, "ts": 1782986347.794}
{"armed": false, "event": "idle_disarmed", "preset": "car_single", "single_auto": true, "ts": 1782986347.794}
{"armed": false, "event": "idle_disarmed", "preset": "car_single", "single_auto": true, "ts": 1782986348.797}
{"armed": false, "event": "idle_disarmed", "preset": "car_single", "single_auto": true, "ts": 1782986348.797}
{"armed": false, "event": "idle_disarmed", "preset": "car_single", "single_auto": true, "ts": 1782986349.799}
{"armed": false, "event": "idle_disarmed", "preset": "car_single", "single_auto": true, "ts": 1782986349.799}
{"armed": false, "event": "idle_disarmed", "preset": "car_single", "single_auto": true, "ts": 1782986350.802}
{"armed": false, "event": "idle_disarmed", "preset": "car_single", "single_auto": true, "ts": 1782986350.802}
{"armed": false, "event": "idle_disarmed", "preset": "car_single", "single_auto": true, "ts": 1782986351.804}
{"armed": false, "event": "idle_disarmed", "preset": "car_single", "single_auto": true, "ts": 1782986351.804}
{"armed": false, "event": "idle_disarmed", "preset": "car_single", "single_auto": true, "ts": 1782986352.807}
{"armed": false, "event": "idle_disarmed", "preset": "car_single", "single_auto": true, "ts": 1782986352.807}
{"armed": false, "event": "idle_disarmed", "preset": "car_single", "single_auto": true, "ts": 1782986353.809}
{"armed": false, "event": "idle_disarmed", "preset": "car_single", "single_auto": true, "ts": 1782986353.809}
{"armed": false, "event": "idle_disarmed", "preset": "car_single", "single_auto": true, "ts": 1782986354.812}
{"armed": false, "event": "idle_disarmed", "preset": "car_single", "single_auto": true, "ts": 1782986354.812}
{"armed": false, "event": "idle_disarmed", "preset": "car_single", "single_auto": true, "ts": 1782986355.814}
{"armed": false, "event": "idle_disarmed", "preset": "car_single", "single_auto": true, "ts": 1782986355.814}
{"armed": false, "event": "idle_disarmed", "preset": "car_single", "single_auto": true, "ts": 1782986356.817}
{"armed": false, "event": "idle_disarmed", "preset": "car_single", "single_auto": true, "ts": 1782986356.817}
{"armed": false, "event": "idle_disarmed", "preset": "car_single", "single_auto": true, "ts": 1782986357.819}
{"armed": false, "event": "idle_disarmed", "preset": "car_single", "single_auto": true, "ts": 1782986357.819}
{"armed": false, "event": "idle_disarmed", "preset": "car_single", "single_auto": true, "ts": 1782986358.822}
{"armed": false, "event": "idle_disarmed", "preset": "car_single", "single_auto": true, "ts": 1782986358.822}
{"armed": false, "event": "idle_disarmed", "preset": "car_single", "single_auto": true, "ts": 1782986359.824}
{"armed": false, "event": "idle_disarmed", "preset": "car_single", "single_auto": true, "ts": 1782986359.824}
{"armed": false, "event": "idle_disarmed", "preset": "car_single", "single_auto": true, "ts": 1782986360.827}
{"armed": false, "event": "idle_disarmed", "preset": "car_single", "single_auto": true, "ts": 1782986360.827}
{"armed": false, "event": "idle_disarmed", "preset": "car_single", "single_auto": true, "ts": 1782986361.83}
{"armed": false, "event": "idle_disarmed", "preset": "car_single", "single_auto": true, "ts": 1782986361.83}
{"armed": false, "event": "idle_disarmed", "preset": "car_single", "single_auto": true, "ts": 1782986362.832}
{"armed": false, "event": "idle_disarmed", "preset": "car_single", "single_auto": true, "ts": 1782986362.832}
{"armed": false, "event": "idle_disarmed", "preset": "car_single", "single_auto": true, "ts": 1782986363.835}
{"armed": false, "event": "idle_disarmed", "preset": "car_single", "single_auto": true, "ts": 1782986363.835}
{"armed": false, "event": "idle_disarmed", "preset": "car_single", "single_auto": true, "ts": 1782986364.838}
{"armed": false, "event": "idle_disarmed", "preset": "car_single", "single_auto": true, "ts": 1782986364.838}
{"armed": false, "event": "idle_disarmed", "preset": "car_single", "single_auto": true, "ts": 1782986365.841}
{"armed": false, "event": "idle_disarmed", "preset": "car_single", "single_auto": true, "ts": 1782986365.841}
{"armed": false, "event": "idle_disarmed", "preset": "car_single", "single_auto": true, "ts": 1782986366.843}
{"armed": false, "event": "idle_disarmed", "preset": "car_single", "single_auto": true, "ts": 1782986366.843}
{"armed": false, "event": "idle_disarmed", "preset": "car_single", "single_auto": true, "ts": 1782986367.846}
{"armed": false, "event": "idle_disarmed", "preset": "car_single", "single_auto": true, "ts": 1782986367.846}
{"armed": false, "event": "idle_disarmed", "preset": "car_single", "single_auto": true, "ts": 1782986368.848}
{"armed": false, "event": "idle_disarmed", "preset": "car_single", "single_auto": true, "ts": 1782986368.848}
{"armed": false, "event": "idle_disarmed", "preset": "car_single", "single_auto": true, "ts": 1782986369.851}
{"armed": false, "event": "idle_disarmed", "preset": "car_single", "single_auto": true, "ts": 1782986369.851}
{"armed": false, "event": "idle_disarmed", "preset": "car_single", "single_auto": true, "ts": 1782986370.854}
{"armed": false, "event": "idle_disarmed", "preset": "car_single", "single_auto": true, "ts": 1782986370.854}
{"armed": false, "event": "idle_disarmed", "preset": "car_single", "single_auto": true, "ts": 1782986371.856}
{"armed": false, "event": "idle_disarmed", "preset": "car_single", "single_auto": true, "ts": 1782986371.856}
{"armed": false, "event": "idle_disarmed", "preset": "car_single", "single_auto": true, "ts": 1782986372.859}
{"armed": false, "event": "idle_disarmed", "preset": "car_single", "single_auto": true, "ts": 1782986372.859}
{"armed": false, "event": "idle_disarmed", "preset": "car_single", "single_auto": true, "ts": 1782986373.861}
{"armed": false, "event": "idle_disarmed", "preset": "car_single", "single_auto": true, "ts": 1782986373.861}
{"armed": false, "event": "idle_disarmed", "preset": "car_single", "single_auto": true, "ts": 1782986374.863}
{"armed": false, "event": "idle_disarmed", "preset": "car_single", "single_auto": true, "ts": 1782986374.863}
{"armed": false, "event": "idle_disarmed", "preset": "car_single", "single_auto": true, "ts": 1782986375.866}
{"armed": false, "event": "idle_disarmed", "preset": "car_single", "single_auto": true, "ts": 1782986375.866}
{"armed": false, "event": "idle_disarmed", "preset": "car_single", "single_auto": true, "ts": 1782986376.868}
{"armed": false, "event": "idle_disarmed", "preset": "car_single", "single_auto": true, "ts": 1782986376.868}
{"armed": false, "event": "idle_disarmed", "preset": "car_single", "single_auto": true, "ts": 1782986377.87}
{"armed": false, "event": "idle_disarmed", "preset": "car_single", "single_auto": true, "ts": 1782986377.87}
{"armed": false, "event": "idle_disarmed", "preset": "car_single", "single_auto": true, "ts": 1782986378.873}
{"armed": false, "event": "idle_disarmed", "preset": "car_single", "single_auto": true, "ts": 1782986378.873}
{"armed": false, "event": "idle_disarmed", "preset": "car_single", "single_auto": true, "ts": 1782986379.875}
{"armed": false, "event": "idle_disarmed", "preset": "car_single", "single_auto": true, "ts": 1782986379.875}
{"armed": false, "event": "idle_disarmed", "preset": "car_single", "single_auto": true, "ts": 1782986380.877}
{"armed": false, "event": "idle_disarmed", "preset": "car_single", "single_auto": true, "ts": 1782986380.877}
{"armed": false, "event": "idle_disarmed", "preset": "car_single", "single_auto": true, "ts": 1782986381.88}
{"armed": false, "event": "idle_disarmed", "preset": "car_single", "single_auto": true, "ts": 1782986381.88}
{"armed": false, "event": "idle_disarmed", "preset": "car_single", "single_auto": true, "ts": 1782986382.882}
{"armed": false, "event": "idle_disarmed", "preset": "car_single", "single_auto": true, "ts": 1782986382.882}
{"armed": false, "event": "idle_disarmed", "preset": "car_single", "single_auto": true, "ts": 1782986383.886}
{"armed": false, "event": "idle_disarmed", "preset": "car_single", "single_auto": true, "ts": 1782986383.886}
{"armed": false, "event": "idle_disarmed", "preset": "car_single", "single_auto": true, "ts": 1782986384.888}
{"armed": false, "event": "idle_disarmed", "preset": "car_single", "single_auto": true, "ts": 1782986384.888}
{"armed": false, "event": "idle_disarmed", "preset": "car_single", "single_auto": true, "ts": 1782986385.89}
{"armed": false, "event": "idle_disarmed", "preset": "car_single", "single_auto": true, "ts": 1782986385.89}
{"armed": false, "event": "idle_disarmed", "preset": "car_single", "single_auto": true, "ts": 1782986386.893}
{"armed": false, "event": "idle_disarmed", "preset": "car_single", "single_auto": true, "ts": 1782986386.893}
{"armed": false, "event": "idle_disarmed", "preset": "car_single", "single_auto": true, "ts": 1782986387.896}
{"armed": false, "event": "idle_disarmed", "preset": "car_single", "single_auto": true, "ts": 1782986387.896}
{"armed": false, "event": "idle_disarmed", "preset": "car_single", "single_auto": true, "ts": 1782986388.898}
{"armed": false, "event": "idle_disarmed", "preset": "car_single", "single_auto": true, "ts": 1782986388.898}
{"armed": false, "event": "idle_disarmed", "preset": "car_single", "single_auto": true, "ts": 1782986389.901}
{"armed": false, "event": "idle_disarmed", "preset": "car_single", "single_auto": true, "ts": 1782986389.901}
{"armed": false, "event": "idle_disarmed", "preset": "car_single", "single_auto": true, "ts": 1782986390.903}
{"armed": false, "event": "idle_disarmed", "preset": "car_single", "single_auto": true, "ts": 1782986390.903}
{"armed": false, "event": "idle_disarmed", "preset": "car_single", "single_auto": true, "ts": 1782986391.905}
{"armed": false, "event": "idle_disarmed", "preset": "car_single", "single_auto": true, "ts": 1782986391.905}
{"armed": false, "event": "idle_disarmed", "preset": "car_single", "single_auto": true, "ts": 1782986392.908}
{"armed": false, "event": "idle_disarmed", "preset": "car_single", "single_auto": true, "ts": 1782986392.908}
{"armed": false, "event": "idle_disarmed", "preset": "car_single", "single_auto": true, "ts": 1782986393.91}
{"armed": false, "event": "idle_disarmed", "preset": "car_single", "single_auto": true, "ts": 1782986393.91}
{"armed": false, "event": "idle_disarmed", "preset": "car_single", "single_auto": true, "ts": 1782986394.912}
{"armed": false, "event": "idle_disarmed", "preset": "car_single", "single_auto": true, "ts": 1782986394.912}
{"armed": false, "event": "idle_disarmed", "preset": "car_single", "single_auto": true, "ts": 1782986395.915}
{"armed": false, "event": "idle_disarmed", "preset": "car_single", "single_auto": true, "ts": 1782986395.915}
{"armed": false, "event": "idle_disarmed", "preset": "car_single", "single_auto": true, "ts": 1782986396.917}
{"armed": false, "event": "idle_disarmed", "preset": "car_single", "single_auto": true, "ts": 1782986396.917}
{"armed": false, "event": "idle_disarmed", "preset": "car_single", "single_auto": true, "ts": 1782986397.92}
{"armed": false, "event": "idle_disarmed", "preset": "car_single", "single_auto": true, "ts": 1782986397.92}
{"armed": false, "event": "idle_disarmed", "preset": "car_single", "single_auto": true, "ts": 1782986398.922}
{"armed": false, "event": "idle_disarmed", "preset": "car_single", "single_auto": true, "ts": 1782986398.922}
{"armed": false, "event": "idle_disarmed", "preset": "car_single", "single_auto": true, "ts": 1782986399.925}
{"armed": false, "event": "idle_disarmed", "preset": "car_single", "single_auto": true, "ts": 1782986399.925}
{"armed": false, "event": "idle_disarmed", "preset": "car_single", "single_auto": true, "ts": 1782986400.928}
{"armed": false, "event": "idle_disarmed", "preset": "car_single", "single_auto": true, "ts": 1782986400.928}
{"armed": false, "event": "idle_disarmed", "preset": "car_single", "single_auto": true, "ts": 1782986401.93}
{"armed": false, "event": "idle_disarmed", "preset": "car_single", "single_auto": true, "ts": 1782986401.93}
{"armed": false, "event": "idle_disarmed", "preset": "car_single", "single_auto": true, "ts": 1782986402.933}
{"armed": false, "event": "idle_disarmed", "preset": "car_single", "single_auto": true, "ts": 1782986402.933}
{"armed": false, "event": "idle_disarmed", "preset": "car_single", "single_auto": true, "ts": 1782986403.935}
{"armed": false, "event": "idle_disarmed", "preset": "car_single", "single_auto": true, "ts": 1782986403.935}
{"armed": false, "event": "idle_disarmed", "preset": "car_single", "single_auto": true, "ts": 1782986404.938}
{"armed": false, "event": "idle_disarmed", "preset": "car_single", "single_auto": true, "ts": 1782986404.938}
{"armed": false, "event": "idle_disarmed", "preset": "car_single", "single_auto": true, "ts": 1782986405.94}
{"armed": false, "event": "idle_disarmed", "preset": "car_single", "single_auto": true, "ts": 1782986405.94}
{"armed": false, "event": "idle_disarmed", "preset": "car_single", "single_auto": true, "ts": 1782986406.942}
{"armed": false, "event": "idle_disarmed", "preset": "car_single", "single_auto": true, "ts": 1782986406.942}
{"armed": false, "event": "idle_disarmed", "preset": "car_single", "single_auto": true, "ts": 1782986407.945}
{"armed": false, "event": "idle_disarmed", "preset": "car_single", "single_auto": true, "ts": 1782986407.945}
{"armed": false, "event": "idle_disarmed", "preset": "car_single", "single_auto": true, "ts": 1782986408.947}
{"armed": false, "event": "idle_disarmed", "preset": "car_single", "single_auto": true, "ts": 1782986408.947}
{"armed": false, "event": "idle_disarmed", "preset": "car_single", "single_auto": true, "ts": 1782986409.95}
{"armed": false, "event": "idle_disarmed", "preset": "car_single", "single_auto": true, "ts": 1782986409.95}
{"armed": false, "event": "idle_disarmed", "preset": "car_single", "single_auto": true, "ts": 1782986410.953}
{"armed": false, "event": "idle_disarmed", "preset": "car_single", "single_auto": true, "ts": 1782986410.953}
{"armed": false, "event": "idle_disarmed", "preset": "car_single", "single_auto": true, "ts": 1782986411.955}
{"armed": false, "event": "idle_disarmed", "preset": "car_single", "single_auto": true, "ts": 1782986411.955}
{"armed": false, "event": "idle_disarmed", "preset": "car_single", "single_auto": true, "ts": 1782986412.957}
{"armed": false, "event": "idle_disarmed", "preset": "car_single", "single_auto": true, "ts": 1782986412.957}
{"armed": false, "event": "idle_disarmed", "preset": "car_single", "single_auto": true, "ts": 1782986413.96}
{"armed": false, "event": "idle_disarmed", "preset": "car_single", "single_auto": true, "ts": 1782986413.96}
{"armed": false, "event": "idle_disarmed", "preset": "car_single", "single_auto": true, "ts": 1782986414.963}
{"armed": false, "event": "idle_disarmed", "preset": "car_single", "single_auto": true, "ts": 1782986414.963}
{"armed": false, "event": "idle_disarmed", "preset": "car_single", "single_auto": true, "ts": 1782986415.965}
{"armed": false, "event": "idle_disarmed", "preset": "car_single", "single_auto": true, "ts": 1782986415.965}
{"armed": false, "event": "idle_disarmed", "preset": "car_single", "single_auto": true, "ts": 1782986416.968}
{"armed": false, "event": "idle_disarmed", "preset": "car_single", "single_auto": true, "ts": 1782986416.968}
{"armed": false, "event": "idle_disarmed", "preset": "car_single", "single_auto": true, "ts": 1782986417.97}
{"armed": false, "event": "idle_disarmed", "preset": "car_single", "single_auto": true, "ts": 1782986417.97}
{"armed": false, "event": "idle_disarmed", "preset": "car_single", "single_auto": true, "ts": 1782986418.973}
{"armed": false, "event": "idle_disarmed", "preset": "car_single", "single_auto": true, "ts": 1782986418.973}
{"armed": false, "event": "idle_disarmed", "preset": "car_single", "single_auto": true, "ts": 1782986419.975}
{"armed": false, "event": "idle_disarmed", "preset": "car_single", "single_auto": true, "ts": 1782986419.975}
{"armed": false, "event": "idle_disarmed", "preset": "car_single", "single_auto": true, "ts": 1782986420.978}
{"armed": false, "event": "idle_disarmed", "preset": "car_single", "single_auto": true, "ts": 1782986420.978}
{"armed": false, "event": "idle_disarmed", "preset": "car_single", "single_auto": true, "ts": 1782986421.98}
{"armed": false, "event": "idle_disarmed", "preset": "car_single", "single_auto": true, "ts": 1782986421.98}
{"armed": false, "event": "idle_disarmed", "preset": "car_single", "single_auto": true, "ts": 1782986422.982}
{"armed": false, "event": "idle_disarmed", "preset": "car_single", "single_auto": true, "ts": 1782986422.982}
{"armed": false, "event": "idle_disarmed", "preset": "car_single", "single_auto": true, "ts": 1782986423.985}
{"armed": false, "event": "idle_disarmed", "preset": "car_single", "single_auto": true, "ts": 1782986423.985}
{"armed": false, "event": "idle_disarmed", "preset": "car_single", "single_auto": true, "ts": 1782986424.987}
{"armed": false, "event": "idle_disarmed", "preset": "car_single", "single_auto": true, "ts": 1782986424.987}
{"armed": false, "event": "idle_disarmed", "preset": "car_single", "single_auto": true, "ts": 1782986425.989}
{"armed": false, "event": "idle_disarmed", "preset": "car_single", "single_auto": true, "ts": 1782986425.989}
{"armed": false, "event": "idle_disarmed", "preset": "car_single", "single_auto": true, "ts": 1782986426.992}
{"armed": false, "event": "idle_disarmed", "preset": "car_single", "single_auto": true, "ts": 1782986426.992}
{"armed": false, "event": "idle_disarmed", "preset": "car_single", "single_auto": true, "ts": 1782986427.994}
{"armed": false, "event": "idle_disarmed", "preset": "car_single", "single_auto": true, "ts": 1782986427.994}
{"armed": false, "event": "idle_disarmed", "preset": "car_single", "single_auto": true, "ts": 1782986428.996}
{"armed": false, "event": "idle_disarmed", "preset": "car_single", "single_auto": true, "ts": 1782986428.996}
{"armed": false, "event": "idle_disarmed", "preset": "car_single", "single_auto": true, "ts": 1782986429.999}
{"armed": false, "event": "idle_disarmed", "preset": "car_single", "single_auto": true, "ts": 1782986429.999}
{"armed": false, "event": "idle_disarmed", "preset": "car_single", "single_auto": true, "ts": 1782986431.001}
{"armed": false, "event": "idle_disarmed", "preset": "car_single", "single_auto": true, "ts": 1782986431.001}
{"armed": false, "event": "idle_disarmed", "preset": "car_single", "single_auto": true, "ts": 1782986432.004}
{"armed": false, "event": "idle_disarmed", "preset": "car_single", "single_auto": true, "ts": 1782986432.004}
{"armed": false, "event": "idle_disarmed", "preset": "car_single", "single_auto": true, "ts": 1782986433.006}
{"armed": false, "event": "idle_disarmed", "preset": "car_single", "single_auto": true, "ts": 1782986433.006}
{"armed": false, "event": "idle_disarmed", "preset": "car_single", "single_auto": true, "ts": 1782986434.009}
{"armed": false, "event": "idle_disarmed", "preset": "car_single", "single_auto": true, "ts": 1782986434.009}
{"armed": false, "event": "idle_disarmed", "preset": "car_single", "single_auto": true, "ts": 1782986435.011}
{"armed": false, "event": "idle_disarmed", "preset": "car_single", "single_auto": true, "ts": 1782986435.011}
{"armed": false, "event": "idle_disarmed", "preset": "car_single", "single_auto": true, "ts": 1782986436.014}
{"armed": false, "event": "idle_disarmed", "preset": "car_single", "single_auto": true, "ts": 1782986436.014}
{"armed": false, "event": "idle_disarmed", "preset": "car_single", "single_auto": true, "ts": 1782986437.016}
{"armed": false, "event": "idle_disarmed", "preset": "car_single", "single_auto": true, "ts": 1782986437.016}
{"armed": false, "event": "idle_disarmed", "preset": "car_single", "single_auto": true, "ts": 1782986438.019}
{"armed": false, "event": "idle_disarmed", "preset": "car_single", "single_auto": true, "ts": 1782986438.019}
{"armed": false, "event": "idle_disarmed", "preset": "car_single", "single_auto": true, "ts": 1782986439.021}
{"armed": false, "event": "idle_disarmed", "preset": "car_single", "single_auto": true, "ts": 1782986439.021}
{"armed": false, "event": "idle_disarmed", "preset": "car_single", "single_auto": true, "ts": 1782986440.023}
{"armed": false, "event": "idle_disarmed", "preset": "car_single", "single_auto": true, "ts": 1782986440.023}
{"armed": false, "event": "idle_disarmed", "preset": "car_single", "single_auto": true, "ts": 1782986441.026}
{"armed": false, "event": "idle_disarmed", "preset": "car_single", "single_auto": true, "ts": 1782986441.026}
{"armed": false, "event": "idle_disarmed", "preset": "car_single", "single_auto": true, "ts": 1782986442.028}
{"armed": false, "event": "idle_disarmed", "preset": "car_single", "single_auto": true, "ts": 1782986442.028}
{"armed": false, "event": "idle_disarmed", "preset": "car_single", "single_auto": true, "ts": 1782986443.031}
{"armed": false, "event": "idle_disarmed", "preset": "car_single", "single_auto": true, "ts": 1782986443.031}
{"armed": false, "event": "idle_disarmed", "preset": "car_single", "single_auto": true, "ts": 1782986444.033}
{"armed": false, "event": "idle_disarmed", "preset": "car_single", "single_auto": true, "ts": 1782986444.033}
{"armed": false, "event": "idle_disarmed", "preset": "car_single", "single_auto": true, "ts": 1782986445.036}
{"armed": false, "event": "idle_disarmed", "preset": "car_single", "single_auto": true, "ts": 1782986445.036}
{"armed": false, "event": "idle_disarmed", "preset": "car_single", "single_auto": true, "ts": 1782986446.038}
{"armed": false, "event": "idle_disarmed", "preset": "car_single", "single_auto": true, "ts": 1782986446.038}
{"armed": false, "event": "idle_disarmed", "preset": "car_single", "single_auto": true, "ts": 1782986447.041}
{"armed": false, "event": "idle_disarmed", "preset": "car_single", "single_auto": true, "ts": 1782986447.041}
{"armed": false, "event": "idle_disarmed", "preset": "car_single", "single_auto": true, "ts": 1782986448.044}
{"armed": false, "event": "idle_disarmed", "preset": "car_single", "single_auto": true, "ts": 1782986448.044}
{"armed": false, "event": "idle_disarmed", "preset": "car_single", "single_auto": true, "ts": 1782986449.046}
{"armed": false, "event": "idle_disarmed", "preset": "car_single", "single_auto": true, "ts": 1782986449.046}
{"armed": false, "event": "idle_disarmed", "preset": "car_single", "single_auto": true, "ts": 1782986450.049}
{"armed": false, "event": "idle_disarmed", "preset": "car_single", "single_auto": true, "ts": 1782986450.049}
{"armed": false, "event": "idle_disarmed", "preset": "car_single", "single_auto": true, "ts": 1782986451.052}
{"armed": false, "event": "idle_disarmed", "preset": "car_single", "single_auto": true, "ts": 1782986451.052}
{"armed": false, "event": "idle_disarmed", "preset": "car_single", "single_auto": true, "ts": 1782986452.054}
{"armed": false, "event": "idle_disarmed", "preset": "car_single", "single_auto": true, "ts": 1782986452.054}
{"armed": false, "event": "idle_disarmed", "preset": "car_single", "single_auto": true, "ts": 1782986453.057}
{"armed": false, "event": "idle_disarmed", "preset": "car_single", "single_auto": true, "ts": 1782986453.057}
{"armed": false, "event": "idle_disarmed", "preset": "car_single", "single_auto": true, "ts": 1782986454.06}
{"armed": false, "event": "idle_disarmed", "preset": "car_single", "single_auto": true, "ts": 1782986454.06}
{"armed": false, "event": "idle_disarmed", "preset": "car_single", "single_auto": true, "ts": 1782986455.062}
{"armed": false, "event": "idle_disarmed", "preset": "car_single", "single_auto": true, "ts": 1782986455.062}
{"armed": false, "event": "idle_disarmed", "preset": "car_single", "single_auto": true, "ts": 1782986456.065}
{"armed": false, "event": "idle_disarmed", "preset": "car_single", "single_auto": true, "ts": 1782986456.065}
{"armed": false, "event": "idle_disarmed", "preset": "car_single", "single_auto": true, "ts": 1782986457.068}
{"armed": false, "event": "idle_disarmed", "preset": "car_single", "single_auto": true, "ts": 1782986457.068}
{"armed": false, "event": "idle_disarmed", "preset": "car_single", "single_auto": true, "ts": 1782986458.07}
{"armed": false, "event": "idle_disarmed", "preset": "car_single", "single_auto": true, "ts": 1782986458.07}
{"armed": false, "event": "idle_disarmed", "preset": "car_single", "single_auto": true, "ts": 1782986459.073}
{"armed": false, "event": "idle_disarmed", "preset": "car_single", "single_auto": true, "ts": 1782986459.073}
{"armed": false, "event": "idle_disarmed", "preset": "car_single", "single_auto": true, "ts": 1782986460.076}
{"armed": false, "event": "idle_disarmed", "preset": "car_single", "single_auto": true, "ts": 1782986460.076}
{"armed": false, "event": "idle_disarmed", "preset": "car_single", "single_auto": true, "ts": 1782986461.078}
{"armed": false, "event": "idle_disarmed", "preset": "car_single", "single_auto": true, "ts": 1782986461.078}
{"armed": false, "event": "idle_disarmed", "preset": "car_single", "single_auto": true, "ts": 1782986462.081}
{"armed": false, "event": "idle_disarmed", "preset": "car_single", "single_auto": true, "ts": 1782986462.081}
{"armed": false, "event": "idle_disarmed", "preset": "car_single", "single_auto": true, "ts": 1782986463.084}
{"armed": false, "event": "idle_disarmed", "preset": "car_single", "single_auto": true, "ts": 1782986463.084}
{"armed": false, "event": "idle_disarmed", "preset": "car_single", "single_auto": true, "ts": 1782986464.087}
{"armed": false, "event": "idle_disarmed", "preset": "car_single", "single_auto": true, "ts": 1782986464.087}
{"armed": false, "event": "idle_disarmed", "preset": "car_single", "single_auto": true, "ts": 1782986465.089}
{"armed": false, "event": "idle_disarmed", "preset": "car_single", "single_auto": true, "ts": 1782986465.089}
{"armed": false, "event": "idle_disarmed", "preset": "car_single", "single_auto": true, "ts": 1782986466.092}
{"armed": false, "event": "idle_disarmed", "preset": "car_single", "single_auto": true, "ts": 1782986466.092}
{"armed": false, "event": "idle_disarmed", "preset": "car_single", "single_auto": true, "ts": 1782986467.095}
{"armed": false, "event": "idle_disarmed", "preset": "car_single", "single_auto": true, "ts": 1782986467.095}
{"armed": false, "event": "idle_disarmed", "preset": "car_single", "single_auto": true, "ts": 1782986468.098}
{"armed": false, "event": "idle_disarmed", "preset": "car_single", "single_auto": true, "ts": 1782986468.098}
{"armed": false, "event": "idle_disarmed", "preset": "car_single", "single_auto": true, "ts": 1782986469.1}
{"armed": false, "event": "idle_disarmed", "preset": "car_single", "single_auto": true, "ts": 1782986469.1}
{"armed": false, "event": "idle_disarmed", "preset": "car_single", "single_auto": true, "ts": 1782986470.102}
{"armed": false, "event": "idle_disarmed", "preset": "car_single", "single_auto": true, "ts": 1782986470.102}
{"armed": false, "event": "idle_disarmed", "preset": "car_single", "single_auto": true, "ts": 1782986471.105}
{"armed": false, "event": "idle_disarmed", "preset": "car_single", "single_auto": true, "ts": 1782986471.105}
{"armed": false, "event": "idle_disarmed", "preset": "car_single", "single_auto": true, "ts": 1782986472.107}
{"armed": false, "event": "idle_disarmed", "preset": "car_single", "single_auto": true, "ts": 1782986472.107}
{"armed": false, "event": "idle_disarmed", "preset": "car_single", "single_auto": true, "ts": 1782986473.109}
{"armed": false, "event": "idle_disarmed", "preset": "car_single", "single_auto": true, "ts": 1782986473.109}
{"armed": false, "event": "idle_disarmed", "preset": "car_single", "single_auto": true, "ts": 1782986474.112}
{"armed": false, "event": "idle_disarmed", "preset": "car_single", "single_auto": true, "ts": 1782986474.112}
{"armed": false, "event": "idle_disarmed", "preset": "car_single", "single_auto": true, "ts": 1782986475.114}
{"armed": false, "event": "idle_disarmed", "preset": "car_single", "single_auto": true, "ts": 1782986475.114}
{"armed": false, "event": "idle_disarmed", "preset": "car_single", "single_auto": true, "ts": 1782986476.116}
{"armed": false, "event": "idle_disarmed", "preset": "car_single", "single_auto": true, "ts": 1782986476.116}
{"armed": false, "event": "idle_disarmed", "preset": "car_single", "single_auto": true, "ts": 1782986477.119}
{"armed": false, "event": "idle_disarmed", "preset": "car_single", "single_auto": true, "ts": 1782986477.119}
{"armed": false, "event": "idle_disarmed", "preset": "car_single", "single_auto": true, "ts": 1782986478.122}
{"armed": false, "event": "idle_disarmed", "preset": "car_single", "single_auto": true, "ts": 1782986478.122}
{"armed": false, "event": "idle_disarmed", "preset": "car_single", "single_auto": true, "ts": 1782986479.125}
{"armed": false, "event": "idle_disarmed", "preset": "car_single", "single_auto": true, "ts": 1782986479.125}
{"armed": false, "event": "idle_disarmed", "preset": "car_single", "single_auto": true, "ts": 1782986480.128}
{"armed": false, "event": "idle_disarmed", "preset": "car_single", "single_auto": true, "ts": 1782986480.128}
{"armed": false, "event": "idle_disarmed", "preset": "car_single", "single_auto": true, "ts": 1782986481.13}
{"armed": false, "event": "idle_disarmed", "preset": "car_single", "single_auto": true, "ts": 1782986481.13}
{"armed": false, "event": "idle_disarmed", "preset": "car_single", "single_auto": true, "ts": 1782986482.133}
{"armed": false, "event": "idle_disarmed", "preset": "car_single", "single_auto": true, "ts": 1782986482.133}
{"armed": false, "event": "idle_disarmed", "preset": "car_single", "single_auto": true, "ts": 1782986483.136}
{"armed": false, "event": "idle_disarmed", "preset": "car_single", "single_auto": true, "ts": 1782986483.136}
{"armed": false, "event": "idle_disarmed", "preset": "car_single", "single_auto": true, "ts": 1782986484.138}
{"armed": false, "event": "idle_disarmed", "preset": "car_single", "single_auto": true, "ts": 1782986484.138}
{"armed": false, "event": "idle_disarmed", "preset": "car_single", "single_auto": true, "ts": 1782986485.141}
{"armed": false, "event": "idle_disarmed", "preset": "car_single", "single_auto": true, "ts": 1782986485.141}
{"armed": false, "event": "idle_disarmed", "preset": "car_single", "single_auto": true, "ts": 1782986486.144}
{"armed": false, "event": "idle_disarmed", "preset": "car_single", "single_auto": true, "ts": 1782986486.144}
{"armed": false, "event": "idle_disarmed", "preset": "car_single", "single_auto": true, "ts": 1782986487.146}
{"armed": false, "event": "idle_disarmed", "preset": "car_single", "single_auto": true, "ts": 1782986487.146}
{"armed": false, "event": "idle_disarmed", "preset": "car_single", "single_auto": true, "ts": 1782986488.149}
{"armed": false, "event": "idle_disarmed", "preset": "car_single", "single_auto": true, "ts": 1782986488.149}
{"armed": false, "event": "idle_disarmed", "preset": "car_single", "single_auto": true, "ts": 1782986489.151}
{"armed": false, "event": "idle_disarmed", "preset": "car_single", "single_auto": true, "ts": 1782986489.151}
{"armed": false, "event": "idle_disarmed", "preset": "car_single", "single_auto": true, "ts": 1782986490.154}
{"armed": false, "event": "idle_disarmed", "preset": "car_single", "single_auto": true, "ts": 1782986490.154}
{"armed": false, "event": "idle_disarmed", "preset": "car_single", "single_auto": true, "ts": 1782986491.157}
{"armed": false, "event": "idle_disarmed", "preset": "car_single", "single_auto": true, "ts": 1782986491.157}
{"armed": false, "event": "idle_disarmed", "preset": "car_single", "single_auto": true, "ts": 1782986492.159}
{"armed": false, "event": "idle_disarmed", "preset": "car_single", "single_auto": true, "ts": 1782986492.159}
{"armed": false, "event": "idle_disarmed", "preset": "car_single", "single_auto": true, "ts": 1782986493.162}
{"armed": false, "event": "idle_disarmed", "preset": "car_single", "single_auto": true, "ts": 1782986493.162}
{"armed": false, "event": "idle_disarmed", "preset": "car_single", "single_auto": true, "ts": 1782986494.165}
{"armed": false, "event": "idle_disarmed", "preset": "car_single", "single_auto": true, "ts": 1782986494.165}
{"armed": false, "event": "idle_disarmed", "preset": "car_single", "single_auto": true, "ts": 1782986495.167}
{"armed": false, "event": "idle_disarmed", "preset": "car_single", "single_auto": true, "ts": 1782986495.167}
{"armed": false, "event": "idle_disarmed", "preset": "car_single", "single_auto": true, "ts": 1782986496.17}
{"armed": false, "event": "idle_disarmed", "preset": "car_single", "single_auto": true, "ts": 1782986496.17}
{"armed": false, "event": "idle_disarmed", "preset": "car_single", "single_auto": true, "ts": 1782986497.173}
{"armed": false, "event": "idle_disarmed", "preset": "car_single", "single_auto": true, "ts": 1782986497.173}
{"armed": false, "event": "idle_disarmed", "preset": "car_single", "single_auto": true, "ts": 1782986498.175}
{"armed": false, "event": "idle_disarmed", "preset": "car_single", "single_auto": true, "ts": 1782986498.175}
{"armed": false, "event": "idle_disarmed", "preset": "car_single", "single_auto": true, "ts": 1782986499.178}
{"armed": false, "event": "idle_disarmed", "preset": "car_single", "single_auto": true, "ts": 1782986499.178}
{"armed": false, "event": "idle_disarmed", "preset": "car_single", "single_auto": true, "ts": 1782986500.18}
{"armed": false, "event": "idle_disarmed", "preset": "car_single", "single_auto": true, "ts": 1782986500.18}
{"armed": false, "event": "idle_disarmed", "preset": "car_single", "single_auto": true, "ts": 1782986501.183}
{"armed": false, "event": "idle_disarmed", "preset": "car_single", "single_auto": true, "ts": 1782986501.183}
{"armed": false, "event": "idle_disarmed", "preset": "car_single", "single_auto": true, "ts": 1782986502.185}
{"armed": false, "event": "idle_disarmed", "preset": "car_single", "single_auto": true, "ts": 1782986502.185}
{"armed": false, "event": "idle_disarmed", "preset": "car_single", "single_auto": true, "ts": 1782986503.189}
{"armed": false, "event": "idle_disarmed", "preset": "car_single", "single_auto": true, "ts": 1782986503.189}
{"armed": false, "event": "idle_disarmed", "preset": "car_single", "single_auto": true, "ts": 1782986504.191}
{"armed": false, "event": "idle_disarmed", "preset": "car_single", "single_auto": true, "ts": 1782986504.191}
{"armed": false, "event": "idle_disarmed", "preset": "car_single", "single_auto": true, "ts": 1782986505.194}
{"armed": false, "event": "idle_disarmed", "preset": "car_single", "single_auto": true, "ts": 1782986505.194}
{"armed": false, "event": "idle_disarmed", "preset": "car_single", "single_auto": true, "ts": 1782986506.196}
{"armed": false, "event": "idle_disarmed", "preset": "car_single", "single_auto": true, "ts": 1782986506.196}
{"armed": false, "event": "idle_disarmed", "preset": "car_single", "single_auto": true, "ts": 1782986507.199}
{"armed": false, "event": "idle_disarmed", "preset": "car_single", "single_auto": true, "ts": 1782986507.199}
{"armed": false, "event": "idle_disarmed", "preset": "car_single", "single_auto": true, "ts": 1782986508.201}
{"armed": false, "event": "idle_disarmed", "preset": "car_single", "single_auto": true, "ts": 1782986508.201}
{"armed": false, "event": "idle_disarmed", "preset": "car_single", "single_auto": true, "ts": 1782986509.204}
{"armed": false, "event": "idle_disarmed", "preset": "car_single", "single_auto": true, "ts": 1782986509.204}
{"armed": false, "event": "idle_disarmed", "preset": "car_single", "single_auto": true, "ts": 1782986510.207}
{"armed": false, "event": "idle_disarmed", "preset": "car_single", "single_auto": true, "ts": 1782986510.207}
{"armed": false, "event": "idle_disarmed", "preset": "car_single", "single_auto": true, "ts": 1782986511.209}
{"armed": false, "event": "idle_disarmed", "preset": "car_single", "single_auto": true, "ts": 1782986511.209}
{"armed": false, "event": "idle_disarmed", "preset": "car_single", "single_auto": true, "ts": 1782986512.212}
{"armed": false, "event": "idle_disarmed", "preset": "car_single", "single_auto": true, "ts": 1782986512.212}
{"armed": false, "event": "idle_disarmed", "preset": "car_single", "single_auto": true, "ts": 1782986513.215}
{"armed": false, "event": "idle_disarmed", "preset": "car_single", "single_auto": true, "ts": 1782986513.215}
{"armed": false, "event": "idle_disarmed", "preset": "car_single", "single_auto": true, "ts": 1782986514.217}
{"armed": false, "event": "idle_disarmed", "preset": "car_single", "single_auto": true, "ts": 1782986514.217}
{"armed": false, "event": "idle_disarmed", "preset": "car_single", "single_auto": true, "ts": 1782986515.22}
{"armed": false, "event": "idle_disarmed", "preset": "car_single", "single_auto": true, "ts": 1782986515.22}
{"armed": false, "event": "idle_disarmed", "preset": "car_single", "single_auto": true, "ts": 1782986516.222}
{"armed": false, "event": "idle_disarmed", "preset": "car_single", "single_auto": true, "ts": 1782986516.222}
{"armed": false, "event": "idle_disarmed", "preset": "car_single", "single_auto": true, "ts": 1782986517.225}
{"armed": false, "event": "idle_disarmed", "preset": "car_single", "single_auto": true, "ts": 1782986517.225}
{"armed": false, "event": "idle_disarmed", "preset": "car_single", "single_auto": true, "ts": 1782986518.228}
{"armed": false, "event": "idle_disarmed", "preset": "car_single", "single_auto": true, "ts": 1782986518.228}
{"armed": false, "event": "idle_disarmed", "preset": "car_single", "single_auto": true, "ts": 1782986519.23}
{"armed": false, "event": "idle_disarmed", "preset": "car_single", "single_auto": true, "ts": 1782986519.23}
{"armed": false, "event": "idle_disarmed", "preset": "car_single", "single_auto": true, "ts": 1782986520.233}
{"armed": false, "event": "idle_disarmed", "preset": "car_single", "single_auto": true, "ts": 1782986520.233}
{"armed": false, "event": "idle_disarmed", "preset": "car_single", "single_auto": true, "ts": 1782986521.236}
{"armed": false, "event": "idle_disarmed", "preset": "car_single", "single_auto": true, "ts": 1782986521.236}
{"armed": false, "event": "idle_disarmed", "preset": "car_single", "single_auto": true, "ts": 1782986522.239}
{"armed": false, "event": "idle_disarmed", "preset": "car_single", "single_auto": true, "ts": 1782986522.239}
{"armed": false, "event": "idle_disarmed", "preset": "car_single", "single_auto": true, "ts": 1782986523.241}
{"armed": false, "event": "idle_disarmed", "preset": "car_single", "single_auto": true, "ts": 1782986523.241}
{"armed": false, "event": "idle_disarmed", "preset": "car_single", "single_auto": true, "ts": 1782986524.244}
{"armed": false, "event": "idle_disarmed", "preset": "car_single", "single_auto": true, "ts": 1782986524.244}
{"armed": false, "event": "idle_disarmed", "preset": "car_single", "single_auto": true, "ts": 1782986525.247}
{"armed": false, "event": "idle_disarmed", "preset": "car_single", "single_auto": true, "ts": 1782986525.247}
{"armed": false, "event": "idle_disarmed", "preset": "car_single", "single_auto": true, "ts": 1782986526.25}
{"armed": false, "event": "idle_disarmed", "preset": "car_single", "single_auto": true, "ts": 1782986526.25}
{"armed": false, "event": "idle_disarmed", "preset": "car_single", "single_auto": true, "ts": 1782986527.252}
{"armed": false, "event": "idle_disarmed", "preset": "car_single", "single_auto": true, "ts": 1782986527.252}
{"armed": false, "event": "idle_disarmed", "preset": "car_single", "single_auto": true, "ts": 1782986528.255}
{"armed": false, "event": "idle_disarmed", "preset": "car_single", "single_auto": true, "ts": 1782986528.255}
{"armed": false, "event": "idle_disarmed", "preset": "car_single", "single_auto": true, "ts": 1782986529.257}
{"armed": false, "event": "idle_disarmed", "preset": "car_single", "single_auto": true, "ts": 1782986529.257}
{"armed": false, "event": "idle_disarmed", "preset": "car_single", "single_auto": true, "ts": 1782986530.259}
{"armed": false, "event": "idle_disarmed", "preset": "car_single", "single_auto": true, "ts": 1782986530.259}
{"armed": false, "event": "idle_disarmed", "preset": "car_single", "single_auto": true, "ts": 1782986531.262}
{"armed": false, "event": "idle_disarmed", "preset": "car_single", "single_auto": true, "ts": 1782986531.262}
{"armed": false, "event": "idle_disarmed", "preset": "car_single", "single_auto": true, "ts": 1782986532.264}
{"armed": false, "event": "idle_disarmed", "preset": "car_single", "single_auto": true, "ts": 1782986532.264}
{"armed": false, "event": "idle_disarmed", "preset": "car_single", "single_auto": true, "ts": 1782986533.266}
{"armed": false, "event": "idle_disarmed", "preset": "car_single", "single_auto": true, "ts": 1782986533.266}
{"armed": false, "event": "idle_disarmed", "preset": "car_single", "single_auto": true, "ts": 1782986534.269}
{"armed": false, "event": "idle_disarmed", "preset": "car_single", "single_auto": true, "ts": 1782986534.269}
{"armed": false, "event": "idle_disarmed", "preset": "car_single", "single_auto": true, "ts": 1782986535.271}
{"armed": false, "event": "idle_disarmed", "preset": "car_single", "single_auto": true, "ts": 1782986535.271}
{"armed": false, "event": "idle_disarmed", "preset": "car_single", "single_auto": true, "ts": 1782986536.274}
{"armed": false, "event": "idle_disarmed", "preset": "car_single", "single_auto": true, "ts": 1782986536.274}
{"armed": false, "event": "idle_disarmed", "preset": "car_single", "single_auto": true, "ts": 1782986537.276}
{"armed": false, "event": "idle_disarmed", "preset": "car_single", "single_auto": true, "ts": 1782986537.276}
{"armed": false, "event": "idle_disarmed", "preset": "car_single", "single_auto": true, "ts": 1782986538.279}
{"armed": false, "event": "idle_disarmed", "preset": "car_single", "single_auto": true, "ts": 1782986538.279}
{"armed": false, "event": "idle_disarmed", "preset": "car_single", "single_auto": true, "ts": 1782986539.281}
{"armed": false, "event": "idle_disarmed", "preset": "car_single", "single_auto": true, "ts": 1782986539.281}
{"armed": false, "event": "idle_disarmed", "preset": "car_single", "single_auto": true, "ts": 1782986540.284}
{"armed": false, "event": "idle_disarmed", "preset": "car_single", "single_auto": true, "ts": 1782986540.284}
{"armed": false, "event": "idle_disarmed", "preset": "car_single", "single_auto": true, "ts": 1782986541.286}
{"armed": false, "event": "idle_disarmed", "preset": "car_single", "single_auto": true, "ts": 1782986541.286}
{"armed": false, "event": "idle_disarmed", "preset": "car_single", "single_auto": true, "ts": 1782986542.289}
{"armed": false, "event": "idle_disarmed", "preset": "car_single", "single_auto": true, "ts": 1782986542.289}
{"armed": false, "event": "idle_disarmed", "preset": "car_single", "single_auto": true, "ts": 1782986543.291}
{"armed": false, "event": "idle_disarmed", "preset": "car_single", "single_auto": true, "ts": 1782986543.291}
{"armed": false, "event": "idle_disarmed", "preset": "car_single", "single_auto": true, "ts": 1782986544.294}
{"armed": false, "event": "idle_disarmed", "preset": "car_single", "single_auto": true, "ts": 1782986544.294}
{"armed": false, "event": "idle_disarmed", "preset": "car_single", "single_auto": true, "ts": 1782986545.296}
{"armed": false, "event": "idle_disarmed", "preset": "car_single", "single_auto": true, "ts": 1782986545.296}
{"armed": false, "event": "idle_disarmed", "preset": "car_single", "single_auto": true, "ts": 1782986546.298}
{"armed": false, "event": "idle_disarmed", "preset": "car_single", "single_auto": true, "ts": 1782986546.298}
{"armed": false, "event": "idle_disarmed", "preset": "car_single", "single_auto": true, "ts": 1782986547.301}
{"armed": false, "event": "idle_disarmed", "preset": "car_single", "single_auto": true, "ts": 1782986547.301}
{"armed": false, "event": "idle_disarmed", "preset": "car_single", "single_auto": true, "ts": 1782986548.303}
{"armed": false, "event": "idle_disarmed", "preset": "car_single", "single_auto": true, "ts": 1782986548.303}
{"armed": false, "event": "idle_disarmed", "preset": "car_single", "single_auto": true, "ts": 1782986549.306}
{"armed": false, "event": "idle_disarmed", "preset": "car_single", "single_auto": true, "ts": 1782986549.306}
{"armed": false, "event": "idle_disarmed", "preset": "car_single", "single_auto": true, "ts": 1782986550.308}
{"armed": false, "event": "idle_disarmed", "preset": "car_single", "single_auto": true, "ts": 1782986550.308}
{"armed": false, "event": "idle_disarmed", "preset": "car_single", "single_auto": true, "ts": 1782986551.31}
{"armed": false, "event": "idle_disarmed", "preset": "car_single", "single_auto": true, "ts": 1782986551.31}
{"armed": false, "event": "idle_disarmed", "preset": "car_single", "single_auto": true, "ts": 1782986552.313}
{"armed": false, "event": "idle_disarmed", "preset": "car_single", "single_auto": true, "ts": 1782986552.313}
{"armed": false, "event": "idle_disarmed", "preset": "car_single", "single_auto": true, "ts": 1782986553.315}
{"armed": false, "event": "idle_disarmed", "preset": "car_single", "single_auto": true, "ts": 1782986553.315}
{"armed": false, "event": "idle_disarmed", "preset": "car_single", "single_auto": true, "ts": 1782986554.318}
{"armed": false, "event": "idle_disarmed", "preset": "car_single", "single_auto": true, "ts": 1782986554.318}
{"armed": false, "event": "idle_disarmed", "preset": "car_single", "single_auto": true, "ts": 1782986555.32}
{"armed": false, "event": "idle_disarmed", "preset": "car_single", "single_auto": true, "ts": 1782986555.32}
{"armed": false, "event": "idle_disarmed", "preset": "car_single", "single_auto": true, "ts": 1782986556.322}
{"armed": false, "event": "idle_disarmed", "preset": "car_single", "single_auto": true, "ts": 1782986556.322}
{"armed": false, "event": "idle_disarmed", "preset": "car_single", "single_auto": true, "ts": 1782986557.325}
{"armed": false, "event": "idle_disarmed", "preset": "car_single", "single_auto": true, "ts": 1782986557.325}
{"armed": false, "event": "idle_disarmed", "preset": "car_single", "single_auto": true, "ts": 1782986558.328}
{"armed": false, "event": "idle_disarmed", "preset": "car_single", "single_auto": true, "ts": 1782986558.328}
{"armed": false, "event": "idle_disarmed", "preset": "car_single", "single_auto": true, "ts": 1782986559.33}
{"armed": false, "event": "idle_disarmed", "preset": "car_single", "single_auto": true, "ts": 1782986559.33}
{"armed": false, "event": "idle_disarmed", "preset": "car_single", "single_auto": true, "ts": 1782986560.333}
{"armed": false, "event": "idle_disarmed", "preset": "car_single", "single_auto": true, "ts": 1782986560.333}
{"armed": false, "event": "idle_disarmed", "preset": "car_single", "single_auto": true, "ts": 1782986561.335}
{"armed": false, "event": "idle_disarmed", "preset": "car_single", "single_auto": true, "ts": 1782986561.335}
{"armed": false, "event": "idle_disarmed", "preset": "car_single", "single_auto": true, "ts": 1782986562.338}
{"armed": false, "event": "idle_disarmed", "preset": "car_single", "single_auto": true, "ts": 1782986562.338}
{"armed": false, "event": "idle_disarmed", "preset": "car_single", "single_auto": true, "ts": 1782986563.34}
{"armed": false, "event": "idle_disarmed", "preset": "car_single", "single_auto": true, "ts": 1782986563.34}
{"armed": false, "event": "idle_disarmed", "preset": "car_single", "single_auto": true, "ts": 1782986564.342}
{"armed": false, "event": "idle_disarmed", "preset": "car_single", "single_auto": true, "ts": 1782986564.342}
{"armed": false, "event": "idle_disarmed", "preset": "car_single", "single_auto": true, "ts": 1782986565.345}
{"armed": false, "event": "idle_disarmed", "preset": "car_single", "single_auto": true, "ts": 1782986565.345}
{"armed": false, "event": "idle_disarmed", "preset": "car_single", "single_auto": true, "ts": 1782986566.348}
{"armed": false, "event": "idle_disarmed", "preset": "car_single", "single_auto": true, "ts": 1782986566.348}
{"armed": false, "event": "idle_disarmed", "preset": "car_single", "single_auto": true, "ts": 1782986567.35}
{"armed": false, "event": "idle_disarmed", "preset": "car_single", "single_auto": true, "ts": 1782986567.35}
{"armed": false, "event": "idle_disarmed", "preset": "car_single", "single_auto": true, "ts": 1782986568.353}
{"armed": false, "event": "idle_disarmed", "preset": "car_single", "single_auto": true, "ts": 1782986568.353}
{"armed": false, "event": "idle_disarmed", "preset": "car_single", "single_auto": true, "ts": 1782986569.355}
{"armed": false, "event": "idle_disarmed", "preset": "car_single", "single_auto": true, "ts": 1782986569.355}
{"armed": false, "event": "idle_disarmed", "preset": "car_single", "single_auto": true, "ts": 1782986570.358}
{"armed": false, "event": "idle_disarmed", "preset": "car_single", "single_auto": true, "ts": 1782986570.358}
{"armed": false, "event": "idle_disarmed", "preset": "car_single", "single_auto": true, "ts": 1782986571.36}
{"armed": false, "event": "idle_disarmed", "preset": "car_single", "single_auto": true, "ts": 1782986571.36}
{"armed": false, "event": "idle_disarmed", "preset": "car_single", "single_auto": true, "ts": 1782986572.363}
{"armed": false, "event": "idle_disarmed", "preset": "car_single", "single_auto": true, "ts": 1782986572.363}
{"armed": false, "event": "idle_disarmed", "preset": "car_single", "single_auto": true, "ts": 1782986573.365}
{"armed": false, "event": "idle_disarmed", "preset": "car_single", "single_auto": true, "ts": 1782986573.365}
{"armed": false, "event": "idle_disarmed", "preset": "car_single", "single_auto": true, "ts": 1782986574.368}
{"armed": false, "event": "idle_disarmed", "preset": "car_single", "single_auto": true, "ts": 1782986574.368}
{"armed": false, "event": "idle_disarmed", "preset": "car_single", "single_auto": true, "ts": 1782986575.371}
{"armed": false, "event": "idle_disarmed", "preset": "car_single", "single_auto": true, "ts": 1782986575.371}
{"armed": false, "event": "idle_disarmed", "preset": "car_single", "single_auto": true, "ts": 1782986576.373}
{"armed": false, "event": "idle_disarmed", "preset": "car_single", "single_auto": true, "ts": 1782986576.373}
{"armed": false, "event": "idle_disarmed", "preset": "car_single", "single_auto": true, "ts": 1782986577.375}
{"armed": false, "event": "idle_disarmed", "preset": "car_single", "single_auto": true, "ts": 1782986577.375}
{"armed": false, "event": "idle_disarmed", "preset": "car_single", "single_auto": true, "ts": 1782986578.378}
{"armed": false, "event": "idle_disarmed", "preset": "car_single", "single_auto": true, "ts": 1782986578.378}
{"armed": false, "event": "idle_disarmed", "preset": "car_single", "single_auto": true, "ts": 1782986579.38}
{"armed": false, "event": "idle_disarmed", "preset": "car_single", "single_auto": true, "ts": 1782986579.38}
{"armed": false, "event": "idle_disarmed", "preset": "car_single", "single_auto": true, "ts": 1782986580.383}
{"armed": false, "event": "idle_disarmed", "preset": "car_single", "single_auto": true, "ts": 1782986580.383}
{"armed": false, "event": "idle_disarmed", "preset": "car_single", "single_auto": true, "ts": 1782986581.385}
{"armed": false, "event": "idle_disarmed", "preset": "car_single", "single_auto": true, "ts": 1782986581.385}
{"armed": false, "event": "idle_disarmed", "preset": "car_single", "single_auto": true, "ts": 1782986582.388}
{"armed": false, "event": "idle_disarmed", "preset": "car_single", "single_auto": true, "ts": 1782986582.388}
{"armed": false, "event": "idle_disarmed", "preset": "car_single", "single_auto": true, "ts": 1782986583.39}
{"armed": false, "event": "idle_disarmed", "preset": "car_single", "single_auto": true, "ts": 1782986583.39}
{"armed": false, "event": "idle_disarmed", "preset": "car_single", "single_auto": true, "ts": 1782986584.393}
{"armed": false, "event": "idle_disarmed", "preset": "car_single", "single_auto": true, "ts": 1782986584.393}
{"armed": false, "event": "idle_disarmed", "preset": "car_single", "single_auto": true, "ts": 1782986585.395}
{"armed": false, "event": "idle_disarmed", "preset": "car_single", "single_auto": true, "ts": 1782986585.395}
{"armed": false, "event": "idle_disarmed", "preset": "car_single", "single_auto": true, "ts": 1782986586.397}
{"armed": false, "event": "idle_disarmed", "preset": "car_single", "single_auto": true, "ts": 1782986586.397}
{"armed": false, "event": "idle_disarmed", "preset": "car_single", "single_auto": true, "ts": 1782986587.4}
{"armed": false, "event": "idle_disarmed", "preset": "car_single", "single_auto": true, "ts": 1782986587.4}
{"armed": false, "event": "idle_disarmed", "preset": "car_single", "single_auto": true, "ts": 1782986588.402}
{"armed": false, "event": "idle_disarmed", "preset": "car_single", "single_auto": true, "ts": 1782986588.402}
{"armed": false, "event": "idle_disarmed", "preset": "car_single", "single_auto": true, "ts": 1782986589.405}
{"armed": false, "event": "idle_disarmed", "preset": "car_single", "single_auto": true, "ts": 1782986589.405}
{"armed": false, "event": "idle_disarmed", "preset": "car_single", "single_auto": true, "ts": 1782986590.407}
{"armed": false, "event": "idle_disarmed", "preset": "car_single", "single_auto": true, "ts": 1782986590.407}
{"armed": false, "event": "idle_disarmed", "preset": "car_single", "single_auto": true, "ts": 1782986591.41}
{"armed": false, "event": "idle_disarmed", "preset": "car_single", "single_auto": true, "ts": 1782986591.41}
{"armed": false, "event": "idle_disarmed", "preset": "car_single", "single_auto": true, "ts": 1782986592.412}
{"armed": false, "event": "idle_disarmed", "preset": "car_single", "single_auto": true, "ts": 1782986592.412}
{"armed": false, "event": "idle_disarmed", "preset": "car_single", "single_auto": true, "ts": 1782986593.415}
{"armed": false, "event": "idle_disarmed", "preset": "car_single", "single_auto": true, "ts": 1782986593.415}
{"armed": false, "event": "idle_disarmed", "preset": "car_single", "single_auto": true, "ts": 1782986594.417}
{"armed": false, "event": "idle_disarmed", "preset": "car_single", "single_auto": true, "ts": 1782986594.417}
{"armed": false, "event": "idle_disarmed", "preset": "car_single", "single_auto": true, "ts": 1782986595.42}
{"armed": false, "event": "idle_disarmed", "preset": "car_single", "single_auto": true, "ts": 1782986595.42}
{"armed": false, "event": "idle_disarmed", "preset": "car_single", "single_auto": true, "ts": 1782986596.422}
{"armed": false, "event": "idle_disarmed", "preset": "car_single", "single_auto": true, "ts": 1782986596.422}
{"armed": false, "event": "idle_disarmed", "preset": "car_single", "single_auto": true, "ts": 1782986597.425}
{"armed": false, "event": "idle_disarmed", "preset": "car_single", "single_auto": true, "ts": 1782986597.425}
{"armed": false, "event": "idle_disarmed", "preset": "car_single", "single_auto": true, "ts": 1782986598.427}
{"armed": false, "event": "idle_disarmed", "preset": "car_single", "single_auto": true, "ts": 1782986598.427}
{"armed": false, "event": "idle_disarmed", "preset": "car_single", "single_auto": true, "ts": 1782986599.429}
{"armed": false, "event": "idle_disarmed", "preset": "car_single", "single_auto": true, "ts": 1782986599.429}
{"armed": false, "event": "idle_disarmed", "preset": "car_single", "single_auto": true, "ts": 1782986600.432}
{"armed": false, "event": "idle_disarmed", "preset": "car_single", "single_auto": true, "ts": 1782986600.432}
{"armed": false, "event": "idle_disarmed", "preset": "car_single", "single_auto": true, "ts": 1782986601.434}
{"armed": false, "event": "idle_disarmed", "preset": "car_single", "single_auto": true, "ts": 1782986601.434}
{"armed": false, "event": "idle_disarmed", "preset": "car_single", "single_auto": true, "ts": 1782986602.437}
{"armed": false, "event": "idle_disarmed", "preset": "car_single", "single_auto": true, "ts": 1782986602.437}
{"armed": false, "event": "idle_disarmed", "preset": "car_single", "single_auto": true, "ts": 1782986603.439}
{"armed": false, "event": "idle_disarmed", "preset": "car_single", "single_auto": true, "ts": 1782986603.439}
{"armed": false, "event": "idle_disarmed", "preset": "car_single", "single_auto": true, "ts": 1782986604.441}
{"armed": false, "event": "idle_disarmed", "preset": "car_single", "single_auto": true, "ts": 1782986604.441}
{"armed": false, "event": "idle_disarmed", "preset": "car_single", "single_auto": true, "ts": 1782986605.444}
{"armed": false, "event": "idle_disarmed", "preset": "car_single", "single_auto": true, "ts": 1782986605.444}
{"armed": false, "event": "idle_disarmed", "preset": "car_single", "single_auto": true, "ts": 1782986606.447}
{"armed": false, "event": "idle_disarmed", "preset": "car_single", "single_auto": true, "ts": 1782986606.447}
{"armed": false, "event": "idle_disarmed", "preset": "car_single", "single_auto": true, "ts": 1782986607.449}
{"armed": false, "event": "idle_disarmed", "preset": "car_single", "single_auto": true, "ts": 1782986607.449}
{"armed": false, "event": "idle_disarmed", "preset": "car_single", "single_auto": true, "ts": 1782986608.452}
{"armed": false, "event": "idle_disarmed", "preset": "car_single", "single_auto": true, "ts": 1782986608.452}
{"armed": false, "event": "idle_disarmed", "preset": "car_single", "single_auto": true, "ts": 1782986609.454}
{"armed": false, "event": "idle_disarmed", "preset": "car_single", "single_auto": true, "ts": 1782986609.454}
{"armed": false, "event": "idle_disarmed", "preset": "car_single", "single_auto": true, "ts": 1782986610.457}
{"armed": false, "event": "idle_disarmed", "preset": "car_single", "single_auto": true, "ts": 1782986610.457}
{"armed": false, "event": "idle_disarmed", "preset": "car_single", "single_auto": true, "ts": 1782986611.459}
{"armed": false, "event": "idle_disarmed", "preset": "car_single", "single_auto": true, "ts": 1782986611.459}
{"armed": false, "event": "idle_disarmed", "preset": "car_single", "single_auto": true, "ts": 1782986612.461}
{"armed": false, "event": "idle_disarmed", "preset": "car_single", "single_auto": true, "ts": 1782986612.461}
{"armed": false, "event": "idle_disarmed", "preset": "car_single", "single_auto": true, "ts": 1782986613.464}
{"armed": false, "event": "idle_disarmed", "preset": "car_single", "single_auto": true, "ts": 1782986613.464}
{"armed": false, "event": "idle_disarmed", "preset": "car_single", "single_auto": true, "ts": 1782986614.466}
{"armed": false, "event": "idle_disarmed", "preset": "car_single", "single_auto": true, "ts": 1782986614.466}
{"armed": false, "event": "idle_disarmed", "preset": "car_single", "single_auto": true, "ts": 1782986615.469}
{"armed": false, "event": "idle_disarmed", "preset": "car_single", "single_auto": true, "ts": 1782986615.469}
{"armed": false, "event": "idle_disarmed", "preset": "car_single", "single_auto": true, "ts": 1782986616.471}
{"armed": false, "event": "idle_disarmed", "preset": "car_single", "single_auto": true, "ts": 1782986616.471}
{"armed": false, "event": "idle_disarmed", "preset": "car_single", "single_auto": true, "ts": 1782986617.474}
{"armed": false, "event": "idle_disarmed", "preset": "car_single", "single_auto": true, "ts": 1782986617.474}
{"armed": false, "event": "idle_disarmed", "preset": "car_single", "single_auto": true, "ts": 1782986618.476}
{"armed": false, "event": "idle_disarmed", "preset": "car_single", "single_auto": true, "ts": 1782986618.476}
{"armed": false, "event": "idle_disarmed", "preset": "car_single", "single_auto": true, "ts": 1782986619.479}
{"armed": false, "event": "idle_disarmed", "preset": "car_single", "single_auto": true, "ts": 1782986619.479}
{"armed": false, "event": "idle_disarmed", "preset": "car_single", "single_auto": true, "ts": 1782986620.481}
{"armed": false, "event": "idle_disarmed", "preset": "car_single", "single_auto": true, "ts": 1782986620.481}
{"armed": false, "event": "idle_disarmed", "preset": "car_single", "single_auto": true, "ts": 1782986621.484}
{"armed": false, "event": "idle_disarmed", "preset": "car_single", "single_auto": true, "ts": 1782986621.484}
{"armed": false, "event": "idle_disarmed", "preset": "car_single", "single_auto": true, "ts": 1782986622.486}
{"armed": false, "event": "idle_disarmed", "preset": "car_single", "single_auto": true, "ts": 1782986622.486}
{"armed": false, "event": "idle_disarmed", "preset": "car_single", "single_auto": true, "ts": 1782986623.489}
{"armed": false, "event": "idle_disarmed", "preset": "car_single", "single_auto": true, "ts": 1782986623.489}
{"armed": false, "event": "idle_disarmed", "preset": "car_single", "single_auto": true, "ts": 1782986624.491}
{"armed": false, "event": "idle_disarmed", "preset": "car_single", "single_auto": true, "ts": 1782986624.491}
{"armed": false, "event": "idle_disarmed", "preset": "car_single", "single_auto": true, "ts": 1782986625.493}
{"armed": false, "event": "idle_disarmed", "preset": "car_single", "single_auto": true, "ts": 1782986625.493}
{"armed": false, "event": "idle_disarmed", "preset": "car_single", "single_auto": true, "ts": 1782986626.496}
{"armed": false, "event": "idle_disarmed", "preset": "car_single", "single_auto": true, "ts": 1782986626.496}
{"armed": false, "event": "idle_disarmed", "preset": "car_single", "single_auto": true, "ts": 1782986627.498}
{"armed": false, "event": "idle_disarmed", "preset": "car_single", "single_auto": true, "ts": 1782986627.498}
{"armed": false, "event": "idle_disarmed", "preset": "car_single", "single_auto": true, "ts": 1782986628.5}
{"armed": false, "event": "idle_disarmed", "preset": "car_single", "single_auto": true, "ts": 1782986628.5}
{"armed": false, "event": "idle_disarmed", "preset": "car_single", "single_auto": true, "ts": 1782986629.503}
{"armed": false, "event": "idle_disarmed", "preset": "car_single", "single_auto": true, "ts": 1782986629.503}
{"armed": false, "event": "idle_disarmed", "preset": "car_single", "single_auto": true, "ts": 1782986630.505}
{"armed": false, "event": "idle_disarmed", "preset": "car_single", "single_auto": true, "ts": 1782986630.505}
{"armed": false, "event": "idle_disarmed", "preset": "car_single", "single_auto": true, "ts": 1782986631.508}
{"armed": false, "event": "idle_disarmed", "preset": "car_single", "single_auto": true, "ts": 1782986631.508}
{"armed": false, "event": "idle_disarmed", "preset": "car_single", "single_auto": true, "ts": 1782986632.51}
{"armed": false, "event": "idle_disarmed", "preset": "car_single", "single_auto": true, "ts": 1782986632.51}
{"armed": false, "event": "idle_disarmed", "preset": "car_single", "single_auto": true, "ts": 1782986633.512}
{"armed": false, "event": "idle_disarmed", "preset": "car_single", "single_auto": true, "ts": 1782986633.512}
{"armed": false, "event": "idle_disarmed", "preset": "car_single", "single_auto": true, "ts": 1782986634.515}
{"armed": false, "event": "idle_disarmed", "preset": "car_single", "single_auto": true, "ts": 1782986634.515}
{"armed": false, "event": "idle_disarmed", "preset": "car_single", "single_auto": true, "ts": 1782986635.517}
{"armed": false, "event": "idle_disarmed", "preset": "car_single", "single_auto": true, "ts": 1782986635.517}
{"armed": false, "event": "idle_disarmed", "preset": "car_single", "single_auto": true, "ts": 1782986636.52}
{"armed": false, "event": "idle_disarmed", "preset": "car_single", "single_auto": true, "ts": 1782986636.52}
{"armed": false, "event": "idle_disarmed", "preset": "car_single", "single_auto": true, "ts": 1782986637.522}
{"armed": false, "event": "idle_disarmed", "preset": "car_single", "single_auto": true, "ts": 1782986637.522}
{"armed": false, "event": "idle_disarmed", "preset": "car_single", "single_auto": true, "ts": 1782986638.525}
{"armed": false, "event": "idle_disarmed", "preset": "car_single", "single_auto": true, "ts": 1782986638.525}
{"armed": false, "event": "idle_disarmed", "preset": "car_single", "single_auto": true, "ts": 1782986639.527}
{"armed": false, "event": "idle_disarmed", "preset": "car_single", "single_auto": true, "ts": 1782986639.527}
{"armed": false, "event": "idle_disarmed", "preset": "car_single", "single_auto": true, "ts": 1782986640.531}
{"armed": false, "event": "idle_disarmed", "preset": "car_single", "single_auto": true, "ts": 1782986640.531}
{"armed": false, "event": "idle_disarmed", "preset": "car_single", "single_auto": true, "ts": 1782986641.533}
{"armed": false, "event": "idle_disarmed", "preset": "car_single", "single_auto": true, "ts": 1782986641.533}
{"armed": false, "event": "idle_disarmed", "preset": "car_single", "single_auto": true, "ts": 1782986642.536}
{"armed": false, "event": "idle_disarmed", "preset": "car_single", "single_auto": true, "ts": 1782986642.536}
{"armed": false, "event": "idle_disarmed", "preset": "car_single", "single_auto": true, "ts": 1782986643.539}
{"armed": false, "event": "idle_disarmed", "preset": "car_single", "single_auto": true, "ts": 1782986643.539}
{"armed": false, "event": "idle_disarmed", "preset": "car_single", "single_auto": true, "ts": 1782986644.541}
{"armed": false, "event": "idle_disarmed", "preset": "car_single", "single_auto": true, "ts": 1782986644.541}
{"armed": false, "event": "idle_disarmed", "preset": "car_single", "single_auto": true, "ts": 1782986645.544}
{"armed": false, "event": "idle_disarmed", "preset": "car_single", "single_auto": true, "ts": 1782986645.544}
{"armed": false, "event": "idle_disarmed", "preset": "car_single", "single_auto": true, "ts": 1782986646.546}
{"armed": false, "event": "idle_disarmed", "preset": "car_single", "single_auto": true, "ts": 1782986646.546}
{"armed": false, "event": "idle_disarmed", "preset": "car_single", "single_auto": true, "ts": 1782986647.548}
{"armed": false, "event": "idle_disarmed", "preset": "car_single", "single_auto": true, "ts": 1782986647.548}
{"armed": false, "event": "idle_disarmed", "preset": "car_single", "single_auto": true, "ts": 1782986648.551}
{"armed": false, "event": "idle_disarmed", "preset": "car_single", "single_auto": true, "ts": 1782986648.551}
{"armed": false, "event": "idle_disarmed", "preset": "car_single", "single_auto": true, "ts": 1782986649.553}
{"armed": false, "event": "idle_disarmed", "preset": "car_single", "single_auto": true, "ts": 1782986649.553}
{"armed": false, "event": "idle_disarmed", "preset": "car_single", "single_auto": true, "ts": 1782986650.556}
{"armed": false, "event": "idle_disarmed", "preset": "car_single", "single_auto": true, "ts": 1782986650.556}
{"armed": false, "event": "idle_disarmed", "preset": "car_single", "single_auto": true, "ts": 1782986651.558}
{"armed": false, "event": "idle_disarmed", "preset": "car_single", "single_auto": true, "ts": 1782986651.558}
{"armed": false, "event": "idle_disarmed", "preset": "car_single", "single_auto": true, "ts": 1782986652.56}
{"armed": false, "event": "idle_disarmed", "preset": "car_single", "single_auto": true, "ts": 1782986652.56}
{"armed": false, "event": "idle_disarmed", "preset": "car_single", "single_auto": true, "ts": 1782986653.563}
{"armed": false, "event": "idle_disarmed", "preset": "car_single", "single_auto": true, "ts": 1782986653.563}
{"armed": false, "event": "idle_disarmed", "preset": "car_single", "single_auto": true, "ts": 1782986654.565}
{"armed": false, "event": "idle_disarmed", "preset": "car_single", "single_auto": true, "ts": 1782986654.565}
{"armed": false, "event": "idle_disarmed", "preset": "car_single", "single_auto": true, "ts": 1782986655.568}
{"armed": false, "event": "idle_disarmed", "preset": "car_single", "single_auto": true, "ts": 1782986655.568}
{"armed": false, "event": "idle_disarmed", "preset": "car_single", "single_auto": true, "ts": 1782986656.571}
{"armed": false, "event": "idle_disarmed", "preset": "car_single", "single_auto": true, "ts": 1782986656.571}
{"armed": false, "event": "idle_disarmed", "preset": "car_single", "single_auto": true, "ts": 1782986657.573}
{"armed": false, "event": "idle_disarmed", "preset": "car_single", "single_auto": true, "ts": 1782986657.573}
{"armed": false, "event": "idle_disarmed", "preset": "car_single", "single_auto": true, "ts": 1782986658.576}
{"armed": false, "event": "idle_disarmed", "preset": "car_single", "single_auto": true, "ts": 1782986658.576}
{"armed": false, "event": "idle_disarmed", "preset": "car_single", "single_auto": true, "ts": 1782986659.578}
{"armed": false, "event": "idle_disarmed", "preset": "car_single", "single_auto": true, "ts": 1782986659.578}
{"armed": false, "event": "idle_disarmed", "preset": "car_single", "single_auto": true, "ts": 1782986660.58}
{"armed": false, "event": "idle_disarmed", "preset": "car_single", "single_auto": true, "ts": 1782986660.58}
{"armed": false, "event": "idle_disarmed", "preset": "car_single", "single_auto": true, "ts": 1782986661.583}
{"armed": false, "event": "idle_disarmed", "preset": "car_single", "single_auto": true, "ts": 1782986661.583}
{"armed": false, "event": "idle_disarmed", "preset": "car_single", "single_auto": true, "ts": 1782986662.585}
{"armed": false, "event": "idle_disarmed", "preset": "car_single", "single_auto": true, "ts": 1782986662.585}
{"armed": false, "event": "idle_disarmed", "preset": "car_single", "single_auto": true, "ts": 1782986663.587}
{"armed": false, "event": "idle_disarmed", "preset": "car_single", "single_auto": true, "ts": 1782986663.587}
{"armed": false, "event": "idle_disarmed", "preset": "car_single", "single_auto": true, "ts": 1782986664.59}
{"armed": false, "event": "idle_disarmed", "preset": "car_single", "single_auto": true, "ts": 1782986664.59}
{"armed": false, "event": "idle_disarmed", "preset": "car_single", "single_auto": true, "ts": 1782986665.593}
{"armed": false, "event": "idle_disarmed", "preset": "car_single", "single_auto": true, "ts": 1782986665.593}
{"armed": false, "event": "idle_disarmed", "preset": "car_single", "single_auto": true, "ts": 1782986666.595}
{"armed": false, "event": "idle_disarmed", "preset": "car_single", "single_auto": true, "ts": 1782986666.595}
{"armed": false, "event": "idle_disarmed", "preset": "car_single", "single_auto": true, "ts": 1782986667.597}
{"armed": false, "event": "idle_disarmed", "preset": "car_single", "single_auto": true, "ts": 1782986667.597}
{"armed": false, "event": "idle_disarmed", "preset": "car_single", "single_auto": true, "ts": 1782986668.6}
{"armed": false, "event": "idle_disarmed", "preset": "car_single", "single_auto": true, "ts": 1782986668.6}
{"armed": false, "event": "idle_disarmed", "preset": "car_single", "single_auto": true, "ts": 1782986669.602}
{"armed": false, "event": "idle_disarmed", "preset": "car_single", "single_auto": true, "ts": 1782986669.602}
{"armed": false, "event": "idle_disarmed", "preset": "car_single", "single_auto": true, "ts": 1782986670.605}
{"armed": false, "event": "idle_disarmed", "preset": "car_single", "single_auto": true, "ts": 1782986670.605}
{"armed": false, "event": "idle_disarmed", "preset": "car_single", "single_auto": true, "ts": 1782986671.607}
{"armed": false, "event": "idle_disarmed", "preset": "car_single", "single_auto": true, "ts": 1782986671.607}
{"armed": false, "event": "idle_disarmed", "preset": "car_single", "single_auto": true, "ts": 1782986672.609}
{"armed": false, "event": "idle_disarmed", "preset": "car_single", "single_auto": true, "ts": 1782986672.609}
{"armed": false, "event": "idle_disarmed", "preset": "car_single", "single_auto": true, "ts": 1782986673.612}
{"armed": false, "event": "idle_disarmed", "preset": "car_single", "single_auto": true, "ts": 1782986673.612}
{"armed": false, "event": "idle_disarmed", "preset": "car_single", "single_auto": true, "ts": 1782986674.614}
{"armed": false, "event": "idle_disarmed", "preset": "car_single", "single_auto": true, "ts": 1782986674.614}
{"armed": false, "event": "idle_disarmed", "preset": "car_single", "single_auto": true, "ts": 1782986675.617}
{"armed": false, "event": "idle_disarmed", "preset": "car_single", "single_auto": true, "ts": 1782986675.617}
{"armed": false, "event": "idle_disarmed", "preset": "car_single", "single_auto": true, "ts": 1782986676.619}
{"armed": false, "event": "idle_disarmed", "preset": "car_single", "single_auto": true, "ts": 1782986676.619}
{"armed": false, "event": "idle_disarmed", "preset": "car_single", "single_auto": true, "ts": 1782986677.622}
{"armed": false, "event": "idle_disarmed", "preset": "car_single", "single_auto": true, "ts": 1782986677.622}
{"armed": false, "event": "idle_disarmed", "preset": "car_single", "single_auto": true, "ts": 1782986678.624}
{"armed": false, "event": "idle_disarmed", "preset": "car_single", "single_auto": true, "ts": 1782986678.624}
{"armed": false, "event": "idle_disarmed", "preset": "car_single", "single_auto": true, "ts": 1782986679.626}
{"armed": false, "event": "idle_disarmed", "preset": "car_single", "single_auto": true, "ts": 1782986679.626}
{"armed": false, "event": "idle_disarmed", "preset": "car_single", "single_auto": true, "ts": 1782986680.629}
{"armed": false, "event": "idle_disarmed", "preset": "car_single", "single_auto": true, "ts": 1782986680.629}
{"armed": false, "event": "idle_disarmed", "preset": "car_single", "single_auto": true, "ts": 1782986681.632}
{"armed": false, "event": "idle_disarmed", "preset": "car_single", "single_auto": true, "ts": 1782986681.632}
{"armed": false, "event": "idle_disarmed", "preset": "car_single", "single_auto": true, "ts": 1782986682.635}
{"armed": false, "event": "idle_disarmed", "preset": "car_single", "single_auto": true, "ts": 1782986682.635}
{"armed": false, "event": "idle_disarmed", "preset": "car_single", "single_auto": true, "ts": 1782986683.637}
{"armed": false, "event": "idle_disarmed", "preset": "car_single", "single_auto": true, "ts": 1782986683.637}
{"armed": false, "event": "idle_disarmed", "preset": "car_single", "single_auto": true, "ts": 1782986684.64}
{"armed": false, "event": "idle_disarmed", "preset": "car_single", "single_auto": true, "ts": 1782986684.64}
{"armed": false, "event": "idle_disarmed", "preset": "car_single", "single_auto": true, "ts": 1782986685.642}
{"armed": false, "event": "idle_disarmed", "preset": "car_single", "single_auto": true, "ts": 1782986685.642}
{"armed": false, "event": "idle_disarmed", "preset": "car_single", "single_auto": true, "ts": 1782986686.645}
{"armed": false, "event": "idle_disarmed", "preset": "car_single", "single_auto": true, "ts": 1782986686.645}
{"armed": false, "event": "idle_disarmed", "preset": "car_single", "single_auto": true, "ts": 1782986687.648}
{"armed": false, "event": "idle_disarmed", "preset": "car_single", "single_auto": true, "ts": 1782986687.648}
{"armed": false, "event": "idle_disarmed", "preset": "car_single", "single_auto": true, "ts": 1782986688.651}
{"armed": false, "event": "idle_disarmed", "preset": "car_single", "single_auto": true, "ts": 1782986688.651}
{"armed": false, "event": "idle_disarmed", "preset": "car_single", "single_auto": true, "ts": 1782986689.653}
{"armed": false, "event": "idle_disarmed", "preset": "car_single", "single_auto": true, "ts": 1782986689.653}
{"armed": false, "event": "idle_disarmed", "preset": "car_single", "single_auto": true, "ts": 1782986690.656}
{"armed": false, "event": "idle_disarmed", "preset": "car_single", "single_auto": true, "ts": 1782986690.656}
{"armed": false, "event": "idle_disarmed", "preset": "car_single", "single_auto": true, "ts": 1782986691.658}
{"armed": false, "event": "idle_disarmed", "preset": "car_single", "single_auto": true, "ts": 1782986691.658}
{"armed": false, "event": "idle_disarmed", "preset": "car_single", "single_auto": true, "ts": 1782986692.661}
{"armed": false, "event": "idle_disarmed", "preset": "car_single", "single_auto": true, "ts": 1782986692.661}
{"armed": false, "event": "idle_disarmed", "preset": "car_single", "single_auto": true, "ts": 1782986693.664}
{"armed": false, "event": "idle_disarmed", "preset": "car_single", "single_auto": true, "ts": 1782986693.664}
{"armed": false, "event": "idle_disarmed", "preset": "car_single", "single_auto": true, "ts": 1782986694.666}
{"armed": false, "event": "idle_disarmed", "preset": "car_single", "single_auto": true, "ts": 1782986694.666}
{"armed": false, "event": "idle_disarmed", "preset": "car_single", "single_auto": true, "ts": 1782986695.669}
{"armed": false, "event": "idle_disarmed", "preset": "car_single", "single_auto": true, "ts": 1782986695.669}
{"armed": false, "event": "idle_disarmed", "preset": "car_single", "single_auto": true, "ts": 1782986696.671}
{"armed": false, "event": "idle_disarmed", "preset": "car_single", "single_auto": true, "ts": 1782986696.671}
{"armed": false, "event": "idle_disarmed", "preset": "car_single", "single_auto": true, "ts": 1782986697.674}
{"armed": false, "event": "idle_disarmed", "preset": "car_single", "single_auto": true, "ts": 1782986697.674}
{"armed": false, "event": "idle_disarmed", "preset": "car_single", "single_auto": true, "ts": 1782986698.677}
{"armed": false, "event": "idle_disarmed", "preset": "car_single", "single_auto": true, "ts": 1782986698.677}
{"armed": false, "event": "idle_disarmed", "preset": "car_single", "single_auto": true, "ts": 1782986699.679}
{"armed": false, "event": "idle_disarmed", "preset": "car_single", "single_auto": true, "ts": 1782986699.679}
{"armed": false, "event": "idle_disarmed", "preset": "car_single", "single_auto": true, "ts": 1782986700.682}
{"armed": false, "event": "idle_disarmed", "preset": "car_single", "single_auto": true, "ts": 1782986700.682}
{"armed": false, "event": "idle_disarmed", "preset": "car_single", "single_auto": true, "ts": 1782986701.685}
{"armed": false, "event": "idle_disarmed", "preset": "car_single", "single_auto": true, "ts": 1782986701.685}
{"armed": false, "event": "idle_disarmed", "preset": "car_single", "single_auto": true, "ts": 1782986702.687}
{"armed": false, "event": "idle_disarmed", "preset": "car_single", "single_auto": true, "ts": 1782986702.687}
{"armed": false, "event": "idle_disarmed", "preset": "car_single", "single_auto": true, "ts": 1782986703.69}
{"armed": false, "event": "idle_disarmed", "preset": "car_single", "single_auto": true, "ts": 1782986703.69}
{"armed": false, "event": "idle_disarmed", "preset": "car_single", "single_auto": true, "ts": 1782986704.693}
{"armed": false, "event": "idle_disarmed", "preset": "car_single", "single_auto": true, "ts": 1782986704.693}
{"armed": false, "event": "idle_disarmed", "preset": "car_single", "single_auto": true, "ts": 1782986705.695}
{"armed": false, "event": "idle_disarmed", "preset": "car_single", "single_auto": true, "ts": 1782986705.695}
{"armed": false, "event": "idle_disarmed", "preset": "car_single", "single_auto": true, "ts": 1782986706.698}
{"armed": false, "event": "idle_disarmed", "preset": "car_single", "single_auto": true, "ts": 1782986706.698}
{"armed": false, "event": "idle_disarmed", "preset": "car_single", "single_auto": true, "ts": 1782986707.7}
{"armed": false, "event": "idle_disarmed", "preset": "car_single", "single_auto": true, "ts": 1782986707.7}
{"armed": false, "event": "idle_disarmed", "preset": "car_single", "single_auto": true, "ts": 1782986708.702}
{"armed": false, "event": "idle_disarmed", "preset": "car_single", "single_auto": true, "ts": 1782986708.702}
{"armed": false, "event": "idle_disarmed", "preset": "car_single", "single_auto": true, "ts": 1782986709.705}
{"armed": false, "event": "idle_disarmed", "preset": "car_single", "single_auto": true, "ts": 1782986709.705}
{"armed": false, "event": "idle_disarmed", "preset": "car_single", "single_auto": true, "ts": 1782986710.708}
{"armed": false, "event": "idle_disarmed", "preset": "car_single", "single_auto": true, "ts": 1782986710.708}
{"armed": false, "event": "idle_disarmed", "preset": "car_single", "single_auto": true, "ts": 1782986711.711}
{"armed": false, "event": "idle_disarmed", "preset": "car_single", "single_auto": true, "ts": 1782986711.711}
{"armed": false, "event": "idle_disarmed", "preset": "car_single", "single_auto": true, "ts": 1782986712.713}
{"armed": false, "event": "idle_disarmed", "preset": "car_single", "single_auto": true, "ts": 1782986712.713}
{"armed": false, "event": "idle_disarmed", "preset": "car_single", "single_auto": true, "ts": 1782986713.716}
{"armed": false, "event": "idle_disarmed", "preset": "car_single", "single_auto": true, "ts": 1782986713.716}
{"armed": false, "event": "idle_disarmed", "preset": "car_single", "single_auto": true, "ts": 1782986714.718}
{"armed": false, "event": "idle_disarmed", "preset": "car_single", "single_auto": true, "ts": 1782986714.718}
{"armed": false, "event": "idle_disarmed", "preset": "car_single", "single_auto": true, "ts": 1782986715.721}
{"armed": false, "event": "idle_disarmed", "preset": "car_single", "single_auto": true, "ts": 1782986715.721}
{"armed": false, "event": "idle_disarmed", "preset": "car_single", "single_auto": true, "ts": 1782986716.723}
{"armed": false, "event": "idle_disarmed", "preset": "car_single", "single_auto": true, "ts": 1782986716.723}
{"armed": false, "event": "idle_disarmed", "preset": "car_single", "single_auto": true, "ts": 1782986717.726}
{"armed": false, "event": "idle_disarmed", "preset": "car_single", "single_auto": true, "ts": 1782986717.726}
{"armed": false, "event": "idle_disarmed", "preset": "car_single", "single_auto": true, "ts": 1782986718.728}
{"armed": false, "event": "idle_disarmed", "preset": "car_single", "single_auto": true, "ts": 1782986718.728}
{"armed": false, "event": "idle_disarmed", "preset": "car_single", "single_auto": true, "ts": 1782986719.731}
{"armed": false, "event": "idle_disarmed", "preset": "car_single", "single_auto": true, "ts": 1782986719.731}
{"armed": false, "event": "idle_disarmed", "preset": "car_single", "single_auto": true, "ts": 1782986720.734}
{"armed": false, "event": "idle_disarmed", "preset": "car_single", "single_auto": true, "ts": 1782986720.734}
{"armed": false, "event": "idle_disarmed", "preset": "car_single", "single_auto": true, "ts": 1782986721.736}
{"armed": false, "event": "idle_disarmed", "preset": "car_single", "single_auto": true, "ts": 1782986721.736}
{"armed": false, "event": "idle_disarmed", "preset": "car_single", "single_auto": true, "ts": 1782986722.739}
{"armed": false, "event": "idle_disarmed", "preset": "car_single", "single_auto": true, "ts": 1782986722.739}
{"armed": false, "event": "idle_disarmed", "preset": "car_single", "single_auto": true, "ts": 1782986723.742}
{"armed": false, "event": "idle_disarmed", "preset": "car_single", "single_auto": true, "ts": 1782986723.742}
{"armed": false, "event": "idle_disarmed", "preset": "car_single", "single_auto": true, "ts": 1782986724.744}
{"armed": false, "event": "idle_disarmed", "preset": "car_single", "single_auto": true, "ts": 1782986724.744}
{"armed": false, "event": "idle_disarmed", "preset": "car_single", "single_auto": true, "ts": 1782986725.746}
{"armed": false, "event": "idle_disarmed", "preset": "car_single", "single_auto": true, "ts": 1782986725.746}
{"armed": false, "event": "idle_disarmed", "preset": "car_single", "single_auto": true, "ts": 1782986726.749}
{"armed": false, "event": "idle_disarmed", "preset": "car_single", "single_auto": true, "ts": 1782986726.749}
{"armed": false, "event": "idle_disarmed", "preset": "car_single", "single_auto": true, "ts": 1782986727.751}
{"armed": false, "event": "idle_disarmed", "preset": "car_single", "single_auto": true, "ts": 1782986727.751}
{"armed": false, "event": "idle_disarmed", "preset": "car_single", "single_auto": true, "ts": 1782986728.754}
{"armed": false, "event": "idle_disarmed", "preset": "car_single", "single_auto": true, "ts": 1782986728.754}
{"armed": false, "event": "idle_disarmed", "preset": "car_single", "single_auto": true, "ts": 1782986729.756}
{"armed": false, "event": "idle_disarmed", "preset": "car_single", "single_auto": true, "ts": 1782986729.756}
{"armed": false, "event": "idle_disarmed", "preset": "car_single", "single_auto": true, "ts": 1782986730.759}
{"armed": false, "event": "idle_disarmed", "preset": "car_single", "single_auto": true, "ts": 1782986730.759}
{"armed": false, "event": "idle_disarmed", "preset": "car_single", "single_auto": true, "ts": 1782986731.761}
{"armed": false, "event": "idle_disarmed", "preset": "car_single", "single_auto": true, "ts": 1782986731.761}
{"armed": false, "event": "idle_disarmed", "preset": "car_single", "single_auto": true, "ts": 1782986732.764}
{"armed": false, "event": "idle_disarmed", "preset": "car_single", "single_auto": true, "ts": 1782986732.764}
{"armed": false, "event": "idle_disarmed", "preset": "car_single", "single_auto": true, "ts": 1782986733.767}
{"armed": false, "event": "idle_disarmed", "preset": "car_single", "single_auto": true, "ts": 1782986733.767}
{"armed": false, "event": "idle_disarmed", "preset": "car_single", "single_auto": true, "ts": 1782986734.77}
{"armed": false, "event": "idle_disarmed", "preset": "car_single", "single_auto": true, "ts": 1782986734.77}
{"armed": false, "event": "idle_disarmed", "preset": "car_single", "single_auto": true, "ts": 1782986735.773}
{"armed": false, "event": "idle_disarmed", "preset": "car_single", "single_auto": true, "ts": 1782986735.773}
{"armed": false, "event": "idle_disarmed", "preset": "car_single", "single_auto": true, "ts": 1782986736.776}
{"armed": false, "event": "idle_disarmed", "preset": "car_single", "single_auto": true, "ts": 1782986736.776}
{"armed": false, "event": "idle_disarmed", "preset": "car_single", "single_auto": true, "ts": 1782986737.778}
{"armed": false, "event": "idle_disarmed", "preset": "car_single", "single_auto": true, "ts": 1782986737.778}
{"armed": false, "event": "idle_disarmed", "preset": "car_single", "single_auto": true, "ts": 1782986738.781}
{"armed": false, "event": "idle_disarmed", "preset": "car_single", "single_auto": true, "ts": 1782986738.781}
{"armed": false, "event": "idle_disarmed", "preset": "car_single", "single_auto": true, "ts": 1782986739.783}
{"armed": false, "event": "idle_disarmed", "preset": "car_single", "single_auto": true, "ts": 1782986739.783}
{"armed": false, "event": "idle_disarmed", "preset": "car_single", "single_auto": true, "ts": 1782986740.786}
{"armed": false, "event": "idle_disarmed", "preset": "car_single", "single_auto": true, "ts": 1782986740.786}
{"armed": false, "event": "idle_disarmed", "preset": "car_single", "single_auto": true, "ts": 1782986741.788}
{"armed": false, "event": "idle_disarmed", "preset": "car_single", "single_auto": true, "ts": 1782986741.788}
{"armed": false, "event": "idle_disarmed", "preset": "car_single", "single_auto": true, "ts": 1782986742.791}
{"armed": false, "event": "idle_disarmed", "preset": "car_single", "single_auto": true, "ts": 1782986742.791}
{"armed": false, "event": "idle_disarmed", "preset": "car_single", "single_auto": true, "ts": 1782986743.793}
{"armed": false, "event": "idle_disarmed", "preset": "car_single", "single_auto": true, "ts": 1782986743.793}
{"armed": false, "event": "idle_disarmed", "preset": "car_single", "single_auto": true, "ts": 1782986744.795}
{"armed": false, "event": "idle_disarmed", "preset": "car_single", "single_auto": true, "ts": 1782986744.795}
{"armed": false, "event": "idle_disarmed", "preset": "car_single", "single_auto": true, "ts": 1782986745.798}
{"armed": false, "event": "idle_disarmed", "preset": "car_single", "single_auto": true, "ts": 1782986745.798}
{"armed": false, "event": "idle_disarmed", "preset": "car_single", "single_auto": true, "ts": 1782986746.8}
{"armed": false, "event": "idle_disarmed", "preset": "car_single", "single_auto": true, "ts": 1782986746.8}
{"armed": false, "event": "idle_disarmed", "preset": "car_single", "single_auto": true, "ts": 1782986747.802}
{"armed": false, "event": "idle_disarmed", "preset": "car_single", "single_auto": true, "ts": 1782986747.802}
{"armed": false, "event": "idle_disarmed", "preset": "car_single", "single_auto": true, "ts": 1782986748.805}
{"armed": false, "event": "idle_disarmed", "preset": "car_single", "single_auto": true, "ts": 1782986748.805}
{"armed": false, "event": "idle_disarmed", "preset": "car_single", "single_auto": true, "ts": 1782986749.807}
{"armed": false, "event": "idle_disarmed", "preset": "car_single", "single_auto": true, "ts": 1782986749.807}
{"armed": false, "event": "idle_disarmed", "preset": "car_single", "single_auto": true, "ts": 1782986750.81}
{"armed": false, "event": "idle_disarmed", "preset": "car_single", "single_auto": true, "ts": 1782986750.81}
{"armed": false, "event": "idle_disarmed", "preset": "car_single", "single_auto": true, "ts": 1782986751.812}
{"armed": false, "event": "idle_disarmed", "preset": "car_single", "single_auto": true, "ts": 1782986751.812}
{"armed": false, "event": "idle_disarmed", "preset": "car_single", "single_auto": true, "ts": 1782986752.815}
{"armed": false, "event": "idle_disarmed", "preset": "car_single", "single_auto": true, "ts": 1782986752.815}
{"armed": false, "event": "idle_disarmed", "preset": "car_single", "single_auto": true, "ts": 1782986753.817}
{"armed": false, "event": "idle_disarmed", "preset": "car_single", "single_auto": true, "ts": 1782986753.817}
{"armed": false, "event": "idle_disarmed", "preset": "car_single", "single_auto": true, "ts": 1782986754.82}
{"armed": false, "event": "idle_disarmed", "preset": "car_single", "single_auto": true, "ts": 1782986754.82}
{"armed": false, "event": "idle_disarmed", "preset": "car_single", "single_auto": true, "ts": 1782986755.822}
{"armed": false, "event": "idle_disarmed", "preset": "car_single", "single_auto": true, "ts": 1782986755.822}
{"armed": false, "event": "idle_disarmed", "preset": "car_single", "single_auto": true, "ts": 1782986756.825}
{"armed": false, "event": "idle_disarmed", "preset": "car_single", "single_auto": true, "ts": 1782986756.825}
{"armed": false, "event": "idle_disarmed", "preset": "car_single", "single_auto": true, "ts": 1782986757.828}
{"armed": false, "event": "idle_disarmed", "preset": "car_single", "single_auto": true, "ts": 1782986757.828}
{"armed": false, "event": "idle_disarmed", "preset": "car_single", "single_auto": true, "ts": 1782986758.831}
{"armed": false, "event": "idle_disarmed", "preset": "car_single", "single_auto": true, "ts": 1782986758.831}
{"armed": false, "event": "idle_disarmed", "preset": "car_single", "single_auto": true, "ts": 1782986759.833}
{"armed": false, "event": "idle_disarmed", "preset": "car_single", "single_auto": true, "ts": 1782986759.833}
{"armed": false, "event": "idle_disarmed", "preset": "car_single", "single_auto": true, "ts": 1782986760.836}
{"armed": false, "event": "idle_disarmed", "preset": "car_single", "single_auto": true, "ts": 1782986760.836}
{"armed": false, "event": "idle_disarmed", "preset": "car_single", "single_auto": true, "ts": 1782986761.839}
{"armed": false, "event": "idle_disarmed", "preset": "car_single", "single_auto": true, "ts": 1782986761.839}
{"armed": false, "event": "idle_disarmed", "preset": "car_single", "single_auto": true, "ts": 1782986762.841}
{"armed": false, "event": "idle_disarmed", "preset": "car_single", "single_auto": true, "ts": 1782986762.841}
{"armed": false, "event": "idle_disarmed", "preset": "car_single", "single_auto": true, "ts": 1782986763.844}
{"armed": false, "event": "idle_disarmed", "preset": "car_single", "single_auto": true, "ts": 1782986763.844}
{"armed": false, "event": "idle_disarmed", "preset": "car_single", "single_auto": true, "ts": 1782986764.846}
{"armed": false, "event": "idle_disarmed", "preset": "car_single", "single_auto": true, "ts": 1782986764.846}
{"armed": false, "event": "idle_disarmed", "preset": "car_single", "single_auto": true, "ts": 1782986765.849}
{"armed": false, "event": "idle_disarmed", "preset": "car_single", "single_auto": true, "ts": 1782986765.849}
{"armed": false, "event": "idle_disarmed", "preset": "car_single", "single_auto": true, "ts": 1782986766.851}
{"armed": false, "event": "idle_disarmed", "preset": "car_single", "single_auto": true, "ts": 1782986766.851}
{"armed": false, "event": "idle_disarmed", "preset": "car_single", "single_auto": true, "ts": 1782986767.854}
{"armed": false, "event": "idle_disarmed", "preset": "car_single", "single_auto": true, "ts": 1782986767.854}
{"armed": false, "event": "idle_disarmed", "preset": "car_single", "single_auto": true, "ts": 1782986768.857}
{"armed": false, "event": "idle_disarmed", "preset": "car_single", "single_auto": true, "ts": 1782986768.857}
{"armed": false, "event": "idle_disarmed", "preset": "car_single", "single_auto": true, "ts": 1782986769.859}
{"armed": false, "event": "idle_disarmed", "preset": "car_single", "single_auto": true, "ts": 1782986769.859}
{"armed": false, "event": "idle_disarmed", "preset": "car_single", "single_auto": true, "ts": 1782986770.862}
{"armed": false, "event": "idle_disarmed", "preset": "car_single", "single_auto": true, "ts": 1782986770.862}
{"armed": false, "event": "idle_disarmed", "preset": "car_single", "single_auto": true, "ts": 1782986771.864}
{"armed": false, "event": "idle_disarmed", "preset": "car_single", "single_auto": true, "ts": 1782986771.864}
{"armed": false, "event": "idle_disarmed", "preset": "car_single", "single_auto": true, "ts": 1782986772.867}
{"armed": false, "event": "idle_disarmed", "preset": "car_single", "single_auto": true, "ts": 1782986772.867}
{"armed": false, "event": "idle_disarmed", "preset": "car_single", "single_auto": true, "ts": 1782986773.87}
{"armed": false, "event": "idle_disarmed", "preset": "car_single", "single_auto": true, "ts": 1782986773.87}
{"armed": false, "event": "idle_disarmed", "preset": "car_single", "single_auto": true, "ts": 1782986774.872}
{"armed": false, "event": "idle_disarmed", "preset": "car_single", "single_auto": true, "ts": 1782986774.872}
{"armed": false, "event": "idle_disarmed", "preset": "car_single", "single_auto": true, "ts": 1782986775.875}
{"armed": false, "event": "idle_disarmed", "preset": "car_single", "single_auto": true, "ts": 1782986775.875}
{"armed": false, "event": "idle_disarmed", "preset": "car_single", "single_auto": true, "ts": 1782986776.877}
{"armed": false, "event": "idle_disarmed", "preset": "car_single", "single_auto": true, "ts": 1782986776.877}
{"armed": false, "event": "idle_disarmed", "preset": "car_single", "single_auto": true, "ts": 1782986777.879}
{"armed": false, "event": "idle_disarmed", "preset": "car_single", "single_auto": true, "ts": 1782986777.879}
{"armed": false, "event": "idle_disarmed", "preset": "car_single", "single_auto": true, "ts": 1782986778.881}
{"armed": false, "event": "idle_disarmed", "preset": "car_single", "single_auto": true, "ts": 1782986778.881}
{"armed": false, "event": "idle_disarmed", "preset": "car_single", "single_auto": true, "ts": 1782986779.884}
{"armed": false, "event": "idle_disarmed", "preset": "car_single", "single_auto": true, "ts": 1782986779.884}
{"armed": false, "event": "idle_disarmed", "preset": "car_single", "single_auto": true, "ts": 1782986780.887}
{"armed": false, "event": "idle_disarmed", "preset": "car_single", "single_auto": true, "ts": 1782986780.887}
{"armed": false, "event": "idle_disarmed", "preset": "car_single", "single_auto": true, "ts": 1782986781.889}
{"armed": false, "event": "idle_disarmed", "preset": "car_single", "single_auto": true, "ts": 1782986781.889}
{"armed": false, "event": "idle_disarmed", "preset": "car_single", "single_auto": true, "ts": 1782986782.892}
{"armed": false, "event": "idle_disarmed", "preset": "car_single", "single_auto": true, "ts": 1782986782.892}
{"armed": false, "event": "idle_disarmed", "preset": "car_single", "single_auto": true, "ts": 1782986783.895}
{"armed": false, "event": "idle_disarmed", "preset": "car_single", "single_auto": true, "ts": 1782986783.895}
{"armed": false, "event": "idle_disarmed", "preset": "car_single", "single_auto": true, "ts": 1782986784.897}
{"armed": false, "event": "idle_disarmed", "preset": "car_single", "single_auto": true, "ts": 1782986784.897}
{"armed": false, "event": "idle_disarmed", "preset": "car_single", "single_auto": true, "ts": 1782986785.9}
{"armed": false, "event": "idle_disarmed", "preset": "car_single", "single_auto": true, "ts": 1782986785.9}
{"armed": false, "event": "idle_disarmed", "preset": "car_single", "single_auto": true, "ts": 1782986786.902}
{"armed": false, "event": "idle_disarmed", "preset": "car_single", "single_auto": true, "ts": 1782986786.902}
{"armed": false, "event": "idle_disarmed", "preset": "car_single", "single_auto": true, "ts": 1782986787.905}
{"armed": false, "event": "idle_disarmed", "preset": "car_single", "single_auto": true, "ts": 1782986787.905}
{"armed": false, "event": "idle_disarmed", "preset": "car_single", "single_auto": true, "ts": 1782986788.907}
{"armed": false, "event": "idle_disarmed", "preset": "car_single", "single_auto": true, "ts": 1782986788.907}
{"armed": false, "event": "idle_disarmed", "preset": "car_single", "single_auto": true, "ts": 1782986789.91}
{"armed": false, "event": "idle_disarmed", "preset": "car_single", "single_auto": true, "ts": 1782986789.91}
{"armed": false, "event": "idle_disarmed", "preset": "car_single", "single_auto": true, "ts": 1782986790.912}
{"armed": false, "event": "idle_disarmed", "preset": "car_single", "single_auto": true, "ts": 1782986790.912}
{"armed": false, "event": "idle_disarmed", "preset": "car_single", "single_auto": true, "ts": 1782986791.915}
{"armed": false, "event": "idle_disarmed", "preset": "car_single", "single_auto": true, "ts": 1782986791.915}
{"armed": false, "event": "idle_disarmed", "preset": "car_single", "single_auto": true, "ts": 1782986792.918}
{"armed": false, "event": "idle_disarmed", "preset": "car_single", "single_auto": true, "ts": 1782986792.918}
{"armed": false, "event": "idle_disarmed", "preset": "car_single", "single_auto": true, "ts": 1782986793.92}
{"armed": false, "event": "idle_disarmed", "preset": "car_single", "single_auto": true, "ts": 1782986793.92}
{"armed": false, "event": "idle_disarmed", "preset": "car_single", "single_auto": true, "ts": 1782986794.923}
{"armed": false, "event": "idle_disarmed", "preset": "car_single", "single_auto": true, "ts": 1782986794.923}
{"armed": false, "event": "idle_disarmed", "preset": "car_single", "single_auto": true, "ts": 1782986795.925}
{"armed": false, "event": "idle_disarmed", "preset": "car_single", "single_auto": true, "ts": 1782986795.925}
{"armed": false, "event": "idle_disarmed", "preset": "car_single", "single_auto": true, "ts": 1782986796.928}
{"armed": false, "event": "idle_disarmed", "preset": "car_single", "single_auto": true, "ts": 1782986796.928}
{"armed": false, "event": "idle_disarmed", "preset": "car_single", "single_auto": true, "ts": 1782986797.931}
{"armed": false, "event": "idle_disarmed", "preset": "car_single", "single_auto": true, "ts": 1782986797.931}
{"armed": false, "event": "idle_disarmed", "preset": "car_single", "single_auto": true, "ts": 1782986798.934}
{"armed": false, "event": "idle_disarmed", "preset": "car_single", "single_auto": true, "ts": 1782986798.934}
{"armed": false, "event": "idle_disarmed", "preset": "car_single", "single_auto": true, "ts": 1782986799.937}
{"armed": false, "event": "idle_disarmed", "preset": "car_single", "single_auto": true, "ts": 1782986799.937}
{"armed": false, "event": "idle_disarmed", "preset": "car_single", "single_auto": true, "ts": 1782986800.939}
{"armed": false, "event": "idle_disarmed", "preset": "car_single", "single_auto": true, "ts": 1782986800.939}
{"armed": false, "event": "idle_disarmed", "preset": "car_single", "single_auto": true, "ts": 1782986801.942}
{"armed": false, "event": "idle_disarmed", "preset": "car_single", "single_auto": true, "ts": 1782986801.942}
{"armed": false, "event": "idle_disarmed", "preset": "car_single", "single_auto": true, "ts": 1782986802.945}
{"armed": false, "event": "idle_disarmed", "preset": "car_single", "single_auto": true, "ts": 1782986802.945}
{"armed": false, "event": "idle_disarmed", "preset": "car_single", "single_auto": true, "ts": 1782986803.948}
{"armed": false, "event": "idle_disarmed", "preset": "car_single", "single_auto": true, "ts": 1782986803.948}
{"armed": false, "event": "idle_disarmed", "preset": "car_single", "single_auto": true, "ts": 1782986804.95}
{"armed": false, "event": "idle_disarmed", "preset": "car_single", "single_auto": true, "ts": 1782986804.95}
{"armed": false, "event": "idle_disarmed", "preset": "car_single", "single_auto": true, "ts": 1782986805.953}
{"armed": false, "event": "idle_disarmed", "preset": "car_single", "single_auto": true, "ts": 1782986805.953}
{"armed": false, "event": "idle_disarmed", "preset": "car_single", "single_auto": true, "ts": 1782986806.955}
{"armed": false, "event": "idle_disarmed", "preset": "car_single", "single_auto": true, "ts": 1782986806.955}
{"armed": false, "event": "idle_disarmed", "preset": "car_single", "single_auto": true, "ts": 1782986807.958}
{"armed": false, "event": "idle_disarmed", "preset": "car_single", "single_auto": true, "ts": 1782986807.958}
{"armed": false, "event": "idle_disarmed", "preset": "car_single", "single_auto": true, "ts": 1782986808.96}
{"armed": false, "event": "idle_disarmed", "preset": "car_single", "single_auto": true, "ts": 1782986808.96}
{"armed": false, "event": "idle_disarmed", "preset": "car_single", "single_auto": true, "ts": 1782986809.963}
{"armed": false, "event": "idle_disarmed", "preset": "car_single", "single_auto": true, "ts": 1782986809.963}
{"armed": false, "event": "idle_disarmed", "preset": "car_single", "single_auto": true, "ts": 1782986810.966}
{"armed": false, "event": "idle_disarmed", "preset": "car_single", "single_auto": true, "ts": 1782986810.966}
{"armed": false, "event": "idle_disarmed", "preset": "car_single", "single_auto": true, "ts": 1782986811.968}
{"armed": false, "event": "idle_disarmed", "preset": "car_single", "single_auto": true, "ts": 1782986811.968}
{"armed": false, "event": "idle_disarmed", "preset": "car_single", "single_auto": true, "ts": 1782986812.971}
{"armed": false, "event": "idle_disarmed", "preset": "car_single", "single_auto": true, "ts": 1782986812.971}
{"armed": false, "event": "idle_disarmed", "preset": "car_single", "single_auto": true, "ts": 1782986813.973}
{"armed": false, "event": "idle_disarmed", "preset": "car_single", "single_auto": true, "ts": 1782986813.973}
{"armed": false, "event": "idle_disarmed", "preset": "car_single", "single_auto": true, "ts": 1782986814.976}
{"armed": false, "event": "idle_disarmed", "preset": "car_single", "single_auto": true, "ts": 1782986814.976}
{"armed": false, "event": "idle_disarmed", "preset": "car_single", "single_auto": true, "ts": 1782986815.979}
{"armed": false, "event": "idle_disarmed", "preset": "car_single", "single_auto": true, "ts": 1782986815.979}
{"armed": false, "event": "idle_disarmed", "preset": "car_single", "single_auto": true, "ts": 1782986816.981}
{"armed": false, "event": "idle_disarmed", "preset": "car_single", "single_auto": true, "ts": 1782986816.981}
{"armed": false, "event": "idle_disarmed", "preset": "car_single", "single_auto": true, "ts": 1782986817.984}
{"armed": false, "event": "idle_disarmed", "preset": "car_single", "single_auto": true, "ts": 1782986817.984}
{"armed": false, "event": "idle_disarmed", "preset": "car_single", "single_auto": true, "ts": 1782986818.986}
{"armed": false, "event": "idle_disarmed", "preset": "car_single", "single_auto": true, "ts": 1782986818.986}
{"armed": false, "event": "idle_disarmed", "preset": "car_single", "single_auto": true, "ts": 1782986819.989}
{"armed": false, "event": "idle_disarmed", "preset": "car_single", "single_auto": true, "ts": 1782986819.989}
{"armed": false, "event": "idle_disarmed", "preset": "car_single", "single_auto": true, "ts": 1782986820.991}
{"armed": false, "event": "idle_disarmed", "preset": "car_single", "single_auto": true, "ts": 1782986820.991}
{"armed": false, "event": "idle_disarmed", "preset": "car_single", "single_auto": true, "ts": 1782986821.993}
{"armed": false, "event": "idle_disarmed", "preset": "car_single", "single_auto": true, "ts": 1782986821.993}
{"armed": false, "event": "idle_disarmed", "preset": "car_single", "single_auto": true, "ts": 1782986822.996}
{"armed": false, "event": "idle_disarmed", "preset": "car_single", "single_auto": true, "ts": 1782986822.996}
{"armed": false, "event": "idle_disarmed", "preset": "car_single", "single_auto": true, "ts": 1782986823.998}
{"armed": false, "event": "idle_disarmed", "preset": "car_single", "single_auto": true, "ts": 1782986823.998}
{"armed": false, "event": "idle_disarmed", "preset": "car_single", "single_auto": true, "ts": 1782986825.001}
{"armed": false, "event": "idle_disarmed", "preset": "car_single", "single_auto": true, "ts": 1782986825.001}
{"armed": false, "event": "idle_disarmed", "preset": "car_single", "single_auto": true, "ts": 1782986826.004}
{"armed": false, "event": "idle_disarmed", "preset": "car_single", "single_auto": true, "ts": 1782986826.004}
{"armed": false, "event": "idle_disarmed", "preset": "car_single", "single_auto": true, "ts": 1782986827.006}
{"armed": false, "event": "idle_disarmed", "preset": "car_single", "single_auto": true, "ts": 1782986827.006}
{"armed": false, "event": "idle_disarmed", "preset": "car_single", "single_auto": true, "ts": 1782986828.009}
{"armed": false, "event": "idle_disarmed", "preset": "car_single", "single_auto": true, "ts": 1782986828.009}
{"armed": false, "event": "idle_disarmed", "preset": "car_single", "single_auto": true, "ts": 1782986829.012}
{"armed": false, "event": "idle_disarmed", "preset": "car_single", "single_auto": true, "ts": 1782986829.012}
{"armed": false, "event": "idle_disarmed", "preset": "car_single", "single_auto": true, "ts": 1782986830.014}
{"armed": false, "event": "idle_disarmed", "preset": "car_single", "single_auto": true, "ts": 1782986830.014}
{"armed": false, "event": "idle_disarmed", "preset": "car_single", "single_auto": true, "ts": 1782986831.017}
{"armed": false, "event": "idle_disarmed", "preset": "car_single", "single_auto": true, "ts": 1782986831.017}
{"armed": false, "event": "idle_disarmed", "preset": "car_single", "single_auto": true, "ts": 1782986832.02}
{"armed": false, "event": "idle_disarmed", "preset": "car_single", "single_auto": true, "ts": 1782986832.02}
{"armed": false, "event": "idle_disarmed", "preset": "car_single", "single_auto": true, "ts": 1782986833.022}
{"armed": false, "event": "idle_disarmed", "preset": "car_single", "single_auto": true, "ts": 1782986833.022}
{"armed": false, "event": "idle_disarmed", "preset": "car_single", "single_auto": true, "ts": 1782986834.024}
{"armed": false, "event": "idle_disarmed", "preset": "car_single", "single_auto": true, "ts": 1782986834.024}
{"armed": false, "event": "idle_disarmed", "preset": "car_single", "single_auto": true, "ts": 1782986835.027}
{"armed": false, "event": "idle_disarmed", "preset": "car_single", "single_auto": true, "ts": 1782986835.027}
{"armed": false, "event": "idle_disarmed", "preset": "car_single", "single_auto": true, "ts": 1782986836.029}
{"armed": false, "event": "idle_disarmed", "preset": "car_single", "single_auto": true, "ts": 1782986836.029}
{"armed": false, "event": "idle_disarmed", "preset": "car_single", "single_auto": true, "ts": 1782986837.032}
{"armed": false, "event": "idle_disarmed", "preset": "car_single", "single_auto": true, "ts": 1782986837.032}
{"armed": false, "event": "idle_disarmed", "preset": "car_single", "single_auto": true, "ts": 1782986838.035}
{"armed": false, "event": "idle_disarmed", "preset": "car_single", "single_auto": true, "ts": 1782986838.035}
{"armed": false, "event": "idle_disarmed", "preset": "car_single", "single_auto": true, "ts": 1782986839.037}
{"armed": false, "event": "idle_disarmed", "preset": "car_single", "single_auto": true, "ts": 1782986839.037}
{"armed": false, "event": "idle_disarmed", "preset": "car_single", "single_auto": true, "ts": 1782986840.04}
{"armed": false, "event": "idle_disarmed", "preset": "car_single", "single_auto": true, "ts": 1782986840.04}
{"armed": false, "event": "idle_disarmed", "preset": "car_single", "single_auto": true, "ts": 1782986841.042}
{"armed": false, "event": "idle_disarmed", "preset": "car_single", "single_auto": true, "ts": 1782986841.042}
{"armed": false, "event": "idle_disarmed", "preset": "car_single", "single_auto": true, "ts": 1782986842.045}
{"armed": false, "event": "idle_disarmed", "preset": "car_single", "single_auto": true, "ts": 1782986842.045}
{"armed": false, "event": "idle_disarmed", "preset": "car_single", "single_auto": true, "ts": 1782986843.048}
{"armed": false, "event": "idle_disarmed", "preset": "car_single", "single_auto": true, "ts": 1782986843.048}
{"armed": false, "event": "idle_disarmed", "preset": "car_single", "single_auto": true, "ts": 1782986844.05}
{"armed": false, "event": "idle_disarmed", "preset": "car_single", "single_auto": true, "ts": 1782986844.05}
{"armed": false, "event": "idle_disarmed", "preset": "car_single", "single_auto": true, "ts": 1782986845.053}
{"armed": false, "event": "idle_disarmed", "preset": "car_single", "single_auto": true, "ts": 1782986845.053}
{"armed": false, "event": "idle_disarmed", "preset": "car_single", "single_auto": true, "ts": 1782986846.056}
{"armed": false, "event": "idle_disarmed", "preset": "car_single", "single_auto": true, "ts": 1782986846.056}
{"armed": false, "event": "idle_disarmed", "preset": "car_single", "single_auto": true, "ts": 1782986847.059}
{"armed": false, "event": "idle_disarmed", "preset": "car_single", "single_auto": true, "ts": 1782986847.059}
{"armed": false, "event": "idle_disarmed", "preset": "car_single", "single_auto": true, "ts": 1782986848.061}
{"armed": false, "event": "idle_disarmed", "preset": "car_single", "single_auto": true, "ts": 1782986848.061}
{"armed": false, "event": "idle_disarmed", "preset": "car_single", "single_auto": true, "ts": 1782986849.065}
{"armed": false, "event": "idle_disarmed", "preset": "car_single", "single_auto": true, "ts": 1782986849.065}
{"armed": false, "event": "idle_disarmed", "preset": "car_single", "single_auto": true, "ts": 1782986850.067}
{"armed": false, "event": "idle_disarmed", "preset": "car_single", "single_auto": true, "ts": 1782986850.067}
{"armed": false, "event": "idle_disarmed", "preset": "car_single", "single_auto": true, "ts": 1782986851.07}
{"armed": false, "event": "idle_disarmed", "preset": "car_single", "single_auto": true, "ts": 1782986851.07}
{"armed": false, "event": "idle_disarmed", "preset": "car_single", "single_auto": true, "ts": 1782986852.072}
{"armed": false, "event": "idle_disarmed", "preset": "car_single", "single_auto": true, "ts": 1782986852.072}
{"armed": false, "event": "idle_disarmed", "preset": "car_single", "single_auto": true, "ts": 1782986853.075}
{"armed": false, "event": "idle_disarmed", "preset": "car_single", "single_auto": true, "ts": 1782986853.075}
{"armed": false, "event": "idle_disarmed", "preset": "car_single", "single_auto": true, "ts": 1782986854.078}
{"armed": false, "event": "idle_disarmed", "preset": "car_single", "single_auto": true, "ts": 1782986854.078}
{"armed": false, "event": "idle_disarmed", "preset": "car_single", "single_auto": true, "ts": 1782986855.08}
{"armed": false, "event": "idle_disarmed", "preset": "car_single", "single_auto": true, "ts": 1782986855.08}
{"armed": false, "event": "idle_disarmed", "preset": "car_single", "single_auto": true, "ts": 1782986856.083}
{"armed": false, "event": "idle_disarmed", "preset": "car_single", "single_auto": true, "ts": 1782986856.083}
{"armed": false, "event": "idle_disarmed", "preset": "car_single", "single_auto": true, "ts": 1782986857.085}
{"armed": false, "event": "idle_disarmed", "preset": "car_single", "single_auto": true, "ts": 1782986857.085}
{"armed": false, "event": "idle_disarmed", "preset": "car_single", "single_auto": true, "ts": 1782986858.088}
{"armed": false, "event": "idle_disarmed", "preset": "car_single", "single_auto": true, "ts": 1782986858.088}
{"armed": false, "event": "idle_disarmed", "preset": "car_single", "single_auto": true, "ts": 1782986859.091}
{"armed": false, "event": "idle_disarmed", "preset": "car_single", "single_auto": true, "ts": 1782986859.091}
{"armed": false, "event": "idle_disarmed", "preset": "car_single", "single_auto": true, "ts": 1782986860.094}
{"armed": false, "event": "idle_disarmed", "preset": "car_single", "single_auto": true, "ts": 1782986860.094}
{"armed": false, "event": "idle_disarmed", "preset": "car_single", "single_auto": true, "ts": 1782986861.096}
{"armed": false, "event": "idle_disarmed", "preset": "car_single", "single_auto": true, "ts": 1782986861.096}
{"armed": false, "event": "idle_disarmed", "preset": "car_single", "single_auto": true, "ts": 1782986862.099}
{"armed": false, "event": "idle_disarmed", "preset": "car_single", "single_auto": true, "ts": 1782986862.099}
{"armed": false, "event": "idle_disarmed", "preset": "car_single", "single_auto": true, "ts": 1782986863.101}
{"armed": false, "event": "idle_disarmed", "preset": "car_single", "single_auto": true, "ts": 1782986863.101}
{"armed": false, "event": "idle_disarmed", "preset": "car_single", "single_auto": true, "ts": 1782986864.104}
{"armed": false, "event": "idle_disarmed", "preset": "car_single", "single_auto": true, "ts": 1782986864.104}
{"armed": false, "event": "idle_disarmed", "preset": "car_single", "single_auto": true, "ts": 1782986865.106}
{"armed": false, "event": "idle_disarmed", "preset": "car_single", "single_auto": true, "ts": 1782986865.106}
{"armed": false, "event": "idle_disarmed", "preset": "car_single", "single_auto": true, "ts": 1782986866.109}
{"armed": false, "event": "idle_disarmed", "preset": "car_single", "single_auto": true, "ts": 1782986866.109}
{"armed": false, "event": "idle_disarmed", "preset": "car_single", "single_auto": true, "ts": 1782986867.111}
{"armed": false, "event": "idle_disarmed", "preset": "car_single", "single_auto": true, "ts": 1782986867.111}
{"armed": false, "event": "idle_disarmed", "preset": "car_single", "single_auto": true, "ts": 1782986868.114}
{"armed": false, "event": "idle_disarmed", "preset": "car_single", "single_auto": true, "ts": 1782986868.114}
{"armed": false, "event": "idle_disarmed", "preset": "car_single", "single_auto": true, "ts": 1782986869.117}
{"armed": false, "event": "idle_disarmed", "preset": "car_single", "single_auto": true, "ts": 1782986869.117}
{"armed": false, "event": "idle_disarmed", "preset": "car_single", "single_auto": true, "ts": 1782986870.12}
{"armed": false, "event": "idle_disarmed", "preset": "car_single", "single_auto": true, "ts": 1782986870.12}
{"armed": false, "event": "idle_disarmed", "preset": "car_single", "single_auto": true, "ts": 1782986871.122}
{"armed": false, "event": "idle_disarmed", "preset": "car_single", "single_auto": true, "ts": 1782986871.122}
{"armed": false, "event": "idle_disarmed", "preset": "car_single", "single_auto": true, "ts": 1782986872.125}
{"armed": false, "event": "idle_disarmed", "preset": "car_single", "single_auto": true, "ts": 1782986872.125}
{"armed": false, "event": "idle_disarmed", "preset": "car_single", "single_auto": true, "ts": 1782986873.128}
{"armed": false, "event": "idle_disarmed", "preset": "car_single", "single_auto": true, "ts": 1782986873.128}
{"armed": false, "event": "idle_disarmed", "preset": "car_single", "single_auto": true, "ts": 1782986874.13}
{"armed": false, "event": "idle_disarmed", "preset": "car_single", "single_auto": true, "ts": 1782986874.13}
{"armed": false, "event": "idle_disarmed", "preset": "car_single", "single_auto": true, "ts": 1782986875.133}
{"armed": false, "event": "idle_disarmed", "preset": "car_single", "single_auto": true, "ts": 1782986875.133}
{"armed": false, "event": "idle_disarmed", "preset": "car_single", "single_auto": true, "ts": 1782986876.135}
{"armed": false, "event": "idle_disarmed", "preset": "car_single", "single_auto": true, "ts": 1782986876.135}
{"armed": false, "event": "idle_disarmed", "preset": "car_single", "single_auto": true, "ts": 1782986877.138}
{"armed": false, "event": "idle_disarmed", "preset": "car_single", "single_auto": true, "ts": 1782986877.138}
{"armed": false, "event": "idle_disarmed", "preset": "car_single", "single_auto": true, "ts": 1782986878.14}
{"armed": false, "event": "idle_disarmed", "preset": "car_single", "single_auto": true, "ts": 1782986878.14}
{"armed": false, "event": "idle_disarmed", "preset": "car_single", "single_auto": true, "ts": 1782986879.142}
{"armed": false, "event": "idle_disarmed", "preset": "car_single", "single_auto": true, "ts": 1782986879.142}
{"armed": false, "event": "idle_disarmed", "preset": "car_single", "single_auto": true, "ts": 1782986880.145}
{"armed": false, "event": "idle_disarmed", "preset": "car_single", "single_auto": true, "ts": 1782986880.145}
{"armed": false, "event": "idle_disarmed", "preset": "car_single", "single_auto": true, "ts": 1782986881.147}
{"armed": false, "event": "idle_disarmed", "preset": "car_single", "single_auto": true, "ts": 1782986881.147}
{"armed": false, "event": "idle_disarmed", "preset": "car_single", "single_auto": true, "ts": 1782986882.15}
{"armed": false, "event": "idle_disarmed", "preset": "car_single", "single_auto": true, "ts": 1782986882.15}
{"armed": false, "event": "idle_disarmed", "preset": "car_single", "single_auto": true, "ts": 1782986883.153}
{"armed": false, "event": "idle_disarmed", "preset": "car_single", "single_auto": true, "ts": 1782986883.153}
{"armed": false, "event": "idle_disarmed", "preset": "car_single", "single_auto": true, "ts": 1782986884.155}
{"armed": false, "event": "idle_disarmed", "preset": "car_single", "single_auto": true, "ts": 1782986884.155}
{"armed": false, "event": "idle_disarmed", "preset": "car_single", "single_auto": true, "ts": 1782986885.157}
{"armed": false, "event": "idle_disarmed", "preset": "car_single", "single_auto": true, "ts": 1782986885.157}
{"armed": false, "event": "idle_disarmed", "preset": "car_single", "single_auto": true, "ts": 1782986886.16}
{"armed": false, "event": "idle_disarmed", "preset": "car_single", "single_auto": true, "ts": 1782986886.16}
{"armed": false, "event": "idle_disarmed", "preset": "car_single", "single_auto": true, "ts": 1782986887.162}
{"armed": false, "event": "idle_disarmed", "preset": "car_single", "single_auto": true, "ts": 1782986887.162}
{"armed": false, "event": "idle_disarmed", "preset": "car_single", "single_auto": true, "ts": 1782986888.165}
{"armed": false, "event": "idle_disarmed", "preset": "car_single", "single_auto": true, "ts": 1782986888.165}
{"armed": false, "event": "idle_disarmed", "preset": "car_single", "single_auto": true, "ts": 1782986889.167}
{"armed": false, "event": "idle_disarmed", "preset": "car_single", "single_auto": true, "ts": 1782986889.167}
{"armed": false, "event": "idle_disarmed", "preset": "car_single", "single_auto": true, "ts": 1782986890.17}
{"armed": false, "event": "idle_disarmed", "preset": "car_single", "single_auto": true, "ts": 1782986890.17}
{"armed": false, "event": "idle_disarmed", "preset": "car_single", "single_auto": true, "ts": 1782986891.172}
{"armed": false, "event": "idle_disarmed", "preset": "car_single", "single_auto": true, "ts": 1782986891.172}
{"armed": false, "event": "idle_disarmed", "preset": "car_single", "single_auto": true, "ts": 1782986892.175}
{"armed": false, "event": "idle_disarmed", "preset": "car_single", "single_auto": true, "ts": 1782986892.175}
{"armed": false, "event": "idle_disarmed", "preset": "car_single", "single_auto": true, "ts": 1782986893.178}
{"armed": false, "event": "idle_disarmed", "preset": "car_single", "single_auto": true, "ts": 1782986893.178}
{"armed": false, "event": "idle_disarmed", "preset": "car_single", "single_auto": true, "ts": 1782986894.18}
{"armed": false, "event": "idle_disarmed", "preset": "car_single", "single_auto": true, "ts": 1782986894.18}
{"armed": false, "event": "idle_disarmed", "preset": "car_single", "single_auto": true, "ts": 1782986895.183}
{"armed": false, "event": "idle_disarmed", "preset": "car_single", "single_auto": true, "ts": 1782986895.183}
{"armed": false, "event": "idle_disarmed", "preset": "car_single", "single_auto": true, "ts": 1782986896.186}
{"armed": false, "event": "idle_disarmed", "preset": "car_single", "single_auto": true, "ts": 1782986896.186}
{"armed": false, "event": "idle_disarmed", "preset": "car_single", "single_auto": true, "ts": 1782986897.188}
{"armed": false, "event": "idle_disarmed", "preset": "car_single", "single_auto": true, "ts": 1782986897.188}
{"armed": false, "event": "idle_disarmed", "preset": "car_single", "single_auto": true, "ts": 1782986898.191}
{"armed": false, "event": "idle_disarmed", "preset": "car_single", "single_auto": true, "ts": 1782986898.191}
{"armed": false, "event": "idle_disarmed", "preset": "car_single", "single_auto": true, "ts": 1782986899.194}
{"armed": false, "event": "idle_disarmed", "preset": "car_single", "single_auto": true, "ts": 1782986899.194}
{"armed": false, "event": "idle_disarmed", "preset": "car_single", "single_auto": true, "ts": 1782986900.196}
{"armed": false, "event": "idle_disarmed", "preset": "car_single", "single_auto": true, "ts": 1782986900.196}
{"armed": false, "event": "idle_disarmed", "preset": "car_single", "single_auto": true, "ts": 1782986901.199}
{"armed": false, "event": "idle_disarmed", "preset": "car_single", "single_auto": true, "ts": 1782986901.199}
{"armed": false, "event": "idle_disarmed", "preset": "car_single", "single_auto": true, "ts": 1782986902.202}
{"armed": false, "event": "idle_disarmed", "preset": "car_single", "single_auto": true, "ts": 1782986902.202}
{"armed": false, "event": "idle_disarmed", "preset": "car_single", "single_auto": true, "ts": 1782986903.204}
{"armed": false, "event": "idle_disarmed", "preset": "car_single", "single_auto": true, "ts": 1782986903.204}
{"armed": false, "event": "idle_disarmed", "preset": "car_single", "single_auto": true, "ts": 1782986904.207}
{"armed": false, "event": "idle_disarmed", "preset": "car_single", "single_auto": true, "ts": 1782986904.207}
{"armed": false, "event": "idle_disarmed", "preset": "car_single", "single_auto": true, "ts": 1782986905.209}
{"armed": false, "event": "idle_disarmed", "preset": "car_single", "single_auto": true, "ts": 1782986905.209}
{"armed": false, "event": "idle_disarmed", "preset": "car_single", "single_auto": true, "ts": 1782986906.212}
{"armed": false, "event": "idle_disarmed", "preset": "car_single", "single_auto": true, "ts": 1782986906.212}
{"armed": false, "event": "idle_disarmed", "preset": "car_single", "single_auto": true, "ts": 1782986907.215}
{"armed": false, "event": "idle_disarmed", "preset": "car_single", "single_auto": true, "ts": 1782986907.215}
{"armed": false, "event": "idle_disarmed", "preset": "car_single", "single_auto": true, "ts": 1782986908.217}
{"armed": false, "event": "idle_disarmed", "preset": "car_single", "single_auto": true, "ts": 1782986908.217}
{"armed": false, "event": "idle_disarmed", "preset": "car_single", "single_auto": true, "ts": 1782986909.22}
{"armed": false, "event": "idle_disarmed", "preset": "car_single", "single_auto": true, "ts": 1782986909.22}
{"armed": false, "event": "idle_disarmed", "preset": "car_single", "single_auto": true, "ts": 1782986910.223}
{"armed": false, "event": "idle_disarmed", "preset": "car_single", "single_auto": true, "ts": 1782986910.223}
{"armed": false, "event": "idle_disarmed", "preset": "car_single", "single_auto": true, "ts": 1782986911.225}
{"armed": false, "event": "idle_disarmed", "preset": "car_single", "single_auto": true, "ts": 1782986911.225}
{"armed": false, "event": "idle_disarmed", "preset": "car_single", "single_auto": true, "ts": 1782986912.228}
{"armed": false, "event": "idle_disarmed", "preset": "car_single", "single_auto": true, "ts": 1782986912.228}
{"armed": false, "event": "idle_disarmed", "preset": "car_single", "single_auto": true, "ts": 1782986913.231}
{"armed": false, "event": "idle_disarmed", "preset": "car_single", "single_auto": true, "ts": 1782986913.231}
{"armed": false, "event": "idle_disarmed", "preset": "car_single", "single_auto": true, "ts": 1782986914.234}
{"armed": false, "event": "idle_disarmed", "preset": "car_single", "single_auto": true, "ts": 1782986914.234}
{"armed": false, "event": "idle_disarmed", "preset": "car_single", "single_auto": true, "ts": 1782986915.236}
{"armed": false, "event": "idle_disarmed", "preset": "car_single", "single_auto": true, "ts": 1782986915.236}
{"armed": false, "event": "idle_disarmed", "preset": "car_single", "single_auto": true, "ts": 1782986916.239}
{"armed": false, "event": "idle_disarmed", "preset": "car_single", "single_auto": true, "ts": 1782986916.239}
{"armed": false, "event": "idle_disarmed", "preset": "car_single", "single_auto": true, "ts": 1782986917.242}
{"armed": false, "event": "idle_disarmed", "preset": "car_single", "single_auto": true, "ts": 1782986917.242}
{"armed": false, "event": "idle_disarmed", "preset": "car_single", "single_auto": true, "ts": 1782986918.245}
{"armed": false, "event": "idle_disarmed", "preset": "car_single", "single_auto": true, "ts": 1782986918.245}
{"armed": false, "event": "idle_disarmed", "preset": "car_single", "single_auto": true, "ts": 1782986919.247}
{"armed": false, "event": "idle_disarmed", "preset": "car_single", "single_auto": true, "ts": 1782986919.247}
{"armed": false, "event": "idle_disarmed", "preset": "car_single", "single_auto": true, "ts": 1782986920.25}
{"armed": false, "event": "idle_disarmed", "preset": "car_single", "single_auto": true, "ts": 1782986920.25}
{"armed": false, "event": "idle_disarmed", "preset": "car_single", "single_auto": true, "ts": 1782986921.253}
{"armed": false, "event": "idle_disarmed", "preset": "car_single", "single_auto": true, "ts": 1782986921.253}
{"armed": false, "event": "idle_disarmed", "preset": "car_single", "single_auto": true, "ts": 1782986922.255}
{"armed": false, "event": "idle_disarmed", "preset": "car_single", "single_auto": true, "ts": 1782986922.255}
{"armed": false, "event": "idle_disarmed", "preset": "car_single", "single_auto": true, "ts": 1782986923.258}
{"armed": false, "event": "idle_disarmed", "preset": "car_single", "single_auto": true, "ts": 1782986923.258}
{"armed": false, "event": "idle_disarmed", "preset": "car_single", "single_auto": true, "ts": 1782986924.26}
{"armed": false, "event": "idle_disarmed", "preset": "car_single", "single_auto": true, "ts": 1782986924.26}
{"armed": false, "event": "idle_disarmed", "preset": "car_single", "single_auto": true, "ts": 1782986925.263}
{"armed": false, "event": "idle_disarmed", "preset": "car_single", "single_auto": true, "ts": 1782986925.263}
{"armed": false, "event": "idle_disarmed", "preset": "car_single", "single_auto": true, "ts": 1782986926.265}
{"armed": false, "event": "idle_disarmed", "preset": "car_single", "single_auto": true, "ts": 1782986926.265}
{"armed": false, "event": "idle_disarmed", "preset": "car_single", "single_auto": true, "ts": 1782986927.267}
{"armed": false, "event": "idle_disarmed", "preset": "car_single", "single_auto": true, "ts": 1782986927.267}
{"armed": false, "event": "idle_disarmed", "preset": "car_single", "single_auto": true, "ts": 1782986928.269}
{"armed": false, "event": "idle_disarmed", "preset": "car_single", "single_auto": true, "ts": 1782986928.269}
{"armed": false, "event": "idle_disarmed", "preset": "car_single", "single_auto": true, "ts": 1782986929.272}
{"armed": false, "event": "idle_disarmed", "preset": "car_single", "single_auto": true, "ts": 1782986929.272}
{"armed": false, "event": "idle_disarmed", "preset": "car_single", "single_auto": true, "ts": 1782986930.274}
{"armed": false, "event": "idle_disarmed", "preset": "car_single", "single_auto": true, "ts": 1782986930.274}
{"armed": false, "event": "idle_disarmed", "preset": "car_single", "single_auto": true, "ts": 1782986931.277}
{"armed": false, "event": "idle_disarmed", "preset": "car_single", "single_auto": true, "ts": 1782986931.277}
{"armed": false, "event": "idle_disarmed", "preset": "car_single", "single_auto": true, "ts": 1782986932.28}
{"armed": false, "event": "idle_disarmed", "preset": "car_single", "single_auto": true, "ts": 1782986932.28}
{"armed": false, "event": "idle_disarmed", "preset": "car_single", "single_auto": true, "ts": 1782986933.282}
{"armed": false, "event": "idle_disarmed", "preset": "car_single", "single_auto": true, "ts": 1782986933.282}
{"armed": false, "event": "idle_disarmed", "preset": "car_single", "single_auto": true, "ts": 1782986934.285}
{"armed": false, "event": "idle_disarmed", "preset": "car_single", "single_auto": true, "ts": 1782986934.285}
{"armed": false, "event": "idle_disarmed", "preset": "car_single", "single_auto": true, "ts": 1782986935.287}
{"armed": false, "event": "idle_disarmed", "preset": "car_single", "single_auto": true, "ts": 1782986935.287}
{"armed": false, "event": "idle_disarmed", "preset": "car_single", "single_auto": true, "ts": 1782986936.29}
{"armed": false, "event": "idle_disarmed", "preset": "car_single", "single_auto": true, "ts": 1782986936.29}
{"armed": false, "event": "idle_disarmed", "preset": "car_single", "single_auto": true, "ts": 1782986937.292}
{"armed": false, "event": "idle_disarmed", "preset": "car_single", "single_auto": true, "ts": 1782986937.292}
{"armed": false, "event": "idle_disarmed", "preset": "car_single", "single_auto": true, "ts": 1782986938.295}
{"armed": false, "event": "idle_disarmed", "preset": "car_single", "single_auto": true, "ts": 1782986938.295}
{"armed": false, "event": "idle_disarmed", "preset": "car_single", "single_auto": true, "ts": 1782986939.298}
{"armed": false, "event": "idle_disarmed", "preset": "car_single", "single_auto": true, "ts": 1782986939.298}
{"armed": false, "event": "idle_disarmed", "preset": "car_single", "single_auto": true, "ts": 1782986940.3}
{"armed": false, "event": "idle_disarmed", "preset": "car_single", "single_auto": true, "ts": 1782986940.3}
{"armed": false, "event": "idle_disarmed", "preset": "car_single", "single_auto": true, "ts": 1782986941.303}
{"armed": false, "event": "idle_disarmed", "preset": "car_single", "single_auto": true, "ts": 1782986941.303}
{"armed": false, "event": "idle_disarmed", "preset": "car_single", "single_auto": true, "ts": 1782986942.305}
{"armed": false, "event": "idle_disarmed", "preset": "car_single", "single_auto": true, "ts": 1782986942.305}
{"armed": false, "event": "idle_disarmed", "preset": "car_single", "single_auto": true, "ts": 1782986943.308}
{"armed": false, "event": "idle_disarmed", "preset": "car_single", "single_auto": true, "ts": 1782986943.308}
{"armed": false, "event": "idle_disarmed", "preset": "car_single", "single_auto": true, "ts": 1782986944.31}
{"armed": false, "event": "idle_disarmed", "preset": "car_single", "single_auto": true, "ts": 1782986944.31}
{"armed": false, "event": "idle_disarmed", "preset": "car_single", "single_auto": true, "ts": 1782986945.312}
{"armed": false, "event": "idle_disarmed", "preset": "car_single", "single_auto": true, "ts": 1782986945.312}
{"armed": false, "event": "idle_disarmed", "preset": "car_single", "single_auto": true, "ts": 1782986946.315}
{"armed": false, "event": "idle_disarmed", "preset": "car_single", "single_auto": true, "ts": 1782986946.315}
{"armed": false, "event": "idle_disarmed", "preset": "car_single", "single_auto": true, "ts": 1782986947.317}
{"armed": false, "event": "idle_disarmed", "preset": "car_single", "single_auto": true, "ts": 1782986947.317}
{"armed": false, "event": "idle_disarmed", "preset": "car_single", "single_auto": true, "ts": 1782986948.32}
{"armed": false, "event": "idle_disarmed", "preset": "car_single", "single_auto": true, "ts": 1782986948.32}
{"armed": false, "event": "idle_disarmed", "preset": "car_single", "single_auto": true, "ts": 1782986949.322}
{"armed": false, "event": "idle_disarmed", "preset": "car_single", "single_auto": true, "ts": 1782986949.322}
{"armed": false, "event": "idle_disarmed", "preset": "car_single", "single_auto": true, "ts": 1782986950.324}
{"armed": false, "event": "idle_disarmed", "preset": "car_single", "single_auto": true, "ts": 1782986950.324}
{"armed": false, "event": "idle_disarmed", "preset": "car_single", "single_auto": true, "ts": 1782986951.327}
{"armed": false, "event": "idle_disarmed", "preset": "car_single", "single_auto": true, "ts": 1782986951.327}
{"armed": false, "event": "idle_disarmed", "preset": "car_single", "single_auto": true, "ts": 1782986952.329}
{"armed": false, "event": "idle_disarmed", "preset": "car_single", "single_auto": true, "ts": 1782986952.329}
{"armed": false, "event": "idle_disarmed", "preset": "car_single", "single_auto": true, "ts": 1782986953.332}
{"armed": false, "event": "idle_disarmed", "preset": "car_single", "single_auto": true, "ts": 1782986953.332}
{"armed": false, "event": "idle_disarmed", "preset": "car_single", "single_auto": true, "ts": 1782986954.335}
{"armed": false, "event": "idle_disarmed", "preset": "car_single", "single_auto": true, "ts": 1782986954.335}
{"armed": false, "event": "idle_disarmed", "preset": "car_single", "single_auto": true, "ts": 1782986955.337}
{"armed": false, "event": "idle_disarmed", "preset": "car_single", "single_auto": true, "ts": 1782986955.337}
{"armed": false, "event": "idle_disarmed", "preset": "car_single", "single_auto": true, "ts": 1782986956.34}
{"armed": false, "event": "idle_disarmed", "preset": "car_single", "single_auto": true, "ts": 1782986956.34}
{"armed": false, "event": "idle_disarmed", "preset": "car_single", "single_auto": true, "ts": 1782986957.343}
{"armed": false, "event": "idle_disarmed", "preset": "car_single", "single_auto": true, "ts": 1782986957.343}
{"armed": false, "event": "idle_disarmed", "preset": "car_single", "single_auto": true, "ts": 1782986958.346}
{"armed": false, "event": "idle_disarmed", "preset": "car_single", "single_auto": true, "ts": 1782986958.346}
{"armed": false, "event": "idle_disarmed", "preset": "car_single", "single_auto": true, "ts": 1782986959.348}
{"armed": false, "event": "idle_disarmed", "preset": "car_single", "single_auto": true, "ts": 1782986959.348}
{"armed": false, "event": "idle_disarmed", "preset": "car_single", "single_auto": true, "ts": 1782986960.351}
{"armed": false, "event": "idle_disarmed", "preset": "car_single", "single_auto": true, "ts": 1782986960.351}
{"armed": false, "event": "idle_disarmed", "preset": "car_single", "single_auto": true, "ts": 1782986961.353}
{"armed": false, "event": "idle_disarmed", "preset": "car_single", "single_auto": true, "ts": 1782986961.353}
{"armed": false, "event": "idle_disarmed", "preset": "car_single", "single_auto": true, "ts": 1782986962.356}
{"armed": false, "event": "idle_disarmed", "preset": "car_single", "single_auto": true, "ts": 1782986962.356}
{"armed": false, "event": "idle_disarmed", "preset": "car_single", "single_auto": true, "ts": 1782986963.358}
{"armed": false, "event": "idle_disarmed", "preset": "car_single", "single_auto": true, "ts": 1782986963.358}
{"armed": false, "event": "idle_disarmed", "preset": "car_single", "single_auto": true, "ts": 1782986964.361}
{"armed": false, "event": "idle_disarmed", "preset": "car_single", "single_auto": true, "ts": 1782986964.361}
{"armed": false, "event": "idle_disarmed", "preset": "car_single", "single_auto": true, "ts": 1782986965.364}
{"armed": false, "event": "idle_disarmed", "preset": "car_single", "single_auto": true, "ts": 1782986965.364}
{"armed": false, "event": "idle_disarmed", "preset": "car_single", "single_auto": true, "ts": 1782986966.367}
{"armed": false, "event": "idle_disarmed", "preset": "car_single", "single_auto": true, "ts": 1782986966.367}
{"armed": false, "event": "idle_disarmed", "preset": "car_single", "single_auto": true, "ts": 1782986967.369}
{"armed": false, "event": "idle_disarmed", "preset": "car_single", "single_auto": true, "ts": 1782986967.369}
{"armed": false, "event": "idle_disarmed", "preset": "car_single", "single_auto": true, "ts": 1782986968.372}
{"armed": false, "event": "idle_disarmed", "preset": "car_single", "single_auto": true, "ts": 1782986968.372}
{"armed": false, "event": "idle_disarmed", "preset": "car_single", "single_auto": true, "ts": 1782986969.375}
{"armed": false, "event": "idle_disarmed", "preset": "car_single", "single_auto": true, "ts": 1782986969.375}
{"armed": false, "event": "idle_disarmed", "preset": "car_single", "single_auto": true, "ts": 1782986970.378}
{"armed": false, "event": "idle_disarmed", "preset": "car_single", "single_auto": true, "ts": 1782986970.378}
{"armed": false, "event": "idle_disarmed", "preset": "car_single", "single_auto": true, "ts": 1782986971.38}
{"armed": false, "event": "idle_disarmed", "preset": "car_single", "single_auto": true, "ts": 1782986971.38}
{"armed": false, "event": "idle_disarmed", "preset": "car_single", "single_auto": true, "ts": 1782986972.383}
{"armed": false, "event": "idle_disarmed", "preset": "car_single", "single_auto": true, "ts": 1782986972.383}
{"armed": false, "event": "idle_disarmed", "preset": "car_single", "single_auto": true, "ts": 1782986973.386}
{"armed": false, "event": "idle_disarmed", "preset": "car_single", "single_auto": true, "ts": 1782986973.386}
{"armed": false, "event": "idle_disarmed", "preset": "car_single", "single_auto": true, "ts": 1782986974.389}
{"armed": false, "event": "idle_disarmed", "preset": "car_single", "single_auto": true, "ts": 1782986974.389}
{"armed": false, "event": "idle_disarmed", "preset": "car_single", "single_auto": true, "ts": 1782986975.391}
{"armed": false, "event": "idle_disarmed", "preset": "car_single", "single_auto": true, "ts": 1782986975.391}
{"armed": false, "event": "idle_disarmed", "preset": "car_single", "single_auto": true, "ts": 1782986976.394}
{"armed": false, "event": "idle_disarmed", "preset": "car_single", "single_auto": true, "ts": 1782986976.394}
{"armed": false, "event": "idle_disarmed", "preset": "car_single", "single_auto": true, "ts": 1782986977.396}
{"armed": false, "event": "idle_disarmed", "preset": "car_single", "single_auto": true, "ts": 1782986977.396}
{"armed": false, "event": "idle_disarmed", "preset": "car_single", "single_auto": true, "ts": 1782986978.399}
{"armed": false, "event": "idle_disarmed", "preset": "car_single", "single_auto": true, "ts": 1782986978.399}
{"armed": false, "event": "idle_disarmed", "preset": "car_single", "single_auto": true, "ts": 1782986979.401}
{"armed": false, "event": "idle_disarmed", "preset": "car_single", "single_auto": true, "ts": 1782986979.401}
{"armed": false, "event": "idle_disarmed", "preset": "car_single", "single_auto": true, "ts": 1782986980.404}
{"armed": false, "event": "idle_disarmed", "preset": "car_single", "single_auto": true, "ts": 1782986980.404}
{"armed": false, "event": "idle_disarmed", "preset": "car_single", "single_auto": true, "ts": 1782986981.407}
{"armed": false, "event": "idle_disarmed", "preset": "car_single", "single_auto": true, "ts": 1782986981.407}
{"armed": false, "event": "idle_disarmed", "preset": "car_single", "single_auto": true, "ts": 1782986982.409}
{"armed": false, "event": "idle_disarmed", "preset": "car_single", "single_auto": true, "ts": 1782986982.409}
{"armed": false, "event": "idle_disarmed", "preset": "car_single", "single_auto": true, "ts": 1782986983.412}
{"armed": false, "event": "idle_disarmed", "preset": "car_single", "single_auto": true, "ts": 1782986983.412}
{"armed": false, "event": "idle_disarmed", "preset": "car_single", "single_auto": true, "ts": 1782986984.415}
{"armed": false, "event": "idle_disarmed", "preset": "car_single", "single_auto": true, "ts": 1782986984.415}
{"armed": false, "event": "idle_disarmed", "preset": "car_single", "single_auto": true, "ts": 1782986985.417}
{"armed": false, "event": "idle_disarmed", "preset": "car_single", "single_auto": true, "ts": 1782986985.417}
{"armed": false, "event": "idle_disarmed", "preset": "car_single", "single_auto": true, "ts": 1782986986.42}
{"armed": false, "event": "idle_disarmed", "preset": "car_single", "single_auto": true, "ts": 1782986986.42}
{"armed": false, "event": "idle_disarmed", "preset": "car_single", "single_auto": true, "ts": 1782986987.423}
{"armed": false, "event": "idle_disarmed", "preset": "car_single", "single_auto": true, "ts": 1782986987.423}
{"armed": false, "event": "idle_disarmed", "preset": "car_single", "single_auto": true, "ts": 1782986988.426}
{"armed": false, "event": "idle_disarmed", "preset": "car_single", "single_auto": true, "ts": 1782986988.426}
{"armed": false, "event": "idle_disarmed", "preset": "car_single", "single_auto": true, "ts": 1782986989.428}
{"armed": false, "event": "idle_disarmed", "preset": "car_single", "single_auto": true, "ts": 1782986989.428}
{"armed": false, "event": "idle_disarmed", "preset": "car_single", "single_auto": true, "ts": 1782986990.431}
{"armed": false, "event": "idle_disarmed", "preset": "car_single", "single_auto": true, "ts": 1782986990.431}
{"armed": false, "event": "idle_disarmed", "preset": "car_single", "single_auto": true, "ts": 1782986991.433}
{"armed": false, "event": "idle_disarmed", "preset": "car_single", "single_auto": true, "ts": 1782986991.433}
{"armed": false, "event": "idle_disarmed", "preset": "car_single", "single_auto": true, "ts": 1782986992.436}
{"armed": false, "event": "idle_disarmed", "preset": "car_single", "single_auto": true, "ts": 1782986992.436}
{"armed": false, "event": "idle_disarmed", "preset": "car_single", "single_auto": true, "ts": 1782986993.438}
{"armed": false, "event": "idle_disarmed", "preset": "car_single", "single_auto": true, "ts": 1782986993.438}
{"armed": false, "event": "idle_disarmed", "preset": "car_single", "single_auto": true, "ts": 1782986994.441}
{"armed": false, "event": "idle_disarmed", "preset": "car_single", "single_auto": true, "ts": 1782986994.441}
{"armed": false, "event": "idle_disarmed", "preset": "car_single", "single_auto": true, "ts": 1782986995.444}
{"armed": false, "event": "idle_disarmed", "preset": "car_single", "single_auto": true, "ts": 1782986995.444}
{"armed": false, "event": "idle_disarmed", "preset": "car_single", "single_auto": true, "ts": 1782986996.447}
{"armed": false, "event": "idle_disarmed", "preset": "car_single", "single_auto": true, "ts": 1782986996.447}
{"armed": false, "event": "idle_disarmed", "preset": "car_single", "single_auto": true, "ts": 1782986997.449}
{"armed": false, "event": "idle_disarmed", "preset": "car_single", "single_auto": true, "ts": 1782986997.449}
{"armed": false, "event": "idle_disarmed", "preset": "car_single", "single_auto": true, "ts": 1782986998.452}
{"armed": false, "event": "idle_disarmed", "preset": "car_single", "single_auto": true, "ts": 1782986998.452}
{"armed": false, "event": "idle_disarmed", "preset": "car_single", "single_auto": true, "ts": 1782986999.455}
{"armed": false, "event": "idle_disarmed", "preset": "car_single", "single_auto": true, "ts": 1782986999.455}
{"armed": false, "event": "idle_disarmed", "preset": "car_single", "single_auto": true, "ts": 1782987000.458}
{"armed": false, "event": "idle_disarmed", "preset": "car_single", "single_auto": true, "ts": 1782987000.458}
{"armed": false, "event": "idle_disarmed", "preset": "car_single", "single_auto": true, "ts": 1782987001.46}
{"armed": false, "event": "idle_disarmed", "preset": "car_single", "single_auto": true, "ts": 1782987001.46}
{"armed": false, "event": "idle_disarmed", "preset": "car_single", "single_auto": true, "ts": 1782987002.463}
{"armed": false, "event": "idle_disarmed", "preset": "car_single", "single_auto": true, "ts": 1782987002.463}
{"armed": false, "event": "idle_disarmed", "preset": "car_single", "single_auto": true, "ts": 1782987003.466}
{"armed": false, "event": "idle_disarmed", "preset": "car_single", "single_auto": true, "ts": 1782987003.466}
{"armed": false, "event": "idle_disarmed", "preset": "car_single", "single_auto": true, "ts": 1782987004.469}
{"armed": false, "event": "idle_disarmed", "preset": "car_single", "single_auto": true, "ts": 1782987004.469}
{"armed": false, "event": "idle_disarmed", "preset": "car_single", "single_auto": true, "ts": 1782987005.471}
{"armed": false, "event": "idle_disarmed", "preset": "car_single", "single_auto": true, "ts": 1782987005.471}
{"armed": false, "event": "idle_disarmed", "preset": "car_single", "single_auto": true, "ts": 1782987006.474}
{"armed": false, "event": "idle_disarmed", "preset": "car_single", "single_auto": true, "ts": 1782987006.474}
{"armed": false, "event": "idle_disarmed", "preset": "car_single", "single_auto": true, "ts": 1782987007.476}
{"armed": false, "event": "idle_disarmed", "preset": "car_single", "single_auto": true, "ts": 1782987007.476}
{"armed": false, "event": "idle_disarmed", "preset": "car_single", "single_auto": true, "ts": 1782987008.479}
{"armed": false, "event": "idle_disarmed", "preset": "car_single", "single_auto": true, "ts": 1782987008.479}
{"armed": false, "event": "idle_disarmed", "preset": "car_single", "single_auto": true, "ts": 1782987009.482}
{"armed": false, "event": "idle_disarmed", "preset": "car_single", "single_auto": true, "ts": 1782987009.482}
{"armed": false, "event": "idle_disarmed", "preset": "car_single", "single_auto": true, "ts": 1782987010.485}
{"armed": false, "event": "idle_disarmed", "preset": "car_single", "single_auto": true, "ts": 1782987010.485}
{"armed": false, "event": "idle_disarmed", "preset": "car_single", "single_auto": true, "ts": 1782987011.488}
{"armed": false, "event": "idle_disarmed", "preset": "car_single", "single_auto": true, "ts": 1782987011.488}
{"armed": false, "event": "idle_disarmed", "preset": "car_single", "single_auto": true, "ts": 1782987012.49}
{"armed": false, "event": "idle_disarmed", "preset": "car_single", "single_auto": true, "ts": 1782987012.49}
{"armed": false, "event": "idle_disarmed", "preset": "car_single", "single_auto": true, "ts": 1782987013.493}
{"armed": false, "event": "idle_disarmed", "preset": "car_single", "single_auto": true, "ts": 1782987013.493}
{"armed": false, "event": "idle_disarmed", "preset": "car_single", "single_auto": true, "ts": 1782987014.496}
{"armed": false, "event": "idle_disarmed", "preset": "car_single", "single_auto": true, "ts": 1782987014.496}
{"armed": false, "event": "idle_disarmed", "preset": "car_single", "single_auto": true, "ts": 1782987015.499}
{"armed": false, "event": "idle_disarmed", "preset": "car_single", "single_auto": true, "ts": 1782987015.499}
{"armed": false, "event": "idle_disarmed", "preset": "car_single", "single_auto": true, "ts": 1782987016.501}
{"armed": false, "event": "idle_disarmed", "preset": "car_single", "single_auto": true, "ts": 1782987016.501}
{"armed": false, "event": "idle_disarmed", "preset": "car_single", "single_auto": true, "ts": 1782987017.504}
{"armed": false, "event": "idle_disarmed", "preset": "car_single", "single_auto": true, "ts": 1782987017.504}
{"armed": false, "event": "idle_disarmed", "preset": "car_single", "single_auto": true, "ts": 1782987018.507}
{"armed": false, "event": "idle_disarmed", "preset": "car_single", "single_auto": true, "ts": 1782987018.507}
{"armed": false, "event": "idle_disarmed", "preset": "car_single", "single_auto": true, "ts": 1782987019.509}
{"armed": false, "event": "idle_disarmed", "preset": "car_single", "single_auto": true, "ts": 1782987019.509}
{"armed": false, "event": "idle_disarmed", "preset": "car_single", "single_auto": true, "ts": 1782987020.512}
{"armed": false, "event": "idle_disarmed", "preset": "car_single", "single_auto": true, "ts": 1782987020.512}
{"armed": false, "event": "idle_disarmed", "preset": "car_single", "single_auto": true, "ts": 1782987021.515}
{"armed": false, "event": "idle_disarmed", "preset": "car_single", "single_auto": true, "ts": 1782987021.515}
{"armed": false, "event": "idle_disarmed", "preset": "car_single", "single_auto": true, "ts": 1782987022.517}
{"armed": false, "event": "idle_disarmed", "preset": "car_single", "single_auto": true, "ts": 1782987022.517}
{"armed": false, "event": "idle_disarmed", "preset": "car_single", "single_auto": true, "ts": 1782987023.52}
{"armed": false, "event": "idle_disarmed", "preset": "car_single", "single_auto": true, "ts": 1782987023.52}
{"armed": false, "event": "idle_disarmed", "preset": "car_single", "single_auto": true, "ts": 1782987024.522}
{"armed": false, "event": "idle_disarmed", "preset": "car_single", "single_auto": true, "ts": 1782987024.522}
{"armed": false, "event": "idle_disarmed", "preset": "car_single", "single_auto": true, "ts": 1782987025.525}
{"armed": false, "event": "idle_disarmed", "preset": "car_single", "single_auto": true, "ts": 1782987025.525}
{"armed": false, "event": "idle_disarmed", "preset": "car_single", "single_auto": true, "ts": 1782987026.528}
{"armed": false, "event": "idle_disarmed", "preset": "car_single", "single_auto": true, "ts": 1782987026.528}
{"armed": false, "event": "idle_disarmed", "preset": "car_single", "single_auto": true, "ts": 1782987027.53}
{"armed": false, "event": "idle_disarmed", "preset": "car_single", "single_auto": true, "ts": 1782987027.53}
{"armed": false, "event": "idle_disarmed", "preset": "car_single", "single_auto": true, "ts": 1782987028.532}
{"armed": false, "event": "idle_disarmed", "preset": "car_single", "single_auto": true, "ts": 1782987028.532}
{"armed": false, "event": "idle_disarmed", "preset": "car_single", "single_auto": true, "ts": 1782987029.535}
{"armed": false, "event": "idle_disarmed", "preset": "car_single", "single_auto": true, "ts": 1782987029.535}
{"armed": false, "event": "idle_disarmed", "preset": "car_single", "single_auto": true, "ts": 1782987030.538}
{"armed": false, "event": "idle_disarmed", "preset": "car_single", "single_auto": true, "ts": 1782987030.538}
{"armed": false, "event": "idle_disarmed", "preset": "car_single", "single_auto": true, "ts": 1782987031.54}
{"armed": false, "event": "idle_disarmed", "preset": "car_single", "single_auto": true, "ts": 1782987031.54}
{"armed": false, "event": "idle_disarmed", "preset": "car_single", "single_auto": true, "ts": 1782987032.543}
{"armed": false, "event": "idle_disarmed", "preset": "car_single", "single_auto": true, "ts": 1782987032.543}
{"armed": false, "event": "idle_disarmed", "preset": "car_single", "single_auto": true, "ts": 1782987033.546}
{"armed": false, "event": "idle_disarmed", "preset": "car_single", "single_auto": true, "ts": 1782987033.546}
{"armed": false, "event": "idle_disarmed", "preset": "car_single", "single_auto": true, "ts": 1782987034.549}
{"armed": false, "event": "idle_disarmed", "preset": "car_single", "single_auto": true, "ts": 1782987034.549}
{"armed": false, "event": "idle_disarmed", "preset": "car_single", "single_auto": true, "ts": 1782987035.552}
{"armed": false, "event": "idle_disarmed", "preset": "car_single", "single_auto": true, "ts": 1782987035.552}
{"armed": false, "event": "idle_disarmed", "preset": "car_single", "single_auto": true, "ts": 1782987036.554}
{"armed": false, "event": "idle_disarmed", "preset": "car_single", "single_auto": true, "ts": 1782987036.554}
{"armed": false, "event": "idle_disarmed", "preset": "car_single", "single_auto": true, "ts": 1782987037.556}
{"armed": false, "event": "idle_disarmed", "preset": "car_single", "single_auto": true, "ts": 1782987037.556}
{"armed": false, "event": "idle_disarmed", "preset": "car_single", "single_auto": true, "ts": 1782987038.559}
{"armed": false, "event": "idle_disarmed", "preset": "car_single", "single_auto": true, "ts": 1782987038.559}
{"armed": false, "event": "idle_disarmed", "preset": "car_single", "single_auto": true, "ts": 1782987039.561}
{"armed": false, "event": "idle_disarmed", "preset": "car_single", "single_auto": true, "ts": 1782987039.561}
{"armed": false, "event": "idle_disarmed", "preset": "car_single", "single_auto": true, "ts": 1782987040.564}
{"armed": false, "event": "idle_disarmed", "preset": "car_single", "single_auto": true, "ts": 1782987040.564}
{"armed": false, "event": "idle_disarmed", "preset": "car_single", "single_auto": true, "ts": 1782987041.567}
{"armed": false, "event": "idle_disarmed", "preset": "car_single", "single_auto": true, "ts": 1782987041.567}
{"armed": false, "event": "idle_disarmed", "preset": "car_single", "single_auto": true, "ts": 1782987042.569}
{"armed": false, "event": "idle_disarmed", "preset": "car_single", "single_auto": true, "ts": 1782987042.569}
{"armed": false, "event": "idle_disarmed", "preset": "car_single", "single_auto": true, "ts": 1782987043.572}
{"armed": false, "event": "idle_disarmed", "preset": "car_single", "single_auto": true, "ts": 1782987043.572}
{"armed": false, "event": "idle_disarmed", "preset": "car_single", "single_auto": true, "ts": 1782987044.574}
{"armed": false, "event": "idle_disarmed", "preset": "car_single", "single_auto": true, "ts": 1782987044.574}
{"armed": false, "event": "idle_disarmed", "preset": "car_single", "single_auto": true, "ts": 1782987045.577}
{"armed": false, "event": "idle_disarmed", "preset": "car_single", "single_auto": true, "ts": 1782987045.577}
{"armed": false, "event": "idle_disarmed", "preset": "car_single", "single_auto": true, "ts": 1782987046.58}
{"armed": false, "event": "idle_disarmed", "preset": "car_single", "single_auto": true, "ts": 1782987046.58}
{"armed": false, "event": "idle_disarmed", "preset": "car_single", "single_auto": true, "ts": 1782987047.582}
{"armed": false, "event": "idle_disarmed", "preset": "car_single", "single_auto": true, "ts": 1782987047.582}
{"armed": false, "event": "idle_disarmed", "preset": "car_single", "single_auto": true, "ts": 1782987048.585}
{"armed": false, "event": "idle_disarmed", "preset": "car_single", "single_auto": true, "ts": 1782987048.585}
{"armed": false, "event": "idle_disarmed", "preset": "car_single", "single_auto": true, "ts": 1782987049.588}
{"armed": false, "event": "idle_disarmed", "preset": "car_single", "single_auto": true, "ts": 1782987049.588}
{"armed": false, "event": "idle_disarmed", "preset": "car_single", "single_auto": true, "ts": 1782987050.59}
{"armed": false, "event": "idle_disarmed", "preset": "car_single", "single_auto": true, "ts": 1782987050.59}
{"armed": false, "event": "idle_disarmed", "preset": "car_single", "single_auto": true, "ts": 1782987051.593}
{"armed": false, "event": "idle_disarmed", "preset": "car_single", "single_auto": true, "ts": 1782987051.593}
{"armed": false, "event": "idle_disarmed", "preset": "car_single", "single_auto": true, "ts": 1782987052.595}
{"armed": false, "event": "idle_disarmed", "preset": "car_single", "single_auto": true, "ts": 1782987052.595}
{"armed": false, "event": "idle_disarmed", "preset": "car_single", "single_auto": true, "ts": 1782987053.598}
{"armed": false, "event": "idle_disarmed", "preset": "car_single", "single_auto": true, "ts": 1782987053.598}
{"armed": false, "event": "idle_disarmed", "preset": "car_single", "single_auto": true, "ts": 1782987054.601}
{"armed": false, "event": "idle_disarmed", "preset": "car_single", "single_auto": true, "ts": 1782987054.601}
{"armed": false, "event": "idle_disarmed", "preset": "car_single", "single_auto": true, "ts": 1782987055.603}
{"armed": false, "event": "idle_disarmed", "preset": "car_single", "single_auto": true, "ts": 1782987055.603}
{"armed": false, "event": "idle_disarmed", "preset": "car_single", "single_auto": true, "ts": 1782987056.606}
{"armed": false, "event": "idle_disarmed", "preset": "car_single", "single_auto": true, "ts": 1782987056.606}
{"armed": false, "event": "idle_disarmed", "preset": "car_single", "single_auto": true, "ts": 1782987057.609}
{"armed": false, "event": "idle_disarmed", "preset": "car_single", "single_auto": true, "ts": 1782987057.609}
{"armed": false, "event": "idle_disarmed", "preset": "car_single", "single_auto": true, "ts": 1782987058.611}
{"armed": false, "event": "idle_disarmed", "preset": "car_single", "single_auto": true, "ts": 1782987058.611}
{"armed": false, "event": "idle_disarmed", "preset": "car_single", "single_auto": true, "ts": 1782987059.614}
{"armed": false, "event": "idle_disarmed", "preset": "car_single", "single_auto": true, "ts": 1782987059.614}
{"armed": false, "event": "idle_disarmed", "preset": "car_single", "single_auto": true, "ts": 1782987060.617}
{"armed": false, "event": "idle_disarmed", "preset": "car_single", "single_auto": true, "ts": 1782987060.617}
{"armed": false, "event": "idle_disarmed", "preset": "car_single", "single_auto": true, "ts": 1782987061.619}
{"armed": false, "event": "idle_disarmed", "preset": "car_single", "single_auto": true, "ts": 1782987061.619}
{"armed": false, "event": "idle_disarmed", "preset": "car_single", "single_auto": true, "ts": 1782987062.622}
{"armed": false, "event": "idle_disarmed", "preset": "car_single", "single_auto": true, "ts": 1782987062.622}
{"armed": false, "event": "idle_disarmed", "preset": "car_single", "single_auto": true, "ts": 1782987063.625}
{"armed": false, "event": "idle_disarmed", "preset": "car_single", "single_auto": true, "ts": 1782987063.625}
{"armed": false, "event": "idle_disarmed", "preset": "car_single", "single_auto": true, "ts": 1782987064.627}
{"armed": false, "event": "idle_disarmed", "preset": "car_single", "single_auto": true, "ts": 1782987064.627}
{"armed": false, "event": "idle_disarmed", "preset": "car_single", "single_auto": true, "ts": 1782987065.63}
{"armed": false, "event": "idle_disarmed", "preset": "car_single", "single_auto": true, "ts": 1782987065.63}
{"armed": false, "event": "idle_disarmed", "preset": "car_single", "single_auto": true, "ts": 1782987066.632}
{"armed": false, "event": "idle_disarmed", "preset": "car_single", "single_auto": true, "ts": 1782987066.632}
{"armed": false, "event": "idle_disarmed", "preset": "car_single", "single_auto": true, "ts": 1782987067.634}
{"armed": false, "event": "idle_disarmed", "preset": "car_single", "single_auto": true, "ts": 1782987067.634}
{"armed": false, "event": "idle_disarmed", "preset": "car_single", "single_auto": true, "ts": 1782987068.637}
{"armed": false, "event": "idle_disarmed", "preset": "car_single", "single_auto": true, "ts": 1782987068.637}
{"armed": false, "event": "idle_disarmed", "preset": "car_single", "single_auto": true, "ts": 1782987069.639}
{"armed": false, "event": "idle_disarmed", "preset": "car_single", "single_auto": true, "ts": 1782987069.639}
{"armed": false, "event": "idle_disarmed", "preset": "car_single", "single_auto": true, "ts": 1782987070.641}
{"armed": false, "event": "idle_disarmed", "preset": "car_single", "single_auto": true, "ts": 1782987070.641}
{"armed": false, "event": "idle_disarmed", "preset": "car_single", "single_auto": true, "ts": 1782987071.644}
{"armed": false, "event": "idle_disarmed", "preset": "car_single", "single_auto": true, "ts": 1782987071.644}
{"armed": false, "event": "idle_disarmed", "preset": "car_single", "single_auto": true, "ts": 1782987072.647}
{"armed": false, "event": "idle_disarmed", "preset": "car_single", "single_auto": true, "ts": 1782987072.647}
{"armed": false, "event": "idle_disarmed", "preset": "car_single", "single_auto": true, "ts": 1782987073.649}
{"armed": false, "event": "idle_disarmed", "preset": "car_single", "single_auto": true, "ts": 1782987073.649}
{"armed": false, "event": "idle_disarmed", "preset": "car_single", "single_auto": true, "ts": 1782987074.652}
{"armed": false, "event": "idle_disarmed", "preset": "car_single", "single_auto": true, "ts": 1782987074.652}
{"armed": false, "event": "idle_disarmed", "preset": "car_single", "single_auto": true, "ts": 1782987075.655}
{"armed": false, "event": "idle_disarmed", "preset": "car_single", "single_auto": true, "ts": 1782987075.655}
{"armed": false, "event": "idle_disarmed", "preset": "car_single", "single_auto": true, "ts": 1782987076.657}
{"armed": false, "event": "idle_disarmed", "preset": "car_single", "single_auto": true, "ts": 1782987076.657}
{"armed": false, "event": "idle_disarmed", "preset": "car_single", "single_auto": true, "ts": 1782987077.66}
{"armed": false, "event": "idle_disarmed", "preset": "car_single", "single_auto": true, "ts": 1782987077.66}
{"armed": false, "event": "idle_disarmed", "preset": "car_single", "single_auto": true, "ts": 1782987078.663}
{"armed": false, "event": "idle_disarmed", "preset": "car_single", "single_auto": true, "ts": 1782987078.663}
{"armed": false, "event": "idle_disarmed", "preset": "car_single", "single_auto": true, "ts": 1782987079.666}
{"armed": false, "event": "idle_disarmed", "preset": "car_single", "single_auto": true, "ts": 1782987079.666}
{"armed": false, "event": "idle_disarmed", "preset": "car_single", "single_auto": true, "ts": 1782987080.669}
{"armed": false, "event": "idle_disarmed", "preset": "car_single", "single_auto": true, "ts": 1782987080.669}
{"armed": false, "event": "idle_disarmed", "preset": "car_single", "single_auto": true, "ts": 1782987081.671}
{"armed": false, "event": "idle_disarmed", "preset": "car_single", "single_auto": true, "ts": 1782987081.671}
{"armed": false, "event": "idle_disarmed", "preset": "car_single", "single_auto": true, "ts": 1782987082.673}
{"armed": false, "event": "idle_disarmed", "preset": "car_single", "single_auto": true, "ts": 1782987082.673}
{"armed": false, "event": "idle_disarmed", "preset": "car_single", "single_auto": true, "ts": 1782987083.676}
{"armed": false, "event": "idle_disarmed", "preset": "car_single", "single_auto": true, "ts": 1782987083.676}
{"armed": false, "event": "idle_disarmed", "preset": "car_single", "single_auto": true, "ts": 1782987084.678}
{"armed": false, "event": "idle_disarmed", "preset": "car_single", "single_auto": true, "ts": 1782987084.678}
{"armed": false, "event": "idle_disarmed", "preset": "car_single", "single_auto": true, "ts": 1782987085.68}
{"armed": false, "event": "idle_disarmed", "preset": "car_single", "single_auto": true, "ts": 1782987085.68}
{"armed": false, "event": "idle_disarmed", "preset": "car_single", "single_auto": true, "ts": 1782987086.683}
{"armed": false, "event": "idle_disarmed", "preset": "car_single", "single_auto": true, "ts": 1782987086.683}
{"armed": false, "event": "idle_disarmed", "preset": "car_single", "single_auto": true, "ts": 1782987087.686}
{"armed": false, "event": "idle_disarmed", "preset": "car_single", "single_auto": true, "ts": 1782987087.686}
{"armed": false, "event": "idle_disarmed", "preset": "car_single", "single_auto": true, "ts": 1782987088.688}
{"armed": false, "event": "idle_disarmed", "preset": "car_single", "single_auto": true, "ts": 1782987088.688}
{"armed": false, "event": "idle_disarmed", "preset": "car_single", "single_auto": true, "ts": 1782987089.691}
{"armed": false, "event": "idle_disarmed", "preset": "car_single", "single_auto": true, "ts": 1782987089.691}
{"armed": false, "event": "idle_disarmed", "preset": "car_single", "single_auto": true, "ts": 1782987090.693}
{"armed": false, "event": "idle_disarmed", "preset": "car_single", "single_auto": true, "ts": 1782987090.693}
{"armed": false, "event": "idle_disarmed", "preset": "car_single", "single_auto": true, "ts": 1782987091.696}
{"armed": false, "event": "idle_disarmed", "preset": "car_single", "single_auto": true, "ts": 1782987091.696}
{"armed": false, "event": "idle_disarmed", "preset": "car_single", "single_auto": true, "ts": 1782987092.699}
{"armed": false, "event": "idle_disarmed", "preset": "car_single", "single_auto": true, "ts": 1782987092.699}
{"armed": false, "event": "idle_disarmed", "preset": "car_single", "single_auto": true, "ts": 1782987093.702}
{"armed": false, "event": "idle_disarmed", "preset": "car_single", "single_auto": true, "ts": 1782987093.702}
{"armed": false, "event": "idle_disarmed", "preset": "car_single", "single_auto": true, "ts": 1782987094.704}
{"armed": false, "event": "idle_disarmed", "preset": "car_single", "single_auto": true, "ts": 1782987094.704}
{"armed": false, "event": "idle_disarmed", "preset": "car_single", "single_auto": true, "ts": 1782987095.707}
{"armed": false, "event": "idle_disarmed", "preset": "car_single", "single_auto": true, "ts": 1782987095.707}
{"armed": false, "event": "idle_disarmed", "preset": "car_single", "single_auto": true, "ts": 1782987096.71}
{"armed": false, "event": "idle_disarmed", "preset": "car_single", "single_auto": true, "ts": 1782987096.71}
{"armed": false, "event": "idle_disarmed", "preset": "car_single", "single_auto": true, "ts": 1782987097.712}
{"armed": false, "event": "idle_disarmed", "preset": "car_single", "single_auto": true, "ts": 1782987097.712}
{"armed": false, "event": "idle_disarmed", "preset": "car_single", "single_auto": true, "ts": 1782987098.715}
{"armed": false, "event": "idle_disarmed", "preset": "car_single", "single_auto": true, "ts": 1782987098.715}
{"armed": false, "event": "idle_disarmed", "preset": "car_single", "single_auto": true, "ts": 1782987099.717}
{"armed": false, "event": "idle_disarmed", "preset": "car_single", "single_auto": true, "ts": 1782987099.717}
{"armed": false, "event": "idle_disarmed", "preset": "car_single", "single_auto": true, "ts": 1782987100.72}
{"armed": false, "event": "idle_disarmed", "preset": "car_single", "single_auto": true, "ts": 1782987100.72}
{"armed": false, "event": "idle_disarmed", "preset": "car_single", "single_auto": true, "ts": 1782987101.722}
{"armed": false, "event": "idle_disarmed", "preset": "car_single", "single_auto": true, "ts": 1782987101.722}
{"armed": false, "event": "idle_disarmed", "preset": "car_single", "single_auto": true, "ts": 1782987102.725}
{"armed": false, "event": "idle_disarmed", "preset": "car_single", "single_auto": true, "ts": 1782987102.725}
{"armed": false, "event": "idle_disarmed", "preset": "car_single", "single_auto": true, "ts": 1782987103.727}
{"armed": false, "event": "idle_disarmed", "preset": "car_single", "single_auto": true, "ts": 1782987103.727}
{"armed": false, "event": "idle_disarmed", "preset": "car_single", "single_auto": true, "ts": 1782987104.729}
{"armed": false, "event": "idle_disarmed", "preset": "car_single", "single_auto": true, "ts": 1782987104.729}
{"armed": false, "event": "idle_disarmed", "preset": "car_single", "single_auto": true, "ts": 1782987105.732}
{"armed": false, "event": "idle_disarmed", "preset": "car_single", "single_auto": true, "ts": 1782987105.732}
{"armed": false, "event": "idle_disarmed", "preset": "car_single", "single_auto": true, "ts": 1782987106.734}
{"armed": false, "event": "idle_disarmed", "preset": "car_single", "single_auto": true, "ts": 1782987106.734}
{"armed": false, "event": "idle_disarmed", "preset": "car_single", "single_auto": true, "ts": 1782987107.736}
{"armed": false, "event": "idle_disarmed", "preset": "car_single", "single_auto": true, "ts": 1782987107.736}
{"armed": false, "event": "idle_disarmed", "preset": "car_single", "single_auto": true, "ts": 1782987108.739}
{"armed": false, "event": "idle_disarmed", "preset": "car_single", "single_auto": true, "ts": 1782987108.739}
{"armed": false, "event": "idle_disarmed", "preset": "car_single", "single_auto": true, "ts": 1782987109.741}
{"armed": false, "event": "idle_disarmed", "preset": "car_single", "single_auto": true, "ts": 1782987109.741}
{"armed": false, "event": "idle_disarmed", "preset": "car_single", "single_auto": true, "ts": 1782987110.744}
{"armed": false, "event": "idle_disarmed", "preset": "car_single", "single_auto": true, "ts": 1782987110.744}
{"armed": false, "event": "idle_disarmed", "preset": "car_single", "single_auto": true, "ts": 1782987111.747}
{"armed": false, "event": "idle_disarmed", "preset": "car_single", "single_auto": true, "ts": 1782987111.747}
{"armed": false, "event": "idle_disarmed", "preset": "car_single", "single_auto": true, "ts": 1782987112.749}
{"armed": false, "event": "idle_disarmed", "preset": "car_single", "single_auto": true, "ts": 1782987112.749}
{"armed": false, "event": "idle_disarmed", "preset": "car_single", "single_auto": true, "ts": 1782987113.752}
{"armed": false, "event": "idle_disarmed", "preset": "car_single", "single_auto": true, "ts": 1782987113.752}
{"armed": false, "event": "idle_disarmed", "preset": "car_single", "single_auto": true, "ts": 1782987114.755}
{"armed": false, "event": "idle_disarmed", "preset": "car_single", "single_auto": true, "ts": 1782987114.755}
{"armed": false, "event": "idle_disarmed", "preset": "car_single", "single_auto": true, "ts": 1782987115.757}
{"armed": false, "event": "idle_disarmed", "preset": "car_single", "single_auto": true, "ts": 1782987115.757}
{"armed": false, "event": "idle_disarmed", "preset": "car_single", "single_auto": true, "ts": 1782987116.76}
{"armed": false, "event": "idle_disarmed", "preset": "car_single", "single_auto": true, "ts": 1782987116.76}
{"armed": false, "event": "idle_disarmed", "preset": "car_single", "single_auto": true, "ts": 1782987117.762}
{"armed": false, "event": "idle_disarmed", "preset": "car_single", "single_auto": true, "ts": 1782987117.762}
{"armed": false, "event": "idle_disarmed", "preset": "car_single", "single_auto": true, "ts": 1782987118.765}
{"armed": false, "event": "idle_disarmed", "preset": "car_single", "single_auto": true, "ts": 1782987118.765}
{"armed": false, "event": "idle_disarmed", "preset": "car_single", "single_auto": true, "ts": 1782987119.768}
{"armed": false, "event": "idle_disarmed", "preset": "car_single", "single_auto": true, "ts": 1782987119.768}
{"armed": false, "event": "idle_disarmed", "preset": "car_single", "single_auto": true, "ts": 1782987120.77}
{"armed": false, "event": "idle_disarmed", "preset": "car_single", "single_auto": true, "ts": 1782987120.77}
{"armed": false, "event": "idle_disarmed", "preset": "car_single", "single_auto": true, "ts": 1782987121.773}
{"armed": false, "event": "idle_disarmed", "preset": "car_single", "single_auto": true, "ts": 1782987121.773}
{"armed": false, "event": "idle_disarmed", "preset": "car_single", "single_auto": true, "ts": 1782987122.775}
{"armed": false, "event": "idle_disarmed", "preset": "car_single", "single_auto": true, "ts": 1782987122.775}
{"armed": false, "event": "idle_disarmed", "preset": "car_single", "single_auto": true, "ts": 1782987123.778}
{"armed": false, "event": "idle_disarmed", "preset": "car_single", "single_auto": true, "ts": 1782987123.778}
{"armed": false, "event": "idle_disarmed", "preset": "car_single", "single_auto": true, "ts": 1782987124.781}
{"armed": false, "event": "idle_disarmed", "preset": "car_single", "single_auto": true, "ts": 1782987124.781}
{"armed": false, "event": "idle_disarmed", "preset": "car_single", "single_auto": true, "ts": 1782987125.784}
{"armed": false, "event": "idle_disarmed", "preset": "car_single", "single_auto": true, "ts": 1782987125.784}
{"armed": false, "event": "idle_disarmed", "preset": "car_single", "single_auto": true, "ts": 1782987126.786}
{"armed": false, "event": "idle_disarmed", "preset": "car_single", "single_auto": true, "ts": 1782987126.786}
{"armed": false, "event": "idle_disarmed", "preset": "car_single", "single_auto": true, "ts": 1782987127.789}
{"armed": false, "event": "idle_disarmed", "preset": "car_single", "single_auto": true, "ts": 1782987127.789}
{"armed": false, "event": "idle_disarmed", "preset": "car_single", "single_auto": true, "ts": 1782987128.791}
{"armed": false, "event": "idle_disarmed", "preset": "car_single", "single_auto": true, "ts": 1782987128.791}
{"armed": false, "event": "idle_disarmed", "preset": "car_single", "single_auto": true, "ts": 1782987129.794}
{"armed": false, "event": "idle_disarmed", "preset": "car_single", "single_auto": true, "ts": 1782987129.794}
{"armed": false, "event": "idle_disarmed", "preset": "car_single", "single_auto": true, "ts": 1782987130.796}
{"armed": false, "event": "idle_disarmed", "preset": "car_single", "single_auto": true, "ts": 1782987130.796}
{"armed": false, "event": "idle_disarmed", "preset": "car_single", "single_auto": true, "ts": 1782987131.799}
{"armed": false, "event": "idle_disarmed", "preset": "car_single", "single_auto": true, "ts": 1782987131.799}
{"armed": false, "event": "idle_disarmed", "preset": "car_single", "single_auto": true, "ts": 1782987132.801}
{"armed": false, "event": "idle_disarmed", "preset": "car_single", "single_auto": true, "ts": 1782987132.801}
{"armed": false, "event": "idle_disarmed", "preset": "car_single", "single_auto": true, "ts": 1782987133.803}
{"armed": false, "event": "idle_disarmed", "preset": "car_single", "single_auto": true, "ts": 1782987133.803}
{"armed": false, "event": "idle_disarmed", "preset": "car_single", "single_auto": true, "ts": 1782987134.806}
{"armed": false, "event": "idle_disarmed", "preset": "car_single", "single_auto": true, "ts": 1782987134.806}
{"armed": false, "event": "idle_disarmed", "preset": "car_single", "single_auto": true, "ts": 1782987135.808}
{"armed": false, "event": "idle_disarmed", "preset": "car_single", "single_auto": true, "ts": 1782987135.808}
{"armed": false, "event": "idle_disarmed", "preset": "car_single", "single_auto": true, "ts": 1782987136.811}
{"armed": false, "event": "idle_disarmed", "preset": "car_single", "single_auto": true, "ts": 1782987136.811}
{"armed": false, "event": "idle_disarmed", "preset": "car_single", "single_auto": true, "ts": 1782987137.813}
{"armed": false, "event": "idle_disarmed", "preset": "car_single", "single_auto": true, "ts": 1782987137.813}
{"armed": false, "event": "idle_disarmed", "preset": "car_single", "single_auto": true, "ts": 1782987138.815}
{"armed": false, "event": "idle_disarmed", "preset": "car_single", "single_auto": true, "ts": 1782987138.815}
{"armed": false, "event": "idle_disarmed", "preset": "car_single", "single_auto": true, "ts": 1782987139.818}
{"armed": false, "event": "idle_disarmed", "preset": "car_single", "single_auto": true, "ts": 1782987139.818}
{"armed": false, "event": "idle_disarmed", "preset": "car_single", "single_auto": true, "ts": 1782987140.82}
{"armed": false, "event": "idle_disarmed", "preset": "car_single", "single_auto": true, "ts": 1782987140.82}
{"armed": false, "event": "idle_disarmed", "preset": "car_single", "single_auto": true, "ts": 1782987141.823}
{"armed": false, "event": "idle_disarmed", "preset": "car_single", "single_auto": true, "ts": 1782987141.823}
{"armed": false, "event": "idle_disarmed", "preset": "car_single", "single_auto": true, "ts": 1782987142.826}
{"armed": false, "event": "idle_disarmed", "preset": "car_single", "single_auto": true, "ts": 1782987142.826}
{"armed": false, "event": "idle_disarmed", "preset": "car_single", "single_auto": true, "ts": 1782987143.828}
{"armed": false, "event": "idle_disarmed", "preset": "car_single", "single_auto": true, "ts": 1782987143.828}
{"armed": false, "event": "idle_disarmed", "preset": "car_single", "single_auto": true, "ts": 1782987144.831}
{"armed": false, "event": "idle_disarmed", "preset": "car_single", "single_auto": true, "ts": 1782987144.831}
{"armed": false, "event": "idle_disarmed", "preset": "car_single", "single_auto": true, "ts": 1782987145.833}
{"armed": false, "event": "idle_disarmed", "preset": "car_single", "single_auto": true, "ts": 1782987145.833}
{"armed": false, "event": "idle_disarmed", "preset": "car_single", "single_auto": true, "ts": 1782987146.835}
{"armed": false, "event": "idle_disarmed", "preset": "car_single", "single_auto": true, "ts": 1782987146.835}
{"armed": false, "event": "idle_disarmed", "preset": "car_single", "single_auto": true, "ts": 1782987147.838}
{"armed": false, "event": "idle_disarmed", "preset": "car_single", "single_auto": true, "ts": 1782987147.838}
{"armed": false, "event": "idle_disarmed", "preset": "car_single", "single_auto": true, "ts": 1782987148.841}
{"armed": false, "event": "idle_disarmed", "preset": "car_single", "single_auto": true, "ts": 1782987148.841}
{"armed": false, "event": "idle_disarmed", "preset": "car_single", "single_auto": true, "ts": 1782987149.844}
{"armed": false, "event": "idle_disarmed", "preset": "car_single", "single_auto": true, "ts": 1782987149.844}
{"armed": false, "event": "idle_disarmed", "preset": "car_single", "single_auto": true, "ts": 1782987150.847}
{"armed": false, "event": "idle_disarmed", "preset": "car_single", "single_auto": true, "ts": 1782987150.847}
{"armed": false, "event": "idle_disarmed", "preset": "car_single", "single_auto": true, "ts": 1782987151.849}
{"armed": false, "event": "idle_disarmed", "preset": "car_single", "single_auto": true, "ts": 1782987151.849}
{"armed": false, "event": "idle_disarmed", "preset": "car_single", "single_auto": true, "ts": 1782987152.852}
{"armed": false, "event": "idle_disarmed", "preset": "car_single", "single_auto": true, "ts": 1782987152.852}
{"armed": false, "event": "idle_disarmed", "preset": "car_single", "single_auto": true, "ts": 1782987153.855}
{"armed": false, "event": "idle_disarmed", "preset": "car_single", "single_auto": true, "ts": 1782987153.855}
{"armed": false, "event": "idle_disarmed", "preset": "car_single", "single_auto": true, "ts": 1782987154.857}
{"armed": false, "event": "idle_disarmed", "preset": "car_single", "single_auto": true, "ts": 1782987154.857}
{"armed": false, "event": "idle_disarmed", "preset": "car_single", "single_auto": true, "ts": 1782987155.86}
{"armed": false, "event": "idle_disarmed", "preset": "car_single", "single_auto": true, "ts": 1782987155.86}
{"armed": false, "event": "idle_disarmed", "preset": "car_single", "single_auto": true, "ts": 1782987156.862}
{"armed": false, "event": "idle_disarmed", "preset": "car_single", "single_auto": true, "ts": 1782987156.862}
{"armed": false, "event": "idle_disarmed", "preset": "car_single", "single_auto": true, "ts": 1782987157.865}
{"armed": false, "event": "idle_disarmed", "preset": "car_single", "single_auto": true, "ts": 1782987157.865}
{"armed": false, "event": "idle_disarmed", "preset": "car_single", "single_auto": true, "ts": 1782987158.868}
{"armed": false, "event": "idle_disarmed", "preset": "car_single", "single_auto": true, "ts": 1782987158.868}
{"armed": false, "event": "idle_disarmed", "preset": "car_single", "single_auto": true, "ts": 1782987159.87}
{"armed": false, "event": "idle_disarmed", "preset": "car_single", "single_auto": true, "ts": 1782987159.87}
{"armed": false, "event": "idle_disarmed", "preset": "car_single", "single_auto": true, "ts": 1782987160.873}
{"armed": false, "event": "idle_disarmed", "preset": "car_single", "single_auto": true, "ts": 1782987160.873}
{"armed": false, "event": "idle_disarmed", "preset": "car_single", "single_auto": true, "ts": 1782987161.876}
{"armed": false, "event": "idle_disarmed", "preset": "car_single", "single_auto": true, "ts": 1782987161.876}
{"armed": false, "event": "idle_disarmed", "preset": "car_single", "single_auto": true, "ts": 1782987162.879}
{"armed": false, "event": "idle_disarmed", "preset": "car_single", "single_auto": true, "ts": 1782987162.879}
{"armed": false, "event": "idle_disarmed", "preset": "car_single", "single_auto": true, "ts": 1782987163.881}
{"armed": false, "event": "idle_disarmed", "preset": "car_single", "single_auto": true, "ts": 1782987163.881}
{"armed": false, "event": "idle_disarmed", "preset": "car_single", "single_auto": true, "ts": 1782987164.884}
{"armed": false, "event": "idle_disarmed", "preset": "car_single", "single_auto": true, "ts": 1782987164.884}
{"armed": false, "event": "idle_disarmed", "preset": "car_single", "single_auto": true, "ts": 1782987165.887}
{"armed": false, "event": "idle_disarmed", "preset": "car_single", "single_auto": true, "ts": 1782987165.887}
{"armed": false, "event": "idle_disarmed", "preset": "car_single", "single_auto": true, "ts": 1782987166.889}
{"armed": false, "event": "idle_disarmed", "preset": "car_single", "single_auto": true, "ts": 1782987166.889}
{"armed": false, "event": "idle_disarmed", "preset": "car_single", "single_auto": true, "ts": 1782987167.892}
{"armed": false, "event": "idle_disarmed", "preset": "car_single", "single_auto": true, "ts": 1782987167.892}
{"armed": false, "event": "idle_disarmed", "preset": "car_single", "single_auto": true, "ts": 1782987168.895}
{"armed": false, "event": "idle_disarmed", "preset": "car_single", "single_auto": true, "ts": 1782987168.895}
{"armed": false, "event": "idle_disarmed", "preset": "car_single", "single_auto": true, "ts": 1782987169.897}
{"armed": false, "event": "idle_disarmed", "preset": "car_single", "single_auto": true, "ts": 1782987169.897}
{"armed": false, "event": "idle_disarmed", "preset": "car_single", "single_auto": true, "ts": 1782987170.9}
{"armed": false, "event": "idle_disarmed", "preset": "car_single", "single_auto": true, "ts": 1782987170.9}
{"armed": false, "event": "idle_disarmed", "preset": "car_single", "single_auto": true, "ts": 1782987171.904}
{"armed": false, "event": "idle_disarmed", "preset": "car_single", "single_auto": true, "ts": 1782987171.904}
{"armed": false, "event": "idle_disarmed", "preset": "car_single", "single_auto": true, "ts": 1782987172.906}
{"armed": false, "event": "idle_disarmed", "preset": "car_single", "single_auto": true, "ts": 1782987172.906}
{"armed": false, "event": "idle_disarmed", "preset": "car_single", "single_auto": true, "ts": 1782987173.909}
{"armed": false, "event": "idle_disarmed", "preset": "car_single", "single_auto": true, "ts": 1782987173.909}
{"armed": false, "event": "idle_disarmed", "preset": "car_single", "single_auto": true, "ts": 1782987174.911}
{"armed": false, "event": "idle_disarmed", "preset": "car_single", "single_auto": true, "ts": 1782987174.911}
{"armed": false, "event": "idle_disarmed", "preset": "car_single", "single_auto": true, "ts": 1782987175.914}
{"armed": false, "event": "idle_disarmed", "preset": "car_single", "single_auto": true, "ts": 1782987175.914}
{"armed": false, "event": "idle_disarmed", "preset": "car_single", "single_auto": true, "ts": 1782987176.916}
{"armed": false, "event": "idle_disarmed", "preset": "car_single", "single_auto": true, "ts": 1782987176.916}
{"armed": false, "event": "idle_disarmed", "preset": "car_single", "single_auto": true, "ts": 1782987177.919}
{"armed": false, "event": "idle_disarmed", "preset": "car_single", "single_auto": true, "ts": 1782987177.919}
{"armed": false, "event": "idle_disarmed", "preset": "car_single", "single_auto": true, "ts": 1782987178.922}
{"armed": false, "event": "idle_disarmed", "preset": "car_single", "single_auto": true, "ts": 1782987178.922}
{"armed": false, "event": "idle_disarmed", "preset": "car_single", "single_auto": true, "ts": 1782987179.924}
{"armed": false, "event": "idle_disarmed", "preset": "car_single", "single_auto": true, "ts": 1782987179.924}
{"armed": false, "event": "idle_disarmed", "preset": "car_single", "single_auto": true, "ts": 1782987180.927}
{"armed": false, "event": "idle_disarmed", "preset": "car_single", "single_auto": true, "ts": 1782987180.927}
{"armed": false, "event": "idle_disarmed", "preset": "car_single", "single_auto": true, "ts": 1782987181.929}
{"armed": false, "event": "idle_disarmed", "preset": "car_single", "single_auto": true, "ts": 1782987181.929}
{"armed": false, "event": "idle_disarmed", "preset": "car_single", "single_auto": true, "ts": 1782987182.932}
{"armed": false, "event": "idle_disarmed", "preset": "car_single", "single_auto": true, "ts": 1782987182.932}
{"armed": false, "event": "idle_disarmed", "preset": "car_single", "single_auto": true, "ts": 1782987183.935}
{"armed": false, "event": "idle_disarmed", "preset": "car_single", "single_auto": true, "ts": 1782987183.935}
{"armed": false, "event": "idle_disarmed", "preset": "car_single", "single_auto": true, "ts": 1782987184.937}
{"armed": false, "event": "idle_disarmed", "preset": "car_single", "single_auto": true, "ts": 1782987184.937}
{"armed": false, "event": "idle_disarmed", "preset": "car_single", "single_auto": true, "ts": 1782987185.94}
{"armed": false, "event": "idle_disarmed", "preset": "car_single", "single_auto": true, "ts": 1782987185.94}
{"armed": false, "event": "idle_disarmed", "preset": "car_single", "single_auto": true, "ts": 1782987186.943}
{"armed": false, "event": "idle_disarmed", "preset": "car_single", "single_auto": true, "ts": 1782987186.943}
{"armed": false, "event": "idle_disarmed", "preset": "car_single", "single_auto": true, "ts": 1782987187.946}
{"armed": false, "event": "idle_disarmed", "preset": "car_single", "single_auto": true, "ts": 1782987187.946}
{"armed": false, "event": "idle_disarmed", "preset": "car_single", "single_auto": true, "ts": 1782987188.949}
{"armed": false, "event": "idle_disarmed", "preset": "car_single", "single_auto": true, "ts": 1782987188.949}
{"armed": false, "event": "idle_disarmed", "preset": "car_single", "single_auto": true, "ts": 1782987189.951}
{"armed": false, "event": "idle_disarmed", "preset": "car_single", "single_auto": true, "ts": 1782987189.951}
{"armed": false, "event": "idle_disarmed", "preset": "car_single", "single_auto": true, "ts": 1782987190.954}
{"armed": false, "event": "idle_disarmed", "preset": "car_single", "single_auto": true, "ts": 1782987190.954}
{"armed": false, "event": "idle_disarmed", "preset": "car_single", "single_auto": true, "ts": 1782987191.957}
{"armed": false, "event": "idle_disarmed", "preset": "car_single", "single_auto": true, "ts": 1782987191.957}
{"armed": false, "event": "idle_disarmed", "preset": "car_single", "single_auto": true, "ts": 1782987192.959}
{"armed": false, "event": "idle_disarmed", "preset": "car_single", "single_auto": true, "ts": 1782987192.959}
{"armed": false, "event": "idle_disarmed", "preset": "car_single", "single_auto": true, "ts": 1782987193.961}
{"armed": false, "event": "idle_disarmed", "preset": "car_single", "single_auto": true, "ts": 1782987193.961}
{"armed": false, "event": "idle_disarmed", "preset": "car_single", "single_auto": true, "ts": 1782987194.964}
{"armed": false, "event": "idle_disarmed", "preset": "car_single", "single_auto": true, "ts": 1782987194.964}
{"armed": false, "event": "idle_disarmed", "preset": "car_single", "single_auto": true, "ts": 1782987195.967}
{"armed": false, "event": "idle_disarmed", "preset": "car_single", "single_auto": true, "ts": 1782987195.967}
{"armed": false, "event": "idle_disarmed", "preset": "car_single", "single_auto": true, "ts": 1782987196.969}
{"armed": false, "event": "idle_disarmed", "preset": "car_single", "single_auto": true, "ts": 1782987196.969}
{"armed": false, "event": "idle_disarmed", "preset": "car_single", "single_auto": true, "ts": 1782987197.971}
{"armed": false, "event": "idle_disarmed", "preset": "car_single", "single_auto": true, "ts": 1782987197.971}
{"armed": false, "event": "idle_disarmed", "preset": "car_single", "single_auto": true, "ts": 1782987198.974}
{"armed": false, "event": "idle_disarmed", "preset": "car_single", "single_auto": true, "ts": 1782987198.974}
{"armed": false, "event": "idle_disarmed", "preset": "car_single", "single_auto": true, "ts": 1782987199.976}
{"armed": false, "event": "idle_disarmed", "preset": "car_single", "single_auto": true, "ts": 1782987199.976}
{"armed": false, "event": "idle_disarmed", "preset": "car_single", "single_auto": true, "ts": 1782987200.979}
{"armed": false, "event": "idle_disarmed", "preset": "car_single", "single_auto": true, "ts": 1782987200.979}
{"armed": false, "event": "idle_disarmed", "preset": "car_single", "single_auto": true, "ts": 1782987201.981}
{"armed": false, "event": "idle_disarmed", "preset": "car_single", "single_auto": true, "ts": 1782987201.981}
{"armed": false, "event": "idle_disarmed", "preset": "car_single", "single_auto": true, "ts": 1782987202.984}
{"armed": false, "event": "idle_disarmed", "preset": "car_single", "single_auto": true, "ts": 1782987202.984}
{"armed": false, "event": "idle_disarmed", "preset": "car_single", "single_auto": true, "ts": 1782987203.986}
{"armed": false, "event": "idle_disarmed", "preset": "car_single", "single_auto": true, "ts": 1782987203.986}
{"armed": false, "event": "idle_disarmed", "preset": "car_single", "single_auto": true, "ts": 1782987204.989}
{"armed": false, "event": "idle_disarmed", "preset": "car_single", "single_auto": true, "ts": 1782987204.989}
{"armed": false, "event": "idle_disarmed", "preset": "car_single", "single_auto": true, "ts": 1782987205.991}
{"armed": false, "event": "idle_disarmed", "preset": "car_single", "single_auto": true, "ts": 1782987205.991}
{"armed": false, "event": "idle_disarmed", "preset": "car_single", "single_auto": true, "ts": 1782987206.994}
{"armed": false, "event": "idle_disarmed", "preset": "car_single", "single_auto": true, "ts": 1782987206.994}
{"armed": false, "event": "idle_disarmed", "preset": "car_single", "single_auto": true, "ts": 1782987207.996}
{"armed": false, "event": "idle_disarmed", "preset": "car_single", "single_auto": true, "ts": 1782987207.996}
{"armed": false, "event": "idle_disarmed", "preset": "car_single", "single_auto": true, "ts": 1782987208.998}
{"armed": false, "event": "idle_disarmed", "preset": "car_single", "single_auto": true, "ts": 1782987208.998}
{"armed": false, "event": "idle_disarmed", "preset": "car_single", "single_auto": true, "ts": 1782987210.001}
{"armed": false, "event": "idle_disarmed", "preset": "car_single", "single_auto": true, "ts": 1782987210.001}
{"armed": false, "event": "idle_disarmed", "preset": "car_single", "single_auto": true, "ts": 1782987211.003}
{"armed": false, "event": "idle_disarmed", "preset": "car_single", "single_auto": true, "ts": 1782987211.003}
{"armed": false, "event": "idle_disarmed", "preset": "car_single", "single_auto": true, "ts": 1782987212.005}
{"armed": false, "event": "idle_disarmed", "preset": "car_single", "single_auto": true, "ts": 1782987212.005}
{"armed": false, "event": "idle_disarmed", "preset": "car_single", "single_auto": true, "ts": 1782987213.008}
{"armed": false, "event": "idle_disarmed", "preset": "car_single", "single_auto": true, "ts": 1782987213.008}
{"armed": false, "event": "idle_disarmed", "preset": "car_single", "single_auto": true, "ts": 1782987214.01}
{"armed": false, "event": "idle_disarmed", "preset": "car_single", "single_auto": true, "ts": 1782987214.01}
{"armed": false, "event": "idle_disarmed", "preset": "car_single", "single_auto": true, "ts": 1782987215.013}
{"armed": false, "event": "idle_disarmed", "preset": "car_single", "single_auto": true, "ts": 1782987215.013}
{"armed": false, "event": "idle_disarmed", "preset": "car_single", "single_auto": true, "ts": 1782987216.015}
{"armed": false, "event": "idle_disarmed", "preset": "car_single", "single_auto": true, "ts": 1782987216.015}
{"armed": false, "event": "idle_disarmed", "preset": "car_single", "single_auto": true, "ts": 1782987217.018}
{"armed": false, "event": "idle_disarmed", "preset": "car_single", "single_auto": true, "ts": 1782987217.018}
{"armed": false, "event": "idle_disarmed", "preset": "car_single", "single_auto": true, "ts": 1782987218.021}
{"armed": false, "event": "idle_disarmed", "preset": "car_single", "single_auto": true, "ts": 1782987218.021}
{"armed": false, "event": "idle_disarmed", "preset": "car_single", "single_auto": true, "ts": 1782987219.024}
{"armed": false, "event": "idle_disarmed", "preset": "car_single", "single_auto": true, "ts": 1782987219.024}
{"armed": false, "event": "idle_disarmed", "preset": "car_single", "single_auto": true, "ts": 1782987220.026}
{"armed": false, "event": "idle_disarmed", "preset": "car_single", "single_auto": true, "ts": 1782987220.026}
{"armed": false, "event": "idle_disarmed", "preset": "car_single", "single_auto": true, "ts": 1782987221.029}
{"armed": false, "event": "idle_disarmed", "preset": "car_single", "single_auto": true, "ts": 1782987221.029}
{"armed": false, "event": "idle_disarmed", "preset": "car_single", "single_auto": true, "ts": 1782987222.032}
{"armed": false, "event": "idle_disarmed", "preset": "car_single", "single_auto": true, "ts": 1782987222.032}
{"armed": false, "event": "idle_disarmed", "preset": "car_single", "single_auto": true, "ts": 1782987223.034}
{"armed": false, "event": "idle_disarmed", "preset": "car_single", "single_auto": true, "ts": 1782987223.034}
{"armed": false, "event": "idle_disarmed", "preset": "car_single", "single_auto": true, "ts": 1782987224.037}
{"armed": false, "event": "idle_disarmed", "preset": "car_single", "single_auto": true, "ts": 1782987224.037}
{"armed": false, "event": "idle_disarmed", "preset": "car_single", "single_auto": true, "ts": 1782987225.039}
{"armed": false, "event": "idle_disarmed", "preset": "car_single", "single_auto": true, "ts": 1782987225.039}
{"armed": false, "event": "idle_disarmed", "preset": "car_single", "single_auto": true, "ts": 1782987226.042}
{"armed": false, "event": "idle_disarmed", "preset": "car_single", "single_auto": true, "ts": 1782987226.042}
{"armed": false, "event": "idle_disarmed", "preset": "car_single", "single_auto": true, "ts": 1782987227.045}
{"armed": false, "event": "idle_disarmed", "preset": "car_single", "single_auto": true, "ts": 1782987227.045}
{"armed": false, "event": "idle_disarmed", "preset": "car_single", "single_auto": true, "ts": 1782987228.047}
{"armed": false, "event": "idle_disarmed", "preset": "car_single", "single_auto": true, "ts": 1782987228.047}
{"armed": false, "event": "idle_disarmed", "preset": "car_single", "single_auto": true, "ts": 1782987229.05}
{"armed": false, "event": "idle_disarmed", "preset": "car_single", "single_auto": true, "ts": 1782987229.05}
{"armed": false, "event": "idle_disarmed", "preset": "car_single", "single_auto": true, "ts": 1782987230.053}
{"armed": false, "event": "idle_disarmed", "preset": "car_single", "single_auto": true, "ts": 1782987230.053}
{"armed": false, "event": "idle_disarmed", "preset": "car_single", "single_auto": true, "ts": 1782987231.055}
{"armed": false, "event": "idle_disarmed", "preset": "car_single", "single_auto": true, "ts": 1782987231.055}
{"armed": false, "event": "idle_disarmed", "preset": "car_single", "single_auto": true, "ts": 1782987232.058}
{"armed": false, "event": "idle_disarmed", "preset": "car_single", "single_auto": true, "ts": 1782987232.058}
{"armed": false, "event": "idle_disarmed", "preset": "car_single", "single_auto": true, "ts": 1782987233.061}
{"armed": false, "event": "idle_disarmed", "preset": "car_single", "single_auto": true, "ts": 1782987233.061}
{"armed": false, "event": "idle_disarmed", "preset": "car_single", "single_auto": true, "ts": 1782987234.063}
{"armed": false, "event": "idle_disarmed", "preset": "car_single", "single_auto": true, "ts": 1782987234.063}
{"armed": false, "event": "idle_disarmed", "preset": "car_single", "single_auto": true, "ts": 1782987235.066}
{"armed": false, "event": "idle_disarmed", "preset": "car_single", "single_auto": true, "ts": 1782987235.066}
{"armed": false, "event": "idle_disarmed", "preset": "car_single", "single_auto": true, "ts": 1782987236.069}
{"armed": false, "event": "idle_disarmed", "preset": "car_single", "single_auto": true, "ts": 1782987236.069}
{"armed": false, "event": "idle_disarmed", "preset": "car_single", "single_auto": true, "ts": 1782987237.071}
{"armed": false, "event": "idle_disarmed", "preset": "car_single", "single_auto": true, "ts": 1782987237.071}
{"armed": false, "event": "idle_disarmed", "preset": "car_single", "single_auto": true, "ts": 1782987238.074}
{"armed": false, "event": "idle_disarmed", "preset": "car_single", "single_auto": true, "ts": 1782987238.074}
{"armed": false, "event": "idle_disarmed", "preset": "car_single", "single_auto": true, "ts": 1782987239.077}
{"armed": false, "event": "idle_disarmed", "preset": "car_single", "single_auto": true, "ts": 1782987239.077}
{"armed": false, "event": "idle_disarmed", "preset": "car_single", "single_auto": true, "ts": 1782987240.079}
{"armed": false, "event": "idle_disarmed", "preset": "car_single", "single_auto": true, "ts": 1782987240.079}
{"armed": false, "event": "idle_disarmed", "preset": "car_single", "single_auto": true, "ts": 1782987241.082}
{"armed": false, "event": "idle_disarmed", "preset": "car_single", "single_auto": true, "ts": 1782987241.082}
{"armed": false, "event": "idle_disarmed", "preset": "car_single", "single_auto": true, "ts": 1782987242.085}
{"armed": false, "event": "idle_disarmed", "preset": "car_single", "single_auto": true, "ts": 1782987242.085}
{"armed": false, "event": "idle_disarmed", "preset": "car_single", "single_auto": true, "ts": 1782987243.087}
{"armed": false, "event": "idle_disarmed", "preset": "car_single", "single_auto": true, "ts": 1782987243.087}
{"armed": false, "event": "idle_disarmed", "preset": "car_single", "single_auto": true, "ts": 1782987244.09}
{"armed": false, "event": "idle_disarmed", "preset": "car_single", "single_auto": true, "ts": 1782987244.09}
{"armed": false, "event": "idle_disarmed", "preset": "car_single", "single_auto": true, "ts": 1782987245.092}
{"armed": false, "event": "idle_disarmed", "preset": "car_single", "single_auto": true, "ts": 1782987245.092}
{"armed": false, "event": "idle_disarmed", "preset": "car_single", "single_auto": true, "ts": 1782987246.095}
{"armed": false, "event": "idle_disarmed", "preset": "car_single", "single_auto": true, "ts": 1782987246.095}
{"armed": false, "event": "idle_disarmed", "preset": "car_single", "single_auto": true, "ts": 1782987247.097}
{"armed": false, "event": "idle_disarmed", "preset": "car_single", "single_auto": true, "ts": 1782987247.097}
{"armed": false, "event": "idle_disarmed", "preset": "car_single", "single_auto": true, "ts": 1782987248.1}
{"armed": false, "event": "idle_disarmed", "preset": "car_single", "single_auto": true, "ts": 1782987248.1}
{"armed": false, "event": "idle_disarmed", "preset": "car_single", "single_auto": true, "ts": 1782987249.102}
{"armed": false, "event": "idle_disarmed", "preset": "car_single", "single_auto": true, "ts": 1782987249.102}
{"armed": false, "event": "idle_disarmed", "preset": "car_single", "single_auto": true, "ts": 1782987250.105}
{"armed": false, "event": "idle_disarmed", "preset": "car_single", "single_auto": true, "ts": 1782987250.105}
{"armed": false, "event": "idle_disarmed", "preset": "car_single", "single_auto": true, "ts": 1782987251.108}
{"armed": false, "event": "idle_disarmed", "preset": "car_single", "single_auto": true, "ts": 1782987251.108}
{"armed": false, "event": "idle_disarmed", "preset": "car_single", "single_auto": true, "ts": 1782987252.11}
{"armed": false, "event": "idle_disarmed", "preset": "car_single", "single_auto": true, "ts": 1782987252.11}
{"armed": false, "event": "idle_disarmed", "preset": "car_single", "single_auto": true, "ts": 1782987253.113}
{"armed": false, "event": "idle_disarmed", "preset": "car_single", "single_auto": true, "ts": 1782987253.113}
{"armed": false, "event": "idle_disarmed", "preset": "car_single", "single_auto": true, "ts": 1782987254.115}
{"armed": false, "event": "idle_disarmed", "preset": "car_single", "single_auto": true, "ts": 1782987254.115}
{"armed": false, "event": "idle_disarmed", "preset": "car_single", "single_auto": true, "ts": 1782987255.117}
{"armed": false, "event": "idle_disarmed", "preset": "car_single", "single_auto": true, "ts": 1782987255.117}
{"armed": false, "event": "idle_disarmed", "preset": "car_single", "single_auto": true, "ts": 1782987256.12}
{"armed": false, "event": "idle_disarmed", "preset": "car_single", "single_auto": true, "ts": 1782987256.12}
{"armed": false, "event": "idle_disarmed", "preset": "car_single", "single_auto": true, "ts": 1782987257.122}
{"armed": false, "event": "idle_disarmed", "preset": "car_single", "single_auto": true, "ts": 1782987257.122}
{"armed": false, "event": "idle_disarmed", "preset": "car_single", "single_auto": true, "ts": 1782987258.125}
{"armed": false, "event": "idle_disarmed", "preset": "car_single", "single_auto": true, "ts": 1782987258.125}
{"armed": false, "event": "idle_disarmed", "preset": "car_single", "single_auto": true, "ts": 1782987259.128}
{"armed": false, "event": "idle_disarmed", "preset": "car_single", "single_auto": true, "ts": 1782987259.128}
{"armed": false, "event": "idle_disarmed", "preset": "car_single", "single_auto": true, "ts": 1782987260.13}
{"armed": false, "event": "idle_disarmed", "preset": "car_single", "single_auto": true, "ts": 1782987260.13}
{"armed": false, "event": "idle_disarmed", "preset": "car_single", "single_auto": true, "ts": 1782987261.133}
{"armed": false, "event": "idle_disarmed", "preset": "car_single", "single_auto": true, "ts": 1782987261.133}
{"armed": false, "event": "idle_disarmed", "preset": "car_single", "single_auto": true, "ts": 1782987262.136}
{"armed": false, "event": "idle_disarmed", "preset": "car_single", "single_auto": true, "ts": 1782987262.136}
{"armed": false, "event": "idle_disarmed", "preset": "car_single", "single_auto": true, "ts": 1782987263.138}
{"armed": false, "event": "idle_disarmed", "preset": "car_single", "single_auto": true, "ts": 1782987263.138}
{"armed": false, "event": "idle_disarmed", "preset": "car_single", "single_auto": true, "ts": 1782987264.141}
{"armed": false, "event": "idle_disarmed", "preset": "car_single", "single_auto": true, "ts": 1782987264.141}
{"armed": false, "event": "idle_disarmed", "preset": "car_single", "single_auto": true, "ts": 1782987265.144}
{"armed": false, "event": "idle_disarmed", "preset": "car_single", "single_auto": true, "ts": 1782987265.144}
{"armed": false, "event": "idle_disarmed", "preset": "car_single", "single_auto": true, "ts": 1782987266.147}
{"armed": false, "event": "idle_disarmed", "preset": "car_single", "single_auto": true, "ts": 1782987266.147}
{"armed": false, "event": "idle_disarmed", "preset": "car_single", "single_auto": true, "ts": 1782987267.149}
{"armed": false, "event": "idle_disarmed", "preset": "car_single", "single_auto": true, "ts": 1782987267.149}
{"armed": false, "event": "idle_disarmed", "preset": "car_single", "single_auto": true, "ts": 1782987268.152}
{"armed": false, "event": "idle_disarmed", "preset": "car_single", "single_auto": true, "ts": 1782987268.152}
{"armed": false, "event": "idle_disarmed", "preset": "car_single", "single_auto": true, "ts": 1782987269.154}
{"armed": false, "event": "idle_disarmed", "preset": "car_single", "single_auto": true, "ts": 1782987269.154}
{"armed": false, "event": "idle_disarmed", "preset": "car_single", "single_auto": true, "ts": 1782987270.157}
{"armed": false, "event": "idle_disarmed", "preset": "car_single", "single_auto": true, "ts": 1782987270.157}
{"armed": false, "event": "idle_disarmed", "preset": "car_single", "single_auto": true, "ts": 1782987271.16}
{"armed": false, "event": "idle_disarmed", "preset": "car_single", "single_auto": true, "ts": 1782987271.16}
{"armed": false, "event": "idle_disarmed", "preset": "car_single", "single_auto": true, "ts": 1782987272.162}
{"armed": false, "event": "idle_disarmed", "preset": "car_single", "single_auto": true, "ts": 1782987272.162}
{"armed": false, "event": "idle_disarmed", "preset": "car_single", "single_auto": true, "ts": 1782987273.165}
{"armed": false, "event": "idle_disarmed", "preset": "car_single", "single_auto": true, "ts": 1782987273.165}
{"armed": false, "event": "idle_disarmed", "preset": "car_single", "single_auto": true, "ts": 1782987274.167}
{"armed": false, "event": "idle_disarmed", "preset": "car_single", "single_auto": true, "ts": 1782987274.167}
{"armed": false, "event": "idle_disarmed", "preset": "car_single", "single_auto": true, "ts": 1782987275.17}
{"armed": false, "event": "idle_disarmed", "preset": "car_single", "single_auto": true, "ts": 1782987275.17}
{"armed": false, "event": "idle_disarmed", "preset": "car_single", "single_auto": true, "ts": 1782987276.172}
{"armed": false, "event": "idle_disarmed", "preset": "car_single", "single_auto": true, "ts": 1782987276.172}
{"armed": false, "event": "idle_disarmed", "preset": "car_single", "single_auto": true, "ts": 1782987277.175}
{"armed": false, "event": "idle_disarmed", "preset": "car_single", "single_auto": true, "ts": 1782987277.175}
{"armed": false, "event": "idle_disarmed", "preset": "car_single", "single_auto": true, "ts": 1782987278.178}
{"armed": false, "event": "idle_disarmed", "preset": "car_single", "single_auto": true, "ts": 1782987278.178}
{"armed": false, "event": "idle_disarmed", "preset": "car_single", "single_auto": true, "ts": 1782987279.18}
{"armed": false, "event": "idle_disarmed", "preset": "car_single", "single_auto": true, "ts": 1782987279.18}
{"armed": false, "event": "idle_disarmed", "preset": "car_single", "single_auto": true, "ts": 1782987280.183}
{"armed": false, "event": "idle_disarmed", "preset": "car_single", "single_auto": true, "ts": 1782987280.183}
{"armed": false, "event": "idle_disarmed", "preset": "car_single", "single_auto": true, "ts": 1782987281.186}
{"armed": false, "event": "idle_disarmed", "preset": "car_single", "single_auto": true, "ts": 1782987281.186}
{"armed": false, "event": "idle_disarmed", "preset": "car_single", "single_auto": true, "ts": 1782987282.189}
{"armed": false, "event": "idle_disarmed", "preset": "car_single", "single_auto": true, "ts": 1782987282.189}
{"armed": false, "event": "idle_disarmed", "preset": "car_single", "single_auto": true, "ts": 1782987283.191}
{"armed": false, "event": "idle_disarmed", "preset": "car_single", "single_auto": true, "ts": 1782987283.191}
{"armed": false, "event": "idle_disarmed", "preset": "car_single", "single_auto": true, "ts": 1782987284.194}
{"armed": false, "event": "idle_disarmed", "preset": "car_single", "single_auto": true, "ts": 1782987284.194}
{"armed": false, "event": "idle_disarmed", "preset": "car_single", "single_auto": true, "ts": 1782987285.197}
{"armed": false, "event": "idle_disarmed", "preset": "car_single", "single_auto": true, "ts": 1782987285.197}
{"armed": false, "event": "idle_disarmed", "preset": "car_single", "single_auto": true, "ts": 1782987286.199}
{"armed": false, "event": "idle_disarmed", "preset": "car_single", "single_auto": true, "ts": 1782987286.199}
{"armed": false, "event": "idle_disarmed", "preset": "car_single", "single_auto": true, "ts": 1782987287.202}
{"armed": false, "event": "idle_disarmed", "preset": "car_single", "single_auto": true, "ts": 1782987287.202}
{"armed": false, "event": "idle_disarmed", "preset": "car_single", "single_auto": true, "ts": 1782987288.204}
{"armed": false, "event": "idle_disarmed", "preset": "car_single", "single_auto": true, "ts": 1782987288.204}
{"armed": false, "event": "idle_disarmed", "preset": "car_single", "single_auto": true, "ts": 1782987289.207}
{"armed": false, "event": "idle_disarmed", "preset": "car_single", "single_auto": true, "ts": 1782987289.207}
{"armed": false, "event": "idle_disarmed", "preset": "car_single", "single_auto": true, "ts": 1782987290.209}
{"armed": false, "event": "idle_disarmed", "preset": "car_single", "single_auto": true, "ts": 1782987290.209}
{"armed": false, "event": "idle_disarmed", "preset": "car_single", "single_auto": true, "ts": 1782987291.212}
{"armed": false, "event": "idle_disarmed", "preset": "car_single", "single_auto": true, "ts": 1782987291.212}
{"armed": false, "event": "idle_disarmed", "preset": "car_single", "single_auto": true, "ts": 1782987292.214}
{"armed": false, "event": "idle_disarmed", "preset": "car_single", "single_auto": true, "ts": 1782987292.214}
{"armed": false, "event": "idle_disarmed", "preset": "car_single", "single_auto": true, "ts": 1782987293.217}
{"armed": false, "event": "idle_disarmed", "preset": "car_single", "single_auto": true, "ts": 1782987293.217}
{"armed": false, "event": "idle_disarmed", "preset": "car_single", "single_auto": true, "ts": 1782987294.219}
{"armed": false, "event": "idle_disarmed", "preset": "car_single", "single_auto": true, "ts": 1782987294.219}
{"armed": false, "event": "idle_disarmed", "preset": "car_single", "single_auto": true, "ts": 1782987295.222}
{"armed": false, "event": "idle_disarmed", "preset": "car_single", "single_auto": true, "ts": 1782987295.222}
{"armed": false, "event": "idle_disarmed", "preset": "car_single", "single_auto": true, "ts": 1782987296.225}
{"armed": false, "event": "idle_disarmed", "preset": "car_single", "single_auto": true, "ts": 1782987296.225}
{"armed": false, "event": "idle_disarmed", "preset": "car_single", "single_auto": true, "ts": 1782987297.227}
{"armed": false, "event": "idle_disarmed", "preset": "car_single", "single_auto": true, "ts": 1782987297.227}
{"armed": false, "event": "idle_disarmed", "preset": "car_single", "single_auto": true, "ts": 1782987298.23}
{"armed": false, "event": "idle_disarmed", "preset": "car_single", "single_auto": true, "ts": 1782987298.23}
{"armed": false, "event": "idle_disarmed", "preset": "car_single", "single_auto": true, "ts": 1782987299.233}
{"armed": false, "event": "idle_disarmed", "preset": "car_single", "single_auto": true, "ts": 1782987299.233}
{"armed": false, "event": "idle_disarmed", "preset": "car_single", "single_auto": true, "ts": 1782987300.235}
{"armed": false, "event": "idle_disarmed", "preset": "car_single", "single_auto": true, "ts": 1782987300.235}
{"armed": false, "event": "idle_disarmed", "preset": "car_single", "single_auto": true, "ts": 1782987301.238}
{"armed": false, "event": "idle_disarmed", "preset": "car_single", "single_auto": true, "ts": 1782987301.238}
{"armed": false, "event": "idle_disarmed", "preset": "car_single", "single_auto": true, "ts": 1782987302.241}
{"armed": false, "event": "idle_disarmed", "preset": "car_single", "single_auto": true, "ts": 1782987302.241}
{"armed": false, "event": "idle_disarmed", "preset": "car_single", "single_auto": true, "ts": 1782987303.243}
{"armed": false, "event": "idle_disarmed", "preset": "car_single", "single_auto": true, "ts": 1782987303.243}
{"armed": false, "event": "idle_disarmed", "preset": "car_single", "single_auto": true, "ts": 1782987304.246}
{"armed": false, "event": "idle_disarmed", "preset": "car_single", "single_auto": true, "ts": 1782987304.246}
{"armed": false, "event": "idle_disarmed", "preset": "car_single", "single_auto": true, "ts": 1782987305.248}
{"armed": false, "event": "idle_disarmed", "preset": "car_single", "single_auto": true, "ts": 1782987305.248}
{"armed": false, "event": "idle_disarmed", "preset": "car_single", "single_auto": true, "ts": 1782987306.251}
{"armed": false, "event": "idle_disarmed", "preset": "car_single", "single_auto": true, "ts": 1782987306.251}
{"armed": false, "event": "idle_disarmed", "preset": "car_single", "single_auto": true, "ts": 1782987307.254}
{"armed": false, "event": "idle_disarmed", "preset": "car_single", "single_auto": true, "ts": 1782987307.254}
{"armed": false, "event": "idle_disarmed", "preset": "car_single", "single_auto": true, "ts": 1782987308.256}
{"armed": false, "event": "idle_disarmed", "preset": "car_single", "single_auto": true, "ts": 1782987308.256}
{"armed": false, "event": "idle_disarmed", "preset": "car_single", "single_auto": true, "ts": 1782987309.258}
{"armed": false, "event": "idle_disarmed", "preset": "car_single", "single_auto": true, "ts": 1782987309.258}
{"armed": false, "event": "idle_disarmed", "preset": "car_single", "single_auto": true, "ts": 1782987310.261}
{"armed": false, "event": "idle_disarmed", "preset": "car_single", "single_auto": true, "ts": 1782987310.261}
{"armed": false, "event": "idle_disarmed", "preset": "car_single", "single_auto": true, "ts": 1782987311.264}
{"armed": false, "event": "idle_disarmed", "preset": "car_single", "single_auto": true, "ts": 1782987311.264}
{"armed": false, "event": "idle_disarmed", "preset": "car_single", "single_auto": true, "ts": 1782987312.266}
{"armed": false, "event": "idle_disarmed", "preset": "car_single", "single_auto": true, "ts": 1782987312.266}
{"armed": false, "event": "idle_disarmed", "preset": "car_single", "single_auto": true, "ts": 1782987313.269}
{"armed": false, "event": "idle_disarmed", "preset": "car_single", "single_auto": true, "ts": 1782987313.269}
{"armed": false, "event": "idle_disarmed", "preset": "car_single", "single_auto": true, "ts": 1782987314.271}
{"armed": false, "event": "idle_disarmed", "preset": "car_single", "single_auto": true, "ts": 1782987314.271}
{"armed": false, "event": "idle_disarmed", "preset": "car_single", "single_auto": true, "ts": 1782987315.274}
{"armed": false, "event": "idle_disarmed", "preset": "car_single", "single_auto": true, "ts": 1782987315.274}
{"armed": false, "event": "idle_disarmed", "preset": "car_single", "single_auto": true, "ts": 1782987316.276}
{"armed": false, "event": "idle_disarmed", "preset": "car_single", "single_auto": true, "ts": 1782987316.276}
{"armed": false, "event": "idle_disarmed", "preset": "car_single", "single_auto": true, "ts": 1782987317.278}
{"armed": false, "event": "idle_disarmed", "preset": "car_single", "single_auto": true, "ts": 1782987317.278}
{"armed": false, "event": "idle_disarmed", "preset": "car_single", "single_auto": true, "ts": 1782987318.281}
{"armed": false, "event": "idle_disarmed", "preset": "car_single", "single_auto": true, "ts": 1782987318.281}
{"armed": false, "event": "idle_disarmed", "preset": "car_single", "single_auto": true, "ts": 1782987319.283}
{"armed": false, "event": "idle_disarmed", "preset": "car_single", "single_auto": true, "ts": 1782987319.283}
{"armed": false, "event": "idle_disarmed", "preset": "car_single", "single_auto": true, "ts": 1782987320.286}
{"armed": false, "event": "idle_disarmed", "preset": "car_single", "single_auto": true, "ts": 1782987320.286}
{"armed": false, "event": "idle_disarmed", "preset": "car_single", "single_auto": true, "ts": 1782987321.288}
{"armed": false, "event": "idle_disarmed", "preset": "car_single", "single_auto": true, "ts": 1782987321.288}
{"armed": false, "event": "idle_disarmed", "preset": "car_single", "single_auto": true, "ts": 1782987322.29}
{"armed": false, "event": "idle_disarmed", "preset": "car_single", "single_auto": true, "ts": 1782987322.29}
{"armed": false, "event": "idle_disarmed", "preset": "car_single", "single_auto": true, "ts": 1782987323.293}
{"armed": false, "event": "idle_disarmed", "preset": "car_single", "single_auto": true, "ts": 1782987323.293}
{"armed": false, "event": "idle_disarmed", "preset": "car_single", "single_auto": true, "ts": 1782987324.295}
{"armed": false, "event": "idle_disarmed", "preset": "car_single", "single_auto": true, "ts": 1782987324.295}
{"armed": false, "event": "idle_disarmed", "preset": "car_single", "single_auto": true, "ts": 1782987325.298}
{"armed": false, "event": "idle_disarmed", "preset": "car_single", "single_auto": true, "ts": 1782987325.298}
{"armed": false, "event": "idle_disarmed", "preset": "car_single", "single_auto": true, "ts": 1782987326.3}
{"armed": false, "event": "idle_disarmed", "preset": "car_single", "single_auto": true, "ts": 1782987326.3}
{"armed": false, "event": "idle_disarmed", "preset": "car_single", "single_auto": true, "ts": 1782987327.303}
{"armed": false, "event": "idle_disarmed", "preset": "car_single", "single_auto": true, "ts": 1782987327.303}
{"armed": false, "event": "idle_disarmed", "preset": "car_single", "single_auto": true, "ts": 1782987328.305}
{"armed": false, "event": "idle_disarmed", "preset": "car_single", "single_auto": true, "ts": 1782987328.305}
{"armed": false, "event": "idle_disarmed", "preset": "car_single", "single_auto": true, "ts": 1782987329.308}
{"armed": false, "event": "idle_disarmed", "preset": "car_single", "single_auto": true, "ts": 1782987329.308}
{"armed": false, "event": "idle_disarmed", "preset": "car_single", "single_auto": true, "ts": 1782987330.31}
{"armed": false, "event": "idle_disarmed", "preset": "car_single", "single_auto": true, "ts": 1782987330.31}
{"armed": false, "event": "idle_disarmed", "preset": "car_single", "single_auto": true, "ts": 1782987331.313}
{"armed": false, "event": "idle_disarmed", "preset": "car_single", "single_auto": true, "ts": 1782987331.313}
{"armed": false, "event": "idle_disarmed", "preset": "car_single", "single_auto": true, "ts": 1782987332.315}
{"armed": false, "event": "idle_disarmed", "preset": "car_single", "single_auto": true, "ts": 1782987332.315}
{"armed": false, "event": "idle_disarmed", "preset": "car_single", "single_auto": true, "ts": 1782987333.318}
{"armed": false, "event": "idle_disarmed", "preset": "car_single", "single_auto": true, "ts": 1782987333.318}
{"armed": false, "event": "idle_disarmed", "preset": "car_single", "single_auto": true, "ts": 1782987334.32}
{"armed": false, "event": "idle_disarmed", "preset": "car_single", "single_auto": true, "ts": 1782987334.32}
{"armed": false, "event": "idle_disarmed", "preset": "car_single", "single_auto": true, "ts": 1782987335.323}
{"armed": false, "event": "idle_disarmed", "preset": "car_single", "single_auto": true, "ts": 1782987335.323}
{"armed": false, "event": "idle_disarmed", "preset": "car_single", "single_auto": true, "ts": 1782987336.325}
{"armed": false, "event": "idle_disarmed", "preset": "car_single", "single_auto": true, "ts": 1782987336.325}
{"armed": false, "event": "idle_disarmed", "preset": "car_single", "single_auto": true, "ts": 1782987337.327}
{"armed": false, "event": "idle_disarmed", "preset": "car_single", "single_auto": true, "ts": 1782987337.327}
{"armed": false, "event": "idle_disarmed", "preset": "car_single", "single_auto": true, "ts": 1782987338.33}
{"armed": false, "event": "idle_disarmed", "preset": "car_single", "single_auto": true, "ts": 1782987338.33}
{"armed": false, "event": "idle_disarmed", "preset": "car_single", "single_auto": true, "ts": 1782987339.332}
{"armed": false, "event": "idle_disarmed", "preset": "car_single", "single_auto": true, "ts": 1782987339.332}
{"armed": false, "event": "idle_disarmed", "preset": "car_single", "single_auto": true, "ts": 1782987340.335}
{"armed": false, "event": "idle_disarmed", "preset": "car_single", "single_auto": true, "ts": 1782987340.335}
{"armed": false, "event": "idle_disarmed", "preset": "car_single", "single_auto": true, "ts": 1782987341.337}
{"armed": false, "event": "idle_disarmed", "preset": "car_single", "single_auto": true, "ts": 1782987341.337}
{"armed": false, "event": "idle_disarmed", "preset": "car_single", "single_auto": true, "ts": 1782987342.34}
{"armed": false, "event": "idle_disarmed", "preset": "car_single", "single_auto": true, "ts": 1782987342.34}
{"armed": false, "event": "idle_disarmed", "preset": "car_single", "single_auto": true, "ts": 1782987343.342}
{"armed": false, "event": "idle_disarmed", "preset": "car_single", "single_auto": true, "ts": 1782987343.342}
{"armed": false, "event": "idle_disarmed", "preset": "car_single", "single_auto": true, "ts": 1782987344.344}
{"armed": false, "event": "idle_disarmed", "preset": "car_single", "single_auto": true, "ts": 1782987344.344}
{"armed": false, "event": "idle_disarmed", "preset": "car_single", "single_auto": true, "ts": 1782987345.347}
{"armed": false, "event": "idle_disarmed", "preset": "car_single", "single_auto": true, "ts": 1782987345.347}
{"armed": false, "event": "idle_disarmed", "preset": "car_single", "single_auto": true, "ts": 1782987346.349}
{"armed": false, "event": "idle_disarmed", "preset": "car_single", "single_auto": true, "ts": 1782987346.349}
{"armed": false, "event": "idle_disarmed", "preset": "car_single", "single_auto": true, "ts": 1782987347.352}
{"armed": false, "event": "idle_disarmed", "preset": "car_single", "single_auto": true, "ts": 1782987347.352}
{"armed": false, "event": "idle_disarmed", "preset": "car_single", "single_auto": true, "ts": 1782987348.354}
{"armed": false, "event": "idle_disarmed", "preset": "car_single", "single_auto": true, "ts": 1782987348.354}
{"armed": false, "event": "idle_disarmed", "preset": "car_single", "single_auto": true, "ts": 1782987349.357}
{"armed": false, "event": "idle_disarmed", "preset": "car_single", "single_auto": true, "ts": 1782987349.357}
{"armed": false, "event": "idle_disarmed", "preset": "car_single", "single_auto": true, "ts": 1782987350.359}
{"armed": false, "event": "idle_disarmed", "preset": "car_single", "single_auto": true, "ts": 1782987350.359}
{"armed": false, "event": "idle_disarmed", "preset": "car_single", "single_auto": true, "ts": 1782987351.362}
{"armed": false, "event": "idle_disarmed", "preset": "car_single", "single_auto": true, "ts": 1782987351.362}
{"armed": false, "event": "idle_disarmed", "preset": "car_single", "single_auto": true, "ts": 1782987352.364}
{"armed": false, "event": "idle_disarmed", "preset": "car_single", "single_auto": true, "ts": 1782987352.364}
{"armed": false, "event": "idle_disarmed", "preset": "car_single", "single_auto": true, "ts": 1782987353.367}
{"armed": false, "event": "idle_disarmed", "preset": "car_single", "single_auto": true, "ts": 1782987353.367}
{"armed": false, "event": "idle_disarmed", "preset": "car_single", "single_auto": true, "ts": 1782987354.369}
{"armed": false, "event": "idle_disarmed", "preset": "car_single", "single_auto": true, "ts": 1782987354.369}
{"armed": false, "event": "idle_disarmed", "preset": "car_single", "single_auto": true, "ts": 1782987355.372}
{"armed": false, "event": "idle_disarmed", "preset": "car_single", "single_auto": true, "ts": 1782987355.372}
{"armed": false, "event": "idle_disarmed", "preset": "car_single", "single_auto": true, "ts": 1782987356.375}
{"armed": false, "event": "idle_disarmed", "preset": "car_single", "single_auto": true, "ts": 1782987356.375}
{"armed": false, "event": "idle_disarmed", "preset": "car_single", "single_auto": true, "ts": 1782987357.378}
{"armed": false, "event": "idle_disarmed", "preset": "car_single", "single_auto": true, "ts": 1782987357.378}
{"armed": false, "event": "idle_disarmed", "preset": "car_single", "single_auto": true, "ts": 1782987358.38}
{"armed": false, "event": "idle_disarmed", "preset": "car_single", "single_auto": true, "ts": 1782987358.38}
{"armed": false, "event": "idle_disarmed", "preset": "car_single", "single_auto": true, "ts": 1782987359.383}
{"armed": false, "event": "idle_disarmed", "preset": "car_single", "single_auto": true, "ts": 1782987359.383}
{"armed": false, "event": "idle_disarmed", "preset": "car_single", "single_auto": true, "ts": 1782987360.386}
{"armed": false, "event": "idle_disarmed", "preset": "car_single", "single_auto": true, "ts": 1782987360.386}
{"armed": false, "event": "idle_disarmed", "preset": "car_single", "single_auto": true, "ts": 1782987361.389}
{"armed": false, "event": "idle_disarmed", "preset": "car_single", "single_auto": true, "ts": 1782987361.389}
{"armed": false, "event": "idle_disarmed", "preset": "car_single", "single_auto": true, "ts": 1782987362.391}
{"armed": false, "event": "idle_disarmed", "preset": "car_single", "single_auto": true, "ts": 1782987362.391}
{"armed": false, "event": "idle_disarmed", "preset": "car_single", "single_auto": true, "ts": 1782987363.394}
{"armed": false, "event": "idle_disarmed", "preset": "car_single", "single_auto": true, "ts": 1782987363.394}
{"armed": false, "event": "idle_disarmed", "preset": "car_single", "single_auto": true, "ts": 1782987364.397}
{"armed": false, "event": "idle_disarmed", "preset": "car_single", "single_auto": true, "ts": 1782987364.397}
{"armed": false, "event": "idle_disarmed", "preset": "car_single", "single_auto": true, "ts": 1782987365.399}
{"armed": false, "event": "idle_disarmed", "preset": "car_single", "single_auto": true, "ts": 1782987365.399}
{"armed": false, "event": "idle_disarmed", "preset": "car_single", "single_auto": true, "ts": 1782987366.402}
{"armed": false, "event": "idle_disarmed", "preset": "car_single", "single_auto": true, "ts": 1782987366.402}
{"armed": false, "event": "idle_disarmed", "preset": "car_single", "single_auto": true, "ts": 1782987367.404}
{"armed": false, "event": "idle_disarmed", "preset": "car_single", "single_auto": true, "ts": 1782987367.404}
{"armed": false, "event": "idle_disarmed", "preset": "car_single", "single_auto": true, "ts": 1782987368.407}
{"armed": false, "event": "idle_disarmed", "preset": "car_single", "single_auto": true, "ts": 1782987368.407}
{"armed": false, "event": "idle_disarmed", "preset": "car_single", "single_auto": true, "ts": 1782987369.409}
{"armed": false, "event": "idle_disarmed", "preset": "car_single", "single_auto": true, "ts": 1782987369.409}
{"armed": false, "event": "idle_disarmed", "preset": "car_single", "single_auto": true, "ts": 1782987370.412}
{"armed": false, "event": "idle_disarmed", "preset": "car_single", "single_auto": true, "ts": 1782987370.412}
{"armed": false, "event": "idle_disarmed", "preset": "car_single", "single_auto": true, "ts": 1782987371.414}
{"armed": false, "event": "idle_disarmed", "preset": "car_single", "single_auto": true, "ts": 1782987371.414}
{"armed": false, "event": "idle_disarmed", "preset": "car_single", "single_auto": true, "ts": 1782987372.416}
{"armed": false, "event": "idle_disarmed", "preset": "car_single", "single_auto": true, "ts": 1782987372.416}
{"armed": false, "event": "idle_disarmed", "preset": "car_single", "single_auto": true, "ts": 1782987373.419}
{"armed": false, "event": "idle_disarmed", "preset": "car_single", "single_auto": true, "ts": 1782987373.419}
{"armed": false, "event": "idle_disarmed", "preset": "car_single", "single_auto": true, "ts": 1782987374.421}
{"armed": false, "event": "idle_disarmed", "preset": "car_single", "single_auto": true, "ts": 1782987374.421}
{"armed": false, "event": "idle_disarmed", "preset": "car_single", "single_auto": true, "ts": 1782987375.424}
{"armed": false, "event": "idle_disarmed", "preset": "car_single", "single_auto": true, "ts": 1782987375.424}
{"armed": false, "event": "idle_disarmed", "preset": "car_single", "single_auto": true, "ts": 1782987376.426}
{"armed": false, "event": "idle_disarmed", "preset": "car_single", "single_auto": true, "ts": 1782987376.426}
{"armed": false, "event": "idle_disarmed", "preset": "car_single", "single_auto": true, "ts": 1782987377.429}
{"armed": false, "event": "idle_disarmed", "preset": "car_single", "single_auto": true, "ts": 1782987377.429}
{"armed": false, "event": "idle_disarmed", "preset": "car_single", "single_auto": true, "ts": 1782987378.432}
{"armed": false, "event": "idle_disarmed", "preset": "car_single", "single_auto": true, "ts": 1782987378.432}
{"armed": false, "event": "idle_disarmed", "preset": "car_single", "single_auto": true, "ts": 1782987379.435}
{"armed": false, "event": "idle_disarmed", "preset": "car_single", "single_auto": true, "ts": 1782987379.435}
{"armed": false, "event": "idle_disarmed", "preset": "car_single", "single_auto": true, "ts": 1782987380.437}
{"armed": false, "event": "idle_disarmed", "preset": "car_single", "single_auto": true, "ts": 1782987380.437}
{"armed": false, "event": "idle_disarmed", "preset": "car_single", "single_auto": true, "ts": 1782987381.44}
{"armed": false, "event": "idle_disarmed", "preset": "car_single", "single_auto": true, "ts": 1782987381.44}
{"armed": false, "event": "idle_disarmed", "preset": "car_single", "single_auto": true, "ts": 1782987382.442}
{"armed": false, "event": "idle_disarmed", "preset": "car_single", "single_auto": true, "ts": 1782987382.442}
{"armed": false, "event": "idle_disarmed", "preset": "car_single", "single_auto": true, "ts": 1782987383.445}
{"armed": false, "event": "idle_disarmed", "preset": "car_single", "single_auto": true, "ts": 1782987383.445}
{"armed": false, "event": "idle_disarmed", "preset": "car_single", "single_auto": true, "ts": 1782987384.448}
{"armed": false, "event": "idle_disarmed", "preset": "car_single", "single_auto": true, "ts": 1782987384.448}
{"armed": false, "event": "idle_disarmed", "preset": "car_single", "single_auto": true, "ts": 1782987385.451}
{"armed": false, "event": "idle_disarmed", "preset": "car_single", "single_auto": true, "ts": 1782987385.451}
{"armed": false, "event": "idle_disarmed", "preset": "car_single", "single_auto": true, "ts": 1782987386.453}
{"armed": false, "event": "idle_disarmed", "preset": "car_single", "single_auto": true, "ts": 1782987386.453}
{"armed": false, "event": "idle_disarmed", "preset": "car_single", "single_auto": true, "ts": 1782987387.456}
{"armed": false, "event": "idle_disarmed", "preset": "car_single", "single_auto": true, "ts": 1782987387.456}
{"armed": false, "event": "idle_disarmed", "preset": "car_single", "single_auto": true, "ts": 1782987388.459}
{"armed": false, "event": "idle_disarmed", "preset": "car_single", "single_auto": true, "ts": 1782987388.459}
{"armed": false, "event": "idle_disarmed", "preset": "car_single", "single_auto": true, "ts": 1782987389.462}
{"armed": false, "event": "idle_disarmed", "preset": "car_single", "single_auto": true, "ts": 1782987389.462}
{"armed": false, "event": "idle_disarmed", "preset": "car_single", "single_auto": true, "ts": 1782987390.464}
{"armed": false, "event": "idle_disarmed", "preset": "car_single", "single_auto": true, "ts": 1782987390.464}
{"armed": false, "event": "idle_disarmed", "preset": "car_single", "single_auto": true, "ts": 1782987391.467}
{"armed": false, "event": "idle_disarmed", "preset": "car_single", "single_auto": true, "ts": 1782987391.467}
{"armed": false, "event": "idle_disarmed", "preset": "car_single", "single_auto": true, "ts": 1782987392.47}
{"armed": false, "event": "idle_disarmed", "preset": "car_single", "single_auto": true, "ts": 1782987392.47}
{"armed": false, "event": "idle_disarmed", "preset": "car_single", "single_auto": true, "ts": 1782987393.472}
{"armed": false, "event": "idle_disarmed", "preset": "car_single", "single_auto": true, "ts": 1782987393.472}
{"armed": false, "event": "idle_disarmed", "preset": "car_single", "single_auto": true, "ts": 1782987394.475}
{"armed": false, "event": "idle_disarmed", "preset": "car_single", "single_auto": true, "ts": 1782987394.475}
{"armed": false, "event": "idle_disarmed", "preset": "car_single", "single_auto": true, "ts": 1782987395.478}
{"armed": false, "event": "idle_disarmed", "preset": "car_single", "single_auto": true, "ts": 1782987395.478}
{"armed": false, "event": "idle_disarmed", "preset": "car_single", "single_auto": true, "ts": 1782987396.48}
{"armed": false, "event": "idle_disarmed", "preset": "car_single", "single_auto": true, "ts": 1782987396.48}
{"armed": false, "event": "idle_disarmed", "preset": "car_single", "single_auto": true, "ts": 1782987397.483}
{"armed": false, "event": "idle_disarmed", "preset": "car_single", "single_auto": true, "ts": 1782987397.483}
{"armed": false, "event": "idle_disarmed", "preset": "car_single", "single_auto": true, "ts": 1782987398.485}
{"armed": false, "event": "idle_disarmed", "preset": "car_single", "single_auto": true, "ts": 1782987398.485}
{"armed": false, "event": "idle_disarmed", "preset": "car_single", "single_auto": true, "ts": 1782987399.488}
{"armed": false, "event": "idle_disarmed", "preset": "car_single", "single_auto": true, "ts": 1782987399.488}
{"armed": false, "event": "idle_disarmed", "preset": "car_single", "single_auto": true, "ts": 1782987400.491}
{"armed": false, "event": "idle_disarmed", "preset": "car_single", "single_auto": true, "ts": 1782987400.491}
{"armed": false, "event": "idle_disarmed", "preset": "car_single", "single_auto": true, "ts": 1782987401.493}
{"armed": false, "event": "idle_disarmed", "preset": "car_single", "single_auto": true, "ts": 1782987401.493}
{"armed": false, "event": "idle_disarmed", "preset": "car_single", "single_auto": true, "ts": 1782987402.496}
{"armed": false, "event": "idle_disarmed", "preset": "car_single", "single_auto": true, "ts": 1782987402.496}
{"armed": false, "event": "idle_disarmed", "preset": "car_single", "single_auto": true, "ts": 1782987403.499}
{"armed": false, "event": "idle_disarmed", "preset": "car_single", "single_auto": true, "ts": 1782987403.499}
{"armed": false, "event": "idle_disarmed", "preset": "car_single", "single_auto": true, "ts": 1782987404.501}
{"armed": false, "event": "idle_disarmed", "preset": "car_single", "single_auto": true, "ts": 1782987404.501}
{"armed": false, "event": "idle_disarmed", "preset": "car_single", "single_auto": true, "ts": 1782987405.504}
{"armed": false, "event": "idle_disarmed", "preset": "car_single", "single_auto": true, "ts": 1782987405.504}
{"armed": false, "event": "idle_disarmed", "preset": "car_single", "single_auto": true, "ts": 1782987406.506}
{"armed": false, "event": "idle_disarmed", "preset": "car_single", "single_auto": true, "ts": 1782987406.506}
{"armed": false, "event": "idle_disarmed", "preset": "car_single", "single_auto": true, "ts": 1782987407.509}
{"armed": false, "event": "idle_disarmed", "preset": "car_single", "single_auto": true, "ts": 1782987407.509}
{"armed": false, "event": "idle_disarmed", "preset": "car_single", "single_auto": true, "ts": 1782987408.511}
{"armed": false, "event": "idle_disarmed", "preset": "car_single", "single_auto": true, "ts": 1782987408.511}
{"armed": false, "event": "idle_disarmed", "preset": "car_single", "single_auto": true, "ts": 1782987409.514}
{"armed": false, "event": "idle_disarmed", "preset": "car_single", "single_auto": true, "ts": 1782987409.514}
{"armed": false, "event": "idle_disarmed", "preset": "car_single", "single_auto": true, "ts": 1782987410.517}
{"armed": false, "event": "idle_disarmed", "preset": "car_single", "single_auto": true, "ts": 1782987410.517}
{"armed": false, "event": "idle_disarmed", "preset": "car_single", "single_auto": true, "ts": 1782987411.519}
{"armed": false, "event": "idle_disarmed", "preset": "car_single", "single_auto": true, "ts": 1782987411.519}
{"armed": false, "event": "idle_disarmed", "preset": "car_single", "single_auto": true, "ts": 1782987412.522}
{"armed": false, "event": "idle_disarmed", "preset": "car_single", "single_auto": true, "ts": 1782987412.522}
{"armed": false, "event": "idle_disarmed", "preset": "car_single", "single_auto": true, "ts": 1782987413.524}
{"armed": false, "event": "idle_disarmed", "preset": "car_single", "single_auto": true, "ts": 1782987413.524}
{"armed": false, "event": "idle_disarmed", "preset": "car_single", "single_auto": true, "ts": 1782987414.527}
{"armed": false, "event": "idle_disarmed", "preset": "car_single", "single_auto": true, "ts": 1782987414.527}
{"armed": false, "event": "idle_disarmed", "preset": "car_single", "single_auto": true, "ts": 1782987415.529}
{"armed": false, "event": "idle_disarmed", "preset": "car_single", "single_auto": true, "ts": 1782987415.529}
{"armed": false, "event": "idle_disarmed", "preset": "car_single", "single_auto": true, "ts": 1782987416.531}
{"armed": false, "event": "idle_disarmed", "preset": "car_single", "single_auto": true, "ts": 1782987416.531}
{"armed": false, "event": "idle_disarmed", "preset": "car_single", "single_auto": true, "ts": 1782987417.534}
{"armed": false, "event": "idle_disarmed", "preset": "car_single", "single_auto": true, "ts": 1782987417.534}
{"armed": false, "event": "idle_disarmed", "preset": "car_single", "single_auto": true, "ts": 1782987418.536}
{"armed": false, "event": "idle_disarmed", "preset": "car_single", "single_auto": true, "ts": 1782987418.536}
{"armed": false, "event": "idle_disarmed", "preset": "car_single", "single_auto": true, "ts": 1782987419.539}
{"armed": false, "event": "idle_disarmed", "preset": "car_single", "single_auto": true, "ts": 1782987419.539}
{"armed": false, "event": "idle_disarmed", "preset": "car_single", "single_auto": true, "ts": 1782987420.541}
{"armed": false, "event": "idle_disarmed", "preset": "car_single", "single_auto": true, "ts": 1782987420.541}
{"armed": false, "event": "idle_disarmed", "preset": "car_single", "single_auto": true, "ts": 1782987421.544}
{"armed": false, "event": "idle_disarmed", "preset": "car_single", "single_auto": true, "ts": 1782987421.544}
{"armed": false, "event": "idle_disarmed", "preset": "car_single", "single_auto": true, "ts": 1782987422.546}
{"armed": false, "event": "idle_disarmed", "preset": "car_single", "single_auto": true, "ts": 1782987422.546}
{"armed": false, "event": "idle_disarmed", "preset": "car_single", "single_auto": true, "ts": 1782987423.549}
{"armed": false, "event": "idle_disarmed", "preset": "car_single", "single_auto": true, "ts": 1782987423.549}
{"armed": false, "event": "idle_disarmed", "preset": "car_single", "single_auto": true, "ts": 1782987424.552}
{"armed": false, "event": "idle_disarmed", "preset": "car_single", "single_auto": true, "ts": 1782987424.552}
{"armed": false, "event": "idle_disarmed", "preset": "car_single", "single_auto": true, "ts": 1782987425.555}
{"armed": false, "event": "idle_disarmed", "preset": "car_single", "single_auto": true, "ts": 1782987425.555}
{"armed": false, "event": "idle_disarmed", "preset": "car_single", "single_auto": true, "ts": 1782987426.557}
{"armed": false, "event": "idle_disarmed", "preset": "car_single", "single_auto": true, "ts": 1782987426.557}
{"armed": false, "event": "idle_disarmed", "preset": "car_single", "single_auto": true, "ts": 1782987427.56}
{"armed": false, "event": "idle_disarmed", "preset": "car_single", "single_auto": true, "ts": 1782987427.56}
{"armed": false, "event": "idle_disarmed", "preset": "car_single", "single_auto": true, "ts": 1782987428.563}
{"armed": false, "event": "idle_disarmed", "preset": "car_single", "single_auto": true, "ts": 1782987428.563}
{"armed": false, "event": "idle_disarmed", "preset": "car_single", "single_auto": true, "ts": 1782987429.566}
{"armed": false, "event": "idle_disarmed", "preset": "car_single", "single_auto": true, "ts": 1782987429.566}
{"armed": false, "event": "idle_disarmed", "preset": "car_single", "single_auto": true, "ts": 1782987430.569}
{"armed": false, "event": "idle_disarmed", "preset": "car_single", "single_auto": true, "ts": 1782987430.569}
{"armed": false, "event": "idle_disarmed", "preset": "car_single", "single_auto": true, "ts": 1782987431.572}
{"armed": false, "event": "idle_disarmed", "preset": "car_single", "single_auto": true, "ts": 1782987431.572}
{"armed": false, "event": "idle_disarmed", "preset": "car_single", "single_auto": true, "ts": 1782987432.574}
{"armed": false, "event": "idle_disarmed", "preset": "car_single", "single_auto": true, "ts": 1782987432.574}
{"armed": false, "event": "idle_disarmed", "preset": "car_single", "single_auto": true, "ts": 1782987433.577}
{"armed": false, "event": "idle_disarmed", "preset": "car_single", "single_auto": true, "ts": 1782987433.577}
{"armed": false, "event": "idle_disarmed", "preset": "car_single", "single_auto": true, "ts": 1782987434.579}
{"armed": false, "event": "idle_disarmed", "preset": "car_single", "single_auto": true, "ts": 1782987434.579}
{"armed": false, "event": "idle_disarmed", "preset": "car_single", "single_auto": true, "ts": 1782987435.582}
{"armed": false, "event": "idle_disarmed", "preset": "car_single", "single_auto": true, "ts": 1782987435.582}
{"armed": false, "event": "idle_disarmed", "preset": "car_single", "single_auto": true, "ts": 1782987436.585}
{"armed": false, "event": "idle_disarmed", "preset": "car_single", "single_auto": true, "ts": 1782987436.585}
{"armed": false, "event": "idle_disarmed", "preset": "car_single", "single_auto": true, "ts": 1782987437.588}
{"armed": false, "event": "idle_disarmed", "preset": "car_single", "single_auto": true, "ts": 1782987437.588}
{"armed": false, "event": "idle_disarmed", "preset": "car_single", "single_auto": true, "ts": 1782987438.59}
{"armed": false, "event": "idle_disarmed", "preset": "car_single", "single_auto": true, "ts": 1782987438.59}
{"armed": false, "event": "idle_disarmed", "preset": "car_single", "single_auto": true, "ts": 1782987439.593}
{"armed": false, "event": "idle_disarmed", "preset": "car_single", "single_auto": true, "ts": 1782987439.593}
{"armed": false, "event": "idle_disarmed", "preset": "car_single", "single_auto": true, "ts": 1782987440.595}
{"armed": false, "event": "idle_disarmed", "preset": "car_single", "single_auto": true, "ts": 1782987440.595}
{"armed": false, "event": "idle_disarmed", "preset": "car_single", "single_auto": true, "ts": 1782987441.597}
{"armed": false, "event": "idle_disarmed", "preset": "car_single", "single_auto": true, "ts": 1782987441.597}
{"armed": false, "event": "idle_disarmed", "preset": "car_single", "single_auto": true, "ts": 1782987442.6}
{"armed": false, "event": "idle_disarmed", "preset": "car_single", "single_auto": true, "ts": 1782987442.6}
{"armed": false, "event": "idle_disarmed", "preset": "car_single", "single_auto": true, "ts": 1782987443.602}
{"armed": false, "event": "idle_disarmed", "preset": "car_single", "single_auto": true, "ts": 1782987443.602}
{"armed": false, "event": "idle_disarmed", "preset": "car_single", "single_auto": true, "ts": 1782987444.604}
{"armed": false, "event": "idle_disarmed", "preset": "car_single", "single_auto": true, "ts": 1782987444.604}
{"armed": false, "event": "idle_disarmed", "preset": "car_single", "single_auto": true, "ts": 1782987445.607}
{"armed": false, "event": "idle_disarmed", "preset": "car_single", "single_auto": true, "ts": 1782987445.607}
{"armed": false, "event": "idle_disarmed", "preset": "car_single", "single_auto": true, "ts": 1782987446.61}
{"armed": false, "event": "idle_disarmed", "preset": "car_single", "single_auto": true, "ts": 1782987446.61}
{"armed": false, "event": "idle_disarmed", "preset": "car_single", "single_auto": true, "ts": 1782987447.612}
{"armed": false, "event": "idle_disarmed", "preset": "car_single", "single_auto": true, "ts": 1782987447.612}
{"armed": false, "event": "idle_disarmed", "preset": "car_single", "single_auto": true, "ts": 1782987448.615}
{"armed": false, "event": "idle_disarmed", "preset": "car_single", "single_auto": true, "ts": 1782987448.615}
{"armed": false, "event": "idle_disarmed", "preset": "car_single", "single_auto": true, "ts": 1782987449.618}
{"armed": false, "event": "idle_disarmed", "preset": "car_single", "single_auto": true, "ts": 1782987449.618}
{"armed": false, "event": "idle_disarmed", "preset": "car_single", "single_auto": true, "ts": 1782987450.62}
{"armed": false, "event": "idle_disarmed", "preset": "car_single", "single_auto": true, "ts": 1782987450.62}
{"armed": false, "event": "idle_disarmed", "preset": "car_single", "single_auto": true, "ts": 1782987451.623}
{"armed": false, "event": "idle_disarmed", "preset": "car_single", "single_auto": true, "ts": 1782987451.623}
{"armed": false, "event": "idle_disarmed", "preset": "car_single", "single_auto": true, "ts": 1782987452.625}
{"armed": false, "event": "idle_disarmed", "preset": "car_single", "single_auto": true, "ts": 1782987452.625}
{"armed": false, "event": "idle_disarmed", "preset": "car_single", "single_auto": true, "ts": 1782987453.628}
{"armed": false, "event": "idle_disarmed", "preset": "car_single", "single_auto": true, "ts": 1782987453.628}
{"armed": false, "event": "idle_disarmed", "preset": "car_single", "single_auto": true, "ts": 1782987454.63}
{"armed": false, "event": "idle_disarmed", "preset": "car_single", "single_auto": true, "ts": 1782987454.63}
{"armed": false, "event": "idle_disarmed", "preset": "car_single", "single_auto": true, "ts": 1782987455.632}
{"armed": false, "event": "idle_disarmed", "preset": "car_single", "single_auto": true, "ts": 1782987455.632}
{"armed": false, "event": "idle_disarmed", "preset": "car_single", "single_auto": true, "ts": 1782987456.635}
{"armed": false, "event": "idle_disarmed", "preset": "car_single", "single_auto": true, "ts": 1782987456.635}
{"armed": false, "event": "idle_disarmed", "preset": "car_single", "single_auto": true, "ts": 1782987457.637}
{"armed": false, "event": "idle_disarmed", "preset": "car_single", "single_auto": true, "ts": 1782987457.637}
{"armed": false, "event": "idle_disarmed", "preset": "car_single", "single_auto": true, "ts": 1782987458.64}
{"armed": false, "event": "idle_disarmed", "preset": "car_single", "single_auto": true, "ts": 1782987458.64}
{"armed": false, "event": "idle_disarmed", "preset": "car_single", "single_auto": true, "ts": 1782987459.642}
{"armed": false, "event": "idle_disarmed", "preset": "car_single", "single_auto": true, "ts": 1782987459.642}
{"armed": false, "event": "idle_disarmed", "preset": "car_single", "single_auto": true, "ts": 1782987460.645}
{"armed": false, "event": "idle_disarmed", "preset": "car_single", "single_auto": true, "ts": 1782987460.645}
{"armed": false, "event": "idle_disarmed", "preset": "car_single", "single_auto": true, "ts": 1782987461.647}
{"armed": false, "event": "idle_disarmed", "preset": "car_single", "single_auto": true, "ts": 1782987461.647}
{"armed": false, "event": "idle_disarmed", "preset": "car_single", "single_auto": true, "ts": 1782987462.65}
{"armed": false, "event": "idle_disarmed", "preset": "car_single", "single_auto": true, "ts": 1782987462.65}
{"armed": false, "event": "idle_disarmed", "preset": "car_single", "single_auto": true, "ts": 1782987463.653}
{"armed": false, "event": "idle_disarmed", "preset": "car_single", "single_auto": true, "ts": 1782987463.653}
{"armed": false, "event": "idle_disarmed", "preset": "car_single", "single_auto": true, "ts": 1782987464.655}
{"armed": false, "event": "idle_disarmed", "preset": "car_single", "single_auto": true, "ts": 1782987464.655}
{"armed": false, "event": "idle_disarmed", "preset": "car_single", "single_auto": true, "ts": 1782987465.658}
{"armed": false, "event": "idle_disarmed", "preset": "car_single", "single_auto": true, "ts": 1782987465.658}
{"armed": false, "event": "idle_disarmed", "preset": "car_single", "single_auto": true, "ts": 1782987466.661}
{"armed": false, "event": "idle_disarmed", "preset": "car_single", "single_auto": true, "ts": 1782987466.661}
{"armed": false, "event": "idle_disarmed", "preset": "car_single", "single_auto": true, "ts": 1782987467.663}
{"armed": false, "event": "idle_disarmed", "preset": "car_single", "single_auto": true, "ts": 1782987467.663}
{"armed": false, "event": "idle_disarmed", "preset": "car_single", "single_auto": true, "ts": 1782987468.666}
{"armed": false, "event": "idle_disarmed", "preset": "car_single", "single_auto": true, "ts": 1782987468.666}
{"armed": false, "event": "idle_disarmed", "preset": "car_single", "single_auto": true, "ts": 1782987469.669}
{"armed": false, "event": "idle_disarmed", "preset": "car_single", "single_auto": true, "ts": 1782987469.669}
{"armed": false, "event": "idle_disarmed", "preset": "car_single", "single_auto": true, "ts": 1782987470.671}
{"armed": false, "event": "idle_disarmed", "preset": "car_single", "single_auto": true, "ts": 1782987470.671}
{"armed": false, "event": "idle_disarmed", "preset": "car_single", "single_auto": true, "ts": 1782987471.674}
{"armed": false, "event": "idle_disarmed", "preset": "car_single", "single_auto": true, "ts": 1782987471.674}
{"armed": false, "event": "idle_disarmed", "preset": "car_single", "single_auto": true, "ts": 1782987472.677}
{"armed": false, "event": "idle_disarmed", "preset": "car_single", "single_auto": true, "ts": 1782987472.677}
{"armed": false, "event": "idle_disarmed", "preset": "car_single", "single_auto": true, "ts": 1782987473.679}
{"armed": false, "event": "idle_disarmed", "preset": "car_single", "single_auto": true, "ts": 1782987473.679}
{"armed": false, "event": "idle_disarmed", "preset": "car_single", "single_auto": true, "ts": 1782987474.682}
{"armed": false, "event": "idle_disarmed", "preset": "car_single", "single_auto": true, "ts": 1782987474.682}
{"armed": false, "event": "idle_disarmed", "preset": "car_single", "single_auto": true, "ts": 1782987475.685}
{"armed": false, "event": "idle_disarmed", "preset": "car_single", "single_auto": true, "ts": 1782987475.685}
{"armed": false, "event": "idle_disarmed", "preset": "car_single", "single_auto": true, "ts": 1782987476.687}
{"armed": false, "event": "idle_disarmed", "preset": "car_single", "single_auto": true, "ts": 1782987476.687}
{"armed": false, "event": "idle_disarmed", "preset": "car_single", "single_auto": true, "ts": 1782987477.69}
{"armed": false, "event": "idle_disarmed", "preset": "car_single", "single_auto": true, "ts": 1782987477.69}
{"armed": false, "event": "idle_disarmed", "preset": "car_single", "single_auto": true, "ts": 1782987478.693}
{"armed": false, "event": "idle_disarmed", "preset": "car_single", "single_auto": true, "ts": 1782987478.693}
{"armed": false, "event": "idle_disarmed", "preset": "car_single", "single_auto": true, "ts": 1782987479.696}
{"armed": false, "event": "idle_disarmed", "preset": "car_single", "single_auto": true, "ts": 1782987479.696}
{"armed": false, "event": "idle_disarmed", "preset": "car_single", "single_auto": true, "ts": 1782987480.698}
{"armed": false, "event": "idle_disarmed", "preset": "car_single", "single_auto": true, "ts": 1782987480.698}
{"armed": false, "event": "idle_disarmed", "preset": "car_single", "single_auto": true, "ts": 1782987481.701}
{"armed": false, "event": "idle_disarmed", "preset": "car_single", "single_auto": true, "ts": 1782987481.701}
{"armed": false, "event": "idle_disarmed", "preset": "car_single", "single_auto": true, "ts": 1782987482.703}
{"armed": false, "event": "idle_disarmed", "preset": "car_single", "single_auto": true, "ts": 1782987482.703}
{"armed": false, "event": "idle_disarmed", "preset": "car_single", "single_auto": true, "ts": 1782987483.706}
{"armed": false, "event": "idle_disarmed", "preset": "car_single", "single_auto": true, "ts": 1782987483.706}
{"armed": false, "event": "idle_disarmed", "preset": "car_single", "single_auto": true, "ts": 1782987484.708}
{"armed": false, "event": "idle_disarmed", "preset": "car_single", "single_auto": true, "ts": 1782987484.708}
{"armed": false, "event": "idle_disarmed", "preset": "car_single", "single_auto": true, "ts": 1782987485.711}
{"armed": false, "event": "idle_disarmed", "preset": "car_single", "single_auto": true, "ts": 1782987485.711}
{"armed": false, "event": "idle_disarmed", "preset": "car_single", "single_auto": true, "ts": 1782987486.714}
{"armed": false, "event": "idle_disarmed", "preset": "car_single", "single_auto": true, "ts": 1782987486.714}
{"armed": false, "event": "idle_disarmed", "preset": "car_single", "single_auto": true, "ts": 1782987487.717}
{"armed": false, "event": "idle_disarmed", "preset": "car_single", "single_auto": true, "ts": 1782987487.717}
{"armed": false, "event": "idle_disarmed", "preset": "car_single", "single_auto": true, "ts": 1782987488.719}
{"armed": false, "event": "idle_disarmed", "preset": "car_single", "single_auto": true, "ts": 1782987488.719}
{"armed": false, "event": "idle_disarmed", "preset": "car_single", "single_auto": true, "ts": 1782987489.722}
{"armed": false, "event": "idle_disarmed", "preset": "car_single", "single_auto": true, "ts": 1782987489.722}
{"armed": false, "event": "idle_disarmed", "preset": "car_single", "single_auto": true, "ts": 1782987490.725}
{"armed": false, "event": "idle_disarmed", "preset": "car_single", "single_auto": true, "ts": 1782987490.725}
{"armed": false, "event": "idle_disarmed", "preset": "car_single", "single_auto": true, "ts": 1782987491.727}
{"armed": false, "event": "idle_disarmed", "preset": "car_single", "single_auto": true, "ts": 1782987491.727}
{"armed": false, "event": "idle_disarmed", "preset": "car_single", "single_auto": true, "ts": 1782987492.73}
{"armed": false, "event": "idle_disarmed", "preset": "car_single", "single_auto": true, "ts": 1782987492.73}
{"armed": false, "event": "idle_disarmed", "preset": "car_single", "single_auto": true, "ts": 1782987493.732}
{"armed": false, "event": "idle_disarmed", "preset": "car_single", "single_auto": true, "ts": 1782987493.732}
{"armed": false, "event": "idle_disarmed", "preset": "car_single", "single_auto": true, "ts": 1782987494.735}
{"armed": false, "event": "idle_disarmed", "preset": "car_single", "single_auto": true, "ts": 1782987494.735}
{"armed": false, "event": "idle_disarmed", "preset": "car_single", "single_auto": true, "ts": 1782987495.738}
{"armed": false, "event": "idle_disarmed", "preset": "car_single", "single_auto": true, "ts": 1782987495.738}
{"armed": false, "event": "idle_disarmed", "preset": "car_single", "single_auto": true, "ts": 1782987496.74}
{"armed": false, "event": "idle_disarmed", "preset": "car_single", "single_auto": true, "ts": 1782987496.74}
{"armed": false, "event": "idle_disarmed", "preset": "car_single", "single_auto": true, "ts": 1782987497.742}
{"armed": false, "event": "idle_disarmed", "preset": "car_single", "single_auto": true, "ts": 1782987497.742}
{"armed": false, "event": "idle_disarmed", "preset": "car_single", "single_auto": true, "ts": 1782987498.745}
{"armed": false, "event": "idle_disarmed", "preset": "car_single", "single_auto": true, "ts": 1782987498.745}
{"armed": false, "event": "idle_disarmed", "preset": "car_single", "single_auto": true, "ts": 1782987499.747}
{"armed": false, "event": "idle_disarmed", "preset": "car_single", "single_auto": true, "ts": 1782987499.747}
{"armed": false, "event": "idle_disarmed", "preset": "car_single", "single_auto": true, "ts": 1782987500.75}
{"armed": false, "event": "idle_disarmed", "preset": "car_single", "single_auto": true, "ts": 1782987500.75}
{"armed": false, "event": "idle_disarmed", "preset": "car_single", "single_auto": true, "ts": 1782987501.753}
{"armed": false, "event": "idle_disarmed", "preset": "car_single", "single_auto": true, "ts": 1782987501.753}
{"armed": false, "event": "idle_disarmed", "preset": "car_single", "single_auto": true, "ts": 1782987502.756}
{"armed": false, "event": "idle_disarmed", "preset": "car_single", "single_auto": true, "ts": 1782987502.756}
{"armed": false, "event": "idle_disarmed", "preset": "car_single", "single_auto": true, "ts": 1782987503.759}
{"armed": false, "event": "idle_disarmed", "preset": "car_single", "single_auto": true, "ts": 1782987503.759}
{"armed": false, "event": "idle_disarmed", "preset": "car_single", "single_auto": true, "ts": 1782987504.761}
{"armed": false, "event": "idle_disarmed", "preset": "car_single", "single_auto": true, "ts": 1782987504.761}
{"armed": false, "event": "idle_disarmed", "preset": "car_single", "single_auto": true, "ts": 1782987505.764}
{"armed": false, "event": "idle_disarmed", "preset": "car_single", "single_auto": true, "ts": 1782987505.764}
{"armed": false, "event": "idle_disarmed", "preset": "car_single", "single_auto": true, "ts": 1782987506.767}
{"armed": false, "event": "idle_disarmed", "preset": "car_single", "single_auto": true, "ts": 1782987506.767}
{"armed": false, "event": "idle_disarmed", "preset": "car_single", "single_auto": true, "ts": 1782987507.769}
{"armed": false, "event": "idle_disarmed", "preset": "car_single", "single_auto": true, "ts": 1782987507.769}
{"armed": false, "event": "idle_disarmed", "preset": "car_single", "single_auto": true, "ts": 1782987508.772}
{"armed": false, "event": "idle_disarmed", "preset": "car_single", "single_auto": true, "ts": 1782987508.772}
{"armed": false, "event": "idle_disarmed", "preset": "car_single", "single_auto": true, "ts": 1782987509.775}
{"armed": false, "event": "idle_disarmed", "preset": "car_single", "single_auto": true, "ts": 1782987509.775}
{"armed": false, "event": "idle_disarmed", "preset": "car_single", "single_auto": true, "ts": 1782987510.778}
{"armed": false, "event": "idle_disarmed", "preset": "car_single", "single_auto": true, "ts": 1782987510.778}
{"armed": false, "event": "idle_disarmed", "preset": "car_single", "single_auto": true, "ts": 1782987511.78}
{"armed": false, "event": "idle_disarmed", "preset": "car_single", "single_auto": true, "ts": 1782987511.78}
{"armed": false, "event": "idle_disarmed", "preset": "car_single", "single_auto": true, "ts": 1782987512.783}
{"armed": false, "event": "idle_disarmed", "preset": "car_single", "single_auto": true, "ts": 1782987512.783}
{"armed": false, "event": "idle_disarmed", "preset": "car_single", "single_auto": true, "ts": 1782987513.785}
{"armed": false, "event": "idle_disarmed", "preset": "car_single", "single_auto": true, "ts": 1782987513.785}
{"armed": false, "event": "idle_disarmed", "preset": "car_single", "single_auto": true, "ts": 1782987514.788}
{"armed": false, "event": "idle_disarmed", "preset": "car_single", "single_auto": true, "ts": 1782987514.788}
{"armed": false, "event": "idle_disarmed", "preset": "car_single", "single_auto": true, "ts": 1782987515.792}
{"armed": false, "event": "idle_disarmed", "preset": "car_single", "single_auto": true, "ts": 1782987515.792}
{"armed": false, "event": "idle_disarmed", "preset": "car_single", "single_auto": true, "ts": 1782987516.794}
{"armed": false, "event": "idle_disarmed", "preset": "car_single", "single_auto": true, "ts": 1782987516.794}
{"armed": false, "event": "idle_disarmed", "preset": "car_single", "single_auto": true, "ts": 1782987517.797}
{"armed": false, "event": "idle_disarmed", "preset": "car_single", "single_auto": true, "ts": 1782987517.797}
{"armed": false, "event": "idle_disarmed", "preset": "car_single", "single_auto": true, "ts": 1782987518.8}
{"armed": false, "event": "idle_disarmed", "preset": "car_single", "single_auto": true, "ts": 1782987518.8}
{"armed": false, "event": "idle_disarmed", "preset": "car_single", "single_auto": true, "ts": 1782987519.803}
{"armed": false, "event": "idle_disarmed", "preset": "car_single", "single_auto": true, "ts": 1782987519.803}
{"armed": false, "event": "idle_disarmed", "preset": "car_single", "single_auto": true, "ts": 1782987520.805}
{"armed": false, "event": "idle_disarmed", "preset": "car_single", "single_auto": true, "ts": 1782987520.805}
{"armed": false, "event": "idle_disarmed", "preset": "car_single", "single_auto": true, "ts": 1782987521.808}
{"armed": false, "event": "idle_disarmed", "preset": "car_single", "single_auto": true, "ts": 1782987521.808}
{"armed": false, "event": "idle_disarmed", "preset": "car_single", "single_auto": true, "ts": 1782987522.811}
{"armed": false, "event": "idle_disarmed", "preset": "car_single", "single_auto": true, "ts": 1782987522.811}
{"armed": false, "event": "idle_disarmed", "preset": "car_single", "single_auto": true, "ts": 1782987523.813}
{"armed": false, "event": "idle_disarmed", "preset": "car_single", "single_auto": true, "ts": 1782987523.813}
{"armed": false, "event": "idle_disarmed", "preset": "car_single", "single_auto": true, "ts": 1782987524.816}
{"armed": false, "event": "idle_disarmed", "preset": "car_single", "single_auto": true, "ts": 1782987524.816}
{"armed": false, "event": "idle_disarmed", "preset": "car_single", "single_auto": true, "ts": 1782987525.818}
{"armed": false, "event": "idle_disarmed", "preset": "car_single", "single_auto": true, "ts": 1782987525.818}
{"armed": false, "event": "idle_disarmed", "preset": "car_single", "single_auto": true, "ts": 1782987526.821}
{"armed": false, "event": "idle_disarmed", "preset": "car_single", "single_auto": true, "ts": 1782987526.821}
{"armed": false, "event": "idle_disarmed", "preset": "car_single", "single_auto": true, "ts": 1782987527.824}
{"armed": false, "event": "idle_disarmed", "preset": "car_single", "single_auto": true, "ts": 1782987527.824}
{"armed": false, "event": "idle_disarmed", "preset": "car_single", "single_auto": true, "ts": 1782987528.827}
{"armed": false, "event": "idle_disarmed", "preset": "car_single", "single_auto": true, "ts": 1782987528.827}
{"armed": false, "event": "idle_disarmed", "preset": "car_single", "single_auto": true, "ts": 1782987529.829}
{"armed": false, "event": "idle_disarmed", "preset": "car_single", "single_auto": true, "ts": 1782987529.829}
{"armed": false, "event": "idle_disarmed", "preset": "car_single", "single_auto": true, "ts": 1782987530.831}
{"armed": false, "event": "idle_disarmed", "preset": "car_single", "single_auto": true, "ts": 1782987530.831}
{"armed": false, "event": "idle_disarmed", "preset": "car_single", "single_auto": true, "ts": 1782987531.834}
{"armed": false, "event": "idle_disarmed", "preset": "car_single", "single_auto": true, "ts": 1782987531.834}
{"armed": false, "event": "idle_disarmed", "preset": "car_single", "single_auto": true, "ts": 1782987532.837}
{"armed": false, "event": "idle_disarmed", "preset": "car_single", "single_auto": true, "ts": 1782987532.837}
{"armed": false, "event": "idle_disarmed", "preset": "car_single", "single_auto": true, "ts": 1782987533.839}
{"armed": false, "event": "idle_disarmed", "preset": "car_single", "single_auto": true, "ts": 1782987533.839}
{"armed": false, "event": "idle_disarmed", "preset": "car_single", "single_auto": true, "ts": 1782987534.842}
{"armed": false, "event": "idle_disarmed", "preset": "car_single", "single_auto": true, "ts": 1782987534.842}
{"armed": false, "event": "idle_disarmed", "preset": "car_single", "single_auto": true, "ts": 1782987535.845}
{"armed": false, "event": "idle_disarmed", "preset": "car_single", "single_auto": true, "ts": 1782987535.845}
{"armed": false, "event": "idle_disarmed", "preset": "car_single", "single_auto": true, "ts": 1782987536.847}
{"armed": false, "event": "idle_disarmed", "preset": "car_single", "single_auto": true, "ts": 1782987536.847}
{"armed": false, "event": "idle_disarmed", "preset": "car_single", "single_auto": true, "ts": 1782987537.85}
{"armed": false, "event": "idle_disarmed", "preset": "car_single", "single_auto": true, "ts": 1782987537.85}
{"armed": false, "event": "idle_disarmed", "preset": "car_single", "single_auto": true, "ts": 1782987538.852}
{"armed": false, "event": "idle_disarmed", "preset": "car_single", "single_auto": true, "ts": 1782987538.852}
{"armed": false, "event": "idle_disarmed", "preset": "car_single", "single_auto": true, "ts": 1782987539.854}
{"armed": false, "event": "idle_disarmed", "preset": "car_single", "single_auto": true, "ts": 1782987539.854}
{"armed": false, "event": "idle_disarmed", "preset": "car_single", "single_auto": true, "ts": 1782987540.857}
{"armed": false, "event": "idle_disarmed", "preset": "car_single", "single_auto": true, "ts": 1782987540.857}
{"armed": false, "event": "idle_disarmed", "preset": "car_single", "single_auto": true, "ts": 1782987541.86}
{"armed": false, "event": "idle_disarmed", "preset": "car_single", "single_auto": true, "ts": 1782987541.86}
{"armed": false, "event": "idle_disarmed", "preset": "car_single", "single_auto": true, "ts": 1782987542.862}
{"armed": false, "event": "idle_disarmed", "preset": "car_single", "single_auto": true, "ts": 1782987542.862}
{"armed": false, "event": "idle_disarmed", "preset": "car_single", "single_auto": true, "ts": 1782987543.865}
{"armed": false, "event": "idle_disarmed", "preset": "car_single", "single_auto": true, "ts": 1782987543.865}
{"armed": false, "event": "idle_disarmed", "preset": "car_single", "single_auto": true, "ts": 1782987544.867}
{"armed": false, "event": "idle_disarmed", "preset": "car_single", "single_auto": true, "ts": 1782987544.867}
{"armed": false, "event": "idle_disarmed", "preset": "car_single", "single_auto": true, "ts": 1782987545.869}
{"armed": false, "event": "idle_disarmed", "preset": "car_single", "single_auto": true, "ts": 1782987545.869}
{"armed": false, "event": "idle_disarmed", "preset": "car_single", "single_auto": true, "ts": 1782987546.872}
{"armed": false, "event": "idle_disarmed", "preset": "car_single", "single_auto": true, "ts": 1782987546.872}
{"armed": false, "event": "idle_disarmed", "preset": "car_single", "single_auto": true, "ts": 1782987547.874}
{"armed": false, "event": "idle_disarmed", "preset": "car_single", "single_auto": true, "ts": 1782987547.874}
{"armed": false, "event": "idle_disarmed", "preset": "car_single", "single_auto": true, "ts": 1782987548.877}
{"armed": false, "event": "idle_disarmed", "preset": "car_single", "single_auto": true, "ts": 1782987548.877}
{"armed": false, "event": "idle_disarmed", "preset": "car_single", "single_auto": true, "ts": 1782987549.879}
{"armed": false, "event": "idle_disarmed", "preset": "car_single", "single_auto": true, "ts": 1782987549.879}
{"armed": false, "event": "idle_disarmed", "preset": "car_single", "single_auto": true, "ts": 1782987550.882}
{"armed": false, "event": "idle_disarmed", "preset": "car_single", "single_auto": true, "ts": 1782987550.882}
{"armed": false, "event": "idle_disarmed", "preset": "car_single", "single_auto": true, "ts": 1782987551.884}
{"armed": false, "event": "idle_disarmed", "preset": "car_single", "single_auto": true, "ts": 1782987551.884}
{"armed": false, "event": "idle_disarmed", "preset": "car_single", "single_auto": true, "ts": 1782987552.886}
{"armed": false, "event": "idle_disarmed", "preset": "car_single", "single_auto": true, "ts": 1782987552.886}
{"armed": false, "event": "idle_disarmed", "preset": "car_single", "single_auto": true, "ts": 1782987553.889}
{"armed": false, "event": "idle_disarmed", "preset": "car_single", "single_auto": true, "ts": 1782987553.889}
{"armed": false, "event": "idle_disarmed", "preset": "car_single", "single_auto": true, "ts": 1782987554.891}
{"armed": false, "event": "idle_disarmed", "preset": "car_single", "single_auto": true, "ts": 1782987554.891}
{"armed": false, "event": "idle_disarmed", "preset": "car_single", "single_auto": true, "ts": 1782987555.894}
{"armed": false, "event": "idle_disarmed", "preset": "car_single", "single_auto": true, "ts": 1782987555.894}
{"armed": false, "event": "idle_disarmed", "preset": "car_single", "single_auto": true, "ts": 1782987556.897}
{"armed": false, "event": "idle_disarmed", "preset": "car_single", "single_auto": true, "ts": 1782987556.897}
{"armed": false, "event": "idle_disarmed", "preset": "car_single", "single_auto": true, "ts": 1782987557.899}
{"armed": false, "event": "idle_disarmed", "preset": "car_single", "single_auto": true, "ts": 1782987557.899}
{"armed": false, "event": "idle_disarmed", "preset": "car_single", "single_auto": true, "ts": 1782987558.902}
{"armed": false, "event": "idle_disarmed", "preset": "car_single", "single_auto": true, "ts": 1782987558.902}
{"armed": false, "event": "idle_disarmed", "preset": "car_single", "single_auto": true, "ts": 1782987559.905}
{"armed": false, "event": "idle_disarmed", "preset": "car_single", "single_auto": true, "ts": 1782987559.905}
{"armed": false, "event": "idle_disarmed", "preset": "car_single", "single_auto": true, "ts": 1782987560.907}
{"armed": false, "event": "idle_disarmed", "preset": "car_single", "single_auto": true, "ts": 1782987560.907}
{"armed": false, "event": "idle_disarmed", "preset": "car_single", "single_auto": true, "ts": 1782987561.91}
{"armed": false, "event": "idle_disarmed", "preset": "car_single", "single_auto": true, "ts": 1782987561.91}
{"armed": false, "event": "idle_disarmed", "preset": "car_single", "single_auto": true, "ts": 1782987562.912}
{"armed": false, "event": "idle_disarmed", "preset": "car_single", "single_auto": true, "ts": 1782987562.912}
{"armed": false, "event": "idle_disarmed", "preset": "car_single", "single_auto": true, "ts": 1782987563.915}
{"armed": false, "event": "idle_disarmed", "preset": "car_single", "single_auto": true, "ts": 1782987563.915}
{"armed": false, "event": "idle_disarmed", "preset": "car_single", "single_auto": true, "ts": 1782987564.918}
{"armed": false, "event": "idle_disarmed", "preset": "car_single", "single_auto": true, "ts": 1782987564.918}
{"armed": false, "event": "idle_disarmed", "preset": "car_single", "single_auto": true, "ts": 1782987565.92}
{"armed": false, "event": "idle_disarmed", "preset": "car_single", "single_auto": true, "ts": 1782987565.92}
{"armed": false, "event": "idle_disarmed", "preset": "car_single", "single_auto": true, "ts": 1782987566.922}
{"armed": false, "event": "idle_disarmed", "preset": "car_single", "single_auto": true, "ts": 1782987566.922}
{"armed": false, "event": "idle_disarmed", "preset": "car_single", "single_auto": true, "ts": 1782987567.925}
{"armed": false, "event": "idle_disarmed", "preset": "car_single", "single_auto": true, "ts": 1782987567.925}
{"armed": false, "event": "idle_disarmed", "preset": "car_single", "single_auto": true, "ts": 1782987568.927}
{"armed": false, "event": "idle_disarmed", "preset": "car_single", "single_auto": true, "ts": 1782987568.927}
{"armed": false, "event": "idle_disarmed", "preset": "car_single", "single_auto": true, "ts": 1782987569.93}
{"armed": false, "event": "idle_disarmed", "preset": "car_single", "single_auto": true, "ts": 1782987569.93}
{"armed": false, "event": "idle_disarmed", "preset": "car_single", "single_auto": true, "ts": 1782987570.932}
{"armed": false, "event": "idle_disarmed", "preset": "car_single", "single_auto": true, "ts": 1782987570.932}
{"armed": false, "event": "idle_disarmed", "preset": "car_single", "single_auto": true, "ts": 1782987571.935}
{"armed": false, "event": "idle_disarmed", "preset": "car_single", "single_auto": true, "ts": 1782987571.935}
{"armed": false, "event": "idle_disarmed", "preset": "car_single", "single_auto": true, "ts": 1782987572.937}
{"armed": false, "event": "idle_disarmed", "preset": "car_single", "single_auto": true, "ts": 1782987572.937}
{"armed": false, "event": "idle_disarmed", "preset": "car_single", "single_auto": true, "ts": 1782987573.94}
{"armed": false, "event": "idle_disarmed", "preset": "car_single", "single_auto": true, "ts": 1782987573.94}
{"armed": false, "event": "idle_disarmed", "preset": "car_single", "single_auto": true, "ts": 1782987574.942}
{"armed": false, "event": "idle_disarmed", "preset": "car_single", "single_auto": true, "ts": 1782987574.942}
{"armed": false, "event": "idle_disarmed", "preset": "car_single", "single_auto": true, "ts": 1782987575.944}
{"armed": false, "event": "idle_disarmed", "preset": "car_single", "single_auto": true, "ts": 1782987575.944}
{"armed": false, "event": "idle_disarmed", "preset": "car_single", "single_auto": true, "ts": 1782987576.947}
{"armed": false, "event": "idle_disarmed", "preset": "car_single", "single_auto": true, "ts": 1782987576.947}
{"armed": false, "event": "idle_disarmed", "preset": "car_single", "single_auto": true, "ts": 1782987577.949}
{"armed": false, "event": "idle_disarmed", "preset": "car_single", "single_auto": true, "ts": 1782987577.949}
{"armed": false, "event": "idle_disarmed", "preset": "car_single", "single_auto": true, "ts": 1782987578.951}
{"armed": false, "event": "idle_disarmed", "preset": "car_single", "single_auto": true, "ts": 1782987578.951}
{"armed": false, "event": "idle_disarmed", "preset": "car_single", "single_auto": true, "ts": 1782987579.954}
{"armed": false, "event": "idle_disarmed", "preset": "car_single", "single_auto": true, "ts": 1782987579.954}
{"armed": false, "event": "idle_disarmed", "preset": "car_single", "single_auto": true, "ts": 1782987580.956}
{"armed": false, "event": "idle_disarmed", "preset": "car_single", "single_auto": true, "ts": 1782987580.956}
{"armed": false, "event": "idle_disarmed", "preset": "car_single", "single_auto": true, "ts": 1782987581.958}
{"armed": false, "event": "idle_disarmed", "preset": "car_single", "single_auto": true, "ts": 1782987581.958}
{"armed": false, "event": "idle_disarmed", "preset": "car_single", "single_auto": true, "ts": 1782987582.961}
{"armed": false, "event": "idle_disarmed", "preset": "car_single", "single_auto": true, "ts": 1782987582.961}
{"armed": false, "event": "idle_disarmed", "preset": "car_single", "single_auto": true, "ts": 1782987583.963}
{"armed": false, "event": "idle_disarmed", "preset": "car_single", "single_auto": true, "ts": 1782987583.963}
{"armed": false, "event": "idle_disarmed", "preset": "car_single", "single_auto": true, "ts": 1782987584.966}
{"armed": false, "event": "idle_disarmed", "preset": "car_single", "single_auto": true, "ts": 1782987584.966}
{"armed": false, "event": "idle_disarmed", "preset": "car_single", "single_auto": true, "ts": 1782987585.968}
{"armed": false, "event": "idle_disarmed", "preset": "car_single", "single_auto": true, "ts": 1782987585.968}
{"armed": false, "event": "idle_disarmed", "preset": "car_single", "single_auto": true, "ts": 1782987586.971}
{"armed": false, "event": "idle_disarmed", "preset": "car_single", "single_auto": true, "ts": 1782987586.971}
{"armed": false, "event": "idle_disarmed", "preset": "car_single", "single_auto": true, "ts": 1782987587.973}
{"armed": false, "event": "idle_disarmed", "preset": "car_single", "single_auto": true, "ts": 1782987587.973}
{"armed": false, "event": "idle_disarmed", "preset": "car_single", "single_auto": true, "ts": 1782987588.976}
{"armed": false, "event": "idle_disarmed", "preset": "car_single", "single_auto": true, "ts": 1782987588.976}
{"armed": false, "event": "idle_disarmed", "preset": "car_single", "single_auto": true, "ts": 1782987589.978}
{"armed": false, "event": "idle_disarmed", "preset": "car_single", "single_auto": true, "ts": 1782987589.978}
{"armed": false, "event": "idle_disarmed", "preset": "car_single", "single_auto": true, "ts": 1782987590.98}
{"armed": false, "event": "idle_disarmed", "preset": "car_single", "single_auto": true, "ts": 1782987590.98}
{"armed": false, "event": "idle_disarmed", "preset": "car_single", "single_auto": true, "ts": 1782987591.983}
{"armed": false, "event": "idle_disarmed", "preset": "car_single", "single_auto": true, "ts": 1782987591.983}
{"armed": false, "event": "idle_disarmed", "preset": "car_single", "single_auto": true, "ts": 1782987592.985}
{"armed": false, "event": "idle_disarmed", "preset": "car_single", "single_auto": true, "ts": 1782987592.985}
{"armed": false, "event": "idle_disarmed", "preset": "car_single", "single_auto": true, "ts": 1782987593.988}
{"armed": false, "event": "idle_disarmed", "preset": "car_single", "single_auto": true, "ts": 1782987593.988}
{"armed": false, "event": "idle_disarmed", "preset": "car_single", "single_auto": true, "ts": 1782987594.99}
{"armed": false, "event": "idle_disarmed", "preset": "car_single", "single_auto": true, "ts": 1782987594.99}
{"armed": false, "event": "idle_disarmed", "preset": "car_single", "single_auto": true, "ts": 1782987595.993}
{"armed": false, "event": "idle_disarmed", "preset": "car_single", "single_auto": true, "ts": 1782987595.993}
{"armed": false, "event": "idle_disarmed", "preset": "car_single", "single_auto": true, "ts": 1782987596.996}
{"armed": false, "event": "idle_disarmed", "preset": "car_single", "single_auto": true, "ts": 1782987596.996}
{"armed": false, "event": "idle_disarmed", "preset": "car_single", "single_auto": true, "ts": 1782987597.998}
{"armed": false, "event": "idle_disarmed", "preset": "car_single", "single_auto": true, "ts": 1782987597.998}
{"armed": false, "event": "idle_disarmed", "preset": "car_single", "single_auto": true, "ts": 1782987599.001}
{"armed": false, "event": "idle_disarmed", "preset": "car_single", "single_auto": true, "ts": 1782987599.001}
{"armed": false, "event": "idle_disarmed", "preset": "car_single", "single_auto": true, "ts": 1782987600.003}
{"armed": false, "event": "idle_disarmed", "preset": "car_single", "single_auto": true, "ts": 1782987600.003}
{"armed": false, "event": "idle_disarmed", "preset": "car_single", "single_auto": true, "ts": 1782987601.005}
{"armed": false, "event": "idle_disarmed", "preset": "car_single", "single_auto": true, "ts": 1782987601.005}
{"armed": false, "event": "idle_disarmed", "preset": "car_single", "single_auto": true, "ts": 1782987602.008}
{"armed": false, "event": "idle_disarmed", "preset": "car_single", "single_auto": true, "ts": 1782987602.008}
{"armed": false, "event": "idle_disarmed", "preset": "car_single", "single_auto": true, "ts": 1782987603.01}
{"armed": false, "event": "idle_disarmed", "preset": "car_single", "single_auto": true, "ts": 1782987603.01}
{"armed": false, "event": "idle_disarmed", "preset": "car_single", "single_auto": true, "ts": 1782987604.012}
{"armed": false, "event": "idle_disarmed", "preset": "car_single", "single_auto": true, "ts": 1782987604.012}
{"armed": false, "event": "idle_disarmed", "preset": "car_single", "single_auto": true, "ts": 1782987605.015}
{"armed": false, "event": "idle_disarmed", "preset": "car_single", "single_auto": true, "ts": 1782987605.015}
{"armed": false, "event": "idle_disarmed", "preset": "car_single", "single_auto": true, "ts": 1782987606.017}
{"armed": false, "event": "idle_disarmed", "preset": "car_single", "single_auto": true, "ts": 1782987606.017}
{"armed": false, "event": "idle_disarmed", "preset": "car_single", "single_auto": true, "ts": 1782987607.019}
{"armed": false, "event": "idle_disarmed", "preset": "car_single", "single_auto": true, "ts": 1782987607.019}
{"armed": false, "event": "idle_disarmed", "preset": "car_single", "single_auto": true, "ts": 1782987608.022}
{"armed": false, "event": "idle_disarmed", "preset": "car_single", "single_auto": true, "ts": 1782987608.022}
{"armed": false, "event": "idle_disarmed", "preset": "car_single", "single_auto": true, "ts": 1782987609.024}
{"armed": false, "event": "idle_disarmed", "preset": "car_single", "single_auto": true, "ts": 1782987609.024}
{"armed": false, "event": "idle_disarmed", "preset": "car_single", "single_auto": true, "ts": 1782987610.027}
{"armed": false, "event": "idle_disarmed", "preset": "car_single", "single_auto": true, "ts": 1782987610.027}
{"armed": false, "event": "idle_disarmed", "preset": "car_single", "single_auto": true, "ts": 1782987611.029}
{"armed": false, "event": "idle_disarmed", "preset": "car_single", "single_auto": true, "ts": 1782987611.029}
{"armed": false, "event": "idle_disarmed", "preset": "car_single", "single_auto": true, "ts": 1782987612.032}
{"armed": false, "event": "idle_disarmed", "preset": "car_single", "single_auto": true, "ts": 1782987612.032}
{"armed": false, "event": "idle_disarmed", "preset": "car_single", "single_auto": true, "ts": 1782987613.034}
{"armed": false, "event": "idle_disarmed", "preset": "car_single", "single_auto": true, "ts": 1782987613.034}
{"armed": false, "event": "idle_disarmed", "preset": "car_single", "single_auto": true, "ts": 1782987614.037}
{"armed": false, "event": "idle_disarmed", "preset": "car_single", "single_auto": true, "ts": 1782987614.037}
{"armed": false, "event": "idle_disarmed", "preset": "car_single", "single_auto": true, "ts": 1782987615.039}
{"armed": false, "event": "idle_disarmed", "preset": "car_single", "single_auto": true, "ts": 1782987615.039}
{"armed": false, "event": "idle_disarmed", "preset": "car_single", "single_auto": true, "ts": 1782987616.042}
{"armed": false, "event": "idle_disarmed", "preset": "car_single", "single_auto": true, "ts": 1782987616.042}
{"armed": false, "event": "idle_disarmed", "preset": "car_single", "single_auto": true, "ts": 1782987617.044}
{"armed": false, "event": "idle_disarmed", "preset": "car_single", "single_auto": true, "ts": 1782987617.044}
{"armed": false, "event": "idle_disarmed", "preset": "car_single", "single_auto": true, "ts": 1782987618.047}
{"armed": false, "event": "idle_disarmed", "preset": "car_single", "single_auto": true, "ts": 1782987618.047}
{"armed": false, "event": "idle_disarmed", "preset": "car_single", "single_auto": true, "ts": 1782987619.049}
{"armed": false, "event": "idle_disarmed", "preset": "car_single", "single_auto": true, "ts": 1782987619.049}
{"armed": false, "event": "idle_disarmed", "preset": "car_single", "single_auto": true, "ts": 1782987620.051}
{"armed": false, "event": "idle_disarmed", "preset": "car_single", "single_auto": true, "ts": 1782987620.051}
{"armed": false, "event": "idle_disarmed", "preset": "car_single", "single_auto": true, "ts": 1782987621.054}
{"armed": false, "event": "idle_disarmed", "preset": "car_single", "single_auto": true, "ts": 1782987621.054}
{"armed": false, "event": "idle_disarmed", "preset": "car_single", "single_auto": true, "ts": 1782987622.056}
{"armed": false, "event": "idle_disarmed", "preset": "car_single", "single_auto": true, "ts": 1782987622.056}
{"armed": false, "event": "idle_disarmed", "preset": "car_single", "single_auto": true, "ts": 1782987623.058}
{"armed": false, "event": "idle_disarmed", "preset": "car_single", "single_auto": true, "ts": 1782987623.058}
{"armed": false, "event": "idle_disarmed", "preset": "car_single", "single_auto": true, "ts": 1782987624.06}
{"armed": false, "event": "idle_disarmed", "preset": "car_single", "single_auto": true, "ts": 1782987624.06}
{"armed": false, "event": "idle_disarmed", "preset": "car_single", "single_auto": true, "ts": 1782987625.063}
{"armed": false, "event": "idle_disarmed", "preset": "car_single", "single_auto": true, "ts": 1782987625.063}
{"armed": false, "event": "idle_disarmed", "preset": "car_single", "single_auto": true, "ts": 1782987626.065}
{"armed": false, "event": "idle_disarmed", "preset": "car_single", "single_auto": true, "ts": 1782987626.065}
{"armed": false, "event": "idle_disarmed", "preset": "car_single", "single_auto": true, "ts": 1782987627.068}
{"armed": false, "event": "idle_disarmed", "preset": "car_single", "single_auto": true, "ts": 1782987627.068}
{"armed": false, "event": "idle_disarmed", "preset": "car_single", "single_auto": true, "ts": 1782987628.07}
{"armed": false, "event": "idle_disarmed", "preset": "car_single", "single_auto": true, "ts": 1782987628.07}
{"armed": false, "event": "idle_disarmed", "preset": "car_single", "single_auto": true, "ts": 1782987629.072}
{"armed": false, "event": "idle_disarmed", "preset": "car_single", "single_auto": true, "ts": 1782987629.072}
{"armed": false, "event": "idle_disarmed", "preset": "car_single", "single_auto": true, "ts": 1782987630.075}
{"armed": false, "event": "idle_disarmed", "preset": "car_single", "single_auto": true, "ts": 1782987630.075}
{"armed": false, "event": "idle_disarmed", "preset": "car_single", "single_auto": true, "ts": 1782987631.078}
{"armed": false, "event": "idle_disarmed", "preset": "car_single", "single_auto": true, "ts": 1782987631.078}
{"armed": false, "event": "idle_disarmed", "preset": "car_single", "single_auto": true, "ts": 1782987632.081}
{"armed": false, "event": "idle_disarmed", "preset": "car_single", "single_auto": true, "ts": 1782987632.081}
{"armed": false, "event": "idle_disarmed", "preset": "car_single", "single_auto": true, "ts": 1782987633.084}
{"armed": false, "event": "idle_disarmed", "preset": "car_single", "single_auto": true, "ts": 1782987633.084}
{"armed": false, "event": "idle_disarmed", "preset": "car_single", "single_auto": true, "ts": 1782987634.086}
{"armed": false, "event": "idle_disarmed", "preset": "car_single", "single_auto": true, "ts": 1782987634.086}
{"armed": false, "event": "idle_disarmed", "preset": "car_single", "single_auto": true, "ts": 1782987635.088}
{"armed": false, "event": "idle_disarmed", "preset": "car_single", "single_auto": true, "ts": 1782987635.088}
{"armed": false, "event": "idle_disarmed", "preset": "car_single", "single_auto": true, "ts": 1782987636.091}
{"armed": false, "event": "idle_disarmed", "preset": "car_single", "single_auto": true, "ts": 1782987636.091}
{"armed": false, "event": "idle_disarmed", "preset": "car_single", "single_auto": true, "ts": 1782987637.093}
{"armed": false, "event": "idle_disarmed", "preset": "car_single", "single_auto": true, "ts": 1782987637.093}
{"armed": false, "event": "idle_disarmed", "preset": "car_single", "single_auto": true, "ts": 1782987638.096}
{"armed": false, "event": "idle_disarmed", "preset": "car_single", "single_auto": true, "ts": 1782987638.096}
{"armed": false, "event": "idle_disarmed", "preset": "car_single", "single_auto": true, "ts": 1782987639.098}
{"armed": false, "event": "idle_disarmed", "preset": "car_single", "single_auto": true, "ts": 1782987639.098}
{"armed": false, "event": "idle_disarmed", "preset": "car_single", "single_auto": true, "ts": 1782987640.1}
{"armed": false, "event": "idle_disarmed", "preset": "car_single", "single_auto": true, "ts": 1782987640.1}
{"armed": false, "event": "idle_disarmed", "preset": "car_single", "single_auto": true, "ts": 1782987641.103}
{"armed": false, "event": "idle_disarmed", "preset": "car_single", "single_auto": true, "ts": 1782987641.103}
{"armed": false, "event": "idle_disarmed", "preset": "car_single", "single_auto": true, "ts": 1782987642.105}
{"armed": false, "event": "idle_disarmed", "preset": "car_single", "single_auto": true, "ts": 1782987642.105}
{"armed": false, "event": "idle_disarmed", "preset": "car_single", "single_auto": true, "ts": 1782987643.108}
{"armed": false, "event": "idle_disarmed", "preset": "car_single", "single_auto": true, "ts": 1782987643.108}
{"armed": false, "event": "idle_disarmed", "preset": "car_single", "single_auto": true, "ts": 1782987644.11}
{"armed": false, "event": "idle_disarmed", "preset": "car_single", "single_auto": true, "ts": 1782987644.11}
{"armed": false, "event": "idle_disarmed", "preset": "car_single", "single_auto": true, "ts": 1782987645.112}
{"armed": false, "event": "idle_disarmed", "preset": "car_single", "single_auto": true, "ts": 1782987645.112}
{"armed": false, "event": "idle_disarmed", "preset": "car_single", "single_auto": true, "ts": 1782987646.116}
{"armed": false, "event": "idle_disarmed", "preset": "car_single", "single_auto": true, "ts": 1782987646.116}
{"armed": false, "event": "idle_disarmed", "preset": "car_single", "single_auto": true, "ts": 1782987647.118}
{"armed": false, "event": "idle_disarmed", "preset": "car_single", "single_auto": true, "ts": 1782987647.118}
{"armed": false, "event": "idle_disarmed", "preset": "car_single", "single_auto": true, "ts": 1782987648.121}
{"armed": false, "event": "idle_disarmed", "preset": "car_single", "single_auto": true, "ts": 1782987648.121}
{"armed": false, "event": "idle_disarmed", "preset": "car_single", "single_auto": true, "ts": 1782987649.123}
{"armed": false, "event": "idle_disarmed", "preset": "car_single", "single_auto": true, "ts": 1782987649.123}
{"armed": false, "event": "idle_disarmed", "preset": "car_single", "single_auto": true, "ts": 1782987650.125}
{"armed": false, "event": "idle_disarmed", "preset": "car_single", "single_auto": true, "ts": 1782987650.125}
{"armed": false, "event": "idle_disarmed", "preset": "car_single", "single_auto": true, "ts": 1782987651.128}
{"armed": false, "event": "idle_disarmed", "preset": "car_single", "single_auto": true, "ts": 1782987651.128}
{"armed": false, "event": "idle_disarmed", "preset": "car_single", "single_auto": true, "ts": 1782987652.13}
{"armed": false, "event": "idle_disarmed", "preset": "car_single", "single_auto": true, "ts": 1782987652.13}
{"armed": false, "event": "idle_disarmed", "preset": "car_single", "single_auto": true, "ts": 1782987653.133}
{"armed": false, "event": "idle_disarmed", "preset": "car_single", "single_auto": true, "ts": 1782987653.133}
{"armed": false, "event": "idle_disarmed", "preset": "car_single", "single_auto": true, "ts": 1782987654.135}
{"armed": false, "event": "idle_disarmed", "preset": "car_single", "single_auto": true, "ts": 1782987654.135}
{"armed": false, "event": "idle_disarmed", "preset": "car_single", "single_auto": true, "ts": 1782987655.137}
{"armed": false, "event": "idle_disarmed", "preset": "car_single", "single_auto": true, "ts": 1782987655.137}
{"armed": false, "event": "idle_disarmed", "preset": "car_single", "single_auto": true, "ts": 1782987656.14}
{"armed": false, "event": "idle_disarmed", "preset": "car_single", "single_auto": true, "ts": 1782987656.14}
{"armed": false, "event": "idle_disarmed", "preset": "car_single", "single_auto": true, "ts": 1782987657.142}
{"armed": false, "event": "idle_disarmed", "preset": "car_single", "single_auto": true, "ts": 1782987657.142}
{"armed": false, "event": "idle_disarmed", "preset": "car_single", "single_auto": true, "ts": 1782987658.145}
{"armed": false, "event": "idle_disarmed", "preset": "car_single", "single_auto": true, "ts": 1782987658.145}
{"armed": false, "event": "idle_disarmed", "preset": "car_single", "single_auto": true, "ts": 1782987659.147}
{"armed": false, "event": "idle_disarmed", "preset": "car_single", "single_auto": true, "ts": 1782987659.147}
{"armed": false, "event": "idle_disarmed", "preset": "car_single", "single_auto": true, "ts": 1782987660.149}
{"armed": false, "event": "idle_disarmed", "preset": "car_single", "single_auto": true, "ts": 1782987660.149}
{"armed": false, "event": "idle_disarmed", "preset": "car_single", "single_auto": true, "ts": 1782987661.152}
{"armed": false, "event": "idle_disarmed", "preset": "car_single", "single_auto": true, "ts": 1782987661.152}
{"armed": false, "event": "idle_disarmed", "preset": "car_single", "single_auto": true, "ts": 1782987662.154}
{"armed": false, "event": "idle_disarmed", "preset": "car_single", "single_auto": true, "ts": 1782987662.154}
{"armed": false, "event": "idle_disarmed", "preset": "car_single", "single_auto": true, "ts": 1782987663.157}
{"armed": false, "event": "idle_disarmed", "preset": "car_single", "single_auto": true, "ts": 1782987663.157}
{"armed": false, "event": "idle_disarmed", "preset": "car_single", "single_auto": true, "ts": 1782987664.159}
{"armed": false, "event": "idle_disarmed", "preset": "car_single", "single_auto": true, "ts": 1782987664.159}
{"armed": false, "event": "idle_disarmed", "preset": "car_single", "single_auto": true, "ts": 1782987665.161}
{"armed": false, "event": "idle_disarmed", "preset": "car_single", "single_auto": true, "ts": 1782987665.161}
{"armed": false, "event": "idle_disarmed", "preset": "car_single", "single_auto": true, "ts": 1782987666.163}
{"armed": false, "event": "idle_disarmed", "preset": "car_single", "single_auto": true, "ts": 1782987666.163}
{"armed": false, "event": "idle_disarmed", "preset": "car_single", "single_auto": true, "ts": 1782987667.166}
{"armed": false, "event": "idle_disarmed", "preset": "car_single", "single_auto": true, "ts": 1782987667.166}
{"armed": false, "event": "idle_disarmed", "preset": "car_single", "single_auto": true, "ts": 1782987668.168}
{"armed": false, "event": "idle_disarmed", "preset": "car_single", "single_auto": true, "ts": 1782987668.168}
{"armed": false, "event": "idle_disarmed", "preset": "car_single", "single_auto": true, "ts": 1782987669.17}
{"armed": false, "event": "idle_disarmed", "preset": "car_single", "single_auto": true, "ts": 1782987669.17}
{"armed": false, "event": "idle_disarmed", "preset": "car_single", "single_auto": true, "ts": 1782987670.173}
{"armed": false, "event": "idle_disarmed", "preset": "car_single", "single_auto": true, "ts": 1782987670.173}
{"armed": false, "event": "idle_disarmed", "preset": "car_single", "single_auto": true, "ts": 1782987671.175}
{"armed": false, "event": "idle_disarmed", "preset": "car_single", "single_auto": true, "ts": 1782987671.175}
{"armed": false, "event": "idle_disarmed", "preset": "car_single", "single_auto": true, "ts": 1782987672.177}
{"armed": false, "event": "idle_disarmed", "preset": "car_single", "single_auto": true, "ts": 1782987672.177}
{"armed": false, "event": "idle_disarmed", "preset": "car_single", "single_auto": true, "ts": 1782987673.18}
{"armed": false, "event": "idle_disarmed", "preset": "car_single", "single_auto": true, "ts": 1782987673.18}
{"armed": false, "event": "idle_disarmed", "preset": "car_single", "single_auto": true, "ts": 1782987674.182}
{"armed": false, "event": "idle_disarmed", "preset": "car_single", "single_auto": true, "ts": 1782987674.182}
{"armed": false, "event": "idle_disarmed", "preset": "car_single", "single_auto": true, "ts": 1782987675.184}
{"armed": false, "event": "idle_disarmed", "preset": "car_single", "single_auto": true, "ts": 1782987675.184}
{"armed": false, "event": "idle_disarmed", "preset": "car_single", "single_auto": true, "ts": 1782987676.186}
{"armed": false, "event": "idle_disarmed", "preset": "car_single", "single_auto": true, "ts": 1782987676.186}
{"armed": false, "event": "idle_disarmed", "preset": "car_single", "single_auto": true, "ts": 1782987677.188}
{"armed": false, "event": "idle_disarmed", "preset": "car_single", "single_auto": true, "ts": 1782987677.188}
{"armed": false, "event": "idle_disarmed", "preset": "car_single", "single_auto": true, "ts": 1782987678.19}
{"armed": false, "event": "idle_disarmed", "preset": "car_single", "single_auto": true, "ts": 1782987678.19}
{"armed": false, "event": "idle_disarmed", "preset": "car_single", "single_auto": true, "ts": 1782987679.193}
{"armed": false, "event": "idle_disarmed", "preset": "car_single", "single_auto": true, "ts": 1782987679.193}
{"armed": false, "event": "idle_disarmed", "preset": "cars", "single_auto": false, "ts": 1782987680.195}
{"armed": false, "event": "idle_disarmed", "preset": "cars", "single_auto": false, "ts": 1782987680.195}
{"armed": false, "event": "idle_disarmed", "preset": "cars", "single_auto": false, "ts": 1782987681.198}
{"armed": false, "event": "idle_disarmed", "preset": "cars", "single_auto": false, "ts": 1782987681.198}
{"armed": false, "event": "idle_disarmed", "preset": "cars", "single_auto": false, "ts": 1782987682.2}
{"armed": false, "event": "idle_disarmed", "preset": "cars", "single_auto": false, "ts": 1782987682.2}
{"armed": false, "event": "idle_disarmed", "preset": "cars", "single_auto": false, "ts": 1782987683.202}
{"armed": false, "event": "idle_disarmed", "preset": "cars", "single_auto": false, "ts": 1782987683.202}
{"armed": false, "event": "idle_disarmed", "preset": "cars", "single_auto": false, "ts": 1782987684.204}
{"armed": false, "event": "idle_disarmed", "preset": "cars", "single_auto": false, "ts": 1782987684.204}
{"armed": false, "event": "idle_disarmed", "preset": "cars", "single_auto": false, "ts": 1782987685.207}
{"armed": false, "event": "idle_disarmed", "preset": "cars", "single_auto": false, "ts": 1782987685.207}
{"armed": false, "event": "idle_disarmed", "preset": "cars", "single_auto": false, "ts": 1782987686.209}
{"armed": false, "event": "idle_disarmed", "preset": "cars", "single_auto": false, "ts": 1782987686.209}
{"armed": false, "event": "idle_disarmed", "preset": "cars", "single_auto": false, "ts": 1782987687.212}
{"armed": false, "event": "idle_disarmed", "preset": "cars", "single_auto": false, "ts": 1782987687.212}
{"armed": false, "event": "idle_disarmed", "preset": "car_single", "single_auto": true, "ts": 1782987688.214}
{"armed": false, "event": "idle_disarmed", "preset": "car_single", "single_auto": true, "ts": 1782987688.214}
{"armed": false, "event": "idle_disarmed", "preset": "car_single", "single_auto": true, "ts": 1782987689.216}
{"armed": false, "event": "idle_disarmed", "preset": "car_single", "single_auto": true, "ts": 1782987689.216}
{"armed": false, "event": "idle_disarmed", "preset": "car_single", "single_auto": true, "ts": 1782987690.218}
{"armed": false, "event": "idle_disarmed", "preset": "car_single", "single_auto": true, "ts": 1782987690.218}
{"armed": false, "event": "idle_disarmed", "preset": "car_single", "single_auto": true, "ts": 1782987691.22}
{"armed": false, "event": "idle_disarmed", "preset": "car_single", "single_auto": true, "ts": 1782987691.22}
{"armed": false, "event": "idle_disarmed", "preset": "cars", "single_auto": false, "ts": 1782987692.223}
{"armed": false, "event": "idle_disarmed", "preset": "cars", "single_auto": false, "ts": 1782987692.223}
{"armed": false, "event": "idle_disarmed", "preset": "cars", "single_auto": false, "ts": 1782987693.225}
{"armed": false, "event": "idle_disarmed", "preset": "cars", "single_auto": false, "ts": 1782987693.225}
{"armed": false, "event": "idle_disarmed", "preset": "car_single", "single_auto": true, "ts": 1782987694.227}
{"armed": false, "event": "idle_disarmed", "preset": "car_single", "single_auto": true, "ts": 1782987694.227}
{"armed": false, "event": "idle_disarmed", "preset": "person_single", "single_auto": true, "ts": 1782987695.229}
{"armed": false, "event": "idle_disarmed", "preset": "person_single", "single_auto": true, "ts": 1782987695.229}
{"armed": false, "event": "idle_disarmed", "preset": "car_single", "single_auto": true, "ts": 1782987696.232}
{"armed": false, "event": "idle_disarmed", "preset": "car_single", "single_auto": true, "ts": 1782987696.232}
{"armed": false, "event": "idle_disarmed", "preset": "car_single", "single_auto": true, "ts": 1782987697.234}
{"armed": false, "event": "idle_disarmed", "preset": "car_single", "single_auto": true, "ts": 1782987697.234}
{"armed": false, "event": "idle_disarmed", "preset": "cars", "single_auto": false, "ts": 1782987698.236}
{"armed": false, "event": "idle_disarmed", "preset": "cars", "single_auto": false, "ts": 1782987698.236}
{"armed": false, "event": "idle_disarmed", "preset": "car_single", "single_auto": true, "ts": 1782987699.238}
{"armed": false, "event": "idle_disarmed", "preset": "car_single", "single_auto": true, "ts": 1782987699.238}
{"armed": false, "event": "idle_disarmed", "preset": "car_single", "single_auto": true, "ts": 1782987700.24}
{"armed": false, "event": "idle_disarmed", "preset": "car_single", "single_auto": true, "ts": 1782987700.24}
{"armed": false, "event": "idle_disarmed", "preset": "car_single", "single_auto": true, "ts": 1782987701.242}
{"armed": false, "event": "idle_disarmed", "preset": "car_single", "single_auto": true, "ts": 1782987701.242}
{"armed": false, "event": "idle_disarmed", "preset": "car_single", "single_auto": true, "ts": 1782987702.245}
{"armed": false, "event": "idle_disarmed", "preset": "car_single", "single_auto": true, "ts": 1782987702.245}
{"armed": false, "event": "idle_disarmed", "preset": "car_single", "single_auto": true, "ts": 1782987703.247}
{"armed": false, "event": "idle_disarmed", "preset": "car_single", "single_auto": true, "ts": 1782987703.247}
{"armed": false, "event": "idle_disarmed", "preset": "cars", "single_auto": false, "ts": 1782987704.249}
{"armed": false, "event": "idle_disarmed", "preset": "cars", "single_auto": false, "ts": 1782987704.249}
{"armed": false, "event": "idle_disarmed", "preset": "cars", "single_auto": false, "ts": 1782987705.252}
{"armed": false, "event": "idle_disarmed", "preset": "cars", "single_auto": false, "ts": 1782987705.252}
{"armed": false, "event": "idle_disarmed", "preset": "cars", "single_auto": false, "ts": 1782987706.254}
{"armed": false, "event": "idle_disarmed", "preset": "cars", "single_auto": false, "ts": 1782987706.254}
{"armed": false, "event": "idle_disarmed", "preset": "cars", "single_auto": false, "ts": 1782987707.256}
{"armed": false, "event": "idle_disarmed", "preset": "cars", "single_auto": false, "ts": 1782987707.256}
{"armed": false, "event": "idle_disarmed", "preset": "cars", "single_auto": false, "ts": 1782987708.258}
{"armed": false, "event": "idle_disarmed", "preset": "cars", "single_auto": false, "ts": 1782987708.258}
{"armed": false, "event": "idle_disarmed", "preset": "cars", "single_auto": false, "ts": 1782987709.26}
{"armed": false, "event": "idle_disarmed", "preset": "cars", "single_auto": false, "ts": 1782987709.26}
{"armed": false, "event": "idle_disarmed", "preset": "cars", "single_auto": false, "ts": 1782987710.263}
{"armed": false, "event": "idle_disarmed", "preset": "cars", "single_auto": false, "ts": 1782987710.263}
{"armed": false, "event": "idle_disarmed", "preset": "cars", "single_auto": false, "ts": 1782987711.265}
{"armed": false, "event": "idle_disarmed", "preset": "cars", "single_auto": false, "ts": 1782987711.265}
{"armed": false, "event": "idle_disarmed", "preset": "cars", "single_auto": false, "ts": 1782987712.267}
{"armed": false, "event": "idle_disarmed", "preset": "cars", "single_auto": false, "ts": 1782987712.267}
{"armed": false, "event": "idle_disarmed", "preset": "cars", "single_auto": false, "ts": 1782987713.269}
{"armed": false, "event": "idle_disarmed", "preset": "cars", "single_auto": false, "ts": 1782987713.269}
{"armed": false, "event": "idle_disarmed", "preset": "cars", "single_auto": false, "ts": 1782987714.271}
{"armed": false, "event": "idle_disarmed", "preset": "cars", "single_auto": false, "ts": 1782987714.271}
{"armed": false, "event": "idle_disarmed", "preset": "cars", "single_auto": false, "ts": 1782987715.273}
{"armed": false, "event": "idle_disarmed", "preset": "cars", "single_auto": false, "ts": 1782987715.273}
{"armed": false, "event": "idle_disarmed", "preset": "cars", "single_auto": false, "ts": 1782987716.276}
{"armed": false, "event": "idle_disarmed", "preset": "cars", "single_auto": false, "ts": 1782987716.276}
{"armed": false, "event": "idle_disarmed", "preset": "cars", "single_auto": false, "ts": 1782987717.278}
{"armed": false, "event": "idle_disarmed", "preset": "cars", "single_auto": false, "ts": 1782987717.278}
{"armed": false, "event": "idle_disarmed", "preset": "cars", "single_auto": false, "ts": 1782987718.28}
{"armed": false, "event": "idle_disarmed", "preset": "cars", "single_auto": false, "ts": 1782987718.28}
{"armed": false, "event": "idle_disarmed", "preset": "cars", "single_auto": false, "ts": 1782987719.282}
{"armed": false, "event": "idle_disarmed", "preset": "cars", "single_auto": false, "ts": 1782987719.282}
{"armed": false, "event": "idle_disarmed", "preset": "cars", "single_auto": false, "ts": 1782987720.284}
{"armed": false, "event": "idle_disarmed", "preset": "cars", "single_auto": false, "ts": 1782987720.284}
{"armed": false, "event": "idle_disarmed", "preset": "cars", "single_auto": false, "ts": 1782987721.287}
{"armed": false, "event": "idle_disarmed", "preset": "cars", "single_auto": false, "ts": 1782987721.287}
{"armed": false, "event": "idle_disarmed", "preset": "cars", "single_auto": false, "ts": 1782987722.289}
{"armed": false, "event": "idle_disarmed", "preset": "cars", "single_auto": false, "ts": 1782987722.289}
{"armed": false, "event": "idle_disarmed", "preset": "cars", "single_auto": false, "ts": 1782987723.291}
{"armed": false, "event": "idle_disarmed", "preset": "cars", "single_auto": false, "ts": 1782987723.291}
{"armed": false, "event": "idle_disarmed", "preset": "cars", "single_auto": false, "ts": 1782987724.293}
{"armed": false, "event": "idle_disarmed", "preset": "cars", "single_auto": false, "ts": 1782987724.293}
{"armed": false, "event": "idle_disarmed", "preset": "cars", "single_auto": false, "ts": 1782987725.296}
{"armed": false, "event": "idle_disarmed", "preset": "cars", "single_auto": false, "ts": 1782987725.296}
{"armed": false, "event": "idle_disarmed", "preset": "cars", "single_auto": false, "ts": 1782987726.298}
{"armed": false, "event": "idle_disarmed", "preset": "cars", "single_auto": false, "ts": 1782987726.298}
{"armed": false, "event": "idle_disarmed", "preset": "cars", "single_auto": false, "ts": 1782987727.3}
{"armed": false, "event": "idle_disarmed", "preset": "cars", "single_auto": false, "ts": 1782987727.3}
{"armed": false, "event": "idle_disarmed", "preset": "cars", "single_auto": false, "ts": 1782987728.302}
{"armed": false, "event": "idle_disarmed", "preset": "cars", "single_auto": false, "ts": 1782987728.302}
{"armed": false, "event": "idle_disarmed", "preset": "cars", "single_auto": false, "ts": 1782987729.304}
{"armed": false, "event": "idle_disarmed", "preset": "cars", "single_auto": false, "ts": 1782987729.304}
{"armed": false, "event": "idle_disarmed", "preset": "cars", "single_auto": false, "ts": 1782987730.307}
{"armed": false, "event": "idle_disarmed", "preset": "cars", "single_auto": false, "ts": 1782987730.307}
{"armed": false, "event": "idle_disarmed", "preset": "cars", "single_auto": false, "ts": 1782987731.309}
{"armed": false, "event": "idle_disarmed", "preset": "cars", "single_auto": false, "ts": 1782987731.309}
{"armed": false, "event": "idle_disarmed", "preset": "cars", "single_auto": false, "ts": 1782987732.311}
{"armed": false, "event": "idle_disarmed", "preset": "cars", "single_auto": false, "ts": 1782987732.311}
{"armed": false, "event": "idle_disarmed", "preset": "cars", "single_auto": false, "ts": 1782987733.313}
{"armed": false, "event": "idle_disarmed", "preset": "cars", "single_auto": false, "ts": 1782987733.313}
{"armed": false, "event": "idle_disarmed", "preset": "cars", "single_auto": false, "ts": 1782987734.316}
{"armed": false, "event": "idle_disarmed", "preset": "cars", "single_auto": false, "ts": 1782987734.316}
{"armed": false, "event": "idle_disarmed", "preset": "cars", "single_auto": false, "ts": 1782987735.318}
{"armed": false, "event": "idle_disarmed", "preset": "cars", "single_auto": false, "ts": 1782987735.318}
{"armed": false, "event": "idle_disarmed", "preset": "cars", "single_auto": false, "ts": 1782987736.32}
{"armed": false, "event": "idle_disarmed", "preset": "cars", "single_auto": false, "ts": 1782987736.32}
{"armed": false, "event": "idle_disarmed", "preset": "cars", "single_auto": false, "ts": 1782987737.322}
{"armed": false, "event": "idle_disarmed", "preset": "cars", "single_auto": false, "ts": 1782987737.322}
{"armed": false, "event": "idle_disarmed", "preset": "cars", "single_auto": false, "ts": 1782987738.324}
{"armed": false, "event": "idle_disarmed", "preset": "cars", "single_auto": false, "ts": 1782987738.324}
{"armed": false, "event": "idle_disarmed", "preset": "cars", "single_auto": false, "ts": 1782987739.327}
{"armed": false, "event": "idle_disarmed", "preset": "cars", "single_auto": false, "ts": 1782987739.327}
{"armed": false, "event": "idle_disarmed", "preset": "cars", "single_auto": false, "ts": 1782987740.329}
{"armed": false, "event": "idle_disarmed", "preset": "cars", "single_auto": false, "ts": 1782987740.329}
{"armed": false, "event": "idle_disarmed", "preset": "cars", "single_auto": false, "ts": 1782987741.331}
{"armed": false, "event": "idle_disarmed", "preset": "cars", "single_auto": false, "ts": 1782987741.331}
{"armed": false, "event": "idle_disarmed", "preset": "cars", "single_auto": false, "ts": 1782987742.333}
{"armed": false, "event": "idle_disarmed", "preset": "cars", "single_auto": false, "ts": 1782987742.333}
{"armed": false, "event": "idle_disarmed", "preset": "cars", "single_auto": false, "ts": 1782987743.336}
{"armed": false, "event": "idle_disarmed", "preset": "cars", "single_auto": false, "ts": 1782987743.336}
{"armed": false, "event": "idle_disarmed", "preset": "cars", "single_auto": false, "ts": 1782987744.338}
{"armed": false, "event": "idle_disarmed", "preset": "cars", "single_auto": false, "ts": 1782987744.338}
{"armed": false, "event": "idle_disarmed", "preset": "cars", "single_auto": false, "ts": 1782987745.34}
{"armed": false, "event": "idle_disarmed", "preset": "cars", "single_auto": false, "ts": 1782987745.34}
{"armed": false, "event": "idle_disarmed", "preset": "cars", "single_auto": false, "ts": 1782987746.342}
{"armed": false, "event": "idle_disarmed", "preset": "cars", "single_auto": false, "ts": 1782987746.342}
{"armed": false, "event": "idle_disarmed", "preset": "cars", "single_auto": false, "ts": 1782987747.345}
{"armed": false, "event": "idle_disarmed", "preset": "cars", "single_auto": false, "ts": 1782987747.345}
{"armed": false, "event": "idle_disarmed", "preset": "cars", "single_auto": false, "ts": 1782987748.347}
{"armed": false, "event": "idle_disarmed", "preset": "cars", "single_auto": false, "ts": 1782987748.347}
{"armed": false, "event": "idle_disarmed", "preset": "cars", "single_auto": false, "ts": 1782987749.35}
{"armed": false, "event": "idle_disarmed", "preset": "cars", "single_auto": false, "ts": 1782987749.35}
{"armed": false, "event": "idle_disarmed", "preset": "cars", "single_auto": false, "ts": 1782987750.352}
{"armed": false, "event": "idle_disarmed", "preset": "cars", "single_auto": false, "ts": 1782987750.352}
{"armed": false, "event": "idle_disarmed", "preset": "cars", "single_auto": false, "ts": 1782987751.354}
{"armed": false, "event": "idle_disarmed", "preset": "cars", "single_auto": false, "ts": 1782987751.354}
{"armed": false, "event": "idle_disarmed", "preset": "cars", "single_auto": false, "ts": 1782987752.357}
{"armed": false, "event": "idle_disarmed", "preset": "cars", "single_auto": false, "ts": 1782987752.357}
{"armed": false, "event": "idle_disarmed", "preset": "cars", "single_auto": false, "ts": 1782987753.359}
{"armed": false, "event": "idle_disarmed", "preset": "cars", "single_auto": false, "ts": 1782987753.359}
{"armed": false, "event": "idle_disarmed", "preset": "cars", "single_auto": false, "ts": 1782987754.361}
{"armed": false, "event": "idle_disarmed", "preset": "cars", "single_auto": false, "ts": 1782987754.361}
{"armed": false, "event": "idle_disarmed", "preset": "cars", "single_auto": false, "ts": 1782987755.363}
{"armed": false, "event": "idle_disarmed", "preset": "cars", "single_auto": false, "ts": 1782987755.363}
{"armed": false, "event": "idle_disarmed", "preset": "cars", "single_auto": false, "ts": 1782987756.365}
{"armed": false, "event": "idle_disarmed", "preset": "cars", "single_auto": false, "ts": 1782987756.365}
{"armed": false, "event": "idle_disarmed", "preset": "cars", "single_auto": false, "ts": 1782987757.367}
{"armed": false, "event": "idle_disarmed", "preset": "cars", "single_auto": false, "ts": 1782987757.367}
{"armed": false, "event": "idle_disarmed", "preset": "cars", "single_auto": false, "ts": 1782987758.37}
{"armed": false, "event": "idle_disarmed", "preset": "cars", "single_auto": false, "ts": 1782987758.37}
{"armed": false, "event": "idle_disarmed", "preset": "cars", "single_auto": false, "ts": 1782987759.372}
{"armed": false, "event": "idle_disarmed", "preset": "cars", "single_auto": false, "ts": 1782987759.372}
{"armed": false, "event": "idle_disarmed", "preset": "cars", "single_auto": false, "ts": 1782987760.374}
{"armed": false, "event": "idle_disarmed", "preset": "cars", "single_auto": false, "ts": 1782987760.374}
{"armed": false, "event": "idle_disarmed", "preset": "cars", "single_auto": false, "ts": 1782987761.377}
{"armed": false, "event": "idle_disarmed", "preset": "cars", "single_auto": false, "ts": 1782987761.377}
{"armed": false, "event": "idle_disarmed", "preset": "cars", "single_auto": false, "ts": 1782987762.379}
{"armed": false, "event": "idle_disarmed", "preset": "cars", "single_auto": false, "ts": 1782987762.379}
{"armed": false, "event": "idle_disarmed", "preset": "cars", "single_auto": false, "ts": 1782987763.381}
{"armed": false, "event": "idle_disarmed", "preset": "cars", "single_auto": false, "ts": 1782987763.381}
{"armed": false, "event": "idle_disarmed", "preset": "cars", "single_auto": false, "ts": 1782987764.383}
{"armed": false, "event": "idle_disarmed", "preset": "cars", "single_auto": false, "ts": 1782987764.383}
{"armed": false, "event": "idle_disarmed", "preset": "cars", "single_auto": false, "ts": 1782987765.386}
{"armed": false, "event": "idle_disarmed", "preset": "cars", "single_auto": false, "ts": 1782987765.386}
{"armed": false, "event": "idle_disarmed", "preset": "cars", "single_auto": false, "ts": 1782987766.388}
{"armed": false, "event": "idle_disarmed", "preset": "cars", "single_auto": false, "ts": 1782987766.388}
{"armed": false, "event": "idle_disarmed", "preset": "cars", "single_auto": false, "ts": 1782987767.39}
{"armed": false, "event": "idle_disarmed", "preset": "cars", "single_auto": false, "ts": 1782987767.39}
{"armed": false, "event": "idle_disarmed", "preset": "cars", "single_auto": false, "ts": 1782987768.393}
{"armed": false, "event": "idle_disarmed", "preset": "cars", "single_auto": false, "ts": 1782987768.393}
{"armed": false, "event": "idle_disarmed", "preset": "cars", "single_auto": false, "ts": 1782987769.395}
{"armed": false, "event": "idle_disarmed", "preset": "cars", "single_auto": false, "ts": 1782987769.395}
{"armed": false, "event": "idle_disarmed", "preset": "cars", "single_auto": false, "ts": 1782987770.397}
{"armed": false, "event": "idle_disarmed", "preset": "cars", "single_auto": false, "ts": 1782987770.397}
{"armed": false, "event": "idle_disarmed", "preset": "cars", "single_auto": false, "ts": 1782987771.399}
{"armed": false, "event": "idle_disarmed", "preset": "cars", "single_auto": false, "ts": 1782987771.399}
{"armed": false, "event": "idle_disarmed", "preset": "cars", "single_auto": false, "ts": 1782987772.402}
{"armed": false, "event": "idle_disarmed", "preset": "cars", "single_auto": false, "ts": 1782987772.402}
{"armed": false, "event": "idle_disarmed", "preset": "cars", "single_auto": false, "ts": 1782987773.404}
{"armed": false, "event": "idle_disarmed", "preset": "cars", "single_auto": false, "ts": 1782987773.404}
{"armed": false, "event": "idle_disarmed", "preset": "cars", "single_auto": false, "ts": 1782987774.406}
{"armed": false, "event": "idle_disarmed", "preset": "cars", "single_auto": false, "ts": 1782987774.406}
{"armed": false, "event": "idle_disarmed", "preset": "cars", "single_auto": false, "ts": 1782987775.408}
{"armed": false, "event": "idle_disarmed", "preset": "cars", "single_auto": false, "ts": 1782987775.408}
{"armed": false, "event": "idle_disarmed", "preset": "cars", "single_auto": false, "ts": 1782987776.411}
{"armed": false, "event": "idle_disarmed", "preset": "cars", "single_auto": false, "ts": 1782987776.411}
{"armed": false, "event": "idle_disarmed", "preset": "cars", "single_auto": false, "ts": 1782987777.413}
{"armed": false, "event": "idle_disarmed", "preset": "cars", "single_auto": false, "ts": 1782987777.413}
{"armed": false, "event": "idle_disarmed", "preset": "cars", "single_auto": false, "ts": 1782987778.415}
{"armed": false, "event": "idle_disarmed", "preset": "cars", "single_auto": false, "ts": 1782987778.415}
{"armed": false, "event": "idle_disarmed", "preset": "cars", "single_auto": false, "ts": 1782987779.417}
{"armed": false, "event": "idle_disarmed", "preset": "cars", "single_auto": false, "ts": 1782987779.417}
{"armed": false, "event": "idle_disarmed", "preset": "cars", "single_auto": false, "ts": 1782987780.42}
{"armed": false, "event": "idle_disarmed", "preset": "cars", "single_auto": false, "ts": 1782987780.42}
{"armed": false, "event": "idle_disarmed", "preset": "cars", "single_auto": false, "ts": 1782987781.422}
{"armed": false, "event": "idle_disarmed", "preset": "cars", "single_auto": false, "ts": 1782987781.422}
{"armed": false, "event": "idle_disarmed", "preset": "cars", "single_auto": false, "ts": 1782987782.424}
{"armed": false, "event": "idle_disarmed", "preset": "cars", "single_auto": false, "ts": 1782987782.424}
{"armed": false, "event": "idle_disarmed", "preset": "cars", "single_auto": false, "ts": 1782987783.426}
{"armed": false, "event": "idle_disarmed", "preset": "cars", "single_auto": false, "ts": 1782987783.426}
{"armed": false, "event": "idle_disarmed", "preset": "cars", "single_auto": false, "ts": 1782987784.429}
{"armed": false, "event": "idle_disarmed", "preset": "cars", "single_auto": false, "ts": 1782987784.429}
{"armed": false, "event": "idle_disarmed", "preset": "cars", "single_auto": false, "ts": 1782987785.431}
{"armed": false, "event": "idle_disarmed", "preset": "cars", "single_auto": false, "ts": 1782987785.431}
{"armed": false, "event": "idle_disarmed", "preset": "cars", "single_auto": false, "ts": 1782987786.433}
{"armed": false, "event": "idle_disarmed", "preset": "cars", "single_auto": false, "ts": 1782987786.433}
{"armed": false, "event": "idle_disarmed", "preset": "cars", "single_auto": false, "ts": 1782987787.435}
{"armed": false, "event": "idle_disarmed", "preset": "cars", "single_auto": false, "ts": 1782987787.435}
{"armed": false, "event": "idle_disarmed", "preset": "cars", "single_auto": false, "ts": 1782987788.438}
{"armed": false, "event": "idle_disarmed", "preset": "cars", "single_auto": false, "ts": 1782987788.438}
{"armed": false, "event": "idle_disarmed", "preset": "cars", "single_auto": false, "ts": 1782987789.44}
{"armed": false, "event": "idle_disarmed", "preset": "cars", "single_auto": false, "ts": 1782987789.44}
{"armed": false, "event": "idle_disarmed", "preset": "cars", "single_auto": false, "ts": 1782987790.442}
{"armed": false, "event": "idle_disarmed", "preset": "cars", "single_auto": false, "ts": 1782987790.442}
{"armed": false, "event": "idle_disarmed", "preset": "cars", "single_auto": false, "ts": 1782987791.444}
{"armed": false, "event": "idle_disarmed", "preset": "cars", "single_auto": false, "ts": 1782987791.444}
{"armed": false, "event": "idle_disarmed", "preset": "cars", "single_auto": false, "ts": 1782987792.446}
{"armed": false, "event": "idle_disarmed", "preset": "cars", "single_auto": false, "ts": 1782987792.446}
{"armed": false, "event": "idle_disarmed", "preset": "cars", "single_auto": false, "ts": 1782987793.449}
{"armed": false, "event": "idle_disarmed", "preset": "cars", "single_auto": false, "ts": 1782987793.449}
{"armed": false, "event": "idle_disarmed", "preset": "cars", "single_auto": false, "ts": 1782987794.451}
{"armed": false, "event": "idle_disarmed", "preset": "cars", "single_auto": false, "ts": 1782987794.451}
{"armed": false, "event": "idle_disarmed", "preset": "cars", "single_auto": false, "ts": 1782987795.453}
{"armed": false, "event": "idle_disarmed", "preset": "cars", "single_auto": false, "ts": 1782987795.453}
{"armed": false, "event": "idle_disarmed", "preset": "cars", "single_auto": false, "ts": 1782987796.456}
{"armed": false, "event": "idle_disarmed", "preset": "cars", "single_auto": false, "ts": 1782987796.456}
{"armed": false, "event": "idle_disarmed", "preset": "cars", "single_auto": false, "ts": 1782987797.458}
{"armed": false, "event": "idle_disarmed", "preset": "cars", "single_auto": false, "ts": 1782987797.458}
{"armed": false, "event": "idle_disarmed", "preset": "cars", "single_auto": false, "ts": 1782987798.46}
{"armed": false, "event": "idle_disarmed", "preset": "cars", "single_auto": false, "ts": 1782987798.46}
{"armed": false, "event": "idle_disarmed", "preset": "cars", "single_auto": false, "ts": 1782987799.462}
{"armed": false, "event": "idle_disarmed", "preset": "cars", "single_auto": false, "ts": 1782987799.462}
{"armed": false, "event": "idle_disarmed", "preset": "cars", "single_auto": false, "ts": 1782987800.465}
{"armed": false, "event": "idle_disarmed", "preset": "cars", "single_auto": false, "ts": 1782987800.465}
{"armed": false, "event": "idle_disarmed", "preset": "cars", "single_auto": false, "ts": 1782987801.467}
{"armed": false, "event": "idle_disarmed", "preset": "cars", "single_auto": false, "ts": 1782987801.467}
{"armed": false, "event": "idle_disarmed", "preset": "cars", "single_auto": false, "ts": 1782987802.469}
{"armed": false, "event": "idle_disarmed", "preset": "cars", "single_auto": false, "ts": 1782987802.469}
{"armed": false, "event": "idle_disarmed", "preset": "cars", "single_auto": false, "ts": 1782987803.472}
{"armed": false, "event": "idle_disarmed", "preset": "cars", "single_auto": false, "ts": 1782987803.472}
{"armed": false, "event": "idle_disarmed", "preset": "cars", "single_auto": false, "ts": 1782987804.474}
{"armed": false, "event": "idle_disarmed", "preset": "cars", "single_auto": false, "ts": 1782987804.474}
{"armed": false, "event": "idle_disarmed", "preset": "cars", "single_auto": false, "ts": 1782987805.477}
{"armed": false, "event": "idle_disarmed", "preset": "cars", "single_auto": false, "ts": 1782987805.477}
{"armed": false, "event": "idle_disarmed", "preset": "cars", "single_auto": false, "ts": 1782987806.479}
{"armed": false, "event": "idle_disarmed", "preset": "cars", "single_auto": false, "ts": 1782987806.479}
{"armed": false, "event": "idle_disarmed", "preset": "cars", "single_auto": false, "ts": 1782987807.481}
{"armed": false, "event": "idle_disarmed", "preset": "cars", "single_auto": false, "ts": 1782987807.481}
{"armed": false, "event": "idle_disarmed", "preset": "cars", "single_auto": false, "ts": 1782987808.484}
{"armed": false, "event": "idle_disarmed", "preset": "cars", "single_auto": false, "ts": 1782987808.484}
{"armed": false, "event": "idle_disarmed", "preset": "cars", "single_auto": false, "ts": 1782987809.486}
{"armed": false, "event": "idle_disarmed", "preset": "cars", "single_auto": false, "ts": 1782987809.486}
{"armed": false, "event": "idle_disarmed", "preset": "cars", "single_auto": false, "ts": 1782987810.489}
{"armed": false, "event": "idle_disarmed", "preset": "cars", "single_auto": false, "ts": 1782987810.489}
{"armed": false, "event": "idle_disarmed", "preset": "cars", "single_auto": false, "ts": 1782987811.492}
{"armed": false, "event": "idle_disarmed", "preset": "cars", "single_auto": false, "ts": 1782987811.492}
{"armed": false, "event": "idle_disarmed", "preset": "cars", "single_auto": false, "ts": 1782987812.494}
{"armed": false, "event": "idle_disarmed", "preset": "cars", "single_auto": false, "ts": 1782987812.494}
{"armed": true, "event": "idle_not_single_auto", "preset": "cars", "single_auto": false, "ts": 1782987813.496}
{"armed": true, "event": "idle_not_single_auto", "preset": "cars", "single_auto": false, "ts": 1782987813.496}
{"armed": true, "event": "idle_not_single_auto", "preset": "cars", "single_auto": false, "ts": 1782987814.498}
{"armed": true, "event": "idle_not_single_auto", "preset": "cars", "single_auto": false, "ts": 1782987814.498}
{"armed": true, "event": "idle_not_single_auto", "preset": "cars", "single_auto": false, "ts": 1782987815.501}
{"armed": true, "event": "idle_not_single_auto", "preset": "cars", "single_auto": false, "ts": 1782987815.501}
{"armed": true, "event": "idle_not_single_auto", "preset": "cars", "single_auto": false, "ts": 1782987816.503}
{"armed": true, "event": "idle_not_single_auto", "preset": "cars", "single_auto": false, "ts": 1782987816.503}
{"armed": true, "event": "idle_not_single_auto", "preset": "cars", "single_auto": false, "ts": 1782987817.505}
{"armed": true, "event": "idle_not_single_auto", "preset": "cars", "single_auto": false, "ts": 1782987817.505}
{"armed": true, "event": "idle_not_single_auto", "preset": "cars", "single_auto": false, "ts": 1782987818.508}
{"armed": true, "event": "idle_not_single_auto", "preset": "cars", "single_auto": false, "ts": 1782987818.508}
{"armed": true, "event": "idle_not_single_auto", "preset": "cars", "single_auto": false, "ts": 1782987819.51}
{"armed": true, "event": "idle_not_single_auto", "preset": "cars", "single_auto": false, "ts": 1782987819.51}
{"armed": true, "event": "idle_not_single_auto", "preset": "cars", "single_auto": false, "ts": 1782987820.512}
{"armed": true, "event": "idle_not_single_auto", "preset": "cars", "single_auto": false, "ts": 1782987820.512}
{"armed": true, "event": "idle_not_single_auto", "preset": "cars", "single_auto": false, "ts": 1782987821.514}
{"armed": true, "event": "idle_not_single_auto", "preset": "cars", "single_auto": false, "ts": 1782987821.514}
{"armed": true, "event": "idle_not_single_auto", "preset": "cars", "single_auto": false, "ts": 1782987822.517}
{"armed": true, "event": "idle_not_single_auto", "preset": "cars", "single_auto": false, "ts": 1782987822.517}
{"armed": true, "event": "idle_not_single_auto", "preset": "cars", "single_auto": false, "ts": 1782987823.519}
{"armed": true, "event": "idle_not_single_auto", "preset": "cars", "single_auto": false, "ts": 1782987823.519}
{"armed": true, "event": "idle_not_single_auto", "preset": "cars", "single_auto": false, "ts": 1782987824.521}
{"armed": true, "event": "idle_not_single_auto", "preset": "cars", "single_auto": false, "ts": 1782987824.521}
{"armed": true, "event": "idle_not_single_auto", "preset": "cars", "single_auto": false, "ts": 1782987825.524}
{"armed": true, "event": "idle_not_single_auto", "preset": "cars", "single_auto": false, "ts": 1782987825.524}
{"armed": true, "event": "idle_not_single_auto", "preset": "cars", "single_auto": false, "ts": 1782987826.526}
{"armed": true, "event": "idle_not_single_auto", "preset": "cars", "single_auto": false, "ts": 1782987826.526}
{"armed": true, "event": "idle_not_single_auto", "preset": "cars", "single_auto": false, "ts": 1782987827.528}
{"armed": true, "event": "idle_not_single_auto", "preset": "cars", "single_auto": false, "ts": 1782987827.528}
{"armed": true, "event": "idle_not_single_auto", "preset": "cars", "single_auto": false, "ts": 1782987828.53}
{"armed": true, "event": "idle_not_single_auto", "preset": "cars", "single_auto": false, "ts": 1782987828.53}
{"armed": true, "event": "idle_not_single_auto", "preset": "cars", "single_auto": false, "ts": 1782987829.533}
{"armed": true, "event": "idle_not_single_auto", "preset": "cars", "single_auto": false, "ts": 1782987829.533}
{"armed": true, "event": "idle_not_single_auto", "preset": "cars", "single_auto": false, "ts": 1782987830.535}
{"armed": true, "event": "idle_not_single_auto", "preset": "cars", "single_auto": false, "ts": 1782987830.535}
{"armed": true, "event": "idle_not_single_auto", "preset": "cars", "single_auto": false, "ts": 1782987831.537}
{"armed": true, "event": "idle_not_single_auto", "preset": "cars", "single_auto": false, "ts": 1782987831.537}
{"armed": false, "event": "idle_disarmed", "preset": "car_single", "single_auto": true, "ts": 1782987832.539}
{"armed": false, "event": "idle_disarmed", "preset": "car_single", "single_auto": true, "ts": 1782987832.539}
{"armed": false, "event": "idle_disarmed", "preset": "car_single", "single_auto": true, "ts": 1782987833.541}
{"armed": false, "event": "idle_disarmed", "preset": "car_single", "single_auto": true, "ts": 1782987833.541}
{"armed": false, "event": "idle_disarmed", "preset": "car_single", "single_auto": true, "ts": 1782987834.544}
{"armed": false, "event": "idle_disarmed", "preset": "car_single", "single_auto": true, "ts": 1782987834.544}
{"cmd": ["/usr/bin/python3", "/root/rknpu2/examples/rknn_yolov8_demo_opencv_2_work_2/new_yolo8/apply_ptz_object_preset.py", "--preset", "car_single", "--arm", "force", "--strategy", "preset", "--watch"], "event": "child_start", "pid": 332100, "preset": "car_single", "search_preset": "lost_step_wait", "ts": 1782987835.547}
{"cmd": ["/usr/bin/python3", "/root/rknpu2/examples/rknn_yolov8_demo_opencv_2_work_2/new_yolo8/apply_ptz_object_preset.py", "--preset", "car_single", "--arm", "force", "--strategy", "preset", "--watch"], "event": "child_start", "pid": 332100, "preset": "car_single", "search_preset": "lost_step_wait", "ts": 1782987835.547}
{"event": "armed_running", "pid": 332100, "preset": "car_single", "search_preset": "lost_step_wait", "ts": 1782987836.55}
{"event": "armed_running", "pid": 332100, "preset": "car_single", "search_preset": "lost_step_wait", "ts": 1782987836.55}
{"event": "child_stop", "pid": 332100, "preset": "car_single::lost_step_wait", "reason": "ptzArmed_false", "ts": 1782987841.562}
{"event": "child_stop", "pid": 332100, "preset": "car_single::lost_step_wait", "reason": "ptzArmed_false", "ts": 1782987841.562}
