{"event": "daemon_start", "pid": 1923, "ts": 1783052663.683}
{"event": "daemon_start", "pid": 1923, "ts": 1783052663.683}
{"cmd": ["/usr/bin/python3", "/root/rknpu2/examples/rknn_yolov8_demo_opencv_2_work_2/new_yolo8/apply_ptz_object_preset.py", "--preset", "person_single", "--arm", "force", "--strategy", "preset", "--watch"], "event": "child_start", "pid": 1932, "preset": "person_single", "search_preset": "lost_step_wait", "ts": 1783052663.686}
{"cmd": ["/usr/bin/python3", "/root/rknpu2/examples/rknn_yolov8_demo_opencv_2_work_2/new_yolo8/apply_ptz_object_preset.py", "--preset", "person_single", "--arm", "force", "--strategy", "preset", "--watch"], "event": "child_start", "pid": 1932, "preset": "person_single", "search_preset": "lost_step_wait", "ts": 1783052663.686}
{"event": "armed_running", "pid": 1932, "preset": "person_single", "search_preset": "lost_step_wait", "ts": 1783052664.687}
{"event": "armed_running", "pid": 1932, "preset": "person_single", "search_preset": "lost_step_wait", "ts": 1783052664.687}
{"event": "armed_running", "pid": 1932, "preset": "person_single", "search_preset": "lost_step_wait", "ts": 1783052679.703}
{"event": "armed_running", "pid": 1932, "preset": "person_single", "search_preset": "lost_step_wait", "ts": 1783052679.703}
{"event": "child_stop", "pid": 1932, "preset": "person_single::lost_step_wait", "reason": "ptzArmed_false", "ts": 1783052684.708}
{"event": "child_stop", "pid": 1932, "preset": "person_single::lost_step_wait", "reason": "ptzArmed_false", "ts": 1783052684.708}
{"archived": "/root/rknpu2/examples/rknn_yolov8_demo_opencv_2_work_2/new_yolo8/logs/session_20260703_042444_ptzArmed_false", "event": "logs_archived", "reason": "ptzArmed_false", "ts": 1783052684.83}
{"archived": "/root/rknpu2/examples/rknn_yolov8_demo_opencv_2_work_2/new_yolo8/logs/session_20260703_042444_ptzArmed_false", "event": "logs_archived", "reason": "ptzArmed_false", "ts": 1783052684.83}
{"armed": false, "event": "idle_disarmed", "preset": "person_single", "single_auto": true, "ts": 1783052684.831}
{"armed": false, "event": "idle_disarmed", "preset": "person_single", "single_auto": true, "ts": 1783052684.831}
{"armed": false, "event": "idle_disarmed", "preset": "person_single", "single_auto": true, "ts": 1783052685.833}
{"armed": false, "event": "idle_disarmed", "preset": "person_single", "single_auto": true, "ts": 1783052685.833}
{"armed": false, "event": "idle_disarmed", "preset": "person_single", "single_auto": true, "ts": 1783052686.836}
{"armed": false, "event": "idle_disarmed", "preset": "person_single", "single_auto": true, "ts": 1783052686.836}
{"armed": false, "event": "idle_disarmed", "preset": "person_single", "single_auto": true, "ts": 1783052687.839}
{"armed": false, "event": "idle_disarmed", "preset": "person_single", "single_auto": true, "ts": 1783052687.839}
{"armed": false, "event": "idle_disarmed", "preset": "person_single", "single_auto": true, "ts": 1783052688.842}
{"armed": false, "event": "idle_disarmed", "preset": "person_single", "single_auto": true, "ts": 1783052688.842}
{"armed": false, "event": "idle_disarmed", "preset": "person_single", "single_auto": true, "ts": 1783052689.844}
{"armed": false, "event": "idle_disarmed", "preset": "person_single", "single_auto": true, "ts": 1783052689.844}
{"armed": false, "event": "idle_disarmed", "preset": "person_single", "single_auto": true, "ts": 1783052690.847}
{"armed": false, "event": "idle_disarmed", "preset": "person_single", "single_auto": true, "ts": 1783052690.847}
{"armed": false, "event": "idle_disarmed", "preset": "person_single", "single_auto": true, "ts": 1783052691.849}
{"armed": false, "event": "idle_disarmed", "preset": "person_single", "single_auto": true, "ts": 1783052691.849}
{"armed": false, "event": "idle_disarmed", "preset": "person_single", "single_auto": true, "ts": 1783052692.852}
{"armed": false, "event": "idle_disarmed", "preset": "person_single", "single_auto": true, "ts": 1783052692.852}
{"armed": false, "event": "idle_disarmed", "preset": "person_single", "single_auto": true, "ts": 1783052693.855}
{"armed": false, "event": "idle_disarmed", "preset": "person_single", "single_auto": true, "ts": 1783052693.855}
{"armed": false, "event": "idle_disarmed", "preset": "person_single", "single_auto": true, "ts": 1783052694.857}
{"armed": false, "event": "idle_disarmed", "preset": "person_single", "single_auto": true, "ts": 1783052694.857}
{"armed": false, "event": "idle_disarmed", "preset": "person_single", "single_auto": true, "ts": 1783052695.86}
{"armed": false, "event": "idle_disarmed", "preset": "person_single", "single_auto": true, "ts": 1783052695.86}
{"armed": false, "event": "idle_disarmed", "preset": "person_single", "single_auto": true, "ts": 1783052696.863}
{"armed": false, "event": "idle_disarmed", "preset": "person_single", "single_auto": true, "ts": 1783052696.863}
{"armed": false, "event": "idle_disarmed", "preset": "person_single", "single_auto": true, "ts": 1783052697.865}
{"armed": false, "event": "idle_disarmed", "preset": "person_single", "single_auto": true, "ts": 1783052697.865}
{"armed": false, "event": "idle_disarmed", "preset": "person_single", "single_auto": true, "ts": 1783052698.868}
{"armed": false, "event": "idle_disarmed", "preset": "person_single", "single_auto": true, "ts": 1783052698.868}
{"armed": false, "event": "idle_disarmed", "preset": "person_single", "single_auto": true, "ts": 1783052699.871}
{"armed": false, "event": "idle_disarmed", "preset": "person_single", "single_auto": true, "ts": 1783052699.871}
{"armed": false, "event": "idle_disarmed", "preset": "person_single", "single_auto": true, "ts": 1783052700.873}
{"armed": false, "event": "idle_disarmed", "preset": "person_single", "single_auto": true, "ts": 1783052700.873}
{"armed": false, "event": "idle_disarmed", "preset": "person_single", "single_auto": true, "ts": 1783052701.876}
{"armed": false, "event": "idle_disarmed", "preset": "person_single", "single_auto": true, "ts": 1783052701.876}
{"armed": false, "event": "idle_disarmed", "preset": "person_single", "single_auto": true, "ts": 1783052702.878}
{"armed": false, "event": "idle_disarmed", "preset": "person_single", "single_auto": true, "ts": 1783052702.878}
{"armed": false, "event": "idle_disarmed", "preset": "person_single", "single_auto": true, "ts": 1783052703.881}
{"armed": false, "event": "idle_disarmed", "preset": "person_single", "single_auto": true, "ts": 1783052703.881}
{"armed": false, "event": "idle_disarmed", "preset": "person_single", "single_auto": true, "ts": 1783052704.883}
{"armed": false, "event": "idle_disarmed", "preset": "person_single", "single_auto": true, "ts": 1783052704.883}
{"armed": false, "event": "idle_disarmed", "preset": "person_single", "single_auto": true, "ts": 1783052705.886}
{"armed": false, "event": "idle_disarmed", "preset": "person_single", "single_auto": true, "ts": 1783052705.886}
{"armed": false, "event": "idle_disarmed", "preset": "person_single", "single_auto": true, "ts": 1783052706.889}
{"armed": false, "event": "idle_disarmed", "preset": "person_single", "single_auto": true, "ts": 1783052706.889}
{"armed": false, "event": "idle_disarmed", "preset": "person_single", "single_auto": true, "ts": 1783052707.891}
{"armed": false, "event": "idle_disarmed", "preset": "person_single", "single_auto": true, "ts": 1783052707.891}
{"armed": false, "event": "idle_disarmed", "preset": "person_single", "single_auto": true, "ts": 1783052708.894}
{"armed": false, "event": "idle_disarmed", "preset": "person_single", "single_auto": true, "ts": 1783052708.894}
{"armed": false, "event": "idle_disarmed", "preset": "person_single", "single_auto": true, "ts": 1783052709.897}
{"armed": false, "event": "idle_disarmed", "preset": "person_single", "single_auto": true, "ts": 1783052709.897}
{"armed": false, "event": "idle_disarmed", "preset": "person_single", "single_auto": true, "ts": 1783052710.899}
{"armed": false, "event": "idle_disarmed", "preset": "person_single", "single_auto": true, "ts": 1783052710.899}
{"armed": false, "event": "idle_disarmed", "preset": "person_single", "single_auto": true, "ts": 1783052711.902}
{"armed": false, "event": "idle_disarmed", "preset": "person_single", "single_auto": true, "ts": 1783052711.902}
{"armed": false, "event": "idle_disarmed", "preset": "person_single", "single_auto": true, "ts": 1783052712.904}
{"armed": false, "event": "idle_disarmed", "preset": "person_single", "single_auto": true, "ts": 1783052712.904}
{"armed": false, "event": "idle_disarmed", "preset": "person_single", "single_auto": true, "ts": 1783052713.907}
{"armed": false, "event": "idle_disarmed", "preset": "person_single", "single_auto": true, "ts": 1783052713.907}
{"armed": false, "event": "idle_disarmed", "preset": "person_single", "single_auto": true, "ts": 1783052714.909}
{"armed": false, "event": "idle_disarmed", "preset": "person_single", "single_auto": true, "ts": 1783052714.909}
{"armed": false, "event": "idle_disarmed", "preset": "person_single", "single_auto": true, "ts": 1783052715.912}
{"armed": false, "event": "idle_disarmed", "preset": "person_single", "single_auto": true, "ts": 1783052715.912}
{"armed": false, "event": "idle_disarmed", "preset": "person_single", "single_auto": true, "ts": 1783052716.914}
{"armed": false, "event": "idle_disarmed", "preset": "person_single", "single_auto": true, "ts": 1783052716.914}
{"armed": false, "event": "idle_disarmed", "preset": "person_single", "single_auto": true, "ts": 1783052717.917}
{"armed": false, "event": "idle_disarmed", "preset": "person_single", "single_auto": true, "ts": 1783052717.917}
{"armed": false, "event": "idle_disarmed", "preset": "person_single", "single_auto": true, "ts": 1783052718.92}
{"armed": false, "event": "idle_disarmed", "preset": "person_single", "single_auto": true, "ts": 1783052718.92}
{"armed": false, "event": "idle_disarmed", "preset": "person_single", "single_auto": true, "ts": 1783052719.923}
{"armed": false, "event": "idle_disarmed", "preset": "person_single", "single_auto": true, "ts": 1783052719.923}
{"armed": false, "event": "idle_disarmed", "preset": "person_single", "single_auto": true, "ts": 1783052720.926}
{"armed": false, "event": "idle_disarmed", "preset": "person_single", "single_auto": true, "ts": 1783052720.926}
{"armed": false, "event": "idle_disarmed", "preset": "person_single", "single_auto": true, "ts": 1783052721.929}
{"armed": false, "event": "idle_disarmed", "preset": "person_single", "single_auto": true, "ts": 1783052721.929}
{"armed": false, "event": "idle_disarmed", "preset": "person_single", "single_auto": true, "ts": 1783052722.933}
{"armed": false, "event": "idle_disarmed", "preset": "person_single", "single_auto": true, "ts": 1783052722.933}
{"armed": false, "event": "idle_disarmed", "preset": "person_single", "single_auto": true, "ts": 1783052723.936}
{"armed": false, "event": "idle_disarmed", "preset": "person_single", "single_auto": true, "ts": 1783052723.936}
{"armed": false, "event": "idle_disarmed", "preset": "person_single", "single_auto": true, "ts": 1783052724.94}
{"armed": false, "event": "idle_disarmed", "preset": "person_single", "single_auto": true, "ts": 1783052724.94}
{"armed": false, "event": "idle_disarmed", "preset": "person_single", "single_auto": true, "ts": 1783052725.943}
{"armed": false, "event": "idle_disarmed", "preset": "person_single", "single_auto": true, "ts": 1783052725.943}
{"armed": false, "event": "idle_disarmed", "preset": "person_single", "single_auto": true, "ts": 1783052726.946}
{"armed": false, "event": "idle_disarmed", "preset": "person_single", "single_auto": true, "ts": 1783052726.946}
{"armed": false, "event": "idle_disarmed", "preset": "person_single", "single_auto": true, "ts": 1783052727.949}
{"armed": false, "event": "idle_disarmed", "preset": "person_single", "single_auto": true, "ts": 1783052727.949}
{"armed": false, "event": "idle_disarmed", "preset": "person_single", "single_auto": true, "ts": 1783052728.952}
{"armed": false, "event": "idle_disarmed", "preset": "person_single", "single_auto": true, "ts": 1783052728.952}
{"armed": false, "event": "idle_disarmed", "preset": "person_single", "single_auto": true, "ts": 1783052729.956}
{"armed": false, "event": "idle_disarmed", "preset": "person_single", "single_auto": true, "ts": 1783052729.956}
{"armed": false, "event": "idle_disarmed", "preset": "person_single", "single_auto": true, "ts": 1783052730.959}
{"armed": false, "event": "idle_disarmed", "preset": "person_single", "single_auto": true, "ts": 1783052730.959}
{"armed": false, "event": "idle_disarmed", "preset": "person_single", "single_auto": true, "ts": 1783052731.962}
{"armed": false, "event": "idle_disarmed", "preset": "person_single", "single_auto": true, "ts": 1783052731.962}
{"armed": false, "event": "idle_disarmed", "preset": "person_single", "single_auto": true, "ts": 1783052732.964}
{"armed": false, "event": "idle_disarmed", "preset": "person_single", "single_auto": true, "ts": 1783052732.964}
{"armed": false, "event": "idle_disarmed", "preset": "person_single", "single_auto": true, "ts": 1783052733.967}
{"armed": false, "event": "idle_disarmed", "preset": "person_single", "single_auto": true, "ts": 1783052733.967}
{"armed": false, "event": "idle_disarmed", "preset": "person_single", "single_auto": true, "ts": 1783052734.969}
{"armed": false, "event": "idle_disarmed", "preset": "person_single", "single_auto": true, "ts": 1783052734.969}
{"armed": false, "event": "idle_disarmed", "preset": "person_single", "single_auto": true, "ts": 1783052735.971}
{"armed": false, "event": "idle_disarmed", "preset": "person_single", "single_auto": true, "ts": 1783052735.971}
{"armed": false, "event": "idle_disarmed", "preset": "person_single", "single_auto": true, "ts": 1783052736.974}
{"armed": false, "event": "idle_disarmed", "preset": "person_single", "single_auto": true, "ts": 1783052736.974}
{"armed": false, "event": "idle_disarmed", "preset": "person_single", "single_auto": true, "ts": 1783052737.976}
{"armed": false, "event": "idle_disarmed", "preset": "person_single", "single_auto": true, "ts": 1783052737.976}
{"armed": false, "event": "idle_disarmed", "preset": "person_single", "single_auto": true, "ts": 1783052738.978}
{"armed": false, "event": "idle_disarmed", "preset": "person_single", "single_auto": true, "ts": 1783052738.978}
{"armed": false, "event": "idle_disarmed", "preset": "person_single", "single_auto": true, "ts": 1783052739.981}
{"armed": false, "event": "idle_disarmed", "preset": "person_single", "single_auto": true, "ts": 1783052739.981}
{"armed": false, "event": "idle_disarmed", "preset": "person_single", "single_auto": true, "ts": 1783052740.984}
{"armed": false, "event": "idle_disarmed", "preset": "person_single", "single_auto": true, "ts": 1783052740.984}
{"armed": false, "event": "idle_disarmed", "preset": "person_single", "single_auto": true, "ts": 1783052741.986}
{"armed": false, "event": "idle_disarmed", "preset": "person_single", "single_auto": true, "ts": 1783052741.986}
{"armed": false, "event": "idle_disarmed", "preset": "person_single", "single_auto": true, "ts": 1783052742.989}
{"armed": false, "event": "idle_disarmed", "preset": "person_single", "single_auto": true, "ts": 1783052742.989}
{"armed": false, "event": "idle_disarmed", "preset": "person_single", "single_auto": true, "ts": 1783052743.991}
{"armed": false, "event": "idle_disarmed", "preset": "person_single", "single_auto": true, "ts": 1783052743.991}
{"armed": false, "event": "idle_disarmed", "preset": "person_single", "single_auto": true, "ts": 1783052744.994}
{"armed": false, "event": "idle_disarmed", "preset": "person_single", "single_auto": true, "ts": 1783052744.994}
{"armed": false, "event": "idle_disarmed", "preset": "person_single", "single_auto": true, "ts": 1783052746.0}
{"armed": false, "event": "idle_disarmed", "preset": "person_single", "single_auto": true, "ts": 1783052746.0}
{"armed": false, "event": "idle_disarmed", "preset": "person_single", "single_auto": true, "ts": 1783052747.003}
{"armed": false, "event": "idle_disarmed", "preset": "person_single", "single_auto": true, "ts": 1783052747.003}
{"armed": false, "event": "idle_disarmed", "preset": "person_single", "single_auto": true, "ts": 1783052748.005}
{"armed": false, "event": "idle_disarmed", "preset": "person_single", "single_auto": true, "ts": 1783052748.005}
{"armed": false, "event": "idle_disarmed", "preset": "person_single", "single_auto": true, "ts": 1783052749.008}
{"armed": false, "event": "idle_disarmed", "preset": "person_single", "single_auto": true, "ts": 1783052749.008}
{"armed": false, "event": "idle_disarmed", "preset": "person_single", "single_auto": true, "ts": 1783052750.01}
{"armed": false, "event": "idle_disarmed", "preset": "person_single", "single_auto": true, "ts": 1783052750.01}
{"armed": false, "event": "idle_disarmed", "preset": "person_single", "single_auto": true, "ts": 1783052751.013}
{"armed": false, "event": "idle_disarmed", "preset": "person_single", "single_auto": true, "ts": 1783052751.013}
{"armed": false, "event": "idle_disarmed", "preset": "person_single", "single_auto": true, "ts": 1783052752.016}
{"armed": false, "event": "idle_disarmed", "preset": "person_single", "single_auto": true, "ts": 1783052752.016}
{"armed": false, "event": "idle_disarmed", "preset": "person_single", "single_auto": true, "ts": 1783052753.018}
{"armed": false, "event": "idle_disarmed", "preset": "person_single", "single_auto": true, "ts": 1783052753.018}
{"armed": false, "event": "idle_disarmed", "preset": "person_single", "single_auto": true, "ts": 1783052754.021}
{"armed": false, "event": "idle_disarmed", "preset": "person_single", "single_auto": true, "ts": 1783052754.021}
{"armed": false, "event": "idle_disarmed", "preset": "person_single", "single_auto": true, "ts": 1783052755.023}
{"armed": false, "event": "idle_disarmed", "preset": "person_single", "single_auto": true, "ts": 1783052755.023}
{"armed": false, "event": "idle_disarmed", "preset": "person_single", "single_auto": true, "ts": 1783052756.026}
{"armed": false, "event": "idle_disarmed", "preset": "person_single", "single_auto": true, "ts": 1783052756.026}
{"armed": false, "event": "idle_disarmed", "preset": "person_single", "single_auto": true, "ts": 1783052757.028}
{"armed": false, "event": "idle_disarmed", "preset": "person_single", "single_auto": true, "ts": 1783052757.028}
{"armed": false, "event": "idle_disarmed", "preset": "person_single", "single_auto": true, "ts": 1783052758.031}
{"armed": false, "event": "idle_disarmed", "preset": "person_single", "single_auto": true, "ts": 1783052758.031}
{"armed": false, "event": "idle_disarmed", "preset": "person_single", "single_auto": true, "ts": 1783052759.033}
{"armed": false, "event": "idle_disarmed", "preset": "person_single", "single_auto": true, "ts": 1783052759.033}
{"armed": false, "event": "idle_disarmed", "preset": "person_single", "single_auto": true, "ts": 1783052760.036}
{"armed": false, "event": "idle_disarmed", "preset": "person_single", "single_auto": true, "ts": 1783052760.036}
{"armed": false, "event": "idle_disarmed", "preset": "person_single", "single_auto": true, "ts": 1783052761.038}
{"armed": false, "event": "idle_disarmed", "preset": "person_single", "single_auto": true, "ts": 1783052761.038}
{"armed": false, "event": "idle_disarmed", "preset": "person_single", "single_auto": true, "ts": 1783052762.041}
{"armed": false, "event": "idle_disarmed", "preset": "person_single", "single_auto": true, "ts": 1783052762.041}
{"armed": false, "event": "idle_disarmed", "preset": "person_single", "single_auto": true, "ts": 1783052763.043}
{"armed": false, "event": "idle_disarmed", "preset": "person_single", "single_auto": true, "ts": 1783052763.043}
{"armed": false, "event": "idle_disarmed", "preset": "person_single", "single_auto": true, "ts": 1783052764.046}
{"armed": false, "event": "idle_disarmed", "preset": "person_single", "single_auto": true, "ts": 1783052764.046}
{"armed": false, "event": "idle_disarmed", "preset": "person_single", "single_auto": true, "ts": 1783052765.048}
{"armed": false, "event": "idle_disarmed", "preset": "person_single", "single_auto": true, "ts": 1783052765.048}
{"armed": false, "event": "idle_disarmed", "preset": "person_single", "single_auto": true, "ts": 1783052766.051}
{"armed": false, "event": "idle_disarmed", "preset": "person_single", "single_auto": true, "ts": 1783052766.051}
{"armed": false, "event": "idle_disarmed", "preset": "person_single", "single_auto": true, "ts": 1783052767.053}
{"armed": false, "event": "idle_disarmed", "preset": "person_single", "single_auto": true, "ts": 1783052767.053}
{"armed": false, "event": "idle_disarmed", "preset": "person_single", "single_auto": true, "ts": 1783052768.055}
{"armed": false, "event": "idle_disarmed", "preset": "person_single", "single_auto": true, "ts": 1783052768.055}
{"armed": false, "event": "idle_disarmed", "preset": "person_single", "single_auto": true, "ts": 1783052769.058}
{"armed": false, "event": "idle_disarmed", "preset": "person_single", "single_auto": true, "ts": 1783052769.058}
{"armed": false, "event": "idle_disarmed", "preset": "person_single", "single_auto": true, "ts": 1783052770.061}
{"armed": false, "event": "idle_disarmed", "preset": "person_single", "single_auto": true, "ts": 1783052770.061}
{"armed": false, "event": "idle_disarmed", "preset": "person_single", "single_auto": true, "ts": 1783052771.063}
{"armed": false, "event": "idle_disarmed", "preset": "person_single", "single_auto": true, "ts": 1783052771.063}
{"armed": false, "event": "idle_disarmed", "preset": "person_single", "single_auto": true, "ts": 1783052772.066}
{"armed": false, "event": "idle_disarmed", "preset": "person_single", "single_auto": true, "ts": 1783052772.066}
{"armed": false, "event": "idle_disarmed", "preset": "person_single", "single_auto": true, "ts": 1783052773.068}
{"armed": false, "event": "idle_disarmed", "preset": "person_single", "single_auto": true, "ts": 1783052773.068}
{"armed": false, "event": "idle_disarmed", "preset": "person_single", "single_auto": true, "ts": 1783052774.071}
{"armed": false, "event": "idle_disarmed", "preset": "person_single", "single_auto": true, "ts": 1783052774.071}
{"armed": false, "event": "idle_disarmed", "preset": "person_single", "single_auto": true, "ts": 1783052775.073}
{"armed": false, "event": "idle_disarmed", "preset": "person_single", "single_auto": true, "ts": 1783052775.073}
{"armed": false, "event": "idle_disarmed", "preset": "person_single", "single_auto": true, "ts": 1783052776.076}
{"armed": false, "event": "idle_disarmed", "preset": "person_single", "single_auto": true, "ts": 1783052776.076}
{"armed": false, "event": "idle_disarmed", "preset": "person_single", "single_auto": true, "ts": 1783052777.079}
{"armed": false, "event": "idle_disarmed", "preset": "person_single", "single_auto": true, "ts": 1783052777.079}
{"armed": false, "event": "idle_disarmed", "preset": "person_single", "single_auto": true, "ts": 1783052778.081}
{"armed": false, "event": "idle_disarmed", "preset": "person_single", "single_auto": true, "ts": 1783052778.081}
{"armed": false, "event": "idle_disarmed", "preset": "person_single", "single_auto": true, "ts": 1783052779.083}
{"armed": false, "event": "idle_disarmed", "preset": "person_single", "single_auto": true, "ts": 1783052779.083}
{"armed": false, "event": "idle_disarmed", "preset": "person_single", "single_auto": true, "ts": 1783052780.086}
{"armed": false, "event": "idle_disarmed", "preset": "person_single", "single_auto": true, "ts": 1783052780.086}
{"armed": false, "event": "idle_disarmed", "preset": "person_single", "single_auto": true, "ts": 1783052781.088}
{"armed": false, "event": "idle_disarmed", "preset": "person_single", "single_auto": true, "ts": 1783052781.088}
{"armed": false, "event": "idle_disarmed", "preset": "person_single", "single_auto": true, "ts": 1783052782.091}
{"armed": false, "event": "idle_disarmed", "preset": "person_single", "single_auto": true, "ts": 1783052782.091}
{"armed": false, "event": "idle_disarmed", "preset": "person_single", "single_auto": true, "ts": 1783052783.093}
{"armed": false, "event": "idle_disarmed", "preset": "person_single", "single_auto": true, "ts": 1783052783.093}
{"armed": false, "event": "idle_disarmed", "preset": "person_single", "single_auto": true, "ts": 1783052784.095}
{"armed": false, "event": "idle_disarmed", "preset": "person_single", "single_auto": true, "ts": 1783052784.095}
{"armed": false, "event": "idle_disarmed", "preset": "person_single", "single_auto": true, "ts": 1783052785.097}
{"armed": false, "event": "idle_disarmed", "preset": "person_single", "single_auto": true, "ts": 1783052785.097}
{"armed": false, "event": "idle_disarmed", "preset": "person_single", "single_auto": true, "ts": 1783052786.098}
{"armed": false, "event": "idle_disarmed", "preset": "person_single", "single_auto": true, "ts": 1783052786.098}
{"armed": false, "event": "idle_disarmed", "preset": "person_single", "single_auto": true, "ts": 1783052787.1}
{"armed": false, "event": "idle_disarmed", "preset": "person_single", "single_auto": true, "ts": 1783052787.1}
{"armed": false, "event": "idle_disarmed", "preset": "person_single", "single_auto": true, "ts": 1783052788.102}
{"armed": false, "event": "idle_disarmed", "preset": "person_single", "single_auto": true, "ts": 1783052788.102}
{"armed": false, "event": "idle_disarmed", "preset": "person_single", "single_auto": true, "ts": 1783052789.105}
{"armed": false, "event": "idle_disarmed", "preset": "person_single", "single_auto": true, "ts": 1783052789.105}
{"armed": false, "event": "idle_disarmed", "preset": "person_single", "single_auto": true, "ts": 1783052790.108}
{"armed": false, "event": "idle_disarmed", "preset": "person_single", "single_auto": true, "ts": 1783052790.108}
{"armed": false, "event": "idle_disarmed", "preset": "person_single", "single_auto": true, "ts": 1783052791.111}
{"armed": false, "event": "idle_disarmed", "preset": "person_single", "single_auto": true, "ts": 1783052791.111}
{"armed": false, "event": "idle_disarmed", "preset": "person_single", "single_auto": true, "ts": 1783052792.115}
{"armed": false, "event": "idle_disarmed", "preset": "person_single", "single_auto": true, "ts": 1783052792.115}
{"armed": false, "event": "idle_disarmed", "preset": "person_single", "single_auto": true, "ts": 1783052793.118}
{"armed": false, "event": "idle_disarmed", "preset": "person_single", "single_auto": true, "ts": 1783052793.118}
{"armed": false, "event": "idle_disarmed", "preset": "person_single", "single_auto": true, "ts": 1783052794.121}
{"armed": false, "event": "idle_disarmed", "preset": "person_single", "single_auto": true, "ts": 1783052794.121}
{"armed": false, "event": "idle_disarmed", "preset": "person_single", "single_auto": true, "ts": 1783052795.125}
{"armed": false, "event": "idle_disarmed", "preset": "person_single", "single_auto": true, "ts": 1783052795.125}
{"armed": false, "event": "idle_disarmed", "preset": "person_single", "single_auto": true, "ts": 1783052796.128}
{"armed": false, "event": "idle_disarmed", "preset": "person_single", "single_auto": true, "ts": 1783052796.128}
{"armed": false, "event": "idle_disarmed", "preset": "person_single", "single_auto": true, "ts": 1783052797.131}
{"armed": false, "event": "idle_disarmed", "preset": "person_single", "single_auto": true, "ts": 1783052797.131}
{"armed": false, "event": "idle_disarmed", "preset": "person_single", "single_auto": true, "ts": 1783052798.134}
{"armed": false, "event": "idle_disarmed", "preset": "person_single", "single_auto": true, "ts": 1783052798.134}
{"armed": false, "event": "idle_disarmed", "preset": "person_single", "single_auto": true, "ts": 1783052799.137}
{"armed": false, "event": "idle_disarmed", "preset": "person_single", "single_auto": true, "ts": 1783052799.137}
{"armed": false, "event": "idle_disarmed", "preset": "person_single", "single_auto": true, "ts": 1783052800.141}
{"armed": false, "event": "idle_disarmed", "preset": "person_single", "single_auto": true, "ts": 1783052800.141}
{"armed": false, "event": "idle_disarmed", "preset": "person_single", "single_auto": true, "ts": 1783052801.144}
{"armed": false, "event": "idle_disarmed", "preset": "person_single", "single_auto": true, "ts": 1783052801.144}
{"armed": false, "event": "idle_disarmed", "preset": "person_single", "single_auto": true, "ts": 1783052802.147}
{"armed": false, "event": "idle_disarmed", "preset": "person_single", "single_auto": true, "ts": 1783052802.147}
{"armed": false, "event": "idle_disarmed", "preset": "person_single", "single_auto": true, "ts": 1783052803.15}
{"armed": false, "event": "idle_disarmed", "preset": "person_single", "single_auto": true, "ts": 1783052803.15}
{"armed": false, "event": "idle_disarmed", "preset": "person_single", "single_auto": true, "ts": 1783052804.154}
{"armed": false, "event": "idle_disarmed", "preset": "person_single", "single_auto": true, "ts": 1783052804.154}
{"armed": false, "event": "idle_disarmed", "preset": "person_single", "single_auto": true, "ts": 1783052805.157}
{"armed": false, "event": "idle_disarmed", "preset": "person_single", "single_auto": true, "ts": 1783052805.157}
{"armed": false, "event": "idle_disarmed", "preset": "person_single", "single_auto": true, "ts": 1783052806.16}
{"armed": false, "event": "idle_disarmed", "preset": "person_single", "single_auto": true, "ts": 1783052806.16}
{"armed": false, "event": "idle_disarmed", "preset": "person_single", "single_auto": true, "ts": 1783052807.163}
{"armed": false, "event": "idle_disarmed", "preset": "person_single", "single_auto": true, "ts": 1783052807.163}
{"armed": false, "event": "idle_disarmed", "preset": "person_single", "single_auto": true, "ts": 1783052808.166}
{"armed": false, "event": "idle_disarmed", "preset": "person_single", "single_auto": true, "ts": 1783052808.166}
{"armed": false, "event": "idle_disarmed", "preset": "person_single", "single_auto": true, "ts": 1783052809.17}
{"armed": false, "event": "idle_disarmed", "preset": "person_single", "single_auto": true, "ts": 1783052809.17}
{"armed": false, "event": "idle_disarmed", "preset": "person_single", "single_auto": true, "ts": 1783052810.173}
{"armed": false, "event": "idle_disarmed", "preset": "person_single", "single_auto": true, "ts": 1783052810.173}
{"armed": false, "event": "idle_disarmed", "preset": "person_single", "single_auto": true, "ts": 1783052811.175}
{"armed": false, "event": "idle_disarmed", "preset": "person_single", "single_auto": true, "ts": 1783052811.175}
{"armed": false, "event": "idle_disarmed", "preset": "person_single", "single_auto": true, "ts": 1783052812.178}
{"armed": false, "event": "idle_disarmed", "preset": "person_single", "single_auto": true, "ts": 1783052812.178}
{"armed": false, "event": "idle_disarmed", "preset": "person_single", "single_auto": true, "ts": 1783052813.18}
{"armed": false, "event": "idle_disarmed", "preset": "person_single", "single_auto": true, "ts": 1783052813.18}
{"armed": false, "event": "idle_disarmed", "preset": "person_single", "single_auto": true, "ts": 1783052814.182}
{"armed": false, "event": "idle_disarmed", "preset": "person_single", "single_auto": true, "ts": 1783052814.182}
{"armed": false, "event": "idle_disarmed", "preset": "person_single", "single_auto": true, "ts": 1783052815.186}
{"armed": false, "event": "idle_disarmed", "preset": "person_single", "single_auto": true, "ts": 1783052815.186}
{"armed": false, "event": "idle_disarmed", "preset": "person_single", "single_auto": true, "ts": 1783052816.189}
{"armed": false, "event": "idle_disarmed", "preset": "person_single", "single_auto": true, "ts": 1783052816.189}
{"armed": false, "event": "idle_disarmed", "preset": "person_single", "single_auto": true, "ts": 1783052817.192}
{"armed": false, "event": "idle_disarmed", "preset": "person_single", "single_auto": true, "ts": 1783052817.192}
{"armed": false, "event": "idle_disarmed", "preset": "person_single", "single_auto": true, "ts": 1783052818.195}
{"armed": false, "event": "idle_disarmed", "preset": "person_single", "single_auto": true, "ts": 1783052818.195}
{"armed": false, "event": "idle_disarmed", "preset": "person_single", "single_auto": true, "ts": 1783052819.198}
{"armed": false, "event": "idle_disarmed", "preset": "person_single", "single_auto": true, "ts": 1783052819.198}
{"armed": false, "event": "idle_disarmed", "preset": "person_single", "single_auto": true, "ts": 1783052820.202}
{"armed": false, "event": "idle_disarmed", "preset": "person_single", "single_auto": true, "ts": 1783052820.202}
{"armed": false, "event": "idle_disarmed", "preset": "person_single", "single_auto": true, "ts": 1783052821.205}
{"armed": false, "event": "idle_disarmed", "preset": "person_single", "single_auto": true, "ts": 1783052821.205}
{"armed": false, "event": "idle_disarmed", "preset": "person_single", "single_auto": true, "ts": 1783052822.208}
{"armed": false, "event": "idle_disarmed", "preset": "person_single", "single_auto": true, "ts": 1783052822.208}
{"armed": false, "event": "idle_disarmed", "preset": "person_single", "single_auto": true, "ts": 1783052823.211}
{"armed": false, "event": "idle_disarmed", "preset": "person_single", "single_auto": true, "ts": 1783052823.211}
{"armed": false, "event": "idle_disarmed", "preset": "person_single", "single_auto": true, "ts": 1783052824.215}
{"armed": false, "event": "idle_disarmed", "preset": "person_single", "single_auto": true, "ts": 1783052824.215}
{"armed": false, "event": "idle_disarmed", "preset": "person_single", "single_auto": true, "ts": 1783052825.218}
{"armed": false, "event": "idle_disarmed", "preset": "person_single", "single_auto": true, "ts": 1783052825.218}
{"armed": false, "event": "idle_disarmed", "preset": "person_single", "single_auto": true, "ts": 1783052826.221}
{"armed": false, "event": "idle_disarmed", "preset": "person_single", "single_auto": true, "ts": 1783052826.221}
{"armed": false, "event": "idle_disarmed", "preset": "person_single", "single_auto": true, "ts": 1783052827.223}
{"armed": false, "event": "idle_disarmed", "preset": "person_single", "single_auto": true, "ts": 1783052827.223}
{"armed": false, "event": "idle_disarmed", "preset": "person_single", "single_auto": true, "ts": 1783052828.224}
{"armed": false, "event": "idle_disarmed", "preset": "person_single", "single_auto": true, "ts": 1783052828.224}
{"armed": false, "event": "idle_disarmed", "preset": "person_single", "single_auto": true, "ts": 1783052829.226}
{"armed": false, "event": "idle_disarmed", "preset": "person_single", "single_auto": true, "ts": 1783052829.226}
{"armed": false, "event": "idle_disarmed", "preset": "person_single", "single_auto": true, "ts": 1783052830.23}
{"armed": false, "event": "idle_disarmed", "preset": "person_single", "single_auto": true, "ts": 1783052830.23}
{"armed": false, "event": "idle_disarmed", "preset": "person_single", "single_auto": true, "ts": 1783052831.233}
{"armed": false, "event": "idle_disarmed", "preset": "person_single", "single_auto": true, "ts": 1783052831.233}
{"armed": false, "event": "idle_disarmed", "preset": "person_single", "single_auto": true, "ts": 1783052832.236}
{"armed": false, "event": "idle_disarmed", "preset": "person_single", "single_auto": true, "ts": 1783052832.236}
{"armed": false, "event": "idle_disarmed", "preset": "person_single", "single_auto": true, "ts": 1783052833.239}
{"armed": false, "event": "idle_disarmed", "preset": "person_single", "single_auto": true, "ts": 1783052833.239}
{"armed": false, "event": "idle_disarmed", "preset": "person_single", "single_auto": true, "ts": 1783052834.242}
{"armed": false, "event": "idle_disarmed", "preset": "person_single", "single_auto": true, "ts": 1783052834.242}
{"armed": false, "event": "idle_disarmed", "preset": "person_single", "single_auto": true, "ts": 1783052835.246}
{"armed": false, "event": "idle_disarmed", "preset": "person_single", "single_auto": true, "ts": 1783052835.246}
{"armed": false, "event": "idle_disarmed", "preset": "person_single", "single_auto": true, "ts": 1783052836.248}
{"armed": false, "event": "idle_disarmed", "preset": "person_single", "single_auto": true, "ts": 1783052836.248}
{"armed": false, "event": "idle_disarmed", "preset": "person_single", "single_auto": true, "ts": 1783052837.25}
{"armed": false, "event": "idle_disarmed", "preset": "person_single", "single_auto": true, "ts": 1783052837.25}
{"armed": false, "event": "idle_disarmed", "preset": "person_single", "single_auto": true, "ts": 1783052838.253}
{"armed": false, "event": "idle_disarmed", "preset": "person_single", "single_auto": true, "ts": 1783052838.253}
{"armed": false, "event": "idle_disarmed", "preset": "person_single", "single_auto": true, "ts": 1783052839.255}
{"armed": false, "event": "idle_disarmed", "preset": "person_single", "single_auto": true, "ts": 1783052839.255}
{"armed": false, "event": "idle_disarmed", "preset": "person_single", "single_auto": true, "ts": 1783052840.258}
{"armed": false, "event": "idle_disarmed", "preset": "person_single", "single_auto": true, "ts": 1783052840.258}
{"armed": false, "event": "idle_disarmed", "preset": "person_single", "single_auto": true, "ts": 1783052841.261}
{"armed": false, "event": "idle_disarmed", "preset": "person_single", "single_auto": true, "ts": 1783052841.261}
{"armed": false, "event": "idle_disarmed", "preset": "person_single", "single_auto": true, "ts": 1783052842.264}
{"armed": false, "event": "idle_disarmed", "preset": "person_single", "single_auto": true, "ts": 1783052842.264}
{"armed": false, "event": "idle_disarmed", "preset": "person_single", "single_auto": true, "ts": 1783052843.267}
{"armed": false, "event": "idle_disarmed", "preset": "person_single", "single_auto": true, "ts": 1783052843.267}
{"armed": false, "event": "idle_disarmed", "preset": "person_single", "single_auto": true, "ts": 1783052844.27}
{"armed": false, "event": "idle_disarmed", "preset": "person_single", "single_auto": true, "ts": 1783052844.27}
{"armed": false, "event": "idle_disarmed", "preset": "person_single", "single_auto": true, "ts": 1783052845.273}
{"armed": false, "event": "idle_disarmed", "preset": "person_single", "single_auto": true, "ts": 1783052845.273}
{"armed": false, "event": "idle_disarmed", "preset": "person_single", "single_auto": true, "ts": 1783052846.275}
{"armed": false, "event": "idle_disarmed", "preset": "person_single", "single_auto": true, "ts": 1783052846.275}
{"armed": false, "event": "idle_disarmed", "preset": "person_single", "single_auto": true, "ts": 1783052847.276}
{"armed": false, "event": "idle_disarmed", "preset": "person_single", "single_auto": true, "ts": 1783052847.276}
{"armed": false, "event": "idle_disarmed", "preset": "person_single", "single_auto": true, "ts": 1783052848.277}
{"armed": false, "event": "idle_disarmed", "preset": "person_single", "single_auto": true, "ts": 1783052848.277}
{"armed": false, "event": "idle_disarmed", "preset": "person_single", "single_auto": true, "ts": 1783052849.278}
{"armed": false, "event": "idle_disarmed", "preset": "person_single", "single_auto": true, "ts": 1783052849.278}
{"armed": false, "event": "idle_disarmed", "preset": "person_single", "single_auto": true, "ts": 1783052850.28}
{"armed": false, "event": "idle_disarmed", "preset": "person_single", "single_auto": true, "ts": 1783052850.28}
{"armed": false, "event": "idle_disarmed", "preset": "person_single", "single_auto": true, "ts": 1783052851.283}
{"armed": false, "event": "idle_disarmed", "preset": "person_single", "single_auto": true, "ts": 1783052851.283}
{"armed": false, "event": "idle_disarmed", "preset": "person_single", "single_auto": true, "ts": 1783052852.287}
{"armed": false, "event": "idle_disarmed", "preset": "person_single", "single_auto": true, "ts": 1783052852.287}
{"armed": false, "event": "idle_disarmed", "preset": "person_single", "single_auto": true, "ts": 1783052853.29}
{"armed": false, "event": "idle_disarmed", "preset": "person_single", "single_auto": true, "ts": 1783052853.29}
{"armed": false, "event": "idle_disarmed", "preset": "person_single", "single_auto": true, "ts": 1783052854.293}
{"armed": false, "event": "idle_disarmed", "preset": "person_single", "single_auto": true, "ts": 1783052854.293}
{"armed": false, "event": "idle_disarmed", "preset": "person_single", "single_auto": true, "ts": 1783052855.296}
{"armed": false, "event": "idle_disarmed", "preset": "person_single", "single_auto": true, "ts": 1783052855.296}
{"armed": false, "event": "idle_disarmed", "preset": "person_single", "single_auto": true, "ts": 1783052856.298}
{"armed": false, "event": "idle_disarmed", "preset": "person_single", "single_auto": true, "ts": 1783052856.298}
{"armed": false, "event": "idle_disarmed", "preset": "person_single", "single_auto": true, "ts": 1783052857.301}
{"armed": false, "event": "idle_disarmed", "preset": "person_single", "single_auto": true, "ts": 1783052857.301}
{"armed": false, "event": "idle_disarmed", "preset": "person_single", "single_auto": true, "ts": 1783052858.303}
{"armed": false, "event": "idle_disarmed", "preset": "person_single", "single_auto": true, "ts": 1783052858.303}
{"armed": false, "event": "idle_disarmed", "preset": "person_single", "single_auto": true, "ts": 1783052859.306}
{"armed": false, "event": "idle_disarmed", "preset": "person_single", "single_auto": true, "ts": 1783052859.306}
{"armed": false, "event": "idle_disarmed", "preset": "person_single", "single_auto": true, "ts": 1783052860.308}
{"armed": false, "event": "idle_disarmed", "preset": "person_single", "single_auto": true, "ts": 1783052860.308}
{"armed": false, "event": "idle_disarmed", "preset": "person_single", "single_auto": true, "ts": 1783052861.311}
{"armed": false, "event": "idle_disarmed", "preset": "person_single", "single_auto": true, "ts": 1783052861.311}
{"armed": false, "event": "idle_disarmed", "preset": "person_single", "single_auto": true, "ts": 1783052862.314}
{"armed": false, "event": "idle_disarmed", "preset": "person_single", "single_auto": true, "ts": 1783052862.314}
{"armed": false, "event": "idle_disarmed", "preset": "person_single", "single_auto": true, "ts": 1783052863.316}
{"armed": false, "event": "idle_disarmed", "preset": "person_single", "single_auto": true, "ts": 1783052863.316}
{"armed": false, "event": "idle_disarmed", "preset": "person_single", "single_auto": true, "ts": 1783052864.319}
{"armed": false, "event": "idle_disarmed", "preset": "person_single", "single_auto": true, "ts": 1783052864.319}
{"armed": false, "event": "idle_disarmed", "preset": "person_single", "single_auto": true, "ts": 1783052865.321}
{"armed": false, "event": "idle_disarmed", "preset": "person_single", "single_auto": true, "ts": 1783052865.321}
{"armed": false, "event": "idle_disarmed", "preset": "person_single", "single_auto": true, "ts": 1783052866.323}
{"armed": false, "event": "idle_disarmed", "preset": "person_single", "single_auto": true, "ts": 1783052866.323}
{"armed": false, "event": "idle_disarmed", "preset": "person_single", "single_auto": true, "ts": 1783052867.326}
{"armed": false, "event": "idle_disarmed", "preset": "person_single", "single_auto": true, "ts": 1783052867.326}
{"armed": false, "event": "idle_disarmed", "preset": "person_single", "single_auto": true, "ts": 1783052868.328}
{"armed": false, "event": "idle_disarmed", "preset": "person_single", "single_auto": true, "ts": 1783052868.328}
{"armed": false, "event": "idle_disarmed", "preset": "person_single", "single_auto": true, "ts": 1783052869.331}
{"armed": false, "event": "idle_disarmed", "preset": "person_single", "single_auto": true, "ts": 1783052869.331}
{"armed": false, "event": "idle_disarmed", "preset": "person_single", "single_auto": true, "ts": 1783052870.333}
{"armed": false, "event": "idle_disarmed", "preset": "person_single", "single_auto": true, "ts": 1783052870.333}
{"armed": false, "event": "idle_disarmed", "preset": "person_single", "single_auto": true, "ts": 1783052871.336}
{"armed": false, "event": "idle_disarmed", "preset": "person_single", "single_auto": true, "ts": 1783052871.336}
{"armed": false, "event": "idle_disarmed", "preset": "person_single", "single_auto": true, "ts": 1783052872.338}
{"armed": false, "event": "idle_disarmed", "preset": "person_single", "single_auto": true, "ts": 1783052872.338}
{"armed": false, "event": "idle_disarmed", "preset": "person_single", "single_auto": true, "ts": 1783052873.341}
{"armed": false, "event": "idle_disarmed", "preset": "person_single", "single_auto": true, "ts": 1783052873.341}
{"armed": false, "event": "idle_disarmed", "preset": "person_single", "single_auto": true, "ts": 1783052874.343}
{"armed": false, "event": "idle_disarmed", "preset": "person_single", "single_auto": true, "ts": 1783052874.343}
{"armed": false, "event": "idle_disarmed", "preset": "person_single", "single_auto": true, "ts": 1783052875.346}
{"armed": false, "event": "idle_disarmed", "preset": "person_single", "single_auto": true, "ts": 1783052875.346}
{"armed": false, "event": "idle_disarmed", "preset": "person_single", "single_auto": true, "ts": 1783052876.348}
{"armed": false, "event": "idle_disarmed", "preset": "person_single", "single_auto": true, "ts": 1783052876.348}
{"armed": false, "event": "idle_disarmed", "preset": "person_single", "single_auto": true, "ts": 1783052877.351}
{"armed": false, "event": "idle_disarmed", "preset": "person_single", "single_auto": true, "ts": 1783052877.351}
{"armed": false, "event": "idle_disarmed", "preset": "person_single", "single_auto": true, "ts": 1783052878.353}
{"armed": false, "event": "idle_disarmed", "preset": "person_single", "single_auto": true, "ts": 1783052878.353}
{"armed": false, "event": "idle_disarmed", "preset": "person_single", "single_auto": true, "ts": 1783052879.356}
{"armed": false, "event": "idle_disarmed", "preset": "person_single", "single_auto": true, "ts": 1783052879.356}
{"armed": false, "event": "idle_disarmed", "preset": "person_single", "single_auto": true, "ts": 1783052880.358}
{"armed": false, "event": "idle_disarmed", "preset": "person_single", "single_auto": true, "ts": 1783052880.358}
{"armed": false, "event": "idle_disarmed", "preset": "person_single", "single_auto": true, "ts": 1783052881.361}
{"armed": false, "event": "idle_disarmed", "preset": "person_single", "single_auto": true, "ts": 1783052881.361}
{"armed": false, "event": "idle_disarmed", "preset": "person_single", "single_auto": true, "ts": 1783052882.363}
{"armed": false, "event": "idle_disarmed", "preset": "person_single", "single_auto": true, "ts": 1783052882.363}
{"armed": false, "event": "idle_disarmed", "preset": "person_single", "single_auto": true, "ts": 1783052883.365}
{"armed": false, "event": "idle_disarmed", "preset": "person_single", "single_auto": true, "ts": 1783052883.365}
{"armed": false, "event": "idle_disarmed", "preset": "person_single", "single_auto": true, "ts": 1783052884.368}
{"armed": false, "event": "idle_disarmed", "preset": "person_single", "single_auto": true, "ts": 1783052884.368}
{"armed": false, "event": "idle_disarmed", "preset": "person_single", "single_auto": true, "ts": 1783052885.371}
{"armed": false, "event": "idle_disarmed", "preset": "person_single", "single_auto": true, "ts": 1783052885.371}
{"armed": false, "event": "idle_disarmed", "preset": "person_single", "single_auto": true, "ts": 1783052886.373}
{"armed": false, "event": "idle_disarmed", "preset": "person_single", "single_auto": true, "ts": 1783052886.373}
{"armed": false, "event": "idle_disarmed", "preset": "person_single", "single_auto": true, "ts": 1783052887.376}
{"armed": false, "event": "idle_disarmed", "preset": "person_single", "single_auto": true, "ts": 1783052887.376}
{"armed": false, "event": "idle_disarmed", "preset": "person_single", "single_auto": true, "ts": 1783052888.378}
{"armed": false, "event": "idle_disarmed", "preset": "person_single", "single_auto": true, "ts": 1783052888.378}
{"armed": false, "event": "idle_disarmed", "preset": "person_single", "single_auto": true, "ts": 1783052889.381}
{"armed": false, "event": "idle_disarmed", "preset": "person_single", "single_auto": true, "ts": 1783052889.381}
{"armed": false, "event": "idle_disarmed", "preset": "person_single", "single_auto": true, "ts": 1783052890.383}
{"armed": false, "event": "idle_disarmed", "preset": "person_single", "single_auto": true, "ts": 1783052890.383}
{"armed": false, "event": "idle_disarmed", "preset": "person_single", "single_auto": true, "ts": 1783052891.386}
{"armed": false, "event": "idle_disarmed", "preset": "person_single", "single_auto": true, "ts": 1783052891.386}
{"armed": false, "event": "idle_disarmed", "preset": "person_single", "single_auto": true, "ts": 1783052892.388}
{"armed": false, "event": "idle_disarmed", "preset": "person_single", "single_auto": true, "ts": 1783052892.388}
{"armed": false, "event": "idle_disarmed", "preset": "person_single", "single_auto": true, "ts": 1783052893.391}
{"armed": false, "event": "idle_disarmed", "preset": "person_single", "single_auto": true, "ts": 1783052893.391}
{"armed": false, "event": "idle_disarmed", "preset": "person_single", "single_auto": true, "ts": 1783052894.393}
{"armed": false, "event": "idle_disarmed", "preset": "person_single", "single_auto": true, "ts": 1783052894.393}
{"armed": false, "event": "idle_disarmed", "preset": "person_single", "single_auto": true, "ts": 1783052895.396}
{"armed": false, "event": "idle_disarmed", "preset": "person_single", "single_auto": true, "ts": 1783052895.396}
{"armed": false, "event": "idle_disarmed", "preset": "person_single", "single_auto": true, "ts": 1783052896.4}
{"armed": false, "event": "idle_disarmed", "preset": "person_single", "single_auto": true, "ts": 1783052896.4}
{"armed": false, "event": "idle_disarmed", "preset": "person_single", "single_auto": true, "ts": 1783052897.402}
{"armed": false, "event": "idle_disarmed", "preset": "person_single", "single_auto": true, "ts": 1783052897.402}
{"armed": false, "event": "idle_disarmed", "preset": "person_single", "single_auto": true, "ts": 1783052898.405}
{"armed": false, "event": "idle_disarmed", "preset": "person_single", "single_auto": true, "ts": 1783052898.405}
{"armed": false, "event": "idle_disarmed", "preset": "person_single", "single_auto": true, "ts": 1783052899.407}
{"armed": false, "event": "idle_disarmed", "preset": "person_single", "single_auto": true, "ts": 1783052899.407}
{"armed": false, "event": "idle_disarmed", "preset": "person_single", "single_auto": true, "ts": 1783052900.41}
{"armed": false, "event": "idle_disarmed", "preset": "person_single", "single_auto": true, "ts": 1783052900.41}
{"armed": false, "event": "idle_disarmed", "preset": "person_single", "single_auto": true, "ts": 1783052901.413}
{"armed": false, "event": "idle_disarmed", "preset": "person_single", "single_auto": true, "ts": 1783052901.413}
{"armed": false, "event": "idle_disarmed", "preset": "person_single", "single_auto": true, "ts": 1783052902.416}
{"armed": false, "event": "idle_disarmed", "preset": "person_single", "single_auto": true, "ts": 1783052902.416}
{"armed": false, "event": "idle_disarmed", "preset": "person_single", "single_auto": true, "ts": 1783052903.42}
{"armed": false, "event": "idle_disarmed", "preset": "person_single", "single_auto": true, "ts": 1783052903.42}
{"armed": false, "event": "idle_disarmed", "preset": "person_single", "single_auto": true, "ts": 1783052904.423}
{"armed": false, "event": "idle_disarmed", "preset": "person_single", "single_auto": true, "ts": 1783052904.423}
{"armed": false, "event": "idle_disarmed", "preset": "person_single", "single_auto": true, "ts": 1783052905.426}
{"armed": false, "event": "idle_disarmed", "preset": "person_single", "single_auto": true, "ts": 1783052905.426}
{"armed": false, "event": "idle_disarmed", "preset": "person_single", "single_auto": true, "ts": 1783052906.429}
{"armed": false, "event": "idle_disarmed", "preset": "person_single", "single_auto": true, "ts": 1783052906.429}
{"armed": false, "event": "idle_disarmed", "preset": "person_single", "single_auto": true, "ts": 1783052907.433}
{"armed": false, "event": "idle_disarmed", "preset": "person_single", "single_auto": true, "ts": 1783052907.433}
{"armed": false, "event": "idle_disarmed", "preset": "person_single", "single_auto": true, "ts": 1783052908.436}
{"armed": false, "event": "idle_disarmed", "preset": "person_single", "single_auto": true, "ts": 1783052908.436}
{"armed": false, "event": "idle_disarmed", "preset": "person_single", "single_auto": true, "ts": 1783052909.439}
{"armed": false, "event": "idle_disarmed", "preset": "person_single", "single_auto": true, "ts": 1783052909.439}
{"armed": false, "event": "idle_disarmed", "preset": "person_single", "single_auto": true, "ts": 1783052910.441}
{"armed": false, "event": "idle_disarmed", "preset": "person_single", "single_auto": true, "ts": 1783052910.441}
{"armed": false, "event": "idle_disarmed", "preset": "person_single", "single_auto": true, "ts": 1783052911.444}
{"armed": false, "event": "idle_disarmed", "preset": "person_single", "single_auto": true, "ts": 1783052911.444}
{"armed": false, "event": "idle_disarmed", "preset": "person_single", "single_auto": true, "ts": 1783052912.446}
{"armed": false, "event": "idle_disarmed", "preset": "person_single", "single_auto": true, "ts": 1783052912.446}
{"armed": false, "event": "idle_disarmed", "preset": "person_single", "single_auto": true, "ts": 1783052913.449}
{"armed": false, "event": "idle_disarmed", "preset": "person_single", "single_auto": true, "ts": 1783052913.449}
{"armed": false, "event": "idle_disarmed", "preset": "person_single", "single_auto": true, "ts": 1783052914.451}
{"armed": false, "event": "idle_disarmed", "preset": "person_single", "single_auto": true, "ts": 1783052914.451}
{"armed": false, "event": "idle_disarmed", "preset": "person_single", "single_auto": true, "ts": 1783052915.454}
{"armed": false, "event": "idle_disarmed", "preset": "person_single", "single_auto": true, "ts": 1783052915.454}
{"armed": false, "event": "idle_disarmed", "preset": "person_single", "single_auto": true, "ts": 1783052916.456}
{"armed": false, "event": "idle_disarmed", "preset": "person_single", "single_auto": true, "ts": 1783052916.456}
{"armed": false, "event": "idle_disarmed", "preset": "person_single", "single_auto": true, "ts": 1783052917.459}
{"armed": false, "event": "idle_disarmed", "preset": "person_single", "single_auto": true, "ts": 1783052917.459}
{"armed": false, "event": "idle_disarmed", "preset": "person_single", "single_auto": true, "ts": 1783052918.461}
{"armed": false, "event": "idle_disarmed", "preset": "person_single", "single_auto": true, "ts": 1783052918.461}
{"armed": false, "event": "idle_disarmed", "preset": "person_single", "single_auto": true, "ts": 1783052919.464}
{"armed": false, "event": "idle_disarmed", "preset": "person_single", "single_auto": true, "ts": 1783052919.464}
{"armed": false, "event": "idle_disarmed", "preset": "person_single", "single_auto": true, "ts": 1783052920.466}
{"armed": false, "event": "idle_disarmed", "preset": "person_single", "single_auto": true, "ts": 1783052920.466}
{"armed": false, "event": "idle_disarmed", "preset": "person_single", "single_auto": true, "ts": 1783052921.469}
{"armed": false, "event": "idle_disarmed", "preset": "person_single", "single_auto": true, "ts": 1783052921.469}
{"armed": false, "event": "idle_disarmed", "preset": "person_single", "single_auto": true, "ts": 1783052922.471}
{"armed": false, "event": "idle_disarmed", "preset": "person_single", "single_auto": true, "ts": 1783052922.471}
{"armed": false, "event": "idle_disarmed", "preset": "person_single", "single_auto": true, "ts": 1783052923.474}
{"armed": false, "event": "idle_disarmed", "preset": "person_single", "single_auto": true, "ts": 1783052923.474}
{"armed": false, "event": "idle_disarmed", "preset": "person_single", "single_auto": true, "ts": 1783052924.477}
{"armed": false, "event": "idle_disarmed", "preset": "person_single", "single_auto": true, "ts": 1783052924.477}
{"armed": false, "event": "idle_disarmed", "preset": "person_single", "single_auto": true, "ts": 1783052925.479}
{"armed": false, "event": "idle_disarmed", "preset": "person_single", "single_auto": true, "ts": 1783052925.479}
{"armed": false, "event": "idle_disarmed", "preset": "person_single", "single_auto": true, "ts": 1783052926.482}
{"armed": false, "event": "idle_disarmed", "preset": "person_single", "single_auto": true, "ts": 1783052926.482}
{"armed": false, "event": "idle_disarmed", "preset": "person_single", "single_auto": true, "ts": 1783052927.484}
{"armed": false, "event": "idle_disarmed", "preset": "person_single", "single_auto": true, "ts": 1783052927.484}
{"armed": false, "event": "idle_disarmed", "preset": "person_single", "single_auto": true, "ts": 1783052928.487}
{"armed": false, "event": "idle_disarmed", "preset": "person_single", "single_auto": true, "ts": 1783052928.487}
{"armed": false, "event": "idle_disarmed", "preset": "person_single", "single_auto": true, "ts": 1783052929.489}
{"armed": false, "event": "idle_disarmed", "preset": "person_single", "single_auto": true, "ts": 1783052929.489}
{"armed": false, "event": "idle_disarmed", "preset": "person_single", "single_auto": true, "ts": 1783052930.492}
{"armed": false, "event": "idle_disarmed", "preset": "person_single", "single_auto": true, "ts": 1783052930.492}
{"armed": false, "event": "idle_disarmed", "preset": "person_single", "single_auto": true, "ts": 1783052931.495}
{"armed": false, "event": "idle_disarmed", "preset": "person_single", "single_auto": true, "ts": 1783052931.495}
{"armed": false, "event": "idle_disarmed", "preset": "person_single", "single_auto": true, "ts": 1783052932.497}
{"armed": false, "event": "idle_disarmed", "preset": "person_single", "single_auto": true, "ts": 1783052932.497}
{"armed": false, "event": "idle_disarmed", "preset": "person_single", "single_auto": true, "ts": 1783052933.5}
{"armed": false, "event": "idle_disarmed", "preset": "person_single", "single_auto": true, "ts": 1783052933.5}
{"armed": false, "event": "idle_disarmed", "preset": "person_single", "single_auto": true, "ts": 1783052934.502}
{"armed": false, "event": "idle_disarmed", "preset": "person_single", "single_auto": true, "ts": 1783052934.502}
{"armed": false, "event": "idle_disarmed", "preset": "person_single", "single_auto": true, "ts": 1783052935.505}
{"armed": false, "event": "idle_disarmed", "preset": "person_single", "single_auto": true, "ts": 1783052935.505}
{"armed": false, "event": "idle_disarmed", "preset": "person_single", "single_auto": true, "ts": 1783052936.507}
{"armed": false, "event": "idle_disarmed", "preset": "person_single", "single_auto": true, "ts": 1783052936.507}
{"armed": false, "event": "idle_disarmed", "preset": "person_single", "single_auto": true, "ts": 1783052937.51}
{"armed": false, "event": "idle_disarmed", "preset": "person_single", "single_auto": true, "ts": 1783052937.51}
{"armed": false, "event": "idle_disarmed", "preset": "person_single", "single_auto": true, "ts": 1783052938.513}
{"armed": false, "event": "idle_disarmed", "preset": "person_single", "single_auto": true, "ts": 1783052938.513}
{"armed": false, "event": "idle_disarmed", "preset": "person_single", "single_auto": true, "ts": 1783052939.515}
{"armed": false, "event": "idle_disarmed", "preset": "person_single", "single_auto": true, "ts": 1783052939.515}
{"armed": false, "event": "idle_disarmed", "preset": "person_single", "single_auto": true, "ts": 1783052940.518}
{"armed": false, "event": "idle_disarmed", "preset": "person_single", "single_auto": true, "ts": 1783052940.518}
{"armed": false, "event": "idle_disarmed", "preset": "person_single", "single_auto": true, "ts": 1783052941.52}
{"armed": false, "event": "idle_disarmed", "preset": "person_single", "single_auto": true, "ts": 1783052941.52}
{"armed": false, "event": "idle_disarmed", "preset": "person_single", "single_auto": true, "ts": 1783052942.523}
{"armed": false, "event": "idle_disarmed", "preset": "person_single", "single_auto": true, "ts": 1783052942.523}
{"armed": false, "event": "idle_disarmed", "preset": "person_single", "single_auto": true, "ts": 1783052943.525}
{"armed": false, "event": "idle_disarmed", "preset": "person_single", "single_auto": true, "ts": 1783052943.525}
{"armed": false, "event": "idle_disarmed", "preset": "person_single", "single_auto": true, "ts": 1783052944.528}
{"armed": false, "event": "idle_disarmed", "preset": "person_single", "single_auto": true, "ts": 1783052944.528}
{"armed": false, "event": "idle_disarmed", "preset": "person_single", "single_auto": true, "ts": 1783052945.53}
{"armed": false, "event": "idle_disarmed", "preset": "person_single", "single_auto": true, "ts": 1783052945.53}
{"armed": false, "event": "idle_disarmed", "preset": "person_single", "single_auto": true, "ts": 1783052946.533}
{"armed": false, "event": "idle_disarmed", "preset": "person_single", "single_auto": true, "ts": 1783052946.533}
{"armed": false, "event": "idle_disarmed", "preset": "person_single", "single_auto": true, "ts": 1783052947.535}
{"armed": false, "event": "idle_disarmed", "preset": "person_single", "single_auto": true, "ts": 1783052947.535}
{"armed": false, "event": "idle_disarmed", "preset": "person_single", "single_auto": true, "ts": 1783052948.538}
{"armed": false, "event": "idle_disarmed", "preset": "person_single", "single_auto": true, "ts": 1783052948.538}
{"armed": false, "event": "idle_disarmed", "preset": "person_single", "single_auto": true, "ts": 1783052949.541}
{"armed": false, "event": "idle_disarmed", "preset": "person_single", "single_auto": true, "ts": 1783052949.541}
{"armed": false, "event": "idle_disarmed", "preset": "person_single", "single_auto": true, "ts": 1783052950.543}
{"armed": false, "event": "idle_disarmed", "preset": "person_single", "single_auto": true, "ts": 1783052950.543}
{"armed": false, "event": "idle_disarmed", "preset": "person_single", "single_auto": true, "ts": 1783052951.546}
{"armed": false, "event": "idle_disarmed", "preset": "person_single", "single_auto": true, "ts": 1783052951.546}
{"armed": false, "event": "idle_disarmed", "preset": "person_single", "single_auto": true, "ts": 1783052952.548}
{"armed": false, "event": "idle_disarmed", "preset": "person_single", "single_auto": true, "ts": 1783052952.548}
{"armed": false, "event": "idle_disarmed", "preset": "person_single", "single_auto": true, "ts": 1783052953.551}
{"armed": false, "event": "idle_disarmed", "preset": "person_single", "single_auto": true, "ts": 1783052953.551}
{"armed": false, "event": "idle_disarmed", "preset": "person_single", "single_auto": true, "ts": 1783052954.554}
{"armed": false, "event": "idle_disarmed", "preset": "person_single", "single_auto": true, "ts": 1783052954.554}
{"armed": false, "event": "idle_disarmed", "preset": "person_single", "single_auto": true, "ts": 1783052955.556}
{"armed": false, "event": "idle_disarmed", "preset": "person_single", "single_auto": true, "ts": 1783052955.556}
{"armed": false, "event": "idle_disarmed", "preset": "person_single", "single_auto": true, "ts": 1783052956.559}
{"armed": false, "event": "idle_disarmed", "preset": "person_single", "single_auto": true, "ts": 1783052956.559}
{"armed": false, "event": "idle_disarmed", "preset": "person_single", "single_auto": true, "ts": 1783052957.562}
{"armed": false, "event": "idle_disarmed", "preset": "person_single", "single_auto": true, "ts": 1783052957.562}
{"armed": false, "event": "idle_disarmed", "preset": "person_single", "single_auto": true, "ts": 1783052958.564}
{"armed": false, "event": "idle_disarmed", "preset": "person_single", "single_auto": true, "ts": 1783052958.564}
{"armed": false, "event": "idle_disarmed", "preset": "person_single", "single_auto": true, "ts": 1783052959.566}
{"armed": false, "event": "idle_disarmed", "preset": "person_single", "single_auto": true, "ts": 1783052959.566}
{"armed": false, "event": "idle_disarmed", "preset": "person_single", "single_auto": true, "ts": 1783052960.569}
{"armed": false, "event": "idle_disarmed", "preset": "person_single", "single_auto": true, "ts": 1783052960.569}
{"armed": false, "event": "idle_disarmed", "preset": "person_single", "single_auto": true, "ts": 1783052961.571}
{"armed": false, "event": "idle_disarmed", "preset": "person_single", "single_auto": true, "ts": 1783052961.571}
{"armed": false, "event": "idle_disarmed", "preset": "person_single", "single_auto": true, "ts": 1783052962.574}
{"armed": false, "event": "idle_disarmed", "preset": "person_single", "single_auto": true, "ts": 1783052962.574}
{"armed": false, "event": "idle_disarmed", "preset": "person_single", "single_auto": true, "ts": 1783052963.576}
{"armed": false, "event": "idle_disarmed", "preset": "person_single", "single_auto": true, "ts": 1783052963.576}
{"armed": false, "event": "idle_disarmed", "preset": "person_single", "single_auto": true, "ts": 1783052964.579}
{"armed": false, "event": "idle_disarmed", "preset": "person_single", "single_auto": true, "ts": 1783052964.579}
{"armed": false, "event": "idle_disarmed", "preset": "person_single", "single_auto": true, "ts": 1783052965.581}
{"armed": false, "event": "idle_disarmed", "preset": "person_single", "single_auto": true, "ts": 1783052965.581}
{"armed": false, "event": "idle_disarmed", "preset": "person_single", "single_auto": true, "ts": 1783052966.584}
{"armed": false, "event": "idle_disarmed", "preset": "person_single", "single_auto": true, "ts": 1783052966.584}
{"armed": false, "event": "idle_disarmed", "preset": "person_single", "single_auto": true, "ts": 1783052967.586}
{"armed": false, "event": "idle_disarmed", "preset": "person_single", "single_auto": true, "ts": 1783052967.586}
{"armed": false, "event": "idle_disarmed", "preset": "person_single", "single_auto": true, "ts": 1783052968.589}
{"armed": false, "event": "idle_disarmed", "preset": "person_single", "single_auto": true, "ts": 1783052968.589}
{"armed": false, "event": "idle_disarmed", "preset": "person_single", "single_auto": true, "ts": 1783052969.591}
{"armed": false, "event": "idle_disarmed", "preset": "person_single", "single_auto": true, "ts": 1783052969.591}
{"armed": false, "event": "idle_disarmed", "preset": "person_single", "single_auto": true, "ts": 1783052970.594}
{"armed": false, "event": "idle_disarmed", "preset": "person_single", "single_auto": true, "ts": 1783052970.594}
{"armed": false, "event": "idle_disarmed", "preset": "person_single", "single_auto": true, "ts": 1783052971.596}
{"armed": false, "event": "idle_disarmed", "preset": "person_single", "single_auto": true, "ts": 1783052971.596}
{"armed": false, "event": "idle_disarmed", "preset": "person_single", "single_auto": true, "ts": 1783052972.599}
{"armed": false, "event": "idle_disarmed", "preset": "person_single", "single_auto": true, "ts": 1783052972.599}
{"armed": false, "event": "idle_disarmed", "preset": "person_single", "single_auto": true, "ts": 1783052973.601}
{"armed": false, "event": "idle_disarmed", "preset": "person_single", "single_auto": true, "ts": 1783052973.601}
{"armed": false, "event": "idle_disarmed", "preset": "person_single", "single_auto": true, "ts": 1783052974.604}
{"armed": false, "event": "idle_disarmed", "preset": "person_single", "single_auto": true, "ts": 1783052974.604}
{"armed": false, "event": "idle_disarmed", "preset": "person_single", "single_auto": true, "ts": 1783052975.606}
{"armed": false, "event": "idle_disarmed", "preset": "person_single", "single_auto": true, "ts": 1783052975.606}
{"armed": false, "event": "idle_disarmed", "preset": "person_single", "single_auto": true, "ts": 1783052976.609}
{"armed": false, "event": "idle_disarmed", "preset": "person_single", "single_auto": true, "ts": 1783052976.609}
{"armed": false, "event": "idle_disarmed", "preset": "person_single", "single_auto": true, "ts": 1783052977.612}
{"armed": false, "event": "idle_disarmed", "preset": "person_single", "single_auto": true, "ts": 1783052977.612}
{"armed": false, "event": "idle_disarmed", "preset": "person_single", "single_auto": true, "ts": 1783052978.614}
{"armed": false, "event": "idle_disarmed", "preset": "person_single", "single_auto": true, "ts": 1783052978.614}
{"armed": false, "event": "idle_disarmed", "preset": "person_single", "single_auto": true, "ts": 1783052979.616}
{"armed": false, "event": "idle_disarmed", "preset": "person_single", "single_auto": true, "ts": 1783052979.616}
{"armed": false, "event": "idle_disarmed", "preset": "person_single", "single_auto": true, "ts": 1783052980.618}
{"armed": false, "event": "idle_disarmed", "preset": "person_single", "single_auto": true, "ts": 1783052980.618}
{"armed": false, "event": "idle_disarmed", "preset": "person_single", "single_auto": true, "ts": 1783052981.621}
{"armed": false, "event": "idle_disarmed", "preset": "person_single", "single_auto": true, "ts": 1783052981.621}
{"armed": false, "event": "idle_disarmed", "preset": "person_single", "single_auto": true, "ts": 1783052982.623}
{"armed": false, "event": "idle_disarmed", "preset": "person_single", "single_auto": true, "ts": 1783052982.623}
{"armed": false, "event": "idle_disarmed", "preset": "person_single", "single_auto": true, "ts": 1783052983.625}
{"armed": false, "event": "idle_disarmed", "preset": "person_single", "single_auto": true, "ts": 1783052983.625}
{"armed": false, "event": "idle_disarmed", "preset": "person_single", "single_auto": true, "ts": 1783052984.627}
{"armed": false, "event": "idle_disarmed", "preset": "person_single", "single_auto": true, "ts": 1783052984.627}
{"armed": false, "event": "idle_disarmed", "preset": "person_single", "single_auto": true, "ts": 1783052985.63}
{"armed": false, "event": "idle_disarmed", "preset": "person_single", "single_auto": true, "ts": 1783052985.63}
{"armed": false, "event": "idle_disarmed", "preset": "person_single", "single_auto": true, "ts": 1783052986.633}
{"armed": false, "event": "idle_disarmed", "preset": "person_single", "single_auto": true, "ts": 1783052986.633}
{"armed": false, "event": "idle_disarmed", "preset": "person_single", "single_auto": true, "ts": 1783052987.635}
{"armed": false, "event": "idle_disarmed", "preset": "person_single", "single_auto": true, "ts": 1783052987.635}
{"armed": false, "event": "idle_disarmed", "preset": "person_single", "single_auto": true, "ts": 1783052988.638}
{"armed": false, "event": "idle_disarmed", "preset": "person_single", "single_auto": true, "ts": 1783052988.638}
{"armed": false, "event": "idle_disarmed", "preset": "person_single", "single_auto": true, "ts": 1783052989.64}
{"armed": false, "event": "idle_disarmed", "preset": "person_single", "single_auto": true, "ts": 1783052989.64}
{"armed": false, "event": "idle_disarmed", "preset": "person_single", "single_auto": true, "ts": 1783052990.643}
{"armed": false, "event": "idle_disarmed", "preset": "person_single", "single_auto": true, "ts": 1783052990.643}
{"armed": false, "event": "idle_disarmed", "preset": "person_single", "single_auto": true, "ts": 1783052991.645}
{"armed": false, "event": "idle_disarmed", "preset": "person_single", "single_auto": true, "ts": 1783052991.645}
{"armed": false, "event": "idle_disarmed", "preset": "person_single", "single_auto": true, "ts": 1783052992.648}
{"armed": false, "event": "idle_disarmed", "preset": "person_single", "single_auto": true, "ts": 1783052992.648}
{"armed": false, "event": "idle_disarmed", "preset": "person_single", "single_auto": true, "ts": 1783052993.65}
{"armed": false, "event": "idle_disarmed", "preset": "person_single", "single_auto": true, "ts": 1783052993.65}
{"armed": false, "event": "idle_disarmed", "preset": "person_single", "single_auto": true, "ts": 1783052994.653}
{"armed": false, "event": "idle_disarmed", "preset": "person_single", "single_auto": true, "ts": 1783052994.653}
{"armed": false, "event": "idle_disarmed", "preset": "person_single", "single_auto": true, "ts": 1783052995.656}
{"armed": false, "event": "idle_disarmed", "preset": "person_single", "single_auto": true, "ts": 1783052995.656}
{"armed": false, "event": "idle_disarmed", "preset": "person_single", "single_auto": true, "ts": 1783052996.658}
{"armed": false, "event": "idle_disarmed", "preset": "person_single", "single_auto": true, "ts": 1783052996.658}
{"armed": false, "event": "idle_disarmed", "preset": "person_single", "single_auto": true, "ts": 1783052997.661}
{"armed": false, "event": "idle_disarmed", "preset": "person_single", "single_auto": true, "ts": 1783052997.661}
{"armed": false, "event": "idle_disarmed", "preset": "person_single", "single_auto": true, "ts": 1783052998.663}
{"armed": false, "event": "idle_disarmed", "preset": "person_single", "single_auto": true, "ts": 1783052998.663}
{"armed": false, "event": "idle_disarmed", "preset": "person_single", "single_auto": true, "ts": 1783052999.667}
{"armed": false, "event": "idle_disarmed", "preset": "person_single", "single_auto": true, "ts": 1783052999.667}
{"armed": false, "event": "idle_disarmed", "preset": "person_single", "single_auto": true, "ts": 1783053000.67}
{"armed": false, "event": "idle_disarmed", "preset": "person_single", "single_auto": true, "ts": 1783053000.67}
{"armed": false, "event": "idle_disarmed", "preset": "person_single", "single_auto": true, "ts": 1783053001.673}
{"armed": false, "event": "idle_disarmed", "preset": "person_single", "single_auto": true, "ts": 1783053001.673}
{"armed": false, "event": "idle_disarmed", "preset": "person_single", "single_auto": true, "ts": 1783053002.676}
{"armed": false, "event": "idle_disarmed", "preset": "person_single", "single_auto": true, "ts": 1783053002.676}
{"armed": false, "event": "idle_disarmed", "preset": "person_single", "single_auto": true, "ts": 1783053003.68}
{"armed": false, "event": "idle_disarmed", "preset": "person_single", "single_auto": true, "ts": 1783053003.68}
{"armed": false, "event": "idle_disarmed", "preset": "person_single", "single_auto": true, "ts": 1783053004.683}
{"armed": false, "event": "idle_disarmed", "preset": "person_single", "single_auto": true, "ts": 1783053004.683}
{"armed": false, "event": "idle_disarmed", "preset": "person_single", "single_auto": true, "ts": 1783053005.686}
{"armed": false, "event": "idle_disarmed", "preset": "person_single", "single_auto": true, "ts": 1783053005.686}
{"armed": false, "event": "idle_disarmed", "preset": "person_single", "single_auto": true, "ts": 1783053006.689}
{"armed": false, "event": "idle_disarmed", "preset": "person_single", "single_auto": true, "ts": 1783053006.689}
{"armed": false, "event": "idle_disarmed", "preset": "person_single", "single_auto": true, "ts": 1783053007.693}
{"armed": false, "event": "idle_disarmed", "preset": "person_single", "single_auto": true, "ts": 1783053007.693}
{"armed": false, "event": "idle_disarmed", "preset": "person_single", "single_auto": true, "ts": 1783053008.696}
{"armed": false, "event": "idle_disarmed", "preset": "person_single", "single_auto": true, "ts": 1783053008.696}
{"armed": false, "event": "idle_disarmed", "preset": "person_single", "single_auto": true, "ts": 1783053009.699}
{"armed": false, "event": "idle_disarmed", "preset": "person_single", "single_auto": true, "ts": 1783053009.699}
{"armed": false, "event": "idle_disarmed", "preset": "person_single", "single_auto": true, "ts": 1783053010.702}
{"armed": false, "event": "idle_disarmed", "preset": "person_single", "single_auto": true, "ts": 1783053010.702}
{"armed": false, "event": "idle_disarmed", "preset": "person_single", "single_auto": true, "ts": 1783053011.706}
{"armed": false, "event": "idle_disarmed", "preset": "person_single", "single_auto": true, "ts": 1783053011.706}
{"armed": false, "event": "idle_disarmed", "preset": "person_single", "single_auto": true, "ts": 1783053012.707}
{"armed": false, "event": "idle_disarmed", "preset": "person_single", "single_auto": true, "ts": 1783053012.707}
{"armed": false, "event": "idle_disarmed", "preset": "person_single", "single_auto": true, "ts": 1783053013.708}
{"armed": false, "event": "idle_disarmed", "preset": "person_single", "single_auto": true, "ts": 1783053013.708}
{"armed": false, "event": "idle_disarmed", "preset": "person_single", "single_auto": true, "ts": 1783053014.711}
{"armed": false, "event": "idle_disarmed", "preset": "person_single", "single_auto": true, "ts": 1783053014.711}
{"armed": false, "event": "idle_disarmed", "preset": "person_single", "single_auto": true, "ts": 1783053015.714}
{"armed": false, "event": "idle_disarmed", "preset": "person_single", "single_auto": true, "ts": 1783053015.714}
{"armed": false, "event": "idle_disarmed", "preset": "person_single", "single_auto": true, "ts": 1783053016.717}
{"armed": false, "event": "idle_disarmed", "preset": "person_single", "single_auto": true, "ts": 1783053016.717}
{"armed": false, "event": "idle_disarmed", "preset": "person_single", "single_auto": true, "ts": 1783053017.72}
{"armed": false, "event": "idle_disarmed", "preset": "person_single", "single_auto": true, "ts": 1783053017.72}
{"armed": false, "event": "idle_disarmed", "preset": "person_single", "single_auto": true, "ts": 1783053018.722}
{"armed": false, "event": "idle_disarmed", "preset": "person_single", "single_auto": true, "ts": 1783053018.722}
{"armed": false, "event": "idle_disarmed", "preset": "person_single", "single_auto": true, "ts": 1783053019.725}
{"armed": false, "event": "idle_disarmed", "preset": "person_single", "single_auto": true, "ts": 1783053019.725}
{"armed": false, "event": "idle_disarmed", "preset": "person_single", "single_auto": true, "ts": 1783053020.727}
{"armed": false, "event": "idle_disarmed", "preset": "person_single", "single_auto": true, "ts": 1783053020.727}
{"armed": false, "event": "idle_disarmed", "preset": "person_single", "single_auto": true, "ts": 1783053021.73}
{"armed": false, "event": "idle_disarmed", "preset": "person_single", "single_auto": true, "ts": 1783053021.73}
{"armed": false, "event": "idle_disarmed", "preset": "person_single", "single_auto": true, "ts": 1783053022.733}
{"armed": false, "event": "idle_disarmed", "preset": "person_single", "single_auto": true, "ts": 1783053022.733}
{"armed": false, "event": "idle_disarmed", "preset": "person_single", "single_auto": true, "ts": 1783053023.736}
{"armed": false, "event": "idle_disarmed", "preset": "person_single", "single_auto": true, "ts": 1783053023.736}
{"armed": false, "event": "idle_disarmed", "preset": "person_single", "single_auto": true, "ts": 1783053024.739}
{"armed": false, "event": "idle_disarmed", "preset": "person_single", "single_auto": true, "ts": 1783053024.739}
{"armed": false, "event": "idle_disarmed", "preset": "person_single", "single_auto": true, "ts": 1783053025.743}
{"armed": false, "event": "idle_disarmed", "preset": "person_single", "single_auto": true, "ts": 1783053025.743}
{"armed": false, "event": "idle_disarmed", "preset": "person_single", "single_auto": true, "ts": 1783053026.746}
{"armed": false, "event": "idle_disarmed", "preset": "person_single", "single_auto": true, "ts": 1783053026.746}
{"armed": false, "event": "idle_disarmed", "preset": "person_single", "single_auto": true, "ts": 1783053027.749}
{"armed": false, "event": "idle_disarmed", "preset": "person_single", "single_auto": true, "ts": 1783053027.749}
{"armed": false, "event": "idle_disarmed", "preset": "person_single", "single_auto": true, "ts": 1783053028.752}
{"armed": false, "event": "idle_disarmed", "preset": "person_single", "single_auto": true, "ts": 1783053028.752}
{"armed": false, "event": "idle_disarmed", "preset": "person_single", "single_auto": true, "ts": 1783053029.756}
{"armed": false, "event": "idle_disarmed", "preset": "person_single", "single_auto": true, "ts": 1783053029.756}
{"armed": false, "event": "idle_disarmed", "preset": "person_single", "single_auto": true, "ts": 1783053030.759}
{"armed": false, "event": "idle_disarmed", "preset": "person_single", "single_auto": true, "ts": 1783053030.759}
{"armed": false, "event": "idle_disarmed", "preset": "person_single", "single_auto": true, "ts": 1783053031.762}
{"armed": false, "event": "idle_disarmed", "preset": "person_single", "single_auto": true, "ts": 1783053031.762}
{"armed": false, "event": "idle_disarmed", "preset": "person_single", "single_auto": true, "ts": 1783053032.765}
{"armed": false, "event": "idle_disarmed", "preset": "person_single", "single_auto": true, "ts": 1783053032.765}
{"armed": false, "event": "idle_disarmed", "preset": "person_single", "single_auto": true, "ts": 1783053033.769}
{"armed": false, "event": "idle_disarmed", "preset": "person_single", "single_auto": true, "ts": 1783053033.769}
{"armed": false, "event": "idle_disarmed", "preset": "person_single", "single_auto": true, "ts": 1783053034.772}
{"armed": false, "event": "idle_disarmed", "preset": "person_single", "single_auto": true, "ts": 1783053034.772}
{"armed": false, "event": "idle_disarmed", "preset": "person_single", "single_auto": true, "ts": 1783053035.775}
{"armed": false, "event": "idle_disarmed", "preset": "person_single", "single_auto": true, "ts": 1783053035.775}
{"armed": false, "event": "idle_disarmed", "preset": "person_single", "single_auto": true, "ts": 1783053036.778}
{"armed": false, "event": "idle_disarmed", "preset": "person_single", "single_auto": true, "ts": 1783053036.778}
{"armed": false, "event": "idle_disarmed", "preset": "person_single", "single_auto": true, "ts": 1783053037.78}
{"armed": false, "event": "idle_disarmed", "preset": "person_single", "single_auto": true, "ts": 1783053037.78}
{"armed": false, "event": "idle_disarmed", "preset": "person_single", "single_auto": true, "ts": 1783053038.781}
{"armed": false, "event": "idle_disarmed", "preset": "person_single", "single_auto": true, "ts": 1783053038.781}
{"armed": false, "event": "idle_disarmed", "preset": "person_single", "single_auto": true, "ts": 1783053039.784}
{"armed": false, "event": "idle_disarmed", "preset": "person_single", "single_auto": true, "ts": 1783053039.784}
{"armed": false, "event": "idle_disarmed", "preset": "person_single", "single_auto": true, "ts": 1783053040.787}
{"armed": false, "event": "idle_disarmed", "preset": "person_single", "single_auto": true, "ts": 1783053040.787}
{"armed": false, "event": "idle_disarmed", "preset": "person_single", "single_auto": true, "ts": 1783053041.79}
{"armed": false, "event": "idle_disarmed", "preset": "person_single", "single_auto": true, "ts": 1783053041.79}
{"armed": false, "event": "idle_disarmed", "preset": "person_single", "single_auto": true, "ts": 1783053042.793}
{"armed": false, "event": "idle_disarmed", "preset": "person_single", "single_auto": true, "ts": 1783053042.793}
{"armed": false, "event": "idle_disarmed", "preset": "person_single", "single_auto": true, "ts": 1783053043.797}
{"armed": false, "event": "idle_disarmed", "preset": "person_single", "single_auto": true, "ts": 1783053043.797}
{"armed": false, "event": "idle_disarmed", "preset": "person_single", "single_auto": true, "ts": 1783053044.8}
{"armed": false, "event": "idle_disarmed", "preset": "person_single", "single_auto": true, "ts": 1783053044.8}
{"armed": false, "event": "idle_disarmed", "preset": "person_single", "single_auto": true, "ts": 1783053045.803}
{"armed": false, "event": "idle_disarmed", "preset": "person_single", "single_auto": true, "ts": 1783053045.803}
{"armed": false, "event": "idle_disarmed", "preset": "person_single", "single_auto": true, "ts": 1783053046.805}
{"armed": false, "event": "idle_disarmed", "preset": "person_single", "single_auto": true, "ts": 1783053046.805}
{"armed": false, "event": "idle_disarmed", "preset": "person_single", "single_auto": true, "ts": 1783053047.808}
{"armed": false, "event": "idle_disarmed", "preset": "person_single", "single_auto": true, "ts": 1783053047.808}
{"armed": false, "event": "idle_disarmed", "preset": "person_single", "single_auto": true, "ts": 1783053048.81}
{"armed": false, "event": "idle_disarmed", "preset": "person_single", "single_auto": true, "ts": 1783053048.81}
{"armed": false, "event": "idle_disarmed", "preset": "person_single", "single_auto": true, "ts": 1783053049.813}
{"armed": false, "event": "idle_disarmed", "preset": "person_single", "single_auto": true, "ts": 1783053049.813}
{"armed": false, "event": "idle_disarmed", "preset": "person_single", "single_auto": true, "ts": 1783053050.816}
{"armed": false, "event": "idle_disarmed", "preset": "person_single", "single_auto": true, "ts": 1783053050.816}
{"armed": false, "event": "idle_disarmed", "preset": "person_single", "single_auto": true, "ts": 1783053051.819}
{"armed": false, "event": "idle_disarmed", "preset": "person_single", "single_auto": true, "ts": 1783053051.819}
{"armed": false, "event": "idle_disarmed", "preset": "person_single", "single_auto": true, "ts": 1783053052.822}
{"armed": false, "event": "idle_disarmed", "preset": "person_single", "single_auto": true, "ts": 1783053052.822}
{"armed": false, "event": "idle_disarmed", "preset": "person_single", "single_auto": true, "ts": 1783053053.825}
{"armed": false, "event": "idle_disarmed", "preset": "person_single", "single_auto": true, "ts": 1783053053.825}
{"armed": false, "event": "idle_disarmed", "preset": "person_single", "single_auto": true, "ts": 1783053054.828}
{"armed": false, "event": "idle_disarmed", "preset": "person_single", "single_auto": true, "ts": 1783053054.828}
{"armed": false, "event": "idle_disarmed", "preset": "person_single", "single_auto": true, "ts": 1783053055.83}
{"armed": false, "event": "idle_disarmed", "preset": "person_single", "single_auto": true, "ts": 1783053055.83}
{"armed": false, "event": "idle_disarmed", "preset": "person_single", "single_auto": true, "ts": 1783053056.832}
{"armed": false, "event": "idle_disarmed", "preset": "person_single", "single_auto": true, "ts": 1783053056.832}
{"armed": false, "event": "idle_disarmed", "preset": "person_single", "single_auto": true, "ts": 1783053057.834}
{"armed": false, "event": "idle_disarmed", "preset": "person_single", "single_auto": true, "ts": 1783053057.834}
{"armed": false, "event": "idle_disarmed", "preset": "person_single", "single_auto": true, "ts": 1783053058.837}
{"armed": false, "event": "idle_disarmed", "preset": "person_single", "single_auto": true, "ts": 1783053058.837}
{"armed": false, "event": "idle_disarmed", "preset": "person_single", "single_auto": true, "ts": 1783053059.839}
{"armed": false, "event": "idle_disarmed", "preset": "person_single", "single_auto": true, "ts": 1783053059.839}
{"armed": false, "event": "idle_disarmed", "preset": "person_single", "single_auto": true, "ts": 1783053060.842}
{"armed": false, "event": "idle_disarmed", "preset": "person_single", "single_auto": true, "ts": 1783053060.842}
{"armed": false, "event": "idle_disarmed", "preset": "person_single", "single_auto": true, "ts": 1783053061.844}
{"armed": false, "event": "idle_disarmed", "preset": "person_single", "single_auto": true, "ts": 1783053061.844}
{"armed": false, "event": "idle_disarmed", "preset": "person_single", "single_auto": true, "ts": 1783053062.847}
{"armed": false, "event": "idle_disarmed", "preset": "person_single", "single_auto": true, "ts": 1783053062.847}
{"armed": false, "event": "idle_disarmed", "preset": "person_single", "single_auto": true, "ts": 1783053063.849}
{"armed": false, "event": "idle_disarmed", "preset": "person_single", "single_auto": true, "ts": 1783053063.849}
{"armed": false, "event": "idle_disarmed", "preset": "person_single", "single_auto": true, "ts": 1783053064.852}
{"armed": false, "event": "idle_disarmed", "preset": "person_single", "single_auto": true, "ts": 1783053064.852}
{"armed": false, "event": "idle_disarmed", "preset": "person_single", "single_auto": true, "ts": 1783053065.854}
{"armed": false, "event": "idle_disarmed", "preset": "person_single", "single_auto": true, "ts": 1783053065.854}
{"armed": false, "event": "idle_disarmed", "preset": "person_single", "single_auto": true, "ts": 1783053066.857}
{"armed": false, "event": "idle_disarmed", "preset": "person_single", "single_auto": true, "ts": 1783053066.857}
{"armed": false, "event": "idle_disarmed", "preset": "person_single", "single_auto": true, "ts": 1783053067.859}
{"armed": false, "event": "idle_disarmed", "preset": "person_single", "single_auto": true, "ts": 1783053067.859}
{"armed": false, "event": "idle_disarmed", "preset": "person_single", "single_auto": true, "ts": 1783053068.862}
{"armed": false, "event": "idle_disarmed", "preset": "person_single", "single_auto": true, "ts": 1783053068.862}
{"armed": false, "event": "idle_disarmed", "preset": "person_single", "single_auto": true, "ts": 1783053069.865}
{"armed": false, "event": "idle_disarmed", "preset": "person_single", "single_auto": true, "ts": 1783053069.865}
{"armed": false, "event": "idle_disarmed", "preset": "person_single", "single_auto": true, "ts": 1783053070.867}
{"armed": false, "event": "idle_disarmed", "preset": "person_single", "single_auto": true, "ts": 1783053070.867}
{"archived": "/root/rknpu2/examples/rknn_yolov8_demo_opencv_2_work_2/new_yolo8/logs/session_20260703_043111_daemon_signal_15", "event": "logs_archived", "reason": "daemon_signal_15", "ts": 1783053071.242}
{"archived": "/root/rknpu2/examples/rknn_yolov8_demo_opencv_2_work_2/new_yolo8/logs/session_20260703_043111_daemon_signal_15", "event": "logs_archived", "reason": "daemon_signal_15", "ts": 1783053071.242}
{"event": "daemon_stop", "signal": 15, "ts": 1783053071.243}
{"event": "daemon_stop", "signal": 15, "ts": 1783053071.243}
{"event": "daemon_start", "pid": 21939, "ts": 1783053088.069}
{"event": "daemon_start", "pid": 21939, "ts": 1783053088.069}
{"armed": false, "event": "idle_disarmed", "preset": "person_single", "single_auto": true, "ts": 1783053088.07}
{"armed": false, "event": "idle_disarmed", "preset": "person_single", "single_auto": true, "ts": 1783053088.07}
{"armed": false, "event": "idle_disarmed", "preset": "person_single", "single_auto": true, "ts": 1783053089.071}
{"armed": false, "event": "idle_disarmed", "preset": "person_single", "single_auto": true, "ts": 1783053089.071}
{"armed": false, "event": "idle_disarmed", "preset": "person_single", "single_auto": true, "ts": 1783053090.072}
{"armed": false, "event": "idle_disarmed", "preset": "person_single", "single_auto": true, "ts": 1783053090.072}
{"armed": false, "event": "idle_disarmed", "preset": "person_single", "single_auto": true, "ts": 1783053091.073}
{"armed": false, "event": "idle_disarmed", "preset": "person_single", "single_auto": true, "ts": 1783053091.073}
{"armed": false, "event": "idle_disarmed", "preset": "person_single", "single_auto": true, "ts": 1783053092.075}
{"armed": false, "event": "idle_disarmed", "preset": "person_single", "single_auto": true, "ts": 1783053092.075}
{"armed": false, "event": "idle_disarmed", "preset": "person_single", "single_auto": true, "ts": 1783053093.079}
{"armed": false, "event": "idle_disarmed", "preset": "person_single", "single_auto": true, "ts": 1783053093.079}
{"armed": false, "event": "idle_disarmed", "preset": "person_single", "single_auto": true, "ts": 1783053094.08}
{"armed": false, "event": "idle_disarmed", "preset": "person_single", "single_auto": true, "ts": 1783053094.08}
{"armed": false, "event": "idle_disarmed", "preset": "person_single", "single_auto": true, "ts": 1783053095.081}
{"armed": false, "event": "idle_disarmed", "preset": "person_single", "single_auto": true, "ts": 1783053095.081}
{"armed": false, "event": "idle_disarmed", "preset": "person_single", "single_auto": true, "ts": 1783053096.082}
{"armed": false, "event": "idle_disarmed", "preset": "person_single", "single_auto": true, "ts": 1783053096.082}
{"armed": false, "event": "idle_disarmed", "preset": "person_single", "single_auto": true, "ts": 1783053097.084}
{"armed": false, "event": "idle_disarmed", "preset": "person_single", "single_auto": true, "ts": 1783053097.084}
{"armed": false, "event": "idle_disarmed", "preset": "person_single", "single_auto": true, "ts": 1783053098.087}
{"armed": false, "event": "idle_disarmed", "preset": "person_single", "single_auto": true, "ts": 1783053098.087}
{"armed": false, "event": "idle_disarmed", "preset": "person_single", "single_auto": true, "ts": 1783053099.089}
{"armed": false, "event": "idle_disarmed", "preset": "person_single", "single_auto": true, "ts": 1783053099.089}
{"armed": false, "event": "idle_disarmed", "preset": "person_single", "single_auto": true, "ts": 1783053100.092}
{"armed": false, "event": "idle_disarmed", "preset": "person_single", "single_auto": true, "ts": 1783053100.092}
{"armed": false, "event": "idle_disarmed", "preset": "person_single", "single_auto": true, "ts": 1783053101.094}
{"armed": false, "event": "idle_disarmed", "preset": "person_single", "single_auto": true, "ts": 1783053101.094}
{"armed": false, "event": "idle_disarmed", "preset": "person_single", "single_auto": true, "ts": 1783053102.097}
{"armed": false, "event": "idle_disarmed", "preset": "person_single", "single_auto": true, "ts": 1783053102.097}
{"armed": false, "event": "idle_disarmed", "preset": "person_single", "single_auto": true, "ts": 1783053103.1}
{"armed": false, "event": "idle_disarmed", "preset": "person_single", "single_auto": true, "ts": 1783053103.1}
{"armed": false, "event": "idle_disarmed", "preset": "person_single", "single_auto": true, "ts": 1783053104.103}
{"armed": false, "event": "idle_disarmed", "preset": "person_single", "single_auto": true, "ts": 1783053104.103}
{"armed": false, "event": "idle_disarmed", "preset": "person_single", "single_auto": true, "ts": 1783053105.106}
{"armed": false, "event": "idle_disarmed", "preset": "person_single", "single_auto": true, "ts": 1783053105.106}
{"armed": false, "event": "idle_disarmed", "preset": "person_single", "single_auto": true, "ts": 1783053106.108}
{"armed": false, "event": "idle_disarmed", "preset": "person_single", "single_auto": true, "ts": 1783053106.108}
{"armed": false, "event": "idle_disarmed", "preset": "person_single", "single_auto": true, "ts": 1783053107.111}
{"armed": false, "event": "idle_disarmed", "preset": "person_single", "single_auto": true, "ts": 1783053107.111}
{"armed": false, "event": "idle_disarmed", "preset": "person_single", "single_auto": true, "ts": 1783053108.114}
{"armed": false, "event": "idle_disarmed", "preset": "person_single", "single_auto": true, "ts": 1783053108.114}
{"armed": false, "event": "idle_disarmed", "preset": "person_single", "single_auto": true, "ts": 1783053109.116}
{"armed": false, "event": "idle_disarmed", "preset": "person_single", "single_auto": true, "ts": 1783053109.116}
{"armed": false, "event": "idle_disarmed", "preset": "person_single", "single_auto": true, "ts": 1783053110.119}
{"armed": false, "event": "idle_disarmed", "preset": "person_single", "single_auto": true, "ts": 1783053110.119}
{"armed": false, "event": "idle_disarmed", "preset": "person_single", "single_auto": true, "ts": 1783053111.122}
{"armed": false, "event": "idle_disarmed", "preset": "person_single", "single_auto": true, "ts": 1783053111.122}
{"armed": false, "event": "idle_disarmed", "preset": "person_single", "single_auto": true, "ts": 1783053112.124}
{"armed": false, "event": "idle_disarmed", "preset": "person_single", "single_auto": true, "ts": 1783053112.124}
{"armed": false, "event": "idle_disarmed", "preset": "person_single", "single_auto": true, "ts": 1783053113.127}
{"armed": false, "event": "idle_disarmed", "preset": "person_single", "single_auto": true, "ts": 1783053113.127}
{"armed": false, "event": "idle_disarmed", "preset": "person_single", "single_auto": true, "ts": 1783053114.13}
{"armed": false, "event": "idle_disarmed", "preset": "person_single", "single_auto": true, "ts": 1783053114.13}
{"armed": false, "event": "idle_disarmed", "preset": "person_single", "single_auto": true, "ts": 1783053115.132}
{"armed": false, "event": "idle_disarmed", "preset": "person_single", "single_auto": true, "ts": 1783053115.132}
{"armed": false, "event": "idle_disarmed", "preset": "person_single", "single_auto": true, "ts": 1783053116.134}
{"armed": false, "event": "idle_disarmed", "preset": "person_single", "single_auto": true, "ts": 1783053116.134}
{"armed": false, "event": "idle_disarmed", "preset": "person_single", "single_auto": true, "ts": 1783053117.137}
{"armed": false, "event": "idle_disarmed", "preset": "person_single", "single_auto": true, "ts": 1783053117.137}
{"armed": false, "event": "idle_disarmed", "preset": "person_single", "single_auto": true, "ts": 1783053118.139}
{"armed": false, "event": "idle_disarmed", "preset": "person_single", "single_auto": true, "ts": 1783053118.139}
{"armed": false, "event": "idle_disarmed", "preset": "person_single", "single_auto": true, "ts": 1783053119.142}
{"armed": false, "event": "idle_disarmed", "preset": "person_single", "single_auto": true, "ts": 1783053119.142}
{"armed": false, "event": "idle_disarmed", "preset": "person_single", "single_auto": true, "ts": 1783053120.144}
{"armed": false, "event": "idle_disarmed", "preset": "person_single", "single_auto": true, "ts": 1783053120.144}
{"armed": false, "event": "idle_disarmed", "preset": "person_single", "single_auto": true, "ts": 1783053121.147}
{"armed": false, "event": "idle_disarmed", "preset": "person_single", "single_auto": true, "ts": 1783053121.147}
{"armed": false, "event": "idle_disarmed", "preset": "person_single", "single_auto": true, "ts": 1783053122.149}
{"armed": false, "event": "idle_disarmed", "preset": "person_single", "single_auto": true, "ts": 1783053122.149}
{"armed": false, "event": "idle_disarmed", "preset": "person_single", "single_auto": true, "ts": 1783053123.152}
{"armed": false, "event": "idle_disarmed", "preset": "person_single", "single_auto": true, "ts": 1783053123.152}
{"armed": false, "event": "idle_disarmed", "preset": "person_single", "single_auto": true, "ts": 1783053124.154}
{"armed": false, "event": "idle_disarmed", "preset": "person_single", "single_auto": true, "ts": 1783053124.154}
{"armed": false, "event": "idle_disarmed", "preset": "person_single", "single_auto": true, "ts": 1783053125.157}
{"armed": false, "event": "idle_disarmed", "preset": "person_single", "single_auto": true, "ts": 1783053125.157}
{"armed": false, "event": "idle_disarmed", "preset": "person_single", "single_auto": true, "ts": 1783053126.16}
{"armed": false, "event": "idle_disarmed", "preset": "person_single", "single_auto": true, "ts": 1783053126.16}
{"armed": false, "event": "idle_disarmed", "preset": "person_single", "single_auto": true, "ts": 1783053127.163}
{"armed": false, "event": "idle_disarmed", "preset": "person_single", "single_auto": true, "ts": 1783053127.163}
{"armed": false, "event": "idle_disarmed", "preset": "person_single", "single_auto": true, "ts": 1783053128.166}
{"armed": false, "event": "idle_disarmed", "preset": "person_single", "single_auto": true, "ts": 1783053128.166}
{"armed": false, "event": "idle_disarmed", "preset": "person_single", "single_auto": true, "ts": 1783053129.168}
{"armed": false, "event": "idle_disarmed", "preset": "person_single", "single_auto": true, "ts": 1783053129.168}
{"armed": false, "event": "idle_disarmed", "preset": "person_single", "single_auto": true, "ts": 1783053130.171}
{"armed": false, "event": "idle_disarmed", "preset": "person_single", "single_auto": true, "ts": 1783053130.171}
{"armed": false, "event": "idle_disarmed", "preset": "person_single", "single_auto": true, "ts": 1783053131.173}
{"armed": false, "event": "idle_disarmed", "preset": "person_single", "single_auto": true, "ts": 1783053131.173}
{"armed": false, "event": "idle_disarmed", "preset": "person_single", "single_auto": true, "ts": 1783053132.176}
{"armed": false, "event": "idle_disarmed", "preset": "person_single", "single_auto": true, "ts": 1783053132.176}
{"armed": false, "event": "idle_disarmed", "preset": "person_single", "single_auto": true, "ts": 1783053133.178}
{"armed": false, "event": "idle_disarmed", "preset": "person_single", "single_auto": true, "ts": 1783053133.178}
{"armed": false, "event": "idle_disarmed", "preset": "person_single", "single_auto": true, "ts": 1783053134.181}
{"armed": false, "event": "idle_disarmed", "preset": "person_single", "single_auto": true, "ts": 1783053134.181}
{"armed": false, "event": "idle_disarmed", "preset": "person_single", "single_auto": true, "ts": 1783053135.184}
{"armed": false, "event": "idle_disarmed", "preset": "person_single", "single_auto": true, "ts": 1783053135.184}
{"armed": false, "event": "idle_disarmed", "preset": "person_single", "single_auto": true, "ts": 1783053136.186}
{"armed": false, "event": "idle_disarmed", "preset": "person_single", "single_auto": true, "ts": 1783053136.186}
{"armed": false, "event": "idle_disarmed", "preset": "person_single", "single_auto": true, "ts": 1783053137.189}
{"armed": false, "event": "idle_disarmed", "preset": "person_single", "single_auto": true, "ts": 1783053137.189}
{"armed": false, "event": "idle_disarmed", "preset": "person_single", "single_auto": true, "ts": 1783053138.191}
{"armed": false, "event": "idle_disarmed", "preset": "person_single", "single_auto": true, "ts": 1783053138.191}
{"armed": false, "event": "idle_disarmed", "preset": "person_single", "single_auto": true, "ts": 1783053139.194}
{"armed": false, "event": "idle_disarmed", "preset": "person_single", "single_auto": true, "ts": 1783053139.194}
{"armed": false, "event": "idle_disarmed", "preset": "person_single", "single_auto": true, "ts": 1783053140.196}
{"armed": false, "event": "idle_disarmed", "preset": "person_single", "single_auto": true, "ts": 1783053140.196}
{"armed": false, "event": "idle_disarmed", "preset": "person_single", "single_auto": true, "ts": 1783053141.199}
{"armed": false, "event": "idle_disarmed", "preset": "person_single", "single_auto": true, "ts": 1783053141.199}
{"armed": false, "event": "idle_disarmed", "preset": "person_single", "single_auto": true, "ts": 1783053142.201}
{"armed": false, "event": "idle_disarmed", "preset": "person_single", "single_auto": true, "ts": 1783053142.201}
{"armed": false, "event": "idle_disarmed", "preset": "person_single", "single_auto": true, "ts": 1783053143.204}
{"armed": false, "event": "idle_disarmed", "preset": "person_single", "single_auto": true, "ts": 1783053143.204}
{"armed": false, "event": "idle_disarmed", "preset": "person_single", "single_auto": true, "ts": 1783053144.206}
{"armed": false, "event": "idle_disarmed", "preset": "person_single", "single_auto": true, "ts": 1783053144.206}
{"armed": false, "event": "idle_disarmed", "preset": "person_single", "single_auto": true, "ts": 1783053145.209}
{"armed": false, "event": "idle_disarmed", "preset": "person_single", "single_auto": true, "ts": 1783053145.209}
{"armed": false, "event": "idle_disarmed", "preset": "person_single", "single_auto": true, "ts": 1783053146.211}
{"armed": false, "event": "idle_disarmed", "preset": "person_single", "single_auto": true, "ts": 1783053146.211}
{"armed": false, "event": "idle_disarmed", "preset": "person_single", "single_auto": true, "ts": 1783053147.214}
{"armed": false, "event": "idle_disarmed", "preset": "person_single", "single_auto": true, "ts": 1783053147.214}
{"armed": false, "event": "idle_disarmed", "preset": "person_single", "single_auto": true, "ts": 1783053148.217}
{"armed": false, "event": "idle_disarmed", "preset": "person_single", "single_auto": true, "ts": 1783053148.217}
{"armed": false, "event": "idle_disarmed", "preset": "person_single", "single_auto": true, "ts": 1783053149.22}
{"armed": false, "event": "idle_disarmed", "preset": "person_single", "single_auto": true, "ts": 1783053149.22}
{"armed": false, "event": "idle_disarmed", "preset": "person_single", "single_auto": true, "ts": 1783053150.222}
{"armed": false, "event": "idle_disarmed", "preset": "person_single", "single_auto": true, "ts": 1783053150.222}
{"armed": false, "event": "idle_disarmed", "preset": "person_single", "single_auto": true, "ts": 1783053151.225}
{"armed": false, "event": "idle_disarmed", "preset": "person_single", "single_auto": true, "ts": 1783053151.225}
{"armed": false, "event": "idle_disarmed", "preset": "person_single", "single_auto": true, "ts": 1783053152.227}
{"armed": false, "event": "idle_disarmed", "preset": "person_single", "single_auto": true, "ts": 1783053152.227}
{"armed": false, "event": "idle_disarmed", "preset": "person_single", "single_auto": true, "ts": 1783053153.23}
{"armed": false, "event": "idle_disarmed", "preset": "person_single", "single_auto": true, "ts": 1783053153.23}
{"armed": false, "event": "idle_disarmed", "preset": "person_single", "single_auto": true, "ts": 1783053154.232}
{"armed": false, "event": "idle_disarmed", "preset": "person_single", "single_auto": true, "ts": 1783053154.232}
{"armed": false, "event": "idle_disarmed", "preset": "person_single", "single_auto": true, "ts": 1783053155.235}
{"armed": false, "event": "idle_disarmed", "preset": "person_single", "single_auto": true, "ts": 1783053155.235}
{"armed": false, "event": "idle_disarmed", "preset": "person_single", "single_auto": true, "ts": 1783053156.238}
{"armed": false, "event": "idle_disarmed", "preset": "person_single", "single_auto": true, "ts": 1783053156.238}
{"armed": false, "event": "idle_disarmed", "preset": "person_single", "single_auto": true, "ts": 1783053157.24}
{"armed": false, "event": "idle_disarmed", "preset": "person_single", "single_auto": true, "ts": 1783053157.24}
{"armed": false, "event": "idle_disarmed", "preset": "person_single", "single_auto": true, "ts": 1783053158.243}
{"armed": false, "event": "idle_disarmed", "preset": "person_single", "single_auto": true, "ts": 1783053158.243}
{"armed": false, "event": "idle_disarmed", "preset": "person_single", "single_auto": true, "ts": 1783053159.246}
{"armed": false, "event": "idle_disarmed", "preset": "person_single", "single_auto": true, "ts": 1783053159.246}
{"armed": false, "event": "idle_disarmed", "preset": "person_single", "single_auto": true, "ts": 1783053160.248}
{"armed": false, "event": "idle_disarmed", "preset": "person_single", "single_auto": true, "ts": 1783053160.248}
{"armed": false, "event": "idle_disarmed", "preset": "person_single", "single_auto": true, "ts": 1783053161.251}
{"armed": false, "event": "idle_disarmed", "preset": "person_single", "single_auto": true, "ts": 1783053161.251}
{"armed": false, "event": "idle_disarmed", "preset": "person_single", "single_auto": true, "ts": 1783053162.254}
{"armed": false, "event": "idle_disarmed", "preset": "person_single", "single_auto": true, "ts": 1783053162.254}
{"armed": false, "event": "idle_disarmed", "preset": "person_single", "single_auto": true, "ts": 1783053163.257}
{"armed": false, "event": "idle_disarmed", "preset": "person_single", "single_auto": true, "ts": 1783053163.257}
{"armed": false, "event": "idle_disarmed", "preset": "person_single", "single_auto": true, "ts": 1783053164.259}
{"armed": false, "event": "idle_disarmed", "preset": "person_single", "single_auto": true, "ts": 1783053164.259}
{"armed": false, "event": "idle_disarmed", "preset": "person_single", "single_auto": true, "ts": 1783053165.263}
{"armed": false, "event": "idle_disarmed", "preset": "person_single", "single_auto": true, "ts": 1783053165.263}
{"armed": false, "event": "idle_disarmed", "preset": "person_single", "single_auto": true, "ts": 1783053166.265}
{"armed": false, "event": "idle_disarmed", "preset": "person_single", "single_auto": true, "ts": 1783053166.265}
{"armed": false, "event": "idle_disarmed", "preset": "person_single", "single_auto": true, "ts": 1783053167.268}
{"armed": false, "event": "idle_disarmed", "preset": "person_single", "single_auto": true, "ts": 1783053167.268}
{"armed": false, "event": "idle_disarmed", "preset": "person_single", "single_auto": true, "ts": 1783053168.271}
{"armed": false, "event": "idle_disarmed", "preset": "person_single", "single_auto": true, "ts": 1783053168.271}
{"armed": false, "event": "idle_disarmed", "preset": "person_single", "single_auto": true, "ts": 1783053169.274}
{"armed": false, "event": "idle_disarmed", "preset": "person_single", "single_auto": true, "ts": 1783053169.274}
{"armed": false, "event": "idle_disarmed", "preset": "person_single", "single_auto": true, "ts": 1783053170.277}
{"armed": false, "event": "idle_disarmed", "preset": "person_single", "single_auto": true, "ts": 1783053170.277}
{"armed": false, "event": "idle_disarmed", "preset": "person_single", "single_auto": true, "ts": 1783053171.28}
{"armed": false, "event": "idle_disarmed", "preset": "person_single", "single_auto": true, "ts": 1783053171.28}
{"armed": false, "event": "idle_disarmed", "preset": "person_single", "single_auto": true, "ts": 1783053172.286}
{"armed": false, "event": "idle_disarmed", "preset": "person_single", "single_auto": true, "ts": 1783053172.286}
{"armed": false, "event": "idle_disarmed", "preset": "person_single", "single_auto": true, "ts": 1783053173.289}
{"armed": false, "event": "idle_disarmed", "preset": "person_single", "single_auto": true, "ts": 1783053173.289}
{"armed": false, "event": "idle_disarmed", "preset": "person_single", "single_auto": true, "ts": 1783053174.292}
{"armed": false, "event": "idle_disarmed", "preset": "person_single", "single_auto": true, "ts": 1783053174.292}
{"armed": false, "event": "idle_disarmed", "preset": "person_single", "single_auto": true, "ts": 1783053175.294}
{"armed": false, "event": "idle_disarmed", "preset": "person_single", "single_auto": true, "ts": 1783053175.294}
{"armed": false, "event": "idle_disarmed", "preset": "person_single", "single_auto": true, "ts": 1783053176.297}
{"armed": false, "event": "idle_disarmed", "preset": "person_single", "single_auto": true, "ts": 1783053176.297}
{"armed": false, "event": "idle_disarmed", "preset": "person_single", "single_auto": true, "ts": 1783053177.3}
{"armed": false, "event": "idle_disarmed", "preset": "person_single", "single_auto": true, "ts": 1783053177.3}
{"armed": false, "event": "idle_disarmed", "preset": "person_single", "single_auto": true, "ts": 1783053178.303}
{"armed": false, "event": "idle_disarmed", "preset": "person_single", "single_auto": true, "ts": 1783053178.303}
{"armed": false, "event": "idle_disarmed", "preset": "person_single", "single_auto": true, "ts": 1783053179.306}
{"armed": false, "event": "idle_disarmed", "preset": "person_single", "single_auto": true, "ts": 1783053179.306}
{"armed": false, "event": "idle_disarmed", "preset": "person_single", "single_auto": true, "ts": 1783053180.308}
{"armed": false, "event": "idle_disarmed", "preset": "person_single", "single_auto": true, "ts": 1783053180.308}
{"armed": false, "event": "idle_disarmed", "preset": "person_single", "single_auto": true, "ts": 1783053181.311}
{"armed": false, "event": "idle_disarmed", "preset": "person_single", "single_auto": true, "ts": 1783053181.311}
{"armed": false, "event": "idle_disarmed", "preset": "person_single", "single_auto": true, "ts": 1783053182.314}
{"armed": false, "event": "idle_disarmed", "preset": "person_single", "single_auto": true, "ts": 1783053182.314}
{"armed": false, "event": "idle_disarmed", "preset": "person_single", "single_auto": true, "ts": 1783053183.317}
{"armed": false, "event": "idle_disarmed", "preset": "person_single", "single_auto": true, "ts": 1783053183.317}
{"armed": false, "event": "idle_disarmed", "preset": "person_single", "single_auto": true, "ts": 1783053184.319}
{"armed": false, "event": "idle_disarmed", "preset": "person_single", "single_auto": true, "ts": 1783053184.319}
{"armed": false, "event": "idle_disarmed", "preset": "person_single", "single_auto": true, "ts": 1783053185.322}
{"armed": false, "event": "idle_disarmed", "preset": "person_single", "single_auto": true, "ts": 1783053185.322}
{"armed": false, "event": "idle_disarmed", "preset": "person_single", "single_auto": true, "ts": 1783053186.325}
{"armed": false, "event": "idle_disarmed", "preset": "person_single", "single_auto": true, "ts": 1783053186.325}
{"armed": false, "event": "idle_disarmed", "preset": "person_single", "single_auto": true, "ts": 1783053187.328}
{"armed": false, "event": "idle_disarmed", "preset": "person_single", "single_auto": true, "ts": 1783053187.328}
{"armed": false, "event": "idle_disarmed", "preset": "person_single", "single_auto": true, "ts": 1783053188.331}
{"armed": false, "event": "idle_disarmed", "preset": "person_single", "single_auto": true, "ts": 1783053188.331}
{"armed": false, "event": "idle_disarmed", "preset": "person_single", "single_auto": true, "ts": 1783053189.333}
{"armed": false, "event": "idle_disarmed", "preset": "person_single", "single_auto": true, "ts": 1783053189.333}
{"armed": false, "event": "idle_disarmed", "preset": "person_single", "single_auto": true, "ts": 1783053190.337}
{"armed": false, "event": "idle_disarmed", "preset": "person_single", "single_auto": true, "ts": 1783053190.337}
{"armed": false, "event": "idle_disarmed", "preset": "person_single", "single_auto": true, "ts": 1783053191.339}
{"armed": false, "event": "idle_disarmed", "preset": "person_single", "single_auto": true, "ts": 1783053191.339}
{"armed": false, "event": "idle_disarmed", "preset": "person_single", "single_auto": true, "ts": 1783053192.342}
{"armed": false, "event": "idle_disarmed", "preset": "person_single", "single_auto": true, "ts": 1783053192.342}
{"armed": false, "event": "idle_disarmed", "preset": "person_single", "single_auto": true, "ts": 1783053193.345}
{"armed": false, "event": "idle_disarmed", "preset": "person_single", "single_auto": true, "ts": 1783053193.345}
{"armed": false, "event": "idle_disarmed", "preset": "person_single", "single_auto": true, "ts": 1783053194.347}
{"armed": false, "event": "idle_disarmed", "preset": "person_single", "single_auto": true, "ts": 1783053194.347}
{"armed": false, "event": "idle_disarmed", "preset": "person_single", "single_auto": true, "ts": 1783053195.35}
{"armed": false, "event": "idle_disarmed", "preset": "person_single", "single_auto": true, "ts": 1783053195.35}
{"armed": false, "event": "idle_disarmed", "preset": "person_single", "single_auto": true, "ts": 1783053196.353}
{"armed": false, "event": "idle_disarmed", "preset": "person_single", "single_auto": true, "ts": 1783053196.353}
{"armed": false, "event": "idle_disarmed", "preset": "person_single", "single_auto": true, "ts": 1783053197.356}
{"armed": false, "event": "idle_disarmed", "preset": "person_single", "single_auto": true, "ts": 1783053197.356}
{"armed": false, "event": "idle_disarmed", "preset": "person_single", "single_auto": true, "ts": 1783053198.359}
{"armed": false, "event": "idle_disarmed", "preset": "person_single", "single_auto": true, "ts": 1783053198.359}
{"armed": false, "event": "idle_disarmed", "preset": "person_single", "single_auto": true, "ts": 1783053199.362}
{"armed": false, "event": "idle_disarmed", "preset": "person_single", "single_auto": true, "ts": 1783053199.362}
{"armed": false, "event": "idle_disarmed", "preset": "person_single", "single_auto": true, "ts": 1783053200.364}
{"armed": false, "event": "idle_disarmed", "preset": "person_single", "single_auto": true, "ts": 1783053200.364}
{"armed": false, "event": "idle_disarmed", "preset": "person_single", "single_auto": true, "ts": 1783053201.367}
{"armed": false, "event": "idle_disarmed", "preset": "person_single", "single_auto": true, "ts": 1783053201.367}
{"armed": false, "event": "idle_disarmed", "preset": "person_single", "single_auto": true, "ts": 1783053202.37}
{"armed": false, "event": "idle_disarmed", "preset": "person_single", "single_auto": true, "ts": 1783053202.37}
{"armed": false, "event": "idle_disarmed", "preset": "person_single", "single_auto": true, "ts": 1783053203.372}
{"armed": false, "event": "idle_disarmed", "preset": "person_single", "single_auto": true, "ts": 1783053203.372}
{"armed": false, "event": "idle_disarmed", "preset": "person_single", "single_auto": true, "ts": 1783053204.375}
{"armed": false, "event": "idle_disarmed", "preset": "person_single", "single_auto": true, "ts": 1783053204.375}
{"armed": false, "event": "idle_disarmed", "preset": "person_single", "single_auto": true, "ts": 1783053205.377}
{"armed": false, "event": "idle_disarmed", "preset": "person_single", "single_auto": true, "ts": 1783053205.377}
{"armed": false, "event": "idle_disarmed", "preset": "person_single", "single_auto": true, "ts": 1783053206.38}
{"armed": false, "event": "idle_disarmed", "preset": "person_single", "single_auto": true, "ts": 1783053206.38}
{"armed": false, "event": "idle_disarmed", "preset": "person_single", "single_auto": true, "ts": 1783053207.383}
{"armed": false, "event": "idle_disarmed", "preset": "person_single", "single_auto": true, "ts": 1783053207.383}
{"armed": false, "event": "idle_disarmed", "preset": "person_single", "single_auto": true, "ts": 1783053208.385}
{"armed": false, "event": "idle_disarmed", "preset": "person_single", "single_auto": true, "ts": 1783053208.385}
{"armed": false, "event": "idle_disarmed", "preset": "person_single", "single_auto": true, "ts": 1783053209.388}
{"armed": false, "event": "idle_disarmed", "preset": "person_single", "single_auto": true, "ts": 1783053209.388}
{"armed": false, "event": "idle_disarmed", "preset": "person_single", "single_auto": true, "ts": 1783053210.391}
{"armed": false, "event": "idle_disarmed", "preset": "person_single", "single_auto": true, "ts": 1783053210.391}
{"armed": false, "event": "idle_disarmed", "preset": "person_single", "single_auto": true, "ts": 1783053211.393}
{"armed": false, "event": "idle_disarmed", "preset": "person_single", "single_auto": true, "ts": 1783053211.393}
{"armed": false, "event": "idle_disarmed", "preset": "person_single", "single_auto": true, "ts": 1783053212.396}
{"armed": false, "event": "idle_disarmed", "preset": "person_single", "single_auto": true, "ts": 1783053212.396}
{"armed": false, "event": "idle_disarmed", "preset": "person_single", "single_auto": true, "ts": 1783053213.399}
{"armed": false, "event": "idle_disarmed", "preset": "person_single", "single_auto": true, "ts": 1783053213.399}
{"armed": false, "event": "idle_disarmed", "preset": "person_single", "single_auto": true, "ts": 1783053214.402}
{"armed": false, "event": "idle_disarmed", "preset": "person_single", "single_auto": true, "ts": 1783053214.402}
{"armed": false, "event": "idle_disarmed", "preset": "person_single", "single_auto": true, "ts": 1783053215.404}
{"armed": false, "event": "idle_disarmed", "preset": "person_single", "single_auto": true, "ts": 1783053215.404}
{"armed": false, "event": "idle_disarmed", "preset": "person_single", "single_auto": true, "ts": 1783053216.407}
{"armed": false, "event": "idle_disarmed", "preset": "person_single", "single_auto": true, "ts": 1783053216.407}
{"armed": false, "event": "idle_disarmed", "preset": "person_single", "single_auto": true, "ts": 1783053217.41}
{"armed": false, "event": "idle_disarmed", "preset": "person_single", "single_auto": true, "ts": 1783053217.41}
{"armed": false, "event": "idle_disarmed", "preset": "person_single", "single_auto": true, "ts": 1783053218.413}
{"armed": false, "event": "idle_disarmed", "preset": "person_single", "single_auto": true, "ts": 1783053218.413}
{"armed": false, "event": "idle_disarmed", "preset": "person_single", "single_auto": true, "ts": 1783053219.416}
{"armed": false, "event": "idle_disarmed", "preset": "person_single", "single_auto": true, "ts": 1783053219.416}
{"armed": false, "event": "idle_disarmed", "preset": "person_single", "single_auto": true, "ts": 1783053220.418}
{"armed": false, "event": "idle_disarmed", "preset": "person_single", "single_auto": true, "ts": 1783053220.418}
{"armed": false, "event": "idle_disarmed", "preset": "person_single", "single_auto": true, "ts": 1783053221.421}
{"armed": false, "event": "idle_disarmed", "preset": "person_single", "single_auto": true, "ts": 1783053221.421}
{"armed": false, "event": "idle_disarmed", "preset": "person_single", "single_auto": true, "ts": 1783053222.424}
{"armed": false, "event": "idle_disarmed", "preset": "person_single", "single_auto": true, "ts": 1783053222.424}
{"armed": false, "event": "idle_disarmed", "preset": "person_single", "single_auto": true, "ts": 1783053223.426}
{"armed": false, "event": "idle_disarmed", "preset": "person_single", "single_auto": true, "ts": 1783053223.426}
{"armed": false, "event": "idle_disarmed", "preset": "person_single", "single_auto": true, "ts": 1783053224.429}
{"armed": false, "event": "idle_disarmed", "preset": "person_single", "single_auto": true, "ts": 1783053224.429}
{"armed": false, "event": "idle_disarmed", "preset": "person_single", "single_auto": true, "ts": 1783053225.432}
{"armed": false, "event": "idle_disarmed", "preset": "person_single", "single_auto": true, "ts": 1783053225.432}
{"armed": false, "event": "idle_disarmed", "preset": "person_single", "single_auto": true, "ts": 1783053226.434}
{"armed": false, "event": "idle_disarmed", "preset": "person_single", "single_auto": true, "ts": 1783053226.434}
{"armed": false, "event": "idle_disarmed", "preset": "person_single", "single_auto": true, "ts": 1783053227.437}
{"armed": false, "event": "idle_disarmed", "preset": "person_single", "single_auto": true, "ts": 1783053227.437}
{"armed": false, "event": "idle_disarmed", "preset": "person_single", "single_auto": true, "ts": 1783053228.44}
{"armed": false, "event": "idle_disarmed", "preset": "person_single", "single_auto": true, "ts": 1783053228.44}
{"armed": false, "event": "idle_disarmed", "preset": "person_single", "single_auto": true, "ts": 1783053229.443}
{"armed": false, "event": "idle_disarmed", "preset": "person_single", "single_auto": true, "ts": 1783053229.443}
{"armed": false, "event": "idle_disarmed", "preset": "person_single", "single_auto": true, "ts": 1783053230.446}
{"armed": false, "event": "idle_disarmed", "preset": "person_single", "single_auto": true, "ts": 1783053230.446}
{"armed": false, "event": "idle_disarmed", "preset": "person_single", "single_auto": true, "ts": 1783053231.449}
{"armed": false, "event": "idle_disarmed", "preset": "person_single", "single_auto": true, "ts": 1783053231.449}
{"armed": false, "event": "idle_disarmed", "preset": "person_single", "single_auto": true, "ts": 1783053232.451}
{"armed": false, "event": "idle_disarmed", "preset": "person_single", "single_auto": true, "ts": 1783053232.451}
{"armed": false, "event": "idle_disarmed", "preset": "person_single", "single_auto": true, "ts": 1783053233.454}
{"armed": false, "event": "idle_disarmed", "preset": "person_single", "single_auto": true, "ts": 1783053233.454}
{"armed": false, "event": "idle_disarmed", "preset": "person_single", "single_auto": true, "ts": 1783053234.457}
{"armed": false, "event": "idle_disarmed", "preset": "person_single", "single_auto": true, "ts": 1783053234.457}
{"armed": false, "event": "idle_disarmed", "preset": "person_single", "single_auto": true, "ts": 1783053235.459}
{"armed": false, "event": "idle_disarmed", "preset": "person_single", "single_auto": true, "ts": 1783053235.459}
{"armed": false, "event": "idle_disarmed", "preset": "person_single", "single_auto": true, "ts": 1783053236.462}
{"armed": false, "event": "idle_disarmed", "preset": "person_single", "single_auto": true, "ts": 1783053236.462}
{"armed": false, "event": "idle_disarmed", "preset": "person_single", "single_auto": true, "ts": 1783053237.465}
{"armed": false, "event": "idle_disarmed", "preset": "person_single", "single_auto": true, "ts": 1783053237.465}
{"armed": false, "event": "idle_disarmed", "preset": "person_single", "single_auto": true, "ts": 1783053238.468}
{"armed": false, "event": "idle_disarmed", "preset": "person_single", "single_auto": true, "ts": 1783053238.468}
{"armed": false, "event": "idle_disarmed", "preset": "person_single", "single_auto": true, "ts": 1783053239.471}
{"armed": false, "event": "idle_disarmed", "preset": "person_single", "single_auto": true, "ts": 1783053239.471}
{"armed": false, "event": "idle_disarmed", "preset": "person_single", "single_auto": true, "ts": 1783053240.474}
{"armed": false, "event": "idle_disarmed", "preset": "person_single", "single_auto": true, "ts": 1783053240.474}
{"armed": false, "event": "idle_disarmed", "preset": "person_single", "single_auto": true, "ts": 1783053241.477}
{"armed": false, "event": "idle_disarmed", "preset": "person_single", "single_auto": true, "ts": 1783053241.477}
{"armed": false, "event": "idle_disarmed", "preset": "person_single", "single_auto": true, "ts": 1783053242.479}
{"armed": false, "event": "idle_disarmed", "preset": "person_single", "single_auto": true, "ts": 1783053242.479}
{"armed": false, "event": "idle_disarmed", "preset": "person_single", "single_auto": true, "ts": 1783053243.482}
{"armed": false, "event": "idle_disarmed", "preset": "person_single", "single_auto": true, "ts": 1783053243.482}
{"armed": false, "event": "idle_disarmed", "preset": "person_single", "single_auto": true, "ts": 1783053244.485}
{"armed": false, "event": "idle_disarmed", "preset": "person_single", "single_auto": true, "ts": 1783053244.485}
{"armed": false, "event": "idle_disarmed", "preset": "person_single", "single_auto": true, "ts": 1783053245.488}
{"armed": false, "event": "idle_disarmed", "preset": "person_single", "single_auto": true, "ts": 1783053245.488}
{"armed": false, "event": "idle_disarmed", "preset": "person_single", "single_auto": true, "ts": 1783053246.49}
{"armed": false, "event": "idle_disarmed", "preset": "person_single", "single_auto": true, "ts": 1783053246.49}
{"armed": false, "event": "idle_disarmed", "preset": "person_single", "single_auto": true, "ts": 1783053247.493}
{"armed": false, "event": "idle_disarmed", "preset": "person_single", "single_auto": true, "ts": 1783053247.493}
{"armed": false, "event": "idle_disarmed", "preset": "person_single", "single_auto": true, "ts": 1783053248.496}
{"armed": false, "event": "idle_disarmed", "preset": "person_single", "single_auto": true, "ts": 1783053248.496}
{"armed": false, "event": "idle_disarmed", "preset": "person_single", "single_auto": true, "ts": 1783053249.499}
{"armed": false, "event": "idle_disarmed", "preset": "person_single", "single_auto": true, "ts": 1783053249.499}
{"armed": false, "event": "idle_disarmed", "preset": "person_single", "single_auto": true, "ts": 1783053250.502}
{"armed": false, "event": "idle_disarmed", "preset": "person_single", "single_auto": true, "ts": 1783053250.502}
{"armed": false, "event": "idle_disarmed", "preset": "person_single", "single_auto": true, "ts": 1783053251.505}
{"armed": false, "event": "idle_disarmed", "preset": "person_single", "single_auto": true, "ts": 1783053251.505}
{"armed": false, "event": "idle_disarmed", "preset": "person_single", "single_auto": true, "ts": 1783053252.508}
{"armed": false, "event": "idle_disarmed", "preset": "person_single", "single_auto": true, "ts": 1783053252.508}
{"armed": false, "event": "idle_disarmed", "preset": "person_single", "single_auto": true, "ts": 1783053253.51}
{"armed": false, "event": "idle_disarmed", "preset": "person_single", "single_auto": true, "ts": 1783053253.51}
{"armed": false, "event": "idle_disarmed", "preset": "person_single", "single_auto": true, "ts": 1783053254.513}
{"armed": false, "event": "idle_disarmed", "preset": "person_single", "single_auto": true, "ts": 1783053254.513}
{"armed": false, "event": "idle_disarmed", "preset": "person_single", "single_auto": true, "ts": 1783053255.516}
{"armed": false, "event": "idle_disarmed", "preset": "person_single", "single_auto": true, "ts": 1783053255.516}
{"armed": false, "event": "idle_disarmed", "preset": "person_single", "single_auto": true, "ts": 1783053256.518}
{"armed": false, "event": "idle_disarmed", "preset": "person_single", "single_auto": true, "ts": 1783053256.518}
{"armed": false, "event": "idle_disarmed", "preset": "person_single", "single_auto": true, "ts": 1783053257.521}
{"armed": false, "event": "idle_disarmed", "preset": "person_single", "single_auto": true, "ts": 1783053257.521}
{"armed": false, "event": "idle_disarmed", "preset": "person_single", "single_auto": true, "ts": 1783053258.523}
{"armed": false, "event": "idle_disarmed", "preset": "person_single", "single_auto": true, "ts": 1783053258.523}
{"armed": false, "event": "idle_disarmed", "preset": "person_single", "single_auto": true, "ts": 1783053259.527}
{"armed": false, "event": "idle_disarmed", "preset": "person_single", "single_auto": true, "ts": 1783053259.527}
{"armed": false, "event": "idle_disarmed", "preset": "person_single", "single_auto": true, "ts": 1783053260.53}
{"armed": false, "event": "idle_disarmed", "preset": "person_single", "single_auto": true, "ts": 1783053260.53}
{"armed": false, "event": "idle_disarmed", "preset": "person_single", "single_auto": true, "ts": 1783053261.533}
{"armed": false, "event": "idle_disarmed", "preset": "person_single", "single_auto": true, "ts": 1783053261.533}
{"armed": false, "event": "idle_disarmed", "preset": "person_single", "single_auto": true, "ts": 1783053262.536}
{"armed": false, "event": "idle_disarmed", "preset": "person_single", "single_auto": true, "ts": 1783053262.536}
{"armed": false, "event": "idle_disarmed", "preset": "person_single", "single_auto": true, "ts": 1783053263.538}
{"armed": false, "event": "idle_disarmed", "preset": "person_single", "single_auto": true, "ts": 1783053263.538}
{"armed": false, "event": "idle_disarmed", "preset": "person_single", "single_auto": true, "ts": 1783053264.542}
{"armed": false, "event": "idle_disarmed", "preset": "person_single", "single_auto": true, "ts": 1783053264.542}
{"armed": false, "event": "idle_disarmed", "preset": "person_single", "single_auto": true, "ts": 1783053265.545}
{"armed": false, "event": "idle_disarmed", "preset": "person_single", "single_auto": true, "ts": 1783053265.545}
{"armed": false, "event": "idle_disarmed", "preset": "person_single", "single_auto": true, "ts": 1783053266.547}
{"armed": false, "event": "idle_disarmed", "preset": "person_single", "single_auto": true, "ts": 1783053266.547}
{"armed": false, "event": "idle_disarmed", "preset": "person_single", "single_auto": true, "ts": 1783053267.55}
{"armed": false, "event": "idle_disarmed", "preset": "person_single", "single_auto": true, "ts": 1783053267.55}
{"armed": false, "event": "idle_disarmed", "preset": "person_single", "single_auto": true, "ts": 1783053268.553}
{"armed": false, "event": "idle_disarmed", "preset": "person_single", "single_auto": true, "ts": 1783053268.553}
{"armed": false, "event": "idle_disarmed", "preset": "person_single", "single_auto": true, "ts": 1783053269.556}
{"armed": false, "event": "idle_disarmed", "preset": "person_single", "single_auto": true, "ts": 1783053269.556}
{"armed": false, "event": "idle_disarmed", "preset": "person_single", "single_auto": true, "ts": 1783053270.559}
{"armed": false, "event": "idle_disarmed", "preset": "person_single", "single_auto": true, "ts": 1783053270.559}
{"armed": false, "event": "idle_disarmed", "preset": "person_single", "single_auto": true, "ts": 1783053271.562}
{"armed": false, "event": "idle_disarmed", "preset": "person_single", "single_auto": true, "ts": 1783053271.562}
{"armed": false, "event": "idle_disarmed", "preset": "person_single", "single_auto": true, "ts": 1783053272.565}
{"armed": false, "event": "idle_disarmed", "preset": "person_single", "single_auto": true, "ts": 1783053272.565}
{"armed": false, "event": "idle_disarmed", "preset": "person_single", "single_auto": true, "ts": 1783053273.568}
{"armed": false, "event": "idle_disarmed", "preset": "person_single", "single_auto": true, "ts": 1783053273.568}
{"armed": false, "event": "idle_disarmed", "preset": "person_single", "single_auto": true, "ts": 1783053274.57}
{"armed": false, "event": "idle_disarmed", "preset": "person_single", "single_auto": true, "ts": 1783053274.57}
{"armed": false, "event": "idle_disarmed", "preset": "person_single", "single_auto": true, "ts": 1783053275.573}
{"armed": false, "event": "idle_disarmed", "preset": "person_single", "single_auto": true, "ts": 1783053275.573}
{"armed": false, "event": "idle_disarmed", "preset": "person_single", "single_auto": true, "ts": 1783053276.576}
{"armed": false, "event": "idle_disarmed", "preset": "person_single", "single_auto": true, "ts": 1783053276.576}
{"armed": false, "event": "idle_disarmed", "preset": "person_single", "single_auto": true, "ts": 1783053277.579}
{"armed": false, "event": "idle_disarmed", "preset": "person_single", "single_auto": true, "ts": 1783053277.579}
{"armed": false, "event": "idle_disarmed", "preset": "person_single", "single_auto": true, "ts": 1783053278.582}
{"armed": false, "event": "idle_disarmed", "preset": "person_single", "single_auto": true, "ts": 1783053278.582}
{"armed": false, "event": "idle_disarmed", "preset": "person_single", "single_auto": true, "ts": 1783053279.585}
{"armed": false, "event": "idle_disarmed", "preset": "person_single", "single_auto": true, "ts": 1783053279.585}
{"armed": false, "event": "idle_disarmed", "preset": "person_single", "single_auto": true, "ts": 1783053280.587}
{"armed": false, "event": "idle_disarmed", "preset": "person_single", "single_auto": true, "ts": 1783053280.587}
{"armed": false, "event": "idle_disarmed", "preset": "person_single", "single_auto": true, "ts": 1783053281.59}
{"armed": false, "event": "idle_disarmed", "preset": "person_single", "single_auto": true, "ts": 1783053281.59}
{"armed": false, "event": "idle_disarmed", "preset": "person_single", "single_auto": true, "ts": 1783053282.593}
{"armed": false, "event": "idle_disarmed", "preset": "person_single", "single_auto": true, "ts": 1783053282.593}
{"armed": false, "event": "idle_disarmed", "preset": "person_single", "single_auto": true, "ts": 1783053283.596}
{"armed": false, "event": "idle_disarmed", "preset": "person_single", "single_auto": true, "ts": 1783053283.596}
{"armed": false, "event": "idle_disarmed", "preset": "person_single", "single_auto": true, "ts": 1783053284.599}
{"armed": false, "event": "idle_disarmed", "preset": "person_single", "single_auto": true, "ts": 1783053284.599}
{"armed": false, "event": "idle_disarmed", "preset": "person_single", "single_auto": true, "ts": 1783053285.602}
{"armed": false, "event": "idle_disarmed", "preset": "person_single", "single_auto": true, "ts": 1783053285.602}
{"armed": false, "event": "idle_disarmed", "preset": "person_single", "single_auto": true, "ts": 1783053286.604}
{"armed": false, "event": "idle_disarmed", "preset": "person_single", "single_auto": true, "ts": 1783053286.604}
{"armed": false, "event": "idle_disarmed", "preset": "person_single", "single_auto": true, "ts": 1783053287.607}
{"armed": false, "event": "idle_disarmed", "preset": "person_single", "single_auto": true, "ts": 1783053287.607}
{"armed": false, "event": "idle_disarmed", "preset": "person_single", "single_auto": true, "ts": 1783053288.61}
{"armed": false, "event": "idle_disarmed", "preset": "person_single", "single_auto": true, "ts": 1783053288.61}
{"armed": false, "event": "idle_disarmed", "preset": "person_single", "single_auto": true, "ts": 1783053289.613}
{"armed": false, "event": "idle_disarmed", "preset": "person_single", "single_auto": true, "ts": 1783053289.613}
{"armed": false, "event": "idle_disarmed", "preset": "person_single", "single_auto": true, "ts": 1783053290.616}
{"armed": false, "event": "idle_disarmed", "preset": "person_single", "single_auto": true, "ts": 1783053290.616}
{"armed": false, "event": "idle_disarmed", "preset": "person_single", "single_auto": true, "ts": 1783053291.619}
{"armed": false, "event": "idle_disarmed", "preset": "person_single", "single_auto": true, "ts": 1783053291.619}
{"armed": false, "event": "idle_disarmed", "preset": "person_single", "single_auto": true, "ts": 1783053292.621}
{"armed": false, "event": "idle_disarmed", "preset": "person_single", "single_auto": true, "ts": 1783053292.621}
{"armed": false, "event": "idle_disarmed", "preset": "person_single", "single_auto": true, "ts": 1783053293.624}
{"armed": false, "event": "idle_disarmed", "preset": "person_single", "single_auto": true, "ts": 1783053293.624}
{"armed": false, "event": "idle_disarmed", "preset": "person_single", "single_auto": true, "ts": 1783053294.627}
{"armed": false, "event": "idle_disarmed", "preset": "person_single", "single_auto": true, "ts": 1783053294.627}
{"armed": false, "event": "idle_disarmed", "preset": "person_single", "single_auto": true, "ts": 1783053295.63}
{"armed": false, "event": "idle_disarmed", "preset": "person_single", "single_auto": true, "ts": 1783053295.63}
{"armed": false, "event": "idle_disarmed", "preset": "person_single", "single_auto": true, "ts": 1783053296.632}
{"armed": false, "event": "idle_disarmed", "preset": "person_single", "single_auto": true, "ts": 1783053296.632}
{"armed": false, "event": "idle_disarmed", "preset": "person_single", "single_auto": true, "ts": 1783053297.635}
{"armed": false, "event": "idle_disarmed", "preset": "person_single", "single_auto": true, "ts": 1783053297.635}
{"armed": false, "event": "idle_disarmed", "preset": "person_single", "single_auto": true, "ts": 1783053298.638}
{"armed": false, "event": "idle_disarmed", "preset": "person_single", "single_auto": true, "ts": 1783053298.638}
{"armed": false, "event": "idle_disarmed", "preset": "person_single", "single_auto": true, "ts": 1783053299.641}
{"armed": false, "event": "idle_disarmed", "preset": "person_single", "single_auto": true, "ts": 1783053299.641}
{"armed": false, "event": "idle_disarmed", "preset": "person_single", "single_auto": true, "ts": 1783053300.643}
{"armed": false, "event": "idle_disarmed", "preset": "person_single", "single_auto": true, "ts": 1783053300.643}
{"armed": false, "event": "idle_disarmed", "preset": "person_single", "single_auto": true, "ts": 1783053301.646}
{"armed": false, "event": "idle_disarmed", "preset": "person_single", "single_auto": true, "ts": 1783053301.646}
{"armed": false, "event": "idle_disarmed", "preset": "person_single", "single_auto": true, "ts": 1783053302.649}
{"armed": false, "event": "idle_disarmed", "preset": "person_single", "single_auto": true, "ts": 1783053302.649}
{"armed": false, "event": "idle_disarmed", "preset": "person_single", "single_auto": true, "ts": 1783053303.651}
{"armed": false, "event": "idle_disarmed", "preset": "person_single", "single_auto": true, "ts": 1783053303.651}
{"armed": false, "event": "idle_disarmed", "preset": "person_single", "single_auto": true, "ts": 1783053304.654}
{"armed": false, "event": "idle_disarmed", "preset": "person_single", "single_auto": true, "ts": 1783053304.654}
{"armed": false, "event": "idle_disarmed", "preset": "person_single", "single_auto": true, "ts": 1783053305.657}
{"armed": false, "event": "idle_disarmed", "preset": "person_single", "single_auto": true, "ts": 1783053305.657}
{"armed": false, "event": "idle_disarmed", "preset": "person_single", "single_auto": true, "ts": 1783053306.66}
{"armed": false, "event": "idle_disarmed", "preset": "person_single", "single_auto": true, "ts": 1783053306.66}
{"armed": false, "event": "idle_disarmed", "preset": "person_single", "single_auto": true, "ts": 1783053307.662}
{"armed": false, "event": "idle_disarmed", "preset": "person_single", "single_auto": true, "ts": 1783053307.662}
{"armed": false, "event": "idle_disarmed", "preset": "person_single", "single_auto": true, "ts": 1783053308.665}
{"armed": false, "event": "idle_disarmed", "preset": "person_single", "single_auto": true, "ts": 1783053308.665}
{"armed": false, "event": "idle_disarmed", "preset": "person_single", "single_auto": true, "ts": 1783053309.668}
{"armed": false, "event": "idle_disarmed", "preset": "person_single", "single_auto": true, "ts": 1783053309.668}
{"armed": false, "event": "idle_disarmed", "preset": "person_single", "single_auto": true, "ts": 1783053310.671}
{"armed": false, "event": "idle_disarmed", "preset": "person_single", "single_auto": true, "ts": 1783053310.671}
{"armed": false, "event": "idle_disarmed", "preset": "person_single", "single_auto": true, "ts": 1783053311.674}
{"armed": false, "event": "idle_disarmed", "preset": "person_single", "single_auto": true, "ts": 1783053311.674}
{"armed": false, "event": "idle_disarmed", "preset": "person_single", "single_auto": true, "ts": 1783053312.677}
{"armed": false, "event": "idle_disarmed", "preset": "person_single", "single_auto": true, "ts": 1783053312.677}
{"armed": false, "event": "idle_disarmed", "preset": "person_single", "single_auto": true, "ts": 1783053313.679}
{"armed": false, "event": "idle_disarmed", "preset": "person_single", "single_auto": true, "ts": 1783053313.679}
{"armed": false, "event": "idle_disarmed", "preset": "car_single", "single_auto": true, "ts": 1783053314.682}
{"armed": false, "event": "idle_disarmed", "preset": "car_single", "single_auto": true, "ts": 1783053314.682}
{"armed": false, "event": "idle_disarmed", "preset": "car_single", "single_auto": true, "ts": 1783053315.685}
{"armed": false, "event": "idle_disarmed", "preset": "car_single", "single_auto": true, "ts": 1783053315.685}
{"armed": false, "event": "idle_disarmed", "preset": "car_single", "single_auto": true, "ts": 1783053316.687}
{"armed": false, "event": "idle_disarmed", "preset": "car_single", "single_auto": true, "ts": 1783053316.687}
{"armed": false, "event": "idle_disarmed", "preset": "car_single", "single_auto": true, "ts": 1783053317.69}
{"armed": false, "event": "idle_disarmed", "preset": "car_single", "single_auto": true, "ts": 1783053317.69}
{"cmd": ["/usr/bin/python3", "/root/rknpu2/examples/rknn_yolov8_demo_opencv_2_work_2/new_yolo8/apply_ptz_object_preset.py", "--preset", "car_single", "--arm", "force", "--strategy", "preset", "--watch"], "event": "child_start", "pid": 32853, "preset": "car_single", "search_preset": "lost_step_wait", "ts": 1783053318.693}
{"cmd": ["/usr/bin/python3", "/root/rknpu2/examples/rknn_yolov8_demo_opencv_2_work_2/new_yolo8/apply_ptz_object_preset.py", "--preset", "car_single", "--arm", "force", "--strategy", "preset", "--watch"], "event": "child_start", "pid": 32853, "preset": "car_single", "search_preset": "lost_step_wait", "ts": 1783053318.693}
{"event": "armed_running", "pid": 32853, "preset": "car_single", "search_preset": "lost_step_wait", "ts": 1783053319.696}
{"event": "armed_running", "pid": 32853, "preset": "car_single", "search_preset": "lost_step_wait", "ts": 1783053319.696}
{"event": "armed_running", "pid": 32853, "preset": "car_single", "search_preset": "lost_step_wait", "ts": 1783053334.734}
{"event": "armed_running", "pid": 32853, "preset": "car_single", "search_preset": "lost_step_wait", "ts": 1783053334.734}
{"event": "armed_running", "pid": 32853, "preset": "car_single", "search_preset": "lost_step_wait", "ts": 1783053349.771}
{"event": "armed_running", "pid": 32853, "preset": "car_single", "search_preset": "lost_step_wait", "ts": 1783053349.771}
{"event": "armed_running", "pid": 32853, "preset": "car_single", "search_preset": "lost_step_wait", "ts": 1783053364.808}
{"event": "armed_running", "pid": 32853, "preset": "car_single", "search_preset": "lost_step_wait", "ts": 1783053364.808}
{"event": "armed_running", "pid": 32853, "preset": "car_single", "search_preset": "lost_step_wait", "ts": 1783053379.845}
{"event": "armed_running", "pid": 32853, "preset": "car_single", "search_preset": "lost_step_wait", "ts": 1783053379.845}
{"event": "armed_running", "pid": 32853, "preset": "car_single", "search_preset": "lost_step_wait", "ts": 1783053394.883}
{"event": "armed_running", "pid": 32853, "preset": "car_single", "search_preset": "lost_step_wait", "ts": 1783053394.883}
{"event": "armed_running", "pid": 32853, "preset": "car_single", "search_preset": "lost_step_wait", "ts": 1783053409.921}
{"event": "armed_running", "pid": 32853, "preset": "car_single", "search_preset": "lost_step_wait", "ts": 1783053409.921}
{"event": "armed_running", "pid": 32853, "preset": "car_single", "search_preset": "lost_step_wait", "ts": 1783053424.957}
{"event": "armed_running", "pid": 32853, "preset": "car_single", "search_preset": "lost_step_wait", "ts": 1783053424.957}
{"event": "armed_running", "pid": 32853, "preset": "car_single", "search_preset": "lost_step_wait", "ts": 1783053439.992}
{"event": "armed_running", "pid": 32853, "preset": "car_single", "search_preset": "lost_step_wait", "ts": 1783053439.992}
{"event": "armed_running", "pid": 32853, "preset": "car_single", "search_preset": "lost_step_wait", "ts": 1783053455.028}
{"event": "armed_running", "pid": 32853, "preset": "car_single", "search_preset": "lost_step_wait", "ts": 1783053455.028}
{"event": "armed_running", "pid": 32853, "preset": "car_single", "search_preset": "lost_step_wait", "ts": 1783053470.062}
{"event": "armed_running", "pid": 32853, "preset": "car_single", "search_preset": "lost_step_wait", "ts": 1783053470.062}
{"event": "armed_running", "pid": 32853, "preset": "car_single", "search_preset": "lost_step_wait", "ts": 1783053485.098}
{"event": "armed_running", "pid": 32853, "preset": "car_single", "search_preset": "lost_step_wait", "ts": 1783053485.098}
{"event": "armed_running", "pid": 32853, "preset": "car_single", "search_preset": "lost_step_wait", "ts": 1783053500.134}
{"event": "armed_running", "pid": 32853, "preset": "car_single", "search_preset": "lost_step_wait", "ts": 1783053500.134}
{"event": "armed_running", "pid": 32853, "preset": "car_single", "search_preset": "lost_step_wait", "ts": 1783053515.169}
{"event": "armed_running", "pid": 32853, "preset": "car_single", "search_preset": "lost_step_wait", "ts": 1783053515.169}
{"event": "armed_running", "pid": 32853, "preset": "car_single", "search_preset": "lost_step_wait", "ts": 1783053530.203}
{"event": "armed_running", "pid": 32853, "preset": "car_single", "search_preset": "lost_step_wait", "ts": 1783053530.203}
{"event": "armed_running", "pid": 32853, "preset": "car_single", "search_preset": "lost_step_wait", "ts": 1783053545.239}
{"event": "armed_running", "pid": 32853, "preset": "car_single", "search_preset": "lost_step_wait", "ts": 1783053545.239}
{"event": "armed_running", "pid": 32853, "preset": "car_single", "search_preset": "lost_step_wait", "ts": 1783053560.274}
{"event": "armed_running", "pid": 32853, "preset": "car_single", "search_preset": "lost_step_wait", "ts": 1783053560.274}
{"event": "armed_running", "pid": 32853, "preset": "car_single", "search_preset": "lost_step_wait", "ts": 1783053575.31}
{"event": "armed_running", "pid": 32853, "preset": "car_single", "search_preset": "lost_step_wait", "ts": 1783053575.31}
{"event": "armed_running", "pid": 32853, "preset": "car_single", "search_preset": "lost_step_wait", "ts": 1783053590.344}
{"event": "armed_running", "pid": 32853, "preset": "car_single", "search_preset": "lost_step_wait", "ts": 1783053590.344}
{"event": "armed_running", "pid": 32853, "preset": "car_single", "search_preset": "lost_step_wait", "ts": 1783053605.38}
{"event": "armed_running", "pid": 32853, "preset": "car_single", "search_preset": "lost_step_wait", "ts": 1783053605.38}
{"event": "armed_running", "pid": 32853, "preset": "car_single", "search_preset": "lost_step_wait", "ts": 1783053620.416}
{"event": "armed_running", "pid": 32853, "preset": "car_single", "search_preset": "lost_step_wait", "ts": 1783053620.416}
{"event": "armed_running", "pid": 32853, "preset": "car_single", "search_preset": "lost_step_wait", "ts": 1783053635.451}
{"event": "armed_running", "pid": 32853, "preset": "car_single", "search_preset": "lost_step_wait", "ts": 1783053635.451}
{"event": "armed_running", "pid": 32853, "preset": "car_single", "search_preset": "lost_step_wait", "ts": 1783053650.486}
{"event": "armed_running", "pid": 32853, "preset": "car_single", "search_preset": "lost_step_wait", "ts": 1783053650.486}
{"event": "armed_running", "pid": 32853, "preset": "car_single", "search_preset": "lost_step_wait", "ts": 1783053665.521}
{"event": "armed_running", "pid": 32853, "preset": "car_single", "search_preset": "lost_step_wait", "ts": 1783053665.521}
{"event": "armed_running", "pid": 32853, "preset": "car_single", "search_preset": "lost_step_wait", "ts": 1783053680.555}
{"event": "armed_running", "pid": 32853, "preset": "car_single", "search_preset": "lost_step_wait", "ts": 1783053680.555}
{"event": "armed_running", "pid": 32853, "preset": "car_single", "search_preset": "lost_step_wait", "ts": 1783053695.59}
{"event": "armed_running", "pid": 32853, "preset": "car_single", "search_preset": "lost_step_wait", "ts": 1783053695.59}
{"event": "armed_running", "pid": 32853, "preset": "car_single", "search_preset": "lost_step_wait", "ts": 1783053710.624}
{"event": "armed_running", "pid": 32853, "preset": "car_single", "search_preset": "lost_step_wait", "ts": 1783053710.624}
{"event": "armed_running", "pid": 32853, "preset": "car_single", "search_preset": "lost_step_wait", "ts": 1783053725.66}
{"event": "armed_running", "pid": 32853, "preset": "car_single", "search_preset": "lost_step_wait", "ts": 1783053725.66}
{"event": "armed_running", "pid": 32853, "preset": "car_single", "search_preset": "lost_step_wait", "ts": 1783053740.695}
{"event": "armed_running", "pid": 32853, "preset": "car_single", "search_preset": "lost_step_wait", "ts": 1783053740.695}
{"event": "armed_running", "pid": 32853, "preset": "car_single", "search_preset": "lost_step_wait", "ts": 1783053755.731}
{"event": "armed_running", "pid": 32853, "preset": "car_single", "search_preset": "lost_step_wait", "ts": 1783053755.731}
{"event": "armed_running", "pid": 32853, "preset": "car_single", "search_preset": "lost_step_wait", "ts": 1783053770.766}
{"event": "armed_running", "pid": 32853, "preset": "car_single", "search_preset": "lost_step_wait", "ts": 1783053770.766}
{"event": "armed_running", "pid": 32853, "preset": "car_single", "search_preset": "lost_step_wait", "ts": 1783053785.801}
{"event": "armed_running", "pid": 32853, "preset": "car_single", "search_preset": "lost_step_wait", "ts": 1783053785.801}
{"event": "armed_running", "pid": 32853, "preset": "car_single", "search_preset": "lost_step_wait", "ts": 1783053800.835}
{"event": "armed_running", "pid": 32853, "preset": "car_single", "search_preset": "lost_step_wait", "ts": 1783053800.835}
{"event": "armed_running", "pid": 32853, "preset": "car_single", "search_preset": "lost_step_wait", "ts": 1783053815.872}
{"event": "armed_running", "pid": 32853, "preset": "car_single", "search_preset": "lost_step_wait", "ts": 1783053815.872}
{"event": "armed_running", "pid": 32853, "preset": "car_single", "search_preset": "lost_step_wait", "ts": 1783053830.907}
{"event": "armed_running", "pid": 32853, "preset": "car_single", "search_preset": "lost_step_wait", "ts": 1783053830.907}
{"event": "armed_running", "pid": 32853, "preset": "car_single", "search_preset": "lost_step_wait", "ts": 1783053845.942}
{"event": "armed_running", "pid": 32853, "preset": "car_single", "search_preset": "lost_step_wait", "ts": 1783053845.942}
{"event": "armed_running", "pid": 32853, "preset": "car_single", "search_preset": "lost_step_wait", "ts": 1783053860.978}
{"event": "armed_running", "pid": 32853, "preset": "car_single", "search_preset": "lost_step_wait", "ts": 1783053860.978}
{"event": "armed_running", "pid": 32853, "preset": "car_single", "search_preset": "lost_step_wait", "ts": 1783053876.013}
{"event": "armed_running", "pid": 32853, "preset": "car_single", "search_preset": "lost_step_wait", "ts": 1783053876.013}
{"event": "armed_running", "pid": 32853, "preset": "car_single", "search_preset": "lost_step_wait", "ts": 1783053891.048}
{"event": "armed_running", "pid": 32853, "preset": "car_single", "search_preset": "lost_step_wait", "ts": 1783053891.048}
{"event": "armed_running", "pid": 32853, "preset": "car_single", "search_preset": "lost_step_wait", "ts": 1783053906.082}
{"event": "armed_running", "pid": 32853, "preset": "car_single", "search_preset": "lost_step_wait", "ts": 1783053906.082}
{"event": "armed_running", "pid": 32853, "preset": "car_single", "search_preset": "lost_step_wait", "ts": 1783053921.118}
{"event": "armed_running", "pid": 32853, "preset": "car_single", "search_preset": "lost_step_wait", "ts": 1783053921.118}
{"event": "armed_running", "pid": 32853, "preset": "car_single", "search_preset": "lost_step_wait", "ts": 1783053936.154}
{"event": "armed_running", "pid": 32853, "preset": "car_single", "search_preset": "lost_step_wait", "ts": 1783053936.154}
{"event": "armed_running", "pid": 32853, "preset": "car_single", "search_preset": "lost_step_wait", "ts": 1783053951.189}
{"event": "armed_running", "pid": 32853, "preset": "car_single", "search_preset": "lost_step_wait", "ts": 1783053951.189}
{"event": "armed_running", "pid": 32853, "preset": "car_single", "search_preset": "lost_step_wait", "ts": 1783053966.224}
{"event": "armed_running", "pid": 32853, "preset": "car_single", "search_preset": "lost_step_wait", "ts": 1783053966.224}
{"event": "armed_running", "pid": 32853, "preset": "car_single", "search_preset": "lost_step_wait", "ts": 1783053981.26}
{"event": "armed_running", "pid": 32853, "preset": "car_single", "search_preset": "lost_step_wait", "ts": 1783053981.26}
{"event": "armed_running", "pid": 32853, "preset": "car_single", "search_preset": "lost_step_wait", "ts": 1783053996.296}
{"event": "armed_running", "pid": 32853, "preset": "car_single", "search_preset": "lost_step_wait", "ts": 1783053996.296}
{"event": "armed_running", "pid": 32853, "preset": "car_single", "search_preset": "lost_step_wait", "ts": 1783054011.331}
{"event": "armed_running", "pid": 32853, "preset": "car_single", "search_preset": "lost_step_wait", "ts": 1783054011.331}
{"event": "armed_running", "pid": 32853, "preset": "car_single", "search_preset": "lost_step_wait", "ts": 1783054026.37}
{"event": "armed_running", "pid": 32853, "preset": "car_single", "search_preset": "lost_step_wait", "ts": 1783054026.37}
{"event": "armed_running", "pid": 32853, "preset": "car_single", "search_preset": "lost_step_wait", "ts": 1783054041.409}
{"event": "armed_running", "pid": 32853, "preset": "car_single", "search_preset": "lost_step_wait", "ts": 1783054041.409}
{"event": "armed_running", "pid": 32853, "preset": "car_single", "search_preset": "lost_step_wait", "ts": 1783054056.444}
{"event": "armed_running", "pid": 32853, "preset": "car_single", "search_preset": "lost_step_wait", "ts": 1783054056.444}
{"event": "armed_running", "pid": 32853, "preset": "car_single", "search_preset": "lost_step_wait", "ts": 1783054071.48}
{"event": "armed_running", "pid": 32853, "preset": "car_single", "search_preset": "lost_step_wait", "ts": 1783054071.48}
{"event": "armed_running", "pid": 32853, "preset": "car_single", "search_preset": "lost_step_wait", "ts": 1783054086.516}
{"event": "armed_running", "pid": 32853, "preset": "car_single", "search_preset": "lost_step_wait", "ts": 1783054086.516}
{"event": "armed_running", "pid": 32853, "preset": "car_single", "search_preset": "lost_step_wait", "ts": 1783054101.551}
{"event": "armed_running", "pid": 32853, "preset": "car_single", "search_preset": "lost_step_wait", "ts": 1783054101.551}
{"event": "armed_running", "pid": 32853, "preset": "car_single", "search_preset": "lost_step_wait", "ts": 1783054116.587}
{"event": "armed_running", "pid": 32853, "preset": "car_single", "search_preset": "lost_step_wait", "ts": 1783054116.587}
{"event": "armed_running", "pid": 32853, "preset": "car_single", "search_preset": "lost_step_wait", "ts": 1783054131.622}
{"event": "armed_running", "pid": 32853, "preset": "car_single", "search_preset": "lost_step_wait", "ts": 1783054131.622}
{"event": "armed_running", "pid": 32853, "preset": "car_single", "search_preset": "lost_step_wait", "ts": 1783054146.658}
{"event": "armed_running", "pid": 32853, "preset": "car_single", "search_preset": "lost_step_wait", "ts": 1783054146.658}
{"event": "armed_running", "pid": 32853, "preset": "car_single", "search_preset": "lost_step_wait", "ts": 1783054161.694}
{"event": "armed_running", "pid": 32853, "preset": "car_single", "search_preset": "lost_step_wait", "ts": 1783054161.694}
{"event": "armed_running", "pid": 32853, "preset": "car_single", "search_preset": "lost_step_wait", "ts": 1783054176.728}
{"event": "armed_running", "pid": 32853, "preset": "car_single", "search_preset": "lost_step_wait", "ts": 1783054176.728}
{"event": "armed_running", "pid": 32853, "preset": "car_single", "search_preset": "lost_step_wait", "ts": 1783054191.763}
{"event": "armed_running", "pid": 32853, "preset": "car_single", "search_preset": "lost_step_wait", "ts": 1783054191.763}
{"event": "armed_running", "pid": 32853, "preset": "car_single", "search_preset": "lost_step_wait", "ts": 1783054206.799}
{"event": "armed_running", "pid": 32853, "preset": "car_single", "search_preset": "lost_step_wait", "ts": 1783054206.799}
{"event": "armed_running", "pid": 32853, "preset": "car_single", "search_preset": "lost_step_wait", "ts": 1783054221.835}
{"event": "armed_running", "pid": 32853, "preset": "car_single", "search_preset": "lost_step_wait", "ts": 1783054221.835}
{"event": "armed_running", "pid": 32853, "preset": "car_single", "search_preset": "lost_step_wait", "ts": 1783054236.871}
{"event": "armed_running", "pid": 32853, "preset": "car_single", "search_preset": "lost_step_wait", "ts": 1783054236.871}
{"event": "armed_running", "pid": 32853, "preset": "car_single", "search_preset": "lost_step_wait", "ts": 1783054251.906}
{"event": "armed_running", "pid": 32853, "preset": "car_single", "search_preset": "lost_step_wait", "ts": 1783054251.906}
{"event": "armed_running", "pid": 32853, "preset": "car_single", "search_preset": "lost_step_wait", "ts": 1783054266.94}
{"event": "armed_running", "pid": 32853, "preset": "car_single", "search_preset": "lost_step_wait", "ts": 1783054266.94}
{"event": "armed_running", "pid": 32853, "preset": "car_single", "search_preset": "lost_step_wait", "ts": 1783054281.976}
{"event": "armed_running", "pid": 32853, "preset": "car_single", "search_preset": "lost_step_wait", "ts": 1783054281.976}
{"event": "armed_running", "pid": 32853, "preset": "car_single", "search_preset": "lost_step_wait", "ts": 1783054297.012}
{"event": "armed_running", "pid": 32853, "preset": "car_single", "search_preset": "lost_step_wait", "ts": 1783054297.012}
{"event": "armed_running", "pid": 32853, "preset": "car_single", "search_preset": "lost_step_wait", "ts": 1783054312.048}
{"event": "armed_running", "pid": 32853, "preset": "car_single", "search_preset": "lost_step_wait", "ts": 1783054312.048}
{"event": "armed_running", "pid": 32853, "preset": "car_single", "search_preset": "lost_step_wait", "ts": 1783054327.081}
{"event": "armed_running", "pid": 32853, "preset": "car_single", "search_preset": "lost_step_wait", "ts": 1783054327.081}
{"event": "armed_running", "pid": 32853, "preset": "car_single", "search_preset": "lost_step_wait", "ts": 1783054342.117}
{"event": "armed_running", "pid": 32853, "preset": "car_single", "search_preset": "lost_step_wait", "ts": 1783054342.117}
{"event": "armed_running", "pid": 32853, "preset": "car_single", "search_preset": "lost_step_wait", "ts": 1783054357.152}
{"event": "armed_running", "pid": 32853, "preset": "car_single", "search_preset": "lost_step_wait", "ts": 1783054357.152}
{"event": "armed_running", "pid": 32853, "preset": "car_single", "search_preset": "lost_step_wait", "ts": 1783054372.186}
{"event": "armed_running", "pid": 32853, "preset": "car_single", "search_preset": "lost_step_wait", "ts": 1783054372.186}
{"event": "armed_running", "pid": 32853, "preset": "car_single", "search_preset": "lost_step_wait", "ts": 1783054387.217}
{"event": "armed_running", "pid": 32853, "preset": "car_single", "search_preset": "lost_step_wait", "ts": 1783054387.217}
{"event": "armed_running", "pid": 32853, "preset": "car_single", "search_preset": "lost_step_wait", "ts": 1783054402.25}
{"event": "armed_running", "pid": 32853, "preset": "car_single", "search_preset": "lost_step_wait", "ts": 1783054402.25}
{"event": "armed_running", "pid": 32853, "preset": "car_single", "search_preset": "lost_step_wait", "ts": 1783054417.285}
{"event": "armed_running", "pid": 32853, "preset": "car_single", "search_preset": "lost_step_wait", "ts": 1783054417.285}
{"event": "armed_running", "pid": 32853, "preset": "car_single", "search_preset": "lost_step_wait", "ts": 1783054432.319}
{"event": "armed_running", "pid": 32853, "preset": "car_single", "search_preset": "lost_step_wait", "ts": 1783054432.319}
{"event": "armed_running", "pid": 32853, "preset": "car_single", "search_preset": "lost_step_wait", "ts": 1783054447.354}
{"event": "armed_running", "pid": 32853, "preset": "car_single", "search_preset": "lost_step_wait", "ts": 1783054447.354}
{"event": "armed_running", "pid": 32853, "preset": "car_single", "search_preset": "lost_step_wait", "ts": 1783054462.387}
{"event": "armed_running", "pid": 32853, "preset": "car_single", "search_preset": "lost_step_wait", "ts": 1783054462.387}
{"event": "armed_running", "pid": 32853, "preset": "car_single", "search_preset": "lost_step_wait", "ts": 1783054477.422}
{"event": "armed_running", "pid": 32853, "preset": "car_single", "search_preset": "lost_step_wait", "ts": 1783054477.422}
{"event": "armed_running", "pid": 32853, "preset": "car_single", "search_preset": "lost_step_wait", "ts": 1783054492.458}
{"event": "armed_running", "pid": 32853, "preset": "car_single", "search_preset": "lost_step_wait", "ts": 1783054492.458}
{"event": "armed_running", "pid": 32853, "preset": "car_single", "search_preset": "lost_step_wait", "ts": 1783054507.492}
{"event": "armed_running", "pid": 32853, "preset": "car_single", "search_preset": "lost_step_wait", "ts": 1783054507.492}
{"event": "armed_running", "pid": 32853, "preset": "car_single", "search_preset": "lost_step_wait", "ts": 1783054522.523}
{"event": "armed_running", "pid": 32853, "preset": "car_single", "search_preset": "lost_step_wait", "ts": 1783054522.523}
{"event": "armed_running", "pid": 32853, "preset": "car_single", "search_preset": "lost_step_wait", "ts": 1783054537.559}
{"event": "armed_running", "pid": 32853, "preset": "car_single", "search_preset": "lost_step_wait", "ts": 1783054537.559}
{"event": "armed_running", "pid": 32853, "preset": "car_single", "search_preset": "lost_step_wait", "ts": 1783054552.593}
{"event": "armed_running", "pid": 32853, "preset": "car_single", "search_preset": "lost_step_wait", "ts": 1783054552.593}
{"event": "armed_running", "pid": 32853, "preset": "car_single", "search_preset": "lost_step_wait", "ts": 1783054567.627}
{"event": "armed_running", "pid": 32853, "preset": "car_single", "search_preset": "lost_step_wait", "ts": 1783054567.627}
{"event": "armed_running", "pid": 32853, "preset": "car_single", "search_preset": "lost_step_wait", "ts": 1783054582.661}
{"event": "armed_running", "pid": 32853, "preset": "car_single", "search_preset": "lost_step_wait", "ts": 1783054582.661}
{"event": "armed_running", "pid": 32853, "preset": "car_single", "search_preset": "lost_step_wait", "ts": 1783054597.694}
{"event": "armed_running", "pid": 32853, "preset": "car_single", "search_preset": "lost_step_wait", "ts": 1783054597.694}
{"event": "armed_running", "pid": 32853, "preset": "car_single", "search_preset": "lost_step_wait", "ts": 1783054612.731}
{"event": "armed_running", "pid": 32853, "preset": "car_single", "search_preset": "lost_step_wait", "ts": 1783054612.731}
{"event": "armed_running", "pid": 32853, "preset": "car_single", "search_preset": "lost_step_wait", "ts": 1783054627.769}
{"event": "armed_running", "pid": 32853, "preset": "car_single", "search_preset": "lost_step_wait", "ts": 1783054627.769}
{"event": "armed_running", "pid": 32853, "preset": "car_single", "search_preset": "lost_step_wait", "ts": 1783054642.804}
{"event": "armed_running", "pid": 32853, "preset": "car_single", "search_preset": "lost_step_wait", "ts": 1783054642.804}
{"event": "armed_running", "pid": 32853, "preset": "car_single", "search_preset": "lost_step_wait", "ts": 1783054657.84}
{"event": "armed_running", "pid": 32853, "preset": "car_single", "search_preset": "lost_step_wait", "ts": 1783054657.84}
{"event": "child_stop", "pid": 32853, "preset": "car_single::lost_step_wait", "reason": "ptzArmed_false", "ts": 1783054660.848}
{"event": "child_stop", "pid": 32853, "preset": "car_single::lost_step_wait", "reason": "ptzArmed_false", "ts": 1783054660.848}
{"archived": "/root/rknpu2/examples/rknn_yolov8_demo_opencv_2_work_2/new_yolo8/logs/session_20260703_045740_ptzArmed_false", "event": "logs_archived", "reason": "ptzArmed_false", "ts": 1783054661.566}
{"archived": "/root/rknpu2/examples/rknn_yolov8_demo_opencv_2_work_2/new_yolo8/logs/session_20260703_045740_ptzArmed_false", "event": "logs_archived", "reason": "ptzArmed_false", "ts": 1783054661.566}
{"armed": false, "event": "idle_disarmed", "preset": "car_single", "single_auto": true, "ts": 1783054661.567}
{"armed": false, "event": "idle_disarmed", "preset": "car_single", "single_auto": true, "ts": 1783054661.567}
{"armed": false, "event": "idle_disarmed", "preset": "car_single", "single_auto": true, "ts": 1783054662.569}
{"armed": false, "event": "idle_disarmed", "preset": "car_single", "single_auto": true, "ts": 1783054662.569}
{"armed": false, "event": "idle_disarmed", "preset": "car_single", "single_auto": true, "ts": 1783054663.572}
{"armed": false, "event": "idle_disarmed", "preset": "car_single", "single_auto": true, "ts": 1783054663.572}
{"armed": false, "event": "idle_disarmed", "preset": "car_single", "single_auto": true, "ts": 1783054664.575}
{"armed": false, "event": "idle_disarmed", "preset": "car_single", "single_auto": true, "ts": 1783054664.575}
{"armed": false, "event": "idle_disarmed", "preset": "car_single", "single_auto": true, "ts": 1783054665.577}
{"armed": false, "event": "idle_disarmed", "preset": "car_single", "single_auto": true, "ts": 1783054665.577}
{"armed": false, "event": "idle_disarmed", "preset": "car_single", "single_auto": true, "ts": 1783054666.58}
{"armed": false, "event": "idle_disarmed", "preset": "car_single", "single_auto": true, "ts": 1783054666.58}
{"cmd": ["/usr/bin/python3", "/root/rknpu2/examples/rknn_yolov8_demo_opencv_2_work_2/new_yolo8/apply_ptz_object_preset.py", "--preset", "car_single", "--arm", "force", "--strategy", "preset", "--watch"], "event": "child_start", "pid": 97492, "preset": "car_single", "search_preset": "lost_step_wait", "ts": 1783054667.584}
{"cmd": ["/usr/bin/python3", "/root/rknpu2/examples/rknn_yolov8_demo_opencv_2_work_2/new_yolo8/apply_ptz_object_preset.py", "--preset", "car_single", "--arm", "force", "--strategy", "preset", "--watch"], "event": "child_start", "pid": 97492, "preset": "car_single", "search_preset": "lost_step_wait", "ts": 1783054667.584}
{"event": "armed_running", "pid": 97492, "preset": "car_single", "search_preset": "lost_step_wait", "ts": 1783054668.586}
{"event": "armed_running", "pid": 97492, "preset": "car_single", "search_preset": "lost_step_wait", "ts": 1783054668.586}
{"event": "child_stop", "pid": 97492, "preset": "car_single::lost_step_wait", "reason": "ptzArmed_false", "ts": 1783054679.614}
{"event": "child_stop", "pid": 97492, "preset": "car_single::lost_step_wait", "reason": "ptzArmed_false", "ts": 1783054679.614}
{"archived": "/root/rknpu2/examples/rknn_yolov8_demo_opencv_2_work_2/new_yolo8/logs/session_20260703_045759_ptzArmed_false", "event": "logs_archived", "reason": "ptzArmed_false", "ts": 1783054680.86}
{"archived": "/root/rknpu2/examples/rknn_yolov8_demo_opencv_2_work_2/new_yolo8/logs/session_20260703_045759_ptzArmed_false", "event": "logs_archived", "reason": "ptzArmed_false", "ts": 1783054680.86}
{"armed": false, "event": "idle_disarmed", "preset": "car_single", "single_auto": true, "ts": 1783054680.861}
{"armed": false, "event": "idle_disarmed", "preset": "car_single", "single_auto": true, "ts": 1783054680.861}
{"armed": false, "event": "idle_disarmed", "preset": "car_single", "single_auto": true, "ts": 1783054681.864}
{"armed": false, "event": "idle_disarmed", "preset": "car_single", "single_auto": true, "ts": 1783054681.864}
{"armed": false, "event": "idle_disarmed", "preset": "car_single", "single_auto": true, "ts": 1783054682.866}
{"armed": false, "event": "idle_disarmed", "preset": "car_single", "single_auto": true, "ts": 1783054682.866}
{"armed": false, "event": "idle_disarmed", "preset": "car_single", "single_auto": true, "ts": 1783054683.869}
{"armed": false, "event": "idle_disarmed", "preset": "car_single", "single_auto": true, "ts": 1783054683.869}
{"armed": false, "event": "idle_disarmed", "preset": "car_single", "single_auto": true, "ts": 1783054684.872}
{"armed": false, "event": "idle_disarmed", "preset": "car_single", "single_auto": true, "ts": 1783054684.872}
{"armed": false, "event": "idle_disarmed", "preset": "car_single", "single_auto": true, "ts": 1783054685.874}
{"armed": false, "event": "idle_disarmed", "preset": "car_single", "single_auto": true, "ts": 1783054685.874}
{"armed": false, "event": "idle_disarmed", "preset": "car_single", "single_auto": true, "ts": 1783054686.877}
{"armed": false, "event": "idle_disarmed", "preset": "car_single", "single_auto": true, "ts": 1783054686.877}
{"armed": false, "event": "idle_disarmed", "preset": "car_single", "single_auto": true, "ts": 1783054687.88}
{"armed": false, "event": "idle_disarmed", "preset": "car_single", "single_auto": true, "ts": 1783054687.88}
{"armed": false, "event": "idle_disarmed", "preset": "car_single", "single_auto": true, "ts": 1783054688.882}
{"armed": false, "event": "idle_disarmed", "preset": "car_single", "single_auto": true, "ts": 1783054688.882}
{"armed": false, "event": "idle_disarmed", "preset": "car_single", "single_auto": true, "ts": 1783054689.885}
{"armed": false, "event": "idle_disarmed", "preset": "car_single", "single_auto": true, "ts": 1783054689.885}
{"armed": false, "event": "idle_disarmed", "preset": "car_single", "single_auto": true, "ts": 1783054690.888}
{"armed": false, "event": "idle_disarmed", "preset": "car_single", "single_auto": true, "ts": 1783054690.888}
{"armed": false, "event": "idle_disarmed", "preset": "car_single", "single_auto": true, "ts": 1783054691.891}
{"armed": false, "event": "idle_disarmed", "preset": "car_single", "single_auto": true, "ts": 1783054691.891}
{"armed": false, "event": "idle_disarmed", "preset": "car_single", "single_auto": true, "ts": 1783054692.894}
{"armed": false, "event": "idle_disarmed", "preset": "car_single", "single_auto": true, "ts": 1783054692.894}
{"armed": false, "event": "idle_disarmed", "preset": "car_single", "single_auto": true, "ts": 1783054693.896}
{"armed": false, "event": "idle_disarmed", "preset": "car_single", "single_auto": true, "ts": 1783054693.896}
{"armed": false, "event": "idle_disarmed", "preset": "car_single", "single_auto": true, "ts": 1783054694.899}
{"armed": false, "event": "idle_disarmed", "preset": "car_single", "single_auto": true, "ts": 1783054694.899}
{"armed": false, "event": "idle_disarmed", "preset": "car_single", "single_auto": true, "ts": 1783054695.902}
{"armed": false, "event": "idle_disarmed", "preset": "car_single", "single_auto": true, "ts": 1783054695.902}
{"armed": false, "event": "idle_disarmed", "preset": "car_single", "single_auto": true, "ts": 1783054696.905}
{"armed": false, "event": "idle_disarmed", "preset": "car_single", "single_auto": true, "ts": 1783054696.905}
{"armed": false, "event": "idle_disarmed", "preset": "car_single", "single_auto": true, "ts": 1783054697.907}
{"armed": false, "event": "idle_disarmed", "preset": "car_single", "single_auto": true, "ts": 1783054697.907}
{"armed": false, "event": "idle_disarmed", "preset": "car_single", "single_auto": true, "ts": 1783054698.91}
{"armed": false, "event": "idle_disarmed", "preset": "car_single", "single_auto": true, "ts": 1783054698.91}
{"armed": false, "event": "idle_disarmed", "preset": "car_single", "single_auto": true, "ts": 1783054699.913}
{"armed": false, "event": "idle_disarmed", "preset": "car_single", "single_auto": true, "ts": 1783054699.913}
{"armed": false, "event": "idle_disarmed", "preset": "car_single", "single_auto": true, "ts": 1783054700.916}
{"armed": false, "event": "idle_disarmed", "preset": "car_single", "single_auto": true, "ts": 1783054700.916}
{"armed": false, "event": "idle_disarmed", "preset": "car_single", "single_auto": true, "ts": 1783054701.918}
{"armed": false, "event": "idle_disarmed", "preset": "car_single", "single_auto": true, "ts": 1783054701.918}
{"armed": false, "event": "idle_disarmed", "preset": "car_single", "single_auto": true, "ts": 1783054702.921}
{"armed": false, "event": "idle_disarmed", "preset": "car_single", "single_auto": true, "ts": 1783054702.921}
{"armed": false, "event": "idle_disarmed", "preset": "car_single", "single_auto": true, "ts": 1783054703.923}
{"armed": false, "event": "idle_disarmed", "preset": "car_single", "single_auto": true, "ts": 1783054703.923}
{"armed": false, "event": "idle_disarmed", "preset": "car_single", "single_auto": true, "ts": 1783054704.926}
{"armed": false, "event": "idle_disarmed", "preset": "car_single", "single_auto": true, "ts": 1783054704.926}
{"armed": false, "event": "idle_disarmed", "preset": "car_single", "single_auto": true, "ts": 1783054705.928}
{"armed": false, "event": "idle_disarmed", "preset": "car_single", "single_auto": true, "ts": 1783054705.928}
{"armed": false, "event": "idle_disarmed", "preset": "car_single", "single_auto": true, "ts": 1783054706.931}
{"armed": false, "event": "idle_disarmed", "preset": "car_single", "single_auto": true, "ts": 1783054706.931}
{"armed": false, "event": "idle_disarmed", "preset": "car_single", "single_auto": true, "ts": 1783054707.934}
{"armed": false, "event": "idle_disarmed", "preset": "car_single", "single_auto": true, "ts": 1783054707.934}
{"armed": false, "event": "idle_disarmed", "preset": "car_single", "single_auto": true, "ts": 1783054708.936}
{"armed": false, "event": "idle_disarmed", "preset": "car_single", "single_auto": true, "ts": 1783054708.936}
{"armed": false, "event": "idle_disarmed", "preset": "car_single", "single_auto": true, "ts": 1783054709.939}
{"armed": false, "event": "idle_disarmed", "preset": "car_single", "single_auto": true, "ts": 1783054709.939}
{"armed": false, "event": "idle_disarmed", "preset": "car_single", "single_auto": true, "ts": 1783054710.942}
{"armed": false, "event": "idle_disarmed", "preset": "car_single", "single_auto": true, "ts": 1783054710.942}
{"armed": false, "event": "idle_disarmed", "preset": "car_single", "single_auto": true, "ts": 1783054711.944}
{"armed": false, "event": "idle_disarmed", "preset": "car_single", "single_auto": true, "ts": 1783054711.944}
{"armed": false, "event": "idle_disarmed", "preset": "car_single", "single_auto": true, "ts": 1783054712.947}
{"armed": false, "event": "idle_disarmed", "preset": "car_single", "single_auto": true, "ts": 1783054712.947}
{"armed": false, "event": "idle_disarmed", "preset": "car_single", "single_auto": true, "ts": 1783054713.95}
{"armed": false, "event": "idle_disarmed", "preset": "car_single", "single_auto": true, "ts": 1783054713.95}
{"armed": false, "event": "idle_disarmed", "preset": "car_single", "single_auto": true, "ts": 1783054714.952}
{"armed": false, "event": "idle_disarmed", "preset": "car_single", "single_auto": true, "ts": 1783054714.952}
{"armed": false, "event": "idle_disarmed", "preset": "car_single", "single_auto": true, "ts": 1783054715.955}
{"armed": false, "event": "idle_disarmed", "preset": "car_single", "single_auto": true, "ts": 1783054715.955}
{"armed": false, "event": "idle_disarmed", "preset": "car_single", "single_auto": true, "ts": 1783054716.958}
{"armed": false, "event": "idle_disarmed", "preset": "car_single", "single_auto": true, "ts": 1783054716.958}
{"armed": false, "event": "idle_disarmed", "preset": "car_single", "single_auto": true, "ts": 1783054717.961}
{"armed": false, "event": "idle_disarmed", "preset": "car_single", "single_auto": true, "ts": 1783054717.961}
{"armed": false, "event": "idle_disarmed", "preset": "car_single", "single_auto": true, "ts": 1783054718.963}
{"armed": false, "event": "idle_disarmed", "preset": "car_single", "single_auto": true, "ts": 1783054718.963}
{"armed": false, "event": "idle_disarmed", "preset": "car_single", "single_auto": true, "ts": 1783054719.966}
{"armed": false, "event": "idle_disarmed", "preset": "car_single", "single_auto": true, "ts": 1783054719.966}
{"armed": false, "event": "idle_disarmed", "preset": "car_single", "single_auto": true, "ts": 1783054720.969}
{"armed": false, "event": "idle_disarmed", "preset": "car_single", "single_auto": true, "ts": 1783054720.969}
{"armed": false, "event": "idle_disarmed", "preset": "car_single", "single_auto": true, "ts": 1783054721.972}
{"armed": false, "event": "idle_disarmed", "preset": "car_single", "single_auto": true, "ts": 1783054721.972}
{"armed": false, "event": "idle_disarmed", "preset": "car_single", "single_auto": true, "ts": 1783054722.974}
{"armed": false, "event": "idle_disarmed", "preset": "car_single", "single_auto": true, "ts": 1783054722.974}
{"armed": false, "event": "idle_disarmed", "preset": "car_single", "single_auto": true, "ts": 1783054723.977}
{"armed": false, "event": "idle_disarmed", "preset": "car_single", "single_auto": true, "ts": 1783054723.977}
{"armed": false, "event": "idle_disarmed", "preset": "car_single", "single_auto": true, "ts": 1783054724.98}
{"armed": false, "event": "idle_disarmed", "preset": "car_single", "single_auto": true, "ts": 1783054724.98}
{"armed": false, "event": "idle_disarmed", "preset": "car_single", "single_auto": true, "ts": 1783054725.983}
{"armed": false, "event": "idle_disarmed", "preset": "car_single", "single_auto": true, "ts": 1783054725.983}
{"armed": false, "event": "idle_disarmed", "preset": "car_single", "single_auto": true, "ts": 1783054726.986}
{"armed": false, "event": "idle_disarmed", "preset": "car_single", "single_auto": true, "ts": 1783054726.986}
{"armed": false, "event": "idle_disarmed", "preset": "car_single", "single_auto": true, "ts": 1783054727.988}
{"armed": false, "event": "idle_disarmed", "preset": "car_single", "single_auto": true, "ts": 1783054727.988}
{"armed": false, "event": "idle_disarmed", "preset": "car_single", "single_auto": true, "ts": 1783054728.991}
{"armed": false, "event": "idle_disarmed", "preset": "car_single", "single_auto": true, "ts": 1783054728.991}
{"armed": false, "event": "idle_disarmed", "preset": "car_single", "single_auto": true, "ts": 1783054729.994}
{"armed": false, "event": "idle_disarmed", "preset": "car_single", "single_auto": true, "ts": 1783054729.994}
{"armed": false, "event": "idle_disarmed", "preset": "car_single", "single_auto": true, "ts": 1783054730.996}
{"armed": false, "event": "idle_disarmed", "preset": "car_single", "single_auto": true, "ts": 1783054730.996}
{"armed": false, "event": "idle_disarmed", "preset": "car_single", "single_auto": true, "ts": 1783054731.999}
{"armed": false, "event": "idle_disarmed", "preset": "car_single", "single_auto": true, "ts": 1783054731.999}
{"armed": false, "event": "idle_disarmed", "preset": "car_single", "single_auto": true, "ts": 1783054733.002}
{"armed": false, "event": "idle_disarmed", "preset": "car_single", "single_auto": true, "ts": 1783054733.002}
{"armed": false, "event": "idle_disarmed", "preset": "car_single", "single_auto": true, "ts": 1783054734.004}
{"armed": false, "event": "idle_disarmed", "preset": "car_single", "single_auto": true, "ts": 1783054734.004}
{"armed": false, "event": "idle_disarmed", "preset": "car_single", "single_auto": true, "ts": 1783054735.007}
{"armed": false, "event": "idle_disarmed", "preset": "car_single", "single_auto": true, "ts": 1783054735.007}
{"armed": false, "event": "idle_disarmed", "preset": "car_single", "single_auto": true, "ts": 1783054736.009}
{"armed": false, "event": "idle_disarmed", "preset": "car_single", "single_auto": true, "ts": 1783054736.009}
{"armed": false, "event": "idle_disarmed", "preset": "car_single", "single_auto": true, "ts": 1783054737.012}
{"armed": false, "event": "idle_disarmed", "preset": "car_single", "single_auto": true, "ts": 1783054737.012}
{"armed": false, "event": "idle_disarmed", "preset": "car_single", "single_auto": true, "ts": 1783054738.015}
{"armed": false, "event": "idle_disarmed", "preset": "car_single", "single_auto": true, "ts": 1783054738.015}
{"armed": false, "event": "idle_disarmed", "preset": "car_single", "single_auto": true, "ts": 1783054739.018}
{"armed": false, "event": "idle_disarmed", "preset": "car_single", "single_auto": true, "ts": 1783054739.018}
{"armed": false, "event": "idle_disarmed", "preset": "car_single", "single_auto": true, "ts": 1783054740.02}
{"armed": false, "event": "idle_disarmed", "preset": "car_single", "single_auto": true, "ts": 1783054740.02}
{"armed": false, "event": "idle_disarmed", "preset": "car_single", "single_auto": true, "ts": 1783054741.023}
{"armed": false, "event": "idle_disarmed", "preset": "car_single", "single_auto": true, "ts": 1783054741.023}
{"armed": false, "event": "idle_disarmed", "preset": "car_single", "single_auto": true, "ts": 1783054742.026}
{"armed": false, "event": "idle_disarmed", "preset": "car_single", "single_auto": true, "ts": 1783054742.026}
{"armed": false, "event": "idle_disarmed", "preset": "car_single", "single_auto": true, "ts": 1783054743.029}
{"armed": false, "event": "idle_disarmed", "preset": "car_single", "single_auto": true, "ts": 1783054743.029}
{"armed": false, "event": "idle_disarmed", "preset": "car_single", "single_auto": true, "ts": 1783054744.032}
{"armed": false, "event": "idle_disarmed", "preset": "car_single", "single_auto": true, "ts": 1783054744.032}
{"armed": false, "event": "idle_disarmed", "preset": "car_single", "single_auto": true, "ts": 1783054745.035}
{"armed": false, "event": "idle_disarmed", "preset": "car_single", "single_auto": true, "ts": 1783054745.035}
{"armed": false, "event": "idle_disarmed", "preset": "car_single", "single_auto": true, "ts": 1783054746.038}
{"armed": false, "event": "idle_disarmed", "preset": "car_single", "single_auto": true, "ts": 1783054746.038}
{"armed": false, "event": "idle_disarmed", "preset": "car_single", "single_auto": true, "ts": 1783054747.04}
{"armed": false, "event": "idle_disarmed", "preset": "car_single", "single_auto": true, "ts": 1783054747.04}
{"armed": false, "event": "idle_disarmed", "preset": "car_single", "single_auto": true, "ts": 1783054748.043}
{"armed": false, "event": "idle_disarmed", "preset": "car_single", "single_auto": true, "ts": 1783054748.043}
{"armed": false, "event": "idle_disarmed", "preset": "car_single", "single_auto": true, "ts": 1783054749.046}
{"armed": false, "event": "idle_disarmed", "preset": "car_single", "single_auto": true, "ts": 1783054749.046}
{"armed": false, "event": "idle_disarmed", "preset": "car_single", "single_auto": true, "ts": 1783054750.049}
{"armed": false, "event": "idle_disarmed", "preset": "car_single", "single_auto": true, "ts": 1783054750.049}
{"armed": false, "event": "idle_disarmed", "preset": "car_single", "single_auto": true, "ts": 1783054751.052}
{"armed": false, "event": "idle_disarmed", "preset": "car_single", "single_auto": true, "ts": 1783054751.052}
{"armed": false, "event": "idle_disarmed", "preset": "car_single", "single_auto": true, "ts": 1783054752.054}
{"armed": false, "event": "idle_disarmed", "preset": "car_single", "single_auto": true, "ts": 1783054752.054}
{"armed": false, "event": "idle_disarmed", "preset": "car_single", "single_auto": true, "ts": 1783054753.057}
{"armed": false, "event": "idle_disarmed", "preset": "car_single", "single_auto": true, "ts": 1783054753.057}
{"armed": false, "event": "idle_disarmed", "preset": "car_single", "single_auto": true, "ts": 1783054754.06}
{"armed": false, "event": "idle_disarmed", "preset": "car_single", "single_auto": true, "ts": 1783054754.06}
{"armed": false, "event": "idle_disarmed", "preset": "car_single", "single_auto": true, "ts": 1783054755.062}
{"armed": false, "event": "idle_disarmed", "preset": "car_single", "single_auto": true, "ts": 1783054755.062}
{"armed": false, "event": "idle_disarmed", "preset": "car_single", "single_auto": true, "ts": 1783054756.065}
{"armed": false, "event": "idle_disarmed", "preset": "car_single", "single_auto": true, "ts": 1783054756.065}
{"armed": false, "event": "idle_disarmed", "preset": "car_single", "single_auto": true, "ts": 1783054757.068}
{"armed": false, "event": "idle_disarmed", "preset": "car_single", "single_auto": true, "ts": 1783054757.068}
{"armed": false, "event": "idle_disarmed", "preset": "car_single", "single_auto": true, "ts": 1783054758.07}
{"armed": false, "event": "idle_disarmed", "preset": "car_single", "single_auto": true, "ts": 1783054758.07}
{"armed": false, "event": "idle_disarmed", "preset": "car_single", "single_auto": true, "ts": 1783054759.073}
{"armed": false, "event": "idle_disarmed", "preset": "car_single", "single_auto": true, "ts": 1783054759.073}
{"armed": false, "event": "idle_disarmed", "preset": "car_single", "single_auto": true, "ts": 1783054760.076}
{"armed": false, "event": "idle_disarmed", "preset": "car_single", "single_auto": true, "ts": 1783054760.076}
{"armed": false, "event": "idle_disarmed", "preset": "car_single", "single_auto": true, "ts": 1783054761.079}
{"armed": false, "event": "idle_disarmed", "preset": "car_single", "single_auto": true, "ts": 1783054761.079}
{"armed": false, "event": "idle_disarmed", "preset": "car_single", "single_auto": true, "ts": 1783054762.082}
{"armed": false, "event": "idle_disarmed", "preset": "car_single", "single_auto": true, "ts": 1783054762.082}
{"armed": false, "event": "idle_disarmed", "preset": "car_single", "single_auto": true, "ts": 1783054763.084}
{"armed": false, "event": "idle_disarmed", "preset": "car_single", "single_auto": true, "ts": 1783054763.084}
{"armed": false, "event": "idle_disarmed", "preset": "car_single", "single_auto": true, "ts": 1783054764.087}
{"armed": false, "event": "idle_disarmed", "preset": "car_single", "single_auto": true, "ts": 1783054764.087}
{"armed": false, "event": "idle_disarmed", "preset": "car_single", "single_auto": true, "ts": 1783054765.09}
{"armed": false, "event": "idle_disarmed", "preset": "car_single", "single_auto": true, "ts": 1783054765.09}
{"armed": false, "event": "idle_disarmed", "preset": "car_single", "single_auto": true, "ts": 1783054766.093}
{"armed": false, "event": "idle_disarmed", "preset": "car_single", "single_auto": true, "ts": 1783054766.093}
{"armed": false, "event": "idle_disarmed", "preset": "car_single", "single_auto": true, "ts": 1783054767.096}
{"armed": false, "event": "idle_disarmed", "preset": "car_single", "single_auto": true, "ts": 1783054767.096}
{"armed": false, "event": "idle_disarmed", "preset": "car_single", "single_auto": true, "ts": 1783054768.098}
{"armed": false, "event": "idle_disarmed", "preset": "car_single", "single_auto": true, "ts": 1783054768.098}
{"armed": false, "event": "idle_disarmed", "preset": "car_single", "single_auto": true, "ts": 1783054769.101}
{"armed": false, "event": "idle_disarmed", "preset": "car_single", "single_auto": true, "ts": 1783054769.101}
{"armed": false, "event": "idle_disarmed", "preset": "car_single", "single_auto": true, "ts": 1783054770.104}
{"armed": false, "event": "idle_disarmed", "preset": "car_single", "single_auto": true, "ts": 1783054770.104}
{"armed": false, "event": "idle_disarmed", "preset": "car_single", "single_auto": true, "ts": 1783054771.106}
{"armed": false, "event": "idle_disarmed", "preset": "car_single", "single_auto": true, "ts": 1783054771.106}
{"armed": false, "event": "idle_disarmed", "preset": "car_single", "single_auto": true, "ts": 1783054772.109}
{"armed": false, "event": "idle_disarmed", "preset": "car_single", "single_auto": true, "ts": 1783054772.109}
{"armed": false, "event": "idle_disarmed", "preset": "car_single", "single_auto": true, "ts": 1783054773.112}
{"armed": false, "event": "idle_disarmed", "preset": "car_single", "single_auto": true, "ts": 1783054773.112}
{"armed": false, "event": "idle_disarmed", "preset": "car_single", "single_auto": true, "ts": 1783054774.115}
{"armed": false, "event": "idle_disarmed", "preset": "car_single", "single_auto": true, "ts": 1783054774.115}
{"armed": false, "event": "idle_disarmed", "preset": "car_single", "single_auto": true, "ts": 1783054775.118}
{"armed": false, "event": "idle_disarmed", "preset": "car_single", "single_auto": true, "ts": 1783054775.118}
{"armed": false, "event": "idle_disarmed", "preset": "car_single", "single_auto": true, "ts": 1783054776.121}
{"armed": false, "event": "idle_disarmed", "preset": "car_single", "single_auto": true, "ts": 1783054776.121}
{"armed": false, "event": "idle_disarmed", "preset": "car_single", "single_auto": true, "ts": 1783054777.123}
{"armed": false, "event": "idle_disarmed", "preset": "car_single", "single_auto": true, "ts": 1783054777.123}
{"armed": false, "event": "idle_disarmed", "preset": "car_single", "single_auto": true, "ts": 1783054778.126}
{"armed": false, "event": "idle_disarmed", "preset": "car_single", "single_auto": true, "ts": 1783054778.126}
{"armed": false, "event": "idle_disarmed", "preset": "car_single", "single_auto": true, "ts": 1783054779.128}
{"armed": false, "event": "idle_disarmed", "preset": "car_single", "single_auto": true, "ts": 1783054779.128}
{"armed": false, "event": "idle_disarmed", "preset": "car_single", "single_auto": true, "ts": 1783054780.131}
{"armed": false, "event": "idle_disarmed", "preset": "car_single", "single_auto": true, "ts": 1783054780.131}
{"armed": false, "event": "idle_disarmed", "preset": "car_single", "single_auto": true, "ts": 1783054781.134}
{"armed": false, "event": "idle_disarmed", "preset": "car_single", "single_auto": true, "ts": 1783054781.134}
{"armed": false, "event": "idle_disarmed", "preset": "car_single", "single_auto": true, "ts": 1783054782.137}
{"armed": false, "event": "idle_disarmed", "preset": "car_single", "single_auto": true, "ts": 1783054782.137}
{"armed": false, "event": "idle_disarmed", "preset": "car_single", "single_auto": true, "ts": 1783054783.139}
{"armed": false, "event": "idle_disarmed", "preset": "car_single", "single_auto": true, "ts": 1783054783.139}
{"armed": false, "event": "idle_disarmed", "preset": "car_single", "single_auto": true, "ts": 1783054784.142}
{"armed": false, "event": "idle_disarmed", "preset": "car_single", "single_auto": true, "ts": 1783054784.142}
{"armed": false, "event": "idle_disarmed", "preset": "car_single", "single_auto": true, "ts": 1783054785.145}
{"armed": false, "event": "idle_disarmed", "preset": "car_single", "single_auto": true, "ts": 1783054785.145}
{"armed": false, "event": "idle_disarmed", "preset": "car_single", "single_auto": true, "ts": 1783054786.147}
{"armed": false, "event": "idle_disarmed", "preset": "car_single", "single_auto": true, "ts": 1783054786.147}
{"armed": false, "event": "idle_disarmed", "preset": "car_single", "single_auto": true, "ts": 1783054787.15}
{"armed": false, "event": "idle_disarmed", "preset": "car_single", "single_auto": true, "ts": 1783054787.15}
{"armed": false, "event": "idle_disarmed", "preset": "car_single", "single_auto": true, "ts": 1783054788.153}
{"armed": false, "event": "idle_disarmed", "preset": "car_single", "single_auto": true, "ts": 1783054788.153}
{"armed": false, "event": "idle_disarmed", "preset": "car_single", "single_auto": true, "ts": 1783054789.156}
{"armed": false, "event": "idle_disarmed", "preset": "car_single", "single_auto": true, "ts": 1783054789.156}
{"armed": false, "event": "idle_disarmed", "preset": "car_single", "single_auto": true, "ts": 1783054790.159}
{"armed": false, "event": "idle_disarmed", "preset": "car_single", "single_auto": true, "ts": 1783054790.159}
{"armed": false, "event": "idle_disarmed", "preset": "car_single", "single_auto": true, "ts": 1783054791.161}
{"armed": false, "event": "idle_disarmed", "preset": "car_single", "single_auto": true, "ts": 1783054791.161}
{"armed": false, "event": "idle_disarmed", "preset": "car_single", "single_auto": true, "ts": 1783054792.164}
{"armed": false, "event": "idle_disarmed", "preset": "car_single", "single_auto": true, "ts": 1783054792.164}
{"armed": false, "event": "idle_disarmed", "preset": "car_single", "single_auto": true, "ts": 1783054793.167}
{"armed": false, "event": "idle_disarmed", "preset": "car_single", "single_auto": true, "ts": 1783054793.167}
{"armed": false, "event": "idle_disarmed", "preset": "car_single", "single_auto": true, "ts": 1783054794.169}
{"armed": false, "event": "idle_disarmed", "preset": "car_single", "single_auto": true, "ts": 1783054794.169}
{"armed": false, "event": "idle_disarmed", "preset": "car_single", "single_auto": true, "ts": 1783054795.172}
{"armed": false, "event": "idle_disarmed", "preset": "car_single", "single_auto": true, "ts": 1783054795.172}
{"armed": false, "event": "idle_disarmed", "preset": "car_single", "single_auto": true, "ts": 1783054796.175}
{"armed": false, "event": "idle_disarmed", "preset": "car_single", "single_auto": true, "ts": 1783054796.175}
{"armed": false, "event": "idle_disarmed", "preset": "car_single", "single_auto": true, "ts": 1783054797.177}
{"armed": false, "event": "idle_disarmed", "preset": "car_single", "single_auto": true, "ts": 1783054797.177}
{"armed": false, "event": "idle_disarmed", "preset": "car_single", "single_auto": true, "ts": 1783054798.18}
{"armed": false, "event": "idle_disarmed", "preset": "car_single", "single_auto": true, "ts": 1783054798.18}
{"armed": false, "event": "idle_disarmed", "preset": "car_single", "single_auto": true, "ts": 1783054799.182}
{"armed": false, "event": "idle_disarmed", "preset": "car_single", "single_auto": true, "ts": 1783054799.182}
{"armed": false, "event": "idle_disarmed", "preset": "car_single", "single_auto": true, "ts": 1783054800.185}
{"armed": false, "event": "idle_disarmed", "preset": "car_single", "single_auto": true, "ts": 1783054800.185}
{"armed": false, "event": "idle_disarmed", "preset": "car_single", "single_auto": true, "ts": 1783054801.188}
{"armed": false, "event": "idle_disarmed", "preset": "car_single", "single_auto": true, "ts": 1783054801.188}
{"armed": false, "event": "idle_disarmed", "preset": "car_single", "single_auto": true, "ts": 1783054802.191}
{"armed": false, "event": "idle_disarmed", "preset": "car_single", "single_auto": true, "ts": 1783054802.191}
{"armed": false, "event": "idle_disarmed", "preset": "car_single", "single_auto": true, "ts": 1783054803.194}
{"armed": false, "event": "idle_disarmed", "preset": "car_single", "single_auto": true, "ts": 1783054803.194}
{"armed": false, "event": "idle_disarmed", "preset": "car_single", "single_auto": true, "ts": 1783054804.196}
{"armed": false, "event": "idle_disarmed", "preset": "car_single", "single_auto": true, "ts": 1783054804.196}
{"armed": false, "event": "idle_disarmed", "preset": "car_single", "single_auto": true, "ts": 1783054805.199}
{"armed": false, "event": "idle_disarmed", "preset": "car_single", "single_auto": true, "ts": 1783054805.199}
{"armed": false, "event": "idle_disarmed", "preset": "car_single", "single_auto": true, "ts": 1783054806.202}
{"armed": false, "event": "idle_disarmed", "preset": "car_single", "single_auto": true, "ts": 1783054806.202}
{"armed": false, "event": "idle_disarmed", "preset": "car_single", "single_auto": true, "ts": 1783054807.204}
{"armed": false, "event": "idle_disarmed", "preset": "car_single", "single_auto": true, "ts": 1783054807.204}
{"armed": false, "event": "idle_disarmed", "preset": "car_single", "single_auto": true, "ts": 1783054808.207}
{"armed": false, "event": "idle_disarmed", "preset": "car_single", "single_auto": true, "ts": 1783054808.207}
{"armed": false, "event": "idle_disarmed", "preset": "car_single", "single_auto": true, "ts": 1783054809.21}
{"armed": false, "event": "idle_disarmed", "preset": "car_single", "single_auto": true, "ts": 1783054809.21}
{"armed": false, "event": "idle_disarmed", "preset": "car_single", "single_auto": true, "ts": 1783054810.213}
{"armed": false, "event": "idle_disarmed", "preset": "car_single", "single_auto": true, "ts": 1783054810.213}
{"armed": false, "event": "idle_disarmed", "preset": "car_single", "single_auto": true, "ts": 1783054811.215}
{"armed": false, "event": "idle_disarmed", "preset": "car_single", "single_auto": true, "ts": 1783054811.215}
{"armed": false, "event": "idle_disarmed", "preset": "car_single", "single_auto": true, "ts": 1783054812.218}
{"armed": false, "event": "idle_disarmed", "preset": "car_single", "single_auto": true, "ts": 1783054812.218}
{"armed": false, "event": "idle_disarmed", "preset": "car_single", "single_auto": true, "ts": 1783054813.221}
{"armed": false, "event": "idle_disarmed", "preset": "car_single", "single_auto": true, "ts": 1783054813.221}
{"armed": false, "event": "idle_disarmed", "preset": "car_single", "single_auto": true, "ts": 1783054814.224}
{"armed": false, "event": "idle_disarmed", "preset": "car_single", "single_auto": true, "ts": 1783054814.224}
{"armed": false, "event": "idle_disarmed", "preset": "car_single", "single_auto": true, "ts": 1783054815.226}
{"armed": false, "event": "idle_disarmed", "preset": "car_single", "single_auto": true, "ts": 1783054815.226}
{"armed": false, "event": "idle_disarmed", "preset": "car_single", "single_auto": true, "ts": 1783054816.229}
{"armed": false, "event": "idle_disarmed", "preset": "car_single", "single_auto": true, "ts": 1783054816.229}
{"armed": false, "event": "idle_disarmed", "preset": "car_single", "single_auto": true, "ts": 1783054817.232}
{"armed": false, "event": "idle_disarmed", "preset": "car_single", "single_auto": true, "ts": 1783054817.232}
{"armed": false, "event": "idle_disarmed", "preset": "car_single", "single_auto": true, "ts": 1783054818.234}
{"armed": false, "event": "idle_disarmed", "preset": "car_single", "single_auto": true, "ts": 1783054818.234}
{"armed": false, "event": "idle_disarmed", "preset": "car_single", "single_auto": true, "ts": 1783054819.237}
{"armed": false, "event": "idle_disarmed", "preset": "car_single", "single_auto": true, "ts": 1783054819.237}
{"armed": false, "event": "idle_disarmed", "preset": "car_single", "single_auto": true, "ts": 1783054820.24}
{"armed": false, "event": "idle_disarmed", "preset": "car_single", "single_auto": true, "ts": 1783054820.24}
{"armed": false, "event": "idle_disarmed", "preset": "car_single", "single_auto": true, "ts": 1783054821.242}
{"armed": false, "event": "idle_disarmed", "preset": "car_single", "single_auto": true, "ts": 1783054821.242}
{"armed": false, "event": "idle_disarmed", "preset": "car_single", "single_auto": true, "ts": 1783054822.245}
{"armed": false, "event": "idle_disarmed", "preset": "car_single", "single_auto": true, "ts": 1783054822.245}
{"armed": false, "event": "idle_disarmed", "preset": "car_single", "single_auto": true, "ts": 1783054823.248}
{"armed": false, "event": "idle_disarmed", "preset": "car_single", "single_auto": true, "ts": 1783054823.248}
{"armed": false, "event": "idle_disarmed", "preset": "car_single", "single_auto": true, "ts": 1783054824.25}
{"armed": false, "event": "idle_disarmed", "preset": "car_single", "single_auto": true, "ts": 1783054824.25}
{"armed": false, "event": "idle_disarmed", "preset": "car_single", "single_auto": true, "ts": 1783054825.253}
{"armed": false, "event": "idle_disarmed", "preset": "car_single", "single_auto": true, "ts": 1783054825.253}
{"armed": false, "event": "idle_disarmed", "preset": "car_single", "single_auto": true, "ts": 1783054826.256}
{"armed": false, "event": "idle_disarmed", "preset": "car_single", "single_auto": true, "ts": 1783054826.256}
{"armed": false, "event": "idle_disarmed", "preset": "car_single", "single_auto": true, "ts": 1783054827.259}
{"armed": false, "event": "idle_disarmed", "preset": "car_single", "single_auto": true, "ts": 1783054827.259}
{"armed": false, "event": "idle_disarmed", "preset": "car_single", "single_auto": true, "ts": 1783054828.261}
{"armed": false, "event": "idle_disarmed", "preset": "car_single", "single_auto": true, "ts": 1783054828.261}
{"armed": false, "event": "idle_disarmed", "preset": "car_single", "single_auto": true, "ts": 1783054829.264}
{"armed": false, "event": "idle_disarmed", "preset": "car_single", "single_auto": true, "ts": 1783054829.264}
{"armed": false, "event": "idle_disarmed", "preset": "car_single", "single_auto": true, "ts": 1783054830.267}
{"armed": false, "event": "idle_disarmed", "preset": "car_single", "single_auto": true, "ts": 1783054830.267}
{"armed": false, "event": "idle_disarmed", "preset": "car_single", "single_auto": true, "ts": 1783054831.27}
{"armed": false, "event": "idle_disarmed", "preset": "car_single", "single_auto": true, "ts": 1783054831.27}
{"armed": false, "event": "idle_disarmed", "preset": "car_single", "single_auto": true, "ts": 1783054832.272}
{"armed": false, "event": "idle_disarmed", "preset": "car_single", "single_auto": true, "ts": 1783054832.272}
{"armed": false, "event": "idle_disarmed", "preset": "car_single", "single_auto": true, "ts": 1783054833.275}
{"armed": false, "event": "idle_disarmed", "preset": "car_single", "single_auto": true, "ts": 1783054833.275}
{"armed": false, "event": "idle_disarmed", "preset": "car_single", "single_auto": true, "ts": 1783054834.278}
{"armed": false, "event": "idle_disarmed", "preset": "car_single", "single_auto": true, "ts": 1783054834.278}
{"armed": false, "event": "idle_disarmed", "preset": "car_single", "single_auto": true, "ts": 1783054835.281}
{"armed": false, "event": "idle_disarmed", "preset": "car_single", "single_auto": true, "ts": 1783054835.281}
{"armed": false, "event": "idle_disarmed", "preset": "car_single", "single_auto": true, "ts": 1783054836.284}
{"armed": false, "event": "idle_disarmed", "preset": "car_single", "single_auto": true, "ts": 1783054836.284}
{"armed": false, "event": "idle_disarmed", "preset": "car_single", "single_auto": true, "ts": 1783054837.286}
{"armed": false, "event": "idle_disarmed", "preset": "car_single", "single_auto": true, "ts": 1783054837.286}
{"armed": false, "event": "idle_disarmed", "preset": "car_single", "single_auto": true, "ts": 1783054838.289}
{"armed": false, "event": "idle_disarmed", "preset": "car_single", "single_auto": true, "ts": 1783054838.289}
{"armed": false, "event": "idle_disarmed", "preset": "car_single", "single_auto": true, "ts": 1783054839.292}
{"armed": false, "event": "idle_disarmed", "preset": "car_single", "single_auto": true, "ts": 1783054839.292}
{"armed": false, "event": "idle_disarmed", "preset": "car_single", "single_auto": true, "ts": 1783054840.294}
{"armed": false, "event": "idle_disarmed", "preset": "car_single", "single_auto": true, "ts": 1783054840.294}
{"armed": false, "event": "idle_disarmed", "preset": "car_single", "single_auto": true, "ts": 1783054841.297}
{"armed": false, "event": "idle_disarmed", "preset": "car_single", "single_auto": true, "ts": 1783054841.297}
{"armed": false, "event": "idle_disarmed", "preset": "car_single", "single_auto": true, "ts": 1783054842.3}
{"armed": false, "event": "idle_disarmed", "preset": "car_single", "single_auto": true, "ts": 1783054842.3}
{"armed": false, "event": "idle_disarmed", "preset": "car_single", "single_auto": true, "ts": 1783054843.302}
{"armed": false, "event": "idle_disarmed", "preset": "car_single", "single_auto": true, "ts": 1783054843.302}
{"armed": false, "event": "idle_disarmed", "preset": "car_single", "single_auto": true, "ts": 1783054844.305}
{"armed": false, "event": "idle_disarmed", "preset": "car_single", "single_auto": true, "ts": 1783054844.305}
{"armed": false, "event": "idle_disarmed", "preset": "car_single", "single_auto": true, "ts": 1783054845.307}
{"armed": false, "event": "idle_disarmed", "preset": "car_single", "single_auto": true, "ts": 1783054845.307}
{"armed": false, "event": "idle_disarmed", "preset": "car_single", "single_auto": true, "ts": 1783054846.31}
{"armed": false, "event": "idle_disarmed", "preset": "car_single", "single_auto": true, "ts": 1783054846.31}
{"armed": false, "event": "idle_disarmed", "preset": "car_single", "single_auto": true, "ts": 1783054847.312}
{"armed": false, "event": "idle_disarmed", "preset": "car_single", "single_auto": true, "ts": 1783054847.312}
{"armed": false, "event": "idle_disarmed", "preset": "car_single", "single_auto": true, "ts": 1783054848.315}
{"armed": false, "event": "idle_disarmed", "preset": "car_single", "single_auto": true, "ts": 1783054848.315}
{"armed": false, "event": "idle_disarmed", "preset": "car_single", "single_auto": true, "ts": 1783054849.318}
{"armed": false, "event": "idle_disarmed", "preset": "car_single", "single_auto": true, "ts": 1783054849.318}
{"armed": false, "event": "idle_disarmed", "preset": "car_single", "single_auto": true, "ts": 1783054850.321}
{"armed": false, "event": "idle_disarmed", "preset": "car_single", "single_auto": true, "ts": 1783054850.321}
{"armed": false, "event": "idle_disarmed", "preset": "car_single", "single_auto": true, "ts": 1783054851.323}
{"armed": false, "event": "idle_disarmed", "preset": "car_single", "single_auto": true, "ts": 1783054851.323}
{"armed": false, "event": "idle_disarmed", "preset": "car_single", "single_auto": true, "ts": 1783054852.326}
{"armed": false, "event": "idle_disarmed", "preset": "car_single", "single_auto": true, "ts": 1783054852.326}
{"armed": false, "event": "idle_disarmed", "preset": "car_single", "single_auto": true, "ts": 1783054853.329}
{"armed": false, "event": "idle_disarmed", "preset": "car_single", "single_auto": true, "ts": 1783054853.329}
{"armed": false, "event": "idle_disarmed", "preset": "car_single", "single_auto": true, "ts": 1783054854.331}
{"armed": false, "event": "idle_disarmed", "preset": "car_single", "single_auto": true, "ts": 1783054854.331}
{"armed": false, "event": "idle_disarmed", "preset": "car_single", "single_auto": true, "ts": 1783054855.334}
{"armed": false, "event": "idle_disarmed", "preset": "car_single", "single_auto": true, "ts": 1783054855.334}
{"armed": false, "event": "idle_disarmed", "preset": "car_single", "single_auto": true, "ts": 1783054856.337}
{"armed": false, "event": "idle_disarmed", "preset": "car_single", "single_auto": true, "ts": 1783054856.337}
{"armed": false, "event": "idle_disarmed", "preset": "car_single", "single_auto": true, "ts": 1783054857.339}
{"armed": false, "event": "idle_disarmed", "preset": "car_single", "single_auto": true, "ts": 1783054857.339}
{"armed": false, "event": "idle_disarmed", "preset": "car_single", "single_auto": true, "ts": 1783054858.342}
{"armed": false, "event": "idle_disarmed", "preset": "car_single", "single_auto": true, "ts": 1783054858.342}
{"armed": false, "event": "idle_disarmed", "preset": "car_single", "single_auto": true, "ts": 1783054859.345}
{"armed": false, "event": "idle_disarmed", "preset": "car_single", "single_auto": true, "ts": 1783054859.345}
{"armed": false, "event": "idle_disarmed", "preset": "car_single", "single_auto": true, "ts": 1783054860.348}
{"armed": false, "event": "idle_disarmed", "preset": "car_single", "single_auto": true, "ts": 1783054860.348}
{"armed": false, "event": "idle_disarmed", "preset": "car_single", "single_auto": true, "ts": 1783054861.35}
{"armed": false, "event": "idle_disarmed", "preset": "car_single", "single_auto": true, "ts": 1783054861.35}
{"armed": false, "event": "idle_disarmed", "preset": "car_single", "single_auto": true, "ts": 1783054862.353}
{"armed": false, "event": "idle_disarmed", "preset": "car_single", "single_auto": true, "ts": 1783054862.353}
{"armed": false, "event": "idle_disarmed", "preset": "car_single", "single_auto": true, "ts": 1783054863.356}
{"armed": false, "event": "idle_disarmed", "preset": "car_single", "single_auto": true, "ts": 1783054863.356}
{"armed": false, "event": "idle_disarmed", "preset": "car_single", "single_auto": true, "ts": 1783054864.358}
{"armed": false, "event": "idle_disarmed", "preset": "car_single", "single_auto": true, "ts": 1783054864.358}
{"armed": false, "event": "idle_disarmed", "preset": "car_single", "single_auto": true, "ts": 1783054865.361}
{"armed": false, "event": "idle_disarmed", "preset": "car_single", "single_auto": true, "ts": 1783054865.361}
{"armed": false, "event": "idle_disarmed", "preset": "car_single", "single_auto": true, "ts": 1783054866.364}
{"armed": false, "event": "idle_disarmed", "preset": "car_single", "single_auto": true, "ts": 1783054866.364}
{"armed": false, "event": "idle_disarmed", "preset": "car_single", "single_auto": true, "ts": 1783054867.366}
{"armed": false, "event": "idle_disarmed", "preset": "car_single", "single_auto": true, "ts": 1783054867.366}
{"armed": false, "event": "idle_disarmed", "preset": "car_single", "single_auto": true, "ts": 1783054868.369}
{"armed": false, "event": "idle_disarmed", "preset": "car_single", "single_auto": true, "ts": 1783054868.369}
{"armed": false, "event": "idle_disarmed", "preset": "car_single", "single_auto": true, "ts": 1783054869.371}
{"armed": false, "event": "idle_disarmed", "preset": "car_single", "single_auto": true, "ts": 1783054869.371}
{"armed": false, "event": "idle_disarmed", "preset": "car_single", "single_auto": true, "ts": 1783054870.374}
{"armed": false, "event": "idle_disarmed", "preset": "car_single", "single_auto": true, "ts": 1783054870.374}
{"armed": false, "event": "idle_disarmed", "preset": "car_single", "single_auto": true, "ts": 1783054871.377}
{"armed": false, "event": "idle_disarmed", "preset": "car_single", "single_auto": true, "ts": 1783054871.377}
{"armed": false, "event": "idle_disarmed", "preset": "car_single", "single_auto": true, "ts": 1783054872.379}
{"armed": false, "event": "idle_disarmed", "preset": "car_single", "single_auto": true, "ts": 1783054872.379}
{"armed": false, "event": "idle_disarmed", "preset": "car_single", "single_auto": true, "ts": 1783054873.382}
{"armed": false, "event": "idle_disarmed", "preset": "car_single", "single_auto": true, "ts": 1783054873.382}
{"armed": false, "event": "idle_disarmed", "preset": "car_single", "single_auto": true, "ts": 1783054874.384}
{"armed": false, "event": "idle_disarmed", "preset": "car_single", "single_auto": true, "ts": 1783054874.384}
{"armed": false, "event": "idle_disarmed", "preset": "car_single", "single_auto": true, "ts": 1783054875.387}
{"armed": false, "event": "idle_disarmed", "preset": "car_single", "single_auto": true, "ts": 1783054875.387}
{"armed": false, "event": "idle_disarmed", "preset": "car_single", "single_auto": true, "ts": 1783054876.39}
{"armed": false, "event": "idle_disarmed", "preset": "car_single", "single_auto": true, "ts": 1783054876.39}
{"armed": false, "event": "idle_disarmed", "preset": "car_single", "single_auto": true, "ts": 1783054877.392}
{"armed": false, "event": "idle_disarmed", "preset": "car_single", "single_auto": true, "ts": 1783054877.392}
{"armed": false, "event": "idle_disarmed", "preset": "car_single", "single_auto": true, "ts": 1783054878.395}
{"armed": false, "event": "idle_disarmed", "preset": "car_single", "single_auto": true, "ts": 1783054878.395}
{"armed": false, "event": "idle_disarmed", "preset": "car_single", "single_auto": true, "ts": 1783054879.398}
{"armed": false, "event": "idle_disarmed", "preset": "car_single", "single_auto": true, "ts": 1783054879.398}
{"armed": false, "event": "idle_disarmed", "preset": "car_single", "single_auto": true, "ts": 1783054880.4}
{"armed": false, "event": "idle_disarmed", "preset": "car_single", "single_auto": true, "ts": 1783054880.4}
{"armed": false, "event": "idle_disarmed", "preset": "car_single", "single_auto": true, "ts": 1783054881.403}
{"armed": false, "event": "idle_disarmed", "preset": "car_single", "single_auto": true, "ts": 1783054881.403}
{"armed": false, "event": "idle_disarmed", "preset": "car_single", "single_auto": true, "ts": 1783054882.406}
{"armed": false, "event": "idle_disarmed", "preset": "car_single", "single_auto": true, "ts": 1783054882.406}
{"armed": false, "event": "idle_disarmed", "preset": "car_single", "single_auto": true, "ts": 1783054883.408}
{"armed": false, "event": "idle_disarmed", "preset": "car_single", "single_auto": true, "ts": 1783054883.408}
{"armed": false, "event": "idle_disarmed", "preset": "car_single", "single_auto": true, "ts": 1783054884.411}
{"armed": false, "event": "idle_disarmed", "preset": "car_single", "single_auto": true, "ts": 1783054884.411}
{"armed": false, "event": "idle_disarmed", "preset": "car_single", "single_auto": true, "ts": 1783054885.414}
{"armed": false, "event": "idle_disarmed", "preset": "car_single", "single_auto": true, "ts": 1783054885.414}
{"armed": false, "event": "idle_disarmed", "preset": "car_single", "single_auto": true, "ts": 1783054886.417}
{"armed": false, "event": "idle_disarmed", "preset": "car_single", "single_auto": true, "ts": 1783054886.417}
{"armed": false, "event": "idle_disarmed", "preset": "car_single", "single_auto": true, "ts": 1783054887.419}
{"armed": false, "event": "idle_disarmed", "preset": "car_single", "single_auto": true, "ts": 1783054887.419}
{"armed": false, "event": "idle_disarmed", "preset": "car_single", "single_auto": true, "ts": 1783054888.422}
{"armed": false, "event": "idle_disarmed", "preset": "car_single", "single_auto": true, "ts": 1783054888.422}
{"armed": false, "event": "idle_disarmed", "preset": "car_single", "single_auto": true, "ts": 1783054889.424}
{"armed": false, "event": "idle_disarmed", "preset": "car_single", "single_auto": true, "ts": 1783054889.424}
{"armed": false, "event": "idle_disarmed", "preset": "car_single", "single_auto": true, "ts": 1783054890.427}
{"armed": false, "event": "idle_disarmed", "preset": "car_single", "single_auto": true, "ts": 1783054890.427}
{"armed": false, "event": "idle_disarmed", "preset": "car_single", "single_auto": true, "ts": 1783054891.43}
{"armed": false, "event": "idle_disarmed", "preset": "car_single", "single_auto": true, "ts": 1783054891.43}
{"armed": false, "event": "idle_disarmed", "preset": "car_single", "single_auto": true, "ts": 1783054892.432}
{"armed": false, "event": "idle_disarmed", "preset": "car_single", "single_auto": true, "ts": 1783054892.432}
{"armed": false, "event": "idle_disarmed", "preset": "car_single", "single_auto": true, "ts": 1783054893.435}
{"armed": false, "event": "idle_disarmed", "preset": "car_single", "single_auto": true, "ts": 1783054893.435}
{"armed": false, "event": "idle_disarmed", "preset": "car_single", "single_auto": true, "ts": 1783054894.438}
{"armed": false, "event": "idle_disarmed", "preset": "car_single", "single_auto": true, "ts": 1783054894.438}
{"armed": false, "event": "idle_disarmed", "preset": "car_single", "single_auto": true, "ts": 1783054895.441}
{"armed": false, "event": "idle_disarmed", "preset": "car_single", "single_auto": true, "ts": 1783054895.441}
{"armed": false, "event": "idle_disarmed", "preset": "car_single", "single_auto": true, "ts": 1783054896.443}
{"armed": false, "event": "idle_disarmed", "preset": "car_single", "single_auto": true, "ts": 1783054896.443}
{"armed": false, "event": "idle_disarmed", "preset": "car_single", "single_auto": true, "ts": 1783054897.446}
{"armed": false, "event": "idle_disarmed", "preset": "car_single", "single_auto": true, "ts": 1783054897.446}
{"armed": false, "event": "idle_disarmed", "preset": "car_single", "single_auto": true, "ts": 1783054898.449}
{"armed": false, "event": "idle_disarmed", "preset": "car_single", "single_auto": true, "ts": 1783054898.449}
{"armed": false, "event": "idle_disarmed", "preset": "car_single", "single_auto": true, "ts": 1783054899.451}
{"armed": false, "event": "idle_disarmed", "preset": "car_single", "single_auto": true, "ts": 1783054899.451}
{"armed": false, "event": "idle_disarmed", "preset": "car_single", "single_auto": true, "ts": 1783054900.454}
{"armed": false, "event": "idle_disarmed", "preset": "car_single", "single_auto": true, "ts": 1783054900.454}
{"armed": false, "event": "idle_disarmed", "preset": "car_single", "single_auto": true, "ts": 1783054901.456}
{"armed": false, "event": "idle_disarmed", "preset": "car_single", "single_auto": true, "ts": 1783054901.456}
{"armed": false, "event": "idle_disarmed", "preset": "car_single", "single_auto": true, "ts": 1783054902.459}
{"armed": false, "event": "idle_disarmed", "preset": "car_single", "single_auto": true, "ts": 1783054902.459}
{"armed": false, "event": "idle_disarmed", "preset": "car_single", "single_auto": true, "ts": 1783054903.462}
{"armed": false, "event": "idle_disarmed", "preset": "car_single", "single_auto": true, "ts": 1783054903.462}
{"armed": false, "event": "idle_disarmed", "preset": "car_single", "single_auto": true, "ts": 1783054904.465}
{"armed": false, "event": "idle_disarmed", "preset": "car_single", "single_auto": true, "ts": 1783054904.465}
{"armed": false, "event": "idle_disarmed", "preset": "car_single", "single_auto": true, "ts": 1783054905.467}
{"armed": false, "event": "idle_disarmed", "preset": "car_single", "single_auto": true, "ts": 1783054905.467}
{"armed": false, "event": "idle_disarmed", "preset": "car_single", "single_auto": true, "ts": 1783054906.47}
{"armed": false, "event": "idle_disarmed", "preset": "car_single", "single_auto": true, "ts": 1783054906.47}
{"armed": false, "event": "idle_disarmed", "preset": "car_single", "single_auto": true, "ts": 1783054907.473}
{"armed": false, "event": "idle_disarmed", "preset": "car_single", "single_auto": true, "ts": 1783054907.473}
{"armed": false, "event": "idle_disarmed", "preset": "car_single", "single_auto": true, "ts": 1783054908.475}
{"armed": false, "event": "idle_disarmed", "preset": "car_single", "single_auto": true, "ts": 1783054908.475}
{"armed": false, "event": "idle_disarmed", "preset": "car_single", "single_auto": true, "ts": 1783054909.478}
{"armed": false, "event": "idle_disarmed", "preset": "car_single", "single_auto": true, "ts": 1783054909.478}
{"armed": false, "event": "idle_disarmed", "preset": "car_single", "single_auto": true, "ts": 1783054910.481}
{"armed": false, "event": "idle_disarmed", "preset": "car_single", "single_auto": true, "ts": 1783054910.481}
{"armed": false, "event": "idle_disarmed", "preset": "car_single", "single_auto": true, "ts": 1783054911.483}
{"armed": false, "event": "idle_disarmed", "preset": "car_single", "single_auto": true, "ts": 1783054911.483}
{"armed": false, "event": "idle_disarmed", "preset": "car_single", "single_auto": true, "ts": 1783054912.486}
{"armed": false, "event": "idle_disarmed", "preset": "car_single", "single_auto": true, "ts": 1783054912.486}
{"armed": false, "event": "idle_disarmed", "preset": "car_single", "single_auto": true, "ts": 1783054913.488}
{"armed": false, "event": "idle_disarmed", "preset": "car_single", "single_auto": true, "ts": 1783054913.488}
{"armed": false, "event": "idle_disarmed", "preset": "car_single", "single_auto": true, "ts": 1783054914.491}
{"armed": false, "event": "idle_disarmed", "preset": "car_single", "single_auto": true, "ts": 1783054914.491}
{"armed": false, "event": "idle_disarmed", "preset": "car_single", "single_auto": true, "ts": 1783054915.494}
{"armed": false, "event": "idle_disarmed", "preset": "car_single", "single_auto": true, "ts": 1783054915.494}
{"armed": false, "event": "idle_disarmed", "preset": "car_single", "single_auto": true, "ts": 1783054916.496}
{"armed": false, "event": "idle_disarmed", "preset": "car_single", "single_auto": true, "ts": 1783054916.496}
{"armed": false, "event": "idle_disarmed", "preset": "car_single", "single_auto": true, "ts": 1783054917.499}
{"armed": false, "event": "idle_disarmed", "preset": "car_single", "single_auto": true, "ts": 1783054917.499}
{"armed": false, "event": "idle_disarmed", "preset": "car_single", "single_auto": true, "ts": 1783054918.502}
{"armed": false, "event": "idle_disarmed", "preset": "car_single", "single_auto": true, "ts": 1783054918.502}
{"armed": false, "event": "idle_disarmed", "preset": "car_single", "single_auto": true, "ts": 1783054919.504}
{"armed": false, "event": "idle_disarmed", "preset": "car_single", "single_auto": true, "ts": 1783054919.504}
{"armed": false, "event": "idle_disarmed", "preset": "car_single", "single_auto": true, "ts": 1783054920.507}
{"armed": false, "event": "idle_disarmed", "preset": "car_single", "single_auto": true, "ts": 1783054920.507}
{"armed": false, "event": "idle_disarmed", "preset": "car_single", "single_auto": true, "ts": 1783054921.51}
{"armed": false, "event": "idle_disarmed", "preset": "car_single", "single_auto": true, "ts": 1783054921.51}
{"armed": false, "event": "idle_disarmed", "preset": "car_single", "single_auto": true, "ts": 1783054922.513}
{"armed": false, "event": "idle_disarmed", "preset": "car_single", "single_auto": true, "ts": 1783054922.513}
{"armed": false, "event": "idle_disarmed", "preset": "car_single", "single_auto": true, "ts": 1783054923.515}
{"armed": false, "event": "idle_disarmed", "preset": "car_single", "single_auto": true, "ts": 1783054923.515}
{"armed": false, "event": "idle_disarmed", "preset": "car_single", "single_auto": true, "ts": 1783054924.518}
{"armed": false, "event": "idle_disarmed", "preset": "car_single", "single_auto": true, "ts": 1783054924.518}
{"armed": false, "event": "idle_disarmed", "preset": "car_single", "single_auto": true, "ts": 1783054925.521}
{"armed": false, "event": "idle_disarmed", "preset": "car_single", "single_auto": true, "ts": 1783054925.521}
{"armed": false, "event": "idle_disarmed", "preset": "car_single", "single_auto": true, "ts": 1783054926.524}
{"armed": false, "event": "idle_disarmed", "preset": "car_single", "single_auto": true, "ts": 1783054926.524}
{"armed": false, "event": "idle_disarmed", "preset": "car_single", "single_auto": true, "ts": 1783054927.527}
{"armed": false, "event": "idle_disarmed", "preset": "car_single", "single_auto": true, "ts": 1783054927.527}
{"armed": false, "event": "idle_disarmed", "preset": "car_single", "single_auto": true, "ts": 1783054928.53}
{"armed": false, "event": "idle_disarmed", "preset": "car_single", "single_auto": true, "ts": 1783054928.53}
{"armed": false, "event": "idle_disarmed", "preset": "car_single", "single_auto": true, "ts": 1783054929.532}
{"armed": false, "event": "idle_disarmed", "preset": "car_single", "single_auto": true, "ts": 1783054929.532}
{"armed": false, "event": "idle_disarmed", "preset": "car_single", "single_auto": true, "ts": 1783054930.535}
{"armed": false, "event": "idle_disarmed", "preset": "car_single", "single_auto": true, "ts": 1783054930.535}
{"armed": false, "event": "idle_disarmed", "preset": "car_single", "single_auto": true, "ts": 1783054931.538}
{"armed": false, "event": "idle_disarmed", "preset": "car_single", "single_auto": true, "ts": 1783054931.538}
{"armed": false, "event": "idle_disarmed", "preset": "car_single", "single_auto": true, "ts": 1783054932.54}
{"armed": false, "event": "idle_disarmed", "preset": "car_single", "single_auto": true, "ts": 1783054932.54}
{"armed": false, "event": "idle_disarmed", "preset": "car_single", "single_auto": true, "ts": 1783054933.543}
{"armed": false, "event": "idle_disarmed", "preset": "car_single", "single_auto": true, "ts": 1783054933.543}
{"armed": false, "event": "idle_disarmed", "preset": "car_single", "single_auto": true, "ts": 1783054934.546}
{"armed": false, "event": "idle_disarmed", "preset": "car_single", "single_auto": true, "ts": 1783054934.546}
{"armed": false, "event": "idle_disarmed", "preset": "car_single", "single_auto": true, "ts": 1783054935.548}
{"armed": false, "event": "idle_disarmed", "preset": "car_single", "single_auto": true, "ts": 1783054935.548}
{"armed": false, "event": "idle_disarmed", "preset": "car_single", "single_auto": true, "ts": 1783054936.551}
{"armed": false, "event": "idle_disarmed", "preset": "car_single", "single_auto": true, "ts": 1783054936.551}
{"armed": false, "event": "idle_disarmed", "preset": "car_single", "single_auto": true, "ts": 1783054937.554}
{"armed": false, "event": "idle_disarmed", "preset": "car_single", "single_auto": true, "ts": 1783054937.554}
{"armed": false, "event": "idle_disarmed", "preset": "car_single", "single_auto": true, "ts": 1783054938.557}
{"armed": false, "event": "idle_disarmed", "preset": "car_single", "single_auto": true, "ts": 1783054938.557}
{"armed": false, "event": "idle_disarmed", "preset": "car_single", "single_auto": true, "ts": 1783054939.559}
{"armed": false, "event": "idle_disarmed", "preset": "car_single", "single_auto": true, "ts": 1783054939.559}
{"armed": false, "event": "idle_disarmed", "preset": "car_single", "single_auto": true, "ts": 1783054940.562}
{"armed": false, "event": "idle_disarmed", "preset": "car_single", "single_auto": true, "ts": 1783054940.562}
{"armed": false, "event": "idle_disarmed", "preset": "car_single", "single_auto": true, "ts": 1783054941.565}
{"armed": false, "event": "idle_disarmed", "preset": "car_single", "single_auto": true, "ts": 1783054941.565}
{"armed": false, "event": "idle_disarmed", "preset": "car_single", "single_auto": true, "ts": 1783054942.567}
{"armed": false, "event": "idle_disarmed", "preset": "car_single", "single_auto": true, "ts": 1783054942.567}
{"armed": false, "event": "idle_disarmed", "preset": "car_single", "single_auto": true, "ts": 1783054943.57}
{"armed": false, "event": "idle_disarmed", "preset": "car_single", "single_auto": true, "ts": 1783054943.57}
{"armed": false, "event": "idle_disarmed", "preset": "car_single", "single_auto": true, "ts": 1783054944.573}
{"armed": false, "event": "idle_disarmed", "preset": "car_single", "single_auto": true, "ts": 1783054944.573}
{"armed": false, "event": "idle_disarmed", "preset": "car_single", "single_auto": true, "ts": 1783054945.575}
{"armed": false, "event": "idle_disarmed", "preset": "car_single", "single_auto": true, "ts": 1783054945.575}
{"armed": false, "event": "idle_disarmed", "preset": "car_single", "single_auto": true, "ts": 1783054946.578}
{"armed": false, "event": "idle_disarmed", "preset": "car_single", "single_auto": true, "ts": 1783054946.578}
{"armed": false, "event": "idle_disarmed", "preset": "car_single", "single_auto": true, "ts": 1783054947.58}
{"armed": false, "event": "idle_disarmed", "preset": "car_single", "single_auto": true, "ts": 1783054947.58}
{"armed": false, "event": "idle_disarmed", "preset": "car_single", "single_auto": true, "ts": 1783054948.583}
{"armed": false, "event": "idle_disarmed", "preset": "car_single", "single_auto": true, "ts": 1783054948.583}
{"armed": false, "event": "idle_disarmed", "preset": "car_single", "single_auto": true, "ts": 1783054949.586}
{"armed": false, "event": "idle_disarmed", "preset": "car_single", "single_auto": true, "ts": 1783054949.586}
{"armed": false, "event": "idle_disarmed", "preset": "car_single", "single_auto": true, "ts": 1783054950.589}
{"armed": false, "event": "idle_disarmed", "preset": "car_single", "single_auto": true, "ts": 1783054950.589}
{"armed": false, "event": "idle_disarmed", "preset": "car_single", "single_auto": true, "ts": 1783054951.591}
{"armed": false, "event": "idle_disarmed", "preset": "car_single", "single_auto": true, "ts": 1783054951.591}
{"armed": false, "event": "idle_disarmed", "preset": "car_single", "single_auto": true, "ts": 1783054952.594}
{"armed": false, "event": "idle_disarmed", "preset": "car_single", "single_auto": true, "ts": 1783054952.594}
{"armed": false, "event": "idle_disarmed", "preset": "car_single", "single_auto": true, "ts": 1783054953.597}
{"armed": false, "event": "idle_disarmed", "preset": "car_single", "single_auto": true, "ts": 1783054953.597}
{"armed": false, "event": "idle_disarmed", "preset": "car_single", "single_auto": true, "ts": 1783054954.6}
{"armed": false, "event": "idle_disarmed", "preset": "car_single", "single_auto": true, "ts": 1783054954.6}
{"armed": false, "event": "idle_disarmed", "preset": "car_single", "single_auto": true, "ts": 1783054955.602}
{"armed": false, "event": "idle_disarmed", "preset": "car_single", "single_auto": true, "ts": 1783054955.602}
{"armed": false, "event": "idle_disarmed", "preset": "car_single", "single_auto": true, "ts": 1783054956.605}
{"armed": false, "event": "idle_disarmed", "preset": "car_single", "single_auto": true, "ts": 1783054956.605}
{"armed": false, "event": "idle_disarmed", "preset": "car_single", "single_auto": true, "ts": 1783054957.607}
{"armed": false, "event": "idle_disarmed", "preset": "car_single", "single_auto": true, "ts": 1783054957.607}
{"armed": false, "event": "idle_disarmed", "preset": "car_single", "single_auto": true, "ts": 1783054958.61}
{"armed": false, "event": "idle_disarmed", "preset": "car_single", "single_auto": true, "ts": 1783054958.61}
{"armed": false, "event": "idle_disarmed", "preset": "car_single", "single_auto": true, "ts": 1783054959.612}
{"armed": false, "event": "idle_disarmed", "preset": "car_single", "single_auto": true, "ts": 1783054959.612}
{"armed": false, "event": "idle_disarmed", "preset": "car_single", "single_auto": true, "ts": 1783054960.615}
{"armed": false, "event": "idle_disarmed", "preset": "car_single", "single_auto": true, "ts": 1783054960.615}
{"armed": false, "event": "idle_disarmed", "preset": "car_single", "single_auto": true, "ts": 1783054961.618}
{"armed": false, "event": "idle_disarmed", "preset": "car_single", "single_auto": true, "ts": 1783054961.618}
{"armed": false, "event": "idle_disarmed", "preset": "car_single", "single_auto": true, "ts": 1783054962.621}
{"armed": false, "event": "idle_disarmed", "preset": "car_single", "single_auto": true, "ts": 1783054962.621}
{"armed": false, "event": "idle_disarmed", "preset": "car_single", "single_auto": true, "ts": 1783054963.624}
{"armed": false, "event": "idle_disarmed", "preset": "car_single", "single_auto": true, "ts": 1783054963.624}
{"armed": false, "event": "idle_disarmed", "preset": "car_single", "single_auto": true, "ts": 1783054964.627}
{"armed": false, "event": "idle_disarmed", "preset": "car_single", "single_auto": true, "ts": 1783054964.627}
{"armed": false, "event": "idle_disarmed", "preset": "car_single", "single_auto": true, "ts": 1783054965.629}
{"armed": false, "event": "idle_disarmed", "preset": "car_single", "single_auto": true, "ts": 1783054965.629}
{"armed": false, "event": "idle_disarmed", "preset": "car_single", "single_auto": true, "ts": 1783054966.632}
{"armed": false, "event": "idle_disarmed", "preset": "car_single", "single_auto": true, "ts": 1783054966.632}
{"armed": false, "event": "idle_disarmed", "preset": "car_single", "single_auto": true, "ts": 1783054967.634}
{"armed": false, "event": "idle_disarmed", "preset": "car_single", "single_auto": true, "ts": 1783054967.634}
{"armed": false, "event": "idle_disarmed", "preset": "car_single", "single_auto": true, "ts": 1783054968.637}
{"armed": false, "event": "idle_disarmed", "preset": "car_single", "single_auto": true, "ts": 1783054968.637}
{"armed": false, "event": "idle_disarmed", "preset": "car_single", "single_auto": true, "ts": 1783054969.64}
{"armed": false, "event": "idle_disarmed", "preset": "car_single", "single_auto": true, "ts": 1783054969.64}
{"armed": false, "event": "idle_disarmed", "preset": "car_single", "single_auto": true, "ts": 1783054970.643}
{"armed": false, "event": "idle_disarmed", "preset": "car_single", "single_auto": true, "ts": 1783054970.643}
{"armed": false, "event": "idle_disarmed", "preset": "car_single", "single_auto": true, "ts": 1783054971.645}
{"armed": false, "event": "idle_disarmed", "preset": "car_single", "single_auto": true, "ts": 1783054971.645}
{"armed": false, "event": "idle_disarmed", "preset": "car_single", "single_auto": true, "ts": 1783054972.649}
{"armed": false, "event": "idle_disarmed", "preset": "car_single", "single_auto": true, "ts": 1783054972.649}
{"armed": false, "event": "idle_disarmed", "preset": "car_single", "single_auto": true, "ts": 1783054973.652}
{"armed": false, "event": "idle_disarmed", "preset": "car_single", "single_auto": true, "ts": 1783054973.652}
{"armed": false, "event": "idle_disarmed", "preset": "car_single", "single_auto": true, "ts": 1783054974.654}
{"armed": false, "event": "idle_disarmed", "preset": "car_single", "single_auto": true, "ts": 1783054974.654}
{"armed": false, "event": "idle_disarmed", "preset": "car_single", "single_auto": true, "ts": 1783054975.657}
{"armed": false, "event": "idle_disarmed", "preset": "car_single", "single_auto": true, "ts": 1783054975.657}
{"armed": false, "event": "idle_disarmed", "preset": "car_single", "single_auto": true, "ts": 1783054976.66}
{"armed": false, "event": "idle_disarmed", "preset": "car_single", "single_auto": true, "ts": 1783054976.66}
{"armed": false, "event": "idle_disarmed", "preset": "car_single", "single_auto": true, "ts": 1783054977.662}
{"armed": false, "event": "idle_disarmed", "preset": "car_single", "single_auto": true, "ts": 1783054977.662}
{"armed": false, "event": "idle_disarmed", "preset": "car_single", "single_auto": true, "ts": 1783054978.665}
{"armed": false, "event": "idle_disarmed", "preset": "car_single", "single_auto": true, "ts": 1783054978.665}
{"armed": false, "event": "idle_disarmed", "preset": "car_single", "single_auto": true, "ts": 1783054979.668}
{"armed": false, "event": "idle_disarmed", "preset": "car_single", "single_auto": true, "ts": 1783054979.668}
{"armed": false, "event": "idle_disarmed", "preset": "car_single", "single_auto": true, "ts": 1783054980.671}
{"armed": false, "event": "idle_disarmed", "preset": "car_single", "single_auto": true, "ts": 1783054980.671}
{"armed": false, "event": "idle_disarmed", "preset": "car_single", "single_auto": true, "ts": 1783054981.673}
{"armed": false, "event": "idle_disarmed", "preset": "car_single", "single_auto": true, "ts": 1783054981.673}
{"armed": false, "event": "idle_disarmed", "preset": "car_single", "single_auto": true, "ts": 1783054982.676}
{"armed": false, "event": "idle_disarmed", "preset": "car_single", "single_auto": true, "ts": 1783054982.676}
{"armed": false, "event": "idle_disarmed", "preset": "car_single", "single_auto": true, "ts": 1783054983.679}
{"armed": false, "event": "idle_disarmed", "preset": "car_single", "single_auto": true, "ts": 1783054983.679}
{"armed": false, "event": "idle_disarmed", "preset": "car_single", "single_auto": true, "ts": 1783054984.681}
{"armed": false, "event": "idle_disarmed", "preset": "car_single", "single_auto": true, "ts": 1783054984.681}
{"armed": false, "event": "idle_disarmed", "preset": "car_single", "single_auto": true, "ts": 1783054985.684}
{"armed": false, "event": "idle_disarmed", "preset": "car_single", "single_auto": true, "ts": 1783054985.684}
{"armed": false, "event": "idle_disarmed", "preset": "car_single", "single_auto": true, "ts": 1783054986.687}
{"armed": false, "event": "idle_disarmed", "preset": "car_single", "single_auto": true, "ts": 1783054986.687}
{"armed": false, "event": "idle_disarmed", "preset": "car_single", "single_auto": true, "ts": 1783054987.689}
{"armed": false, "event": "idle_disarmed", "preset": "car_single", "single_auto": true, "ts": 1783054987.689}
{"armed": false, "event": "idle_disarmed", "preset": "car_single", "single_auto": true, "ts": 1783054988.692}
{"armed": false, "event": "idle_disarmed", "preset": "car_single", "single_auto": true, "ts": 1783054988.692}
{"armed": false, "event": "idle_disarmed", "preset": "car_single", "single_auto": true, "ts": 1783054989.695}
{"armed": false, "event": "idle_disarmed", "preset": "car_single", "single_auto": true, "ts": 1783054989.695}
{"armed": false, "event": "idle_disarmed", "preset": "car_single", "single_auto": true, "ts": 1783054990.698}
{"armed": false, "event": "idle_disarmed", "preset": "car_single", "single_auto": true, "ts": 1783054990.698}
{"armed": false, "event": "idle_disarmed", "preset": "car_single", "single_auto": true, "ts": 1783054991.701}
{"armed": false, "event": "idle_disarmed", "preset": "car_single", "single_auto": true, "ts": 1783054991.701}
{"armed": false, "event": "idle_disarmed", "preset": "car_single", "single_auto": true, "ts": 1783054992.704}
{"armed": false, "event": "idle_disarmed", "preset": "car_single", "single_auto": true, "ts": 1783054992.704}
{"armed": false, "event": "idle_disarmed", "preset": "car_single", "single_auto": true, "ts": 1783054993.706}
{"armed": false, "event": "idle_disarmed", "preset": "car_single", "single_auto": true, "ts": 1783054993.706}
{"armed": false, "event": "idle_disarmed", "preset": "car_single", "single_auto": true, "ts": 1783054994.709}
{"armed": false, "event": "idle_disarmed", "preset": "car_single", "single_auto": true, "ts": 1783054994.709}
{"armed": false, "event": "idle_disarmed", "preset": "car_single", "single_auto": true, "ts": 1783054995.712}
{"armed": false, "event": "idle_disarmed", "preset": "car_single", "single_auto": true, "ts": 1783054995.712}
{"armed": false, "event": "idle_disarmed", "preset": "car_single", "single_auto": true, "ts": 1783054996.715}
{"armed": false, "event": "idle_disarmed", "preset": "car_single", "single_auto": true, "ts": 1783054996.715}
{"armed": false, "event": "idle_disarmed", "preset": "car_single", "single_auto": true, "ts": 1783054997.718}
{"armed": false, "event": "idle_disarmed", "preset": "car_single", "single_auto": true, "ts": 1783054997.718}
{"armed": false, "event": "idle_disarmed", "preset": "car_single", "single_auto": true, "ts": 1783054998.72}
{"armed": false, "event": "idle_disarmed", "preset": "car_single", "single_auto": true, "ts": 1783054998.72}
{"armed": false, "event": "idle_disarmed", "preset": "car_single", "single_auto": true, "ts": 1783054999.723}
{"armed": false, "event": "idle_disarmed", "preset": "car_single", "single_auto": true, "ts": 1783054999.723}
{"armed": false, "event": "idle_disarmed", "preset": "car_single", "single_auto": true, "ts": 1783055000.726}
{"armed": false, "event": "idle_disarmed", "preset": "car_single", "single_auto": true, "ts": 1783055000.726}
{"armed": false, "event": "idle_disarmed", "preset": "car_single", "single_auto": true, "ts": 1783055001.728}
{"armed": false, "event": "idle_disarmed", "preset": "car_single", "single_auto": true, "ts": 1783055001.728}
{"armed": false, "event": "idle_disarmed", "preset": "car_single", "single_auto": true, "ts": 1783055002.731}
{"armed": false, "event": "idle_disarmed", "preset": "car_single", "single_auto": true, "ts": 1783055002.731}
{"armed": false, "event": "idle_disarmed", "preset": "car_single", "single_auto": true, "ts": 1783055003.733}
{"armed": false, "event": "idle_disarmed", "preset": "car_single", "single_auto": true, "ts": 1783055003.733}
{"armed": false, "event": "idle_disarmed", "preset": "car_single", "single_auto": true, "ts": 1783055004.736}
{"armed": false, "event": "idle_disarmed", "preset": "car_single", "single_auto": true, "ts": 1783055004.736}
{"armed": false, "event": "idle_disarmed", "preset": "car_single", "single_auto": true, "ts": 1783055005.739}
{"armed": false, "event": "idle_disarmed", "preset": "car_single", "single_auto": true, "ts": 1783055005.739}
{"armed": false, "event": "idle_disarmed", "preset": "car_single", "single_auto": true, "ts": 1783055006.741}
{"armed": false, "event": "idle_disarmed", "preset": "car_single", "single_auto": true, "ts": 1783055006.741}
{"armed": false, "event": "idle_disarmed", "preset": "car_single", "single_auto": true, "ts": 1783055007.744}
{"armed": false, "event": "idle_disarmed", "preset": "car_single", "single_auto": true, "ts": 1783055007.744}
{"armed": false, "event": "idle_disarmed", "preset": "car_single", "single_auto": true, "ts": 1783055008.747}
{"armed": false, "event": "idle_disarmed", "preset": "car_single", "single_auto": true, "ts": 1783055008.747}
{"armed": false, "event": "idle_disarmed", "preset": "car_single", "single_auto": true, "ts": 1783055009.749}
{"armed": false, "event": "idle_disarmed", "preset": "car_single", "single_auto": true, "ts": 1783055009.749}
{"armed": false, "event": "idle_disarmed", "preset": "car_single", "single_auto": true, "ts": 1783055010.752}
{"armed": false, "event": "idle_disarmed", "preset": "car_single", "single_auto": true, "ts": 1783055010.752}
{"armed": false, "event": "idle_disarmed", "preset": "car_single", "single_auto": true, "ts": 1783055011.755}
{"armed": false, "event": "idle_disarmed", "preset": "car_single", "single_auto": true, "ts": 1783055011.755}
{"armed": false, "event": "idle_disarmed", "preset": "car_single", "single_auto": true, "ts": 1783055012.758}
{"armed": false, "event": "idle_disarmed", "preset": "car_single", "single_auto": true, "ts": 1783055012.758}
{"armed": false, "event": "idle_disarmed", "preset": "car_single", "single_auto": true, "ts": 1783055013.761}
{"armed": false, "event": "idle_disarmed", "preset": "car_single", "single_auto": true, "ts": 1783055013.761}
{"armed": false, "event": "idle_disarmed", "preset": "car_single", "single_auto": true, "ts": 1783055014.763}
{"armed": false, "event": "idle_disarmed", "preset": "car_single", "single_auto": true, "ts": 1783055014.763}
{"armed": false, "event": "idle_disarmed", "preset": "car_single", "single_auto": true, "ts": 1783055015.766}
{"armed": false, "event": "idle_disarmed", "preset": "car_single", "single_auto": true, "ts": 1783055015.766}
{"armed": false, "event": "idle_disarmed", "preset": "car_single", "single_auto": true, "ts": 1783055016.769}
{"armed": false, "event": "idle_disarmed", "preset": "car_single", "single_auto": true, "ts": 1783055016.769}
{"armed": false, "event": "idle_disarmed", "preset": "car_single", "single_auto": true, "ts": 1783055017.771}
{"armed": false, "event": "idle_disarmed", "preset": "car_single", "single_auto": true, "ts": 1783055017.771}
{"armed": false, "event": "idle_disarmed", "preset": "car_single", "single_auto": true, "ts": 1783055018.774}
{"armed": false, "event": "idle_disarmed", "preset": "car_single", "single_auto": true, "ts": 1783055018.774}
{"armed": false, "event": "idle_disarmed", "preset": "car_single", "single_auto": true, "ts": 1783055019.777}
{"armed": false, "event": "idle_disarmed", "preset": "car_single", "single_auto": true, "ts": 1783055019.777}
{"armed": false, "event": "idle_disarmed", "preset": "car_single", "single_auto": true, "ts": 1783055020.78}
{"armed": false, "event": "idle_disarmed", "preset": "car_single", "single_auto": true, "ts": 1783055020.78}
{"armed": false, "event": "idle_disarmed", "preset": "car_single", "single_auto": true, "ts": 1783055021.782}
{"armed": false, "event": "idle_disarmed", "preset": "car_single", "single_auto": true, "ts": 1783055021.782}
{"armed": false, "event": "idle_disarmed", "preset": "car_single", "single_auto": true, "ts": 1783055022.785}
{"armed": false, "event": "idle_disarmed", "preset": "car_single", "single_auto": true, "ts": 1783055022.785}
{"armed": false, "event": "idle_disarmed", "preset": "car_single", "single_auto": true, "ts": 1783055023.788}
{"armed": false, "event": "idle_disarmed", "preset": "car_single", "single_auto": true, "ts": 1783055023.788}
{"armed": false, "event": "idle_disarmed", "preset": "car_single", "single_auto": true, "ts": 1783055024.79}
{"armed": false, "event": "idle_disarmed", "preset": "car_single", "single_auto": true, "ts": 1783055024.79}
{"armed": false, "event": "idle_disarmed", "preset": "car_single", "single_auto": true, "ts": 1783055025.793}
{"armed": false, "event": "idle_disarmed", "preset": "car_single", "single_auto": true, "ts": 1783055025.793}
{"armed": false, "event": "idle_disarmed", "preset": "car_single", "single_auto": true, "ts": 1783055026.796}
{"armed": false, "event": "idle_disarmed", "preset": "car_single", "single_auto": true, "ts": 1783055026.796}
{"armed": false, "event": "idle_disarmed", "preset": "car_single", "single_auto": true, "ts": 1783055027.798}
{"armed": false, "event": "idle_disarmed", "preset": "car_single", "single_auto": true, "ts": 1783055027.798}
{"armed": false, "event": "idle_disarmed", "preset": "car_single", "single_auto": true, "ts": 1783055028.801}
{"armed": false, "event": "idle_disarmed", "preset": "car_single", "single_auto": true, "ts": 1783055028.801}
{"armed": false, "event": "idle_disarmed", "preset": "car_single", "single_auto": true, "ts": 1783055029.804}
{"armed": false, "event": "idle_disarmed", "preset": "car_single", "single_auto": true, "ts": 1783055029.804}
{"armed": false, "event": "idle_disarmed", "preset": "car_single", "single_auto": true, "ts": 1783055030.807}
{"armed": false, "event": "idle_disarmed", "preset": "car_single", "single_auto": true, "ts": 1783055030.807}
{"armed": false, "event": "idle_disarmed", "preset": "car_single", "single_auto": true, "ts": 1783055031.81}
{"armed": false, "event": "idle_disarmed", "preset": "car_single", "single_auto": true, "ts": 1783055031.81}
{"armed": false, "event": "idle_disarmed", "preset": "car_single", "single_auto": true, "ts": 1783055032.812}
{"armed": false, "event": "idle_disarmed", "preset": "car_single", "single_auto": true, "ts": 1783055032.812}
{"armed": false, "event": "idle_disarmed", "preset": "car_single", "single_auto": true, "ts": 1783055033.815}
{"armed": false, "event": "idle_disarmed", "preset": "car_single", "single_auto": true, "ts": 1783055033.815}
{"armed": false, "event": "idle_disarmed", "preset": "car_single", "single_auto": true, "ts": 1783055034.817}
{"armed": false, "event": "idle_disarmed", "preset": "car_single", "single_auto": true, "ts": 1783055034.817}
{"armed": false, "event": "idle_disarmed", "preset": "car_single", "single_auto": true, "ts": 1783055035.82}
{"armed": false, "event": "idle_disarmed", "preset": "car_single", "single_auto": true, "ts": 1783055035.82}
{"armed": false, "event": "idle_disarmed", "preset": "car_single", "single_auto": true, "ts": 1783055036.823}
{"armed": false, "event": "idle_disarmed", "preset": "car_single", "single_auto": true, "ts": 1783055036.823}
{"armed": false, "event": "idle_disarmed", "preset": "car_single", "single_auto": true, "ts": 1783055037.825}
{"armed": false, "event": "idle_disarmed", "preset": "car_single", "single_auto": true, "ts": 1783055037.825}
{"armed": false, "event": "idle_disarmed", "preset": "car_single", "single_auto": true, "ts": 1783055038.828}
{"armed": false, "event": "idle_disarmed", "preset": "car_single", "single_auto": true, "ts": 1783055038.828}
{"armed": false, "event": "idle_disarmed", "preset": "car_single", "single_auto": true, "ts": 1783055039.831}
{"armed": false, "event": "idle_disarmed", "preset": "car_single", "single_auto": true, "ts": 1783055039.831}
{"armed": false, "event": "idle_disarmed", "preset": "car_single", "single_auto": true, "ts": 1783055040.834}
{"armed": false, "event": "idle_disarmed", "preset": "car_single", "single_auto": true, "ts": 1783055040.834}
{"armed": false, "event": "idle_disarmed", "preset": "car_single", "single_auto": true, "ts": 1783055041.836}
{"armed": false, "event": "idle_disarmed", "preset": "car_single", "single_auto": true, "ts": 1783055041.836}
{"armed": false, "event": "idle_disarmed", "preset": "car_single", "single_auto": true, "ts": 1783055042.839}
{"armed": false, "event": "idle_disarmed", "preset": "car_single", "single_auto": true, "ts": 1783055042.839}
{"armed": false, "event": "idle_disarmed", "preset": "car_single", "single_auto": true, "ts": 1783055043.842}
{"armed": false, "event": "idle_disarmed", "preset": "car_single", "single_auto": true, "ts": 1783055043.842}
{"armed": false, "event": "idle_disarmed", "preset": "car_single", "single_auto": true, "ts": 1783055044.845}
{"armed": false, "event": "idle_disarmed", "preset": "car_single", "single_auto": true, "ts": 1783055044.845}
{"armed": false, "event": "idle_disarmed", "preset": "car_single", "single_auto": true, "ts": 1783055045.847}
{"armed": false, "event": "idle_disarmed", "preset": "car_single", "single_auto": true, "ts": 1783055045.847}
{"armed": false, "event": "idle_disarmed", "preset": "car_single", "single_auto": true, "ts": 1783055046.85}
{"armed": false, "event": "idle_disarmed", "preset": "car_single", "single_auto": true, "ts": 1783055046.85}
{"armed": false, "event": "idle_disarmed", "preset": "car_single", "single_auto": true, "ts": 1783055047.854}
{"armed": false, "event": "idle_disarmed", "preset": "car_single", "single_auto": true, "ts": 1783055047.854}
{"armed": false, "event": "idle_disarmed", "preset": "car_single", "single_auto": true, "ts": 1783055048.858}
{"armed": false, "event": "idle_disarmed", "preset": "car_single", "single_auto": true, "ts": 1783055048.858}
{"armed": false, "event": "idle_disarmed", "preset": "car_single", "single_auto": true, "ts": 1783055049.861}
{"armed": false, "event": "idle_disarmed", "preset": "car_single", "single_auto": true, "ts": 1783055049.861}
{"armed": false, "event": "idle_disarmed", "preset": "car_single", "single_auto": true, "ts": 1783055050.863}
{"armed": false, "event": "idle_disarmed", "preset": "car_single", "single_auto": true, "ts": 1783055050.863}
{"armed": false, "event": "idle_disarmed", "preset": "car_single", "single_auto": true, "ts": 1783055051.866}
{"armed": false, "event": "idle_disarmed", "preset": "car_single", "single_auto": true, "ts": 1783055051.866}
{"armed": false, "event": "idle_disarmed", "preset": "car_single", "single_auto": true, "ts": 1783055052.869}
{"armed": false, "event": "idle_disarmed", "preset": "car_single", "single_auto": true, "ts": 1783055052.869}
{"armed": false, "event": "idle_disarmed", "preset": "car_single", "single_auto": true, "ts": 1783055053.872}
{"armed": false, "event": "idle_disarmed", "preset": "car_single", "single_auto": true, "ts": 1783055053.872}
{"armed": false, "event": "idle_disarmed", "preset": "car_single", "single_auto": true, "ts": 1783055054.875}
{"armed": false, "event": "idle_disarmed", "preset": "car_single", "single_auto": true, "ts": 1783055054.875}
{"armed": false, "event": "idle_disarmed", "preset": "car_single", "single_auto": true, "ts": 1783055055.877}
{"armed": false, "event": "idle_disarmed", "preset": "car_single", "single_auto": true, "ts": 1783055055.877}
{"armed": false, "event": "idle_disarmed", "preset": "car_single", "single_auto": true, "ts": 1783055056.88}
{"armed": false, "event": "idle_disarmed", "preset": "car_single", "single_auto": true, "ts": 1783055056.88}
{"armed": false, "event": "idle_disarmed", "preset": "car_single", "single_auto": true, "ts": 1783055057.883}
{"armed": false, "event": "idle_disarmed", "preset": "car_single", "single_auto": true, "ts": 1783055057.883}
{"armed": false, "event": "idle_disarmed", "preset": "car_single", "single_auto": true, "ts": 1783055058.886}
{"armed": false, "event": "idle_disarmed", "preset": "car_single", "single_auto": true, "ts": 1783055058.886}
{"armed": false, "event": "idle_disarmed", "preset": "car_single", "single_auto": true, "ts": 1783055059.889}
{"armed": false, "event": "idle_disarmed", "preset": "car_single", "single_auto": true, "ts": 1783055059.889}
{"armed": false, "event": "idle_disarmed", "preset": "car_single", "single_auto": true, "ts": 1783055060.892}
{"armed": false, "event": "idle_disarmed", "preset": "car_single", "single_auto": true, "ts": 1783055060.892}
{"cmd": ["/usr/bin/python3", "/root/rknpu2/examples/rknn_yolov8_demo_opencv_2_work_2/new_yolo8/apply_ptz_object_preset.py", "--preset", "car_single", "--arm", "force", "--strategy", "preset", "--watch"], "event": "child_start", "pid": 116115, "preset": "car_single", "search_preset": "lost_step_wait", "ts": 1783055061.895}
{"cmd": ["/usr/bin/python3", "/root/rknpu2/examples/rknn_yolov8_demo_opencv_2_work_2/new_yolo8/apply_ptz_object_preset.py", "--preset", "car_single", "--arm", "force", "--strategy", "preset", "--watch"], "event": "child_start", "pid": 116115, "preset": "car_single", "search_preset": "lost_step_wait", "ts": 1783055061.895}
{"event": "armed_running", "pid": 116115, "preset": "car_single", "search_preset": "lost_step_wait", "ts": 1783055062.898}
{"event": "armed_running", "pid": 116115, "preset": "car_single", "search_preset": "lost_step_wait", "ts": 1783055062.898}
{"event": "armed_running", "pid": 116115, "preset": "car_single", "search_preset": "lost_step_wait", "ts": 1783055077.934}
{"event": "armed_running", "pid": 116115, "preset": "car_single", "search_preset": "lost_step_wait", "ts": 1783055077.934}
{"event": "armed_running", "pid": 116115, "preset": "car_single", "search_preset": "lost_step_wait", "ts": 1783055092.971}
{"event": "armed_running", "pid": 116115, "preset": "car_single", "search_preset": "lost_step_wait", "ts": 1783055092.971}
{"event": "armed_running", "pid": 116115, "preset": "car_single", "search_preset": "lost_step_wait", "ts": 1783055108.007}
{"event": "armed_running", "pid": 116115, "preset": "car_single", "search_preset": "lost_step_wait", "ts": 1783055108.007}
{"event": "child_stop", "pid": 116115, "preset": "car_single::lost_step_wait", "reason": "ptzArmed_false", "ts": 1783055122.042}
{"event": "child_stop", "pid": 116115, "preset": "car_single::lost_step_wait", "reason": "ptzArmed_false", "ts": 1783055122.042}
{"archived": "/root/rknpu2/examples/rknn_yolov8_demo_opencv_2_work_2/new_yolo8/logs/session_20260703_050522_ptzArmed_false", "event": "logs_archived", "reason": "ptzArmed_false", "ts": 1783055122.831}
{"archived": "/root/rknpu2/examples/rknn_yolov8_demo_opencv_2_work_2/new_yolo8/logs/session_20260703_050522_ptzArmed_false", "event": "logs_archived", "reason": "ptzArmed_false", "ts": 1783055122.831}
{"armed": false, "event": "idle_disarmed", "preset": "car_single", "single_auto": true, "ts": 1783055122.832}
{"armed": false, "event": "idle_disarmed", "preset": "car_single", "single_auto": true, "ts": 1783055122.832}
{"armed": false, "event": "idle_disarmed", "preset": "car_single", "single_auto": true, "ts": 1783055123.834}
{"armed": false, "event": "idle_disarmed", "preset": "car_single", "single_auto": true, "ts": 1783055123.834}
{"armed": false, "event": "idle_disarmed", "preset": "car_single", "single_auto": true, "ts": 1783055124.837}
{"armed": false, "event": "idle_disarmed", "preset": "car_single", "single_auto": true, "ts": 1783055124.837}
{"armed": false, "event": "idle_disarmed", "preset": "car_single", "single_auto": true, "ts": 1783055125.84}
{"armed": false, "event": "idle_disarmed", "preset": "car_single", "single_auto": true, "ts": 1783055125.84}
{"armed": false, "event": "idle_disarmed", "preset": "car_single", "single_auto": true, "ts": 1783055126.843}
{"armed": false, "event": "idle_disarmed", "preset": "car_single", "single_auto": true, "ts": 1783055126.843}
{"armed": false, "event": "idle_disarmed", "preset": "car_single", "single_auto": true, "ts": 1783055127.845}
{"armed": false, "event": "idle_disarmed", "preset": "car_single", "single_auto": true, "ts": 1783055127.845}
{"armed": false, "event": "idle_disarmed", "preset": "car_single", "single_auto": true, "ts": 1783055128.848}
{"armed": false, "event": "idle_disarmed", "preset": "car_single", "single_auto": true, "ts": 1783055128.848}
{"armed": false, "event": "idle_disarmed", "preset": "car_single", "single_auto": true, "ts": 1783055129.851}
{"armed": false, "event": "idle_disarmed", "preset": "car_single", "single_auto": true, "ts": 1783055129.851}
{"armed": false, "event": "idle_disarmed", "preset": "car_single", "single_auto": true, "ts": 1783055130.853}
{"armed": false, "event": "idle_disarmed", "preset": "car_single", "single_auto": true, "ts": 1783055130.853}
{"armed": false, "event": "idle_disarmed", "preset": "car_single", "single_auto": true, "ts": 1783055131.856}
{"armed": false, "event": "idle_disarmed", "preset": "car_single", "single_auto": true, "ts": 1783055131.856}
{"armed": false, "event": "idle_disarmed", "preset": "car_single", "single_auto": true, "ts": 1783055132.859}
{"armed": false, "event": "idle_disarmed", "preset": "car_single", "single_auto": true, "ts": 1783055132.859}
{"armed": false, "event": "idle_disarmed", "preset": "car_single", "single_auto": true, "ts": 1783055133.861}
{"armed": false, "event": "idle_disarmed", "preset": "car_single", "single_auto": true, "ts": 1783055133.861}
{"armed": false, "event": "idle_disarmed", "preset": "car_single", "single_auto": true, "ts": 1783055134.864}
{"armed": false, "event": "idle_disarmed", "preset": "car_single", "single_auto": true, "ts": 1783055134.864}
{"armed": false, "event": "idle_disarmed", "preset": "car_single", "single_auto": true, "ts": 1783055135.867}
{"armed": false, "event": "idle_disarmed", "preset": "car_single", "single_auto": true, "ts": 1783055135.867}
{"armed": false, "event": "idle_disarmed", "preset": "car_single", "single_auto": true, "ts": 1783055136.87}
{"armed": false, "event": "idle_disarmed", "preset": "car_single", "single_auto": true, "ts": 1783055136.87}
{"armed": false, "event": "idle_disarmed", "preset": "car_single", "single_auto": true, "ts": 1783055137.873}
{"armed": false, "event": "idle_disarmed", "preset": "car_single", "single_auto": true, "ts": 1783055137.873}
{"armed": false, "event": "idle_disarmed", "preset": "car_single", "single_auto": true, "ts": 1783055138.875}
{"armed": false, "event": "idle_disarmed", "preset": "car_single", "single_auto": true, "ts": 1783055138.875}
{"armed": false, "event": "idle_disarmed", "preset": "car_single", "single_auto": true, "ts": 1783055139.878}
{"armed": false, "event": "idle_disarmed", "preset": "car_single", "single_auto": true, "ts": 1783055139.878}
{"armed": false, "event": "idle_disarmed", "preset": "car_single", "single_auto": true, "ts": 1783055140.881}
{"armed": false, "event": "idle_disarmed", "preset": "car_single", "single_auto": true, "ts": 1783055140.881}
{"armed": false, "event": "idle_disarmed", "preset": "car_single", "single_auto": true, "ts": 1783055141.883}
{"armed": false, "event": "idle_disarmed", "preset": "car_single", "single_auto": true, "ts": 1783055141.883}
{"armed": false, "event": "idle_disarmed", "preset": "car_single", "single_auto": true, "ts": 1783055142.886}
{"armed": false, "event": "idle_disarmed", "preset": "car_single", "single_auto": true, "ts": 1783055142.886}
{"armed": false, "event": "idle_disarmed", "preset": "car_single", "single_auto": true, "ts": 1783055143.889}
{"armed": false, "event": "idle_disarmed", "preset": "car_single", "single_auto": true, "ts": 1783055143.889}
{"armed": false, "event": "idle_disarmed", "preset": "car_single", "single_auto": true, "ts": 1783055144.891}
{"armed": false, "event": "idle_disarmed", "preset": "car_single", "single_auto": true, "ts": 1783055144.891}
{"armed": false, "event": "idle_disarmed", "preset": "car_single", "single_auto": true, "ts": 1783055145.894}
{"armed": false, "event": "idle_disarmed", "preset": "car_single", "single_auto": true, "ts": 1783055145.894}
{"armed": false, "event": "idle_disarmed", "preset": "car_single", "single_auto": true, "ts": 1783055146.897}
{"armed": false, "event": "idle_disarmed", "preset": "car_single", "single_auto": true, "ts": 1783055146.897}
{"armed": false, "event": "idle_disarmed", "preset": "car_single", "single_auto": true, "ts": 1783055147.899}
{"armed": false, "event": "idle_disarmed", "preset": "car_single", "single_auto": true, "ts": 1783055147.899}
{"armed": false, "event": "idle_disarmed", "preset": "car_single", "single_auto": true, "ts": 1783055148.902}
{"armed": false, "event": "idle_disarmed", "preset": "car_single", "single_auto": true, "ts": 1783055148.902}
{"armed": false, "event": "idle_disarmed", "preset": "car_single", "single_auto": true, "ts": 1783055149.905}
{"armed": false, "event": "idle_disarmed", "preset": "car_single", "single_auto": true, "ts": 1783055149.905}
{"armed": false, "event": "idle_disarmed", "preset": "car_single", "single_auto": true, "ts": 1783055150.907}
{"armed": false, "event": "idle_disarmed", "preset": "car_single", "single_auto": true, "ts": 1783055150.907}
{"armed": false, "event": "idle_disarmed", "preset": "car_single", "single_auto": true, "ts": 1783055151.91}
{"armed": false, "event": "idle_disarmed", "preset": "car_single", "single_auto": true, "ts": 1783055151.91}
{"armed": false, "event": "idle_disarmed", "preset": "car_single", "single_auto": true, "ts": 1783055152.913}
{"armed": false, "event": "idle_disarmed", "preset": "car_single", "single_auto": true, "ts": 1783055152.913}
{"armed": false, "event": "idle_disarmed", "preset": "car_single", "single_auto": true, "ts": 1783055153.916}
{"armed": false, "event": "idle_disarmed", "preset": "car_single", "single_auto": true, "ts": 1783055153.916}
{"armed": false, "event": "idle_disarmed", "preset": "car_single", "single_auto": true, "ts": 1783055154.919}
{"armed": false, "event": "idle_disarmed", "preset": "car_single", "single_auto": true, "ts": 1783055154.919}
{"armed": false, "event": "idle_disarmed", "preset": "car_single", "single_auto": true, "ts": 1783055155.921}
{"armed": false, "event": "idle_disarmed", "preset": "car_single", "single_auto": true, "ts": 1783055155.921}
{"armed": false, "event": "idle_disarmed", "preset": "car_single", "single_auto": true, "ts": 1783055156.924}
{"armed": false, "event": "idle_disarmed", "preset": "car_single", "single_auto": true, "ts": 1783055156.924}
{"armed": false, "event": "idle_disarmed", "preset": "car_single", "single_auto": true, "ts": 1783055157.927}
{"armed": false, "event": "idle_disarmed", "preset": "car_single", "single_auto": true, "ts": 1783055157.927}
{"armed": false, "event": "idle_disarmed", "preset": "car_single", "single_auto": true, "ts": 1783055158.931}
{"armed": false, "event": "idle_disarmed", "preset": "car_single", "single_auto": true, "ts": 1783055158.931}
{"armed": false, "event": "idle_disarmed", "preset": "car_single", "single_auto": true, "ts": 1783055159.934}
{"armed": false, "event": "idle_disarmed", "preset": "car_single", "single_auto": true, "ts": 1783055159.934}
{"armed": false, "event": "idle_disarmed", "preset": "car_single", "single_auto": true, "ts": 1783055160.936}
{"armed": false, "event": "idle_disarmed", "preset": "car_single", "single_auto": true, "ts": 1783055160.936}
{"armed": false, "event": "idle_disarmed", "preset": "car_single", "single_auto": true, "ts": 1783055161.939}
{"armed": false, "event": "idle_disarmed", "preset": "car_single", "single_auto": true, "ts": 1783055161.939}
{"armed": false, "event": "idle_disarmed", "preset": "car_single", "single_auto": true, "ts": 1783055162.942}
{"armed": false, "event": "idle_disarmed", "preset": "car_single", "single_auto": true, "ts": 1783055162.942}
{"armed": false, "event": "idle_disarmed", "preset": "car_single", "single_auto": true, "ts": 1783055163.944}
{"armed": false, "event": "idle_disarmed", "preset": "car_single", "single_auto": true, "ts": 1783055163.944}
{"armed": false, "event": "idle_disarmed", "preset": "car_single", "single_auto": true, "ts": 1783055164.947}
{"armed": false, "event": "idle_disarmed", "preset": "car_single", "single_auto": true, "ts": 1783055164.947}
{"armed": false, "event": "idle_disarmed", "preset": "car_single", "single_auto": true, "ts": 1783055165.95}
{"armed": false, "event": "idle_disarmed", "preset": "car_single", "single_auto": true, "ts": 1783055165.95}
{"armed": false, "event": "idle_disarmed", "preset": "car_single", "single_auto": true, "ts": 1783055166.953}
{"armed": false, "event": "idle_disarmed", "preset": "car_single", "single_auto": true, "ts": 1783055166.953}
{"armed": false, "event": "idle_disarmed", "preset": "car_single", "single_auto": true, "ts": 1783055167.955}
{"armed": false, "event": "idle_disarmed", "preset": "car_single", "single_auto": true, "ts": 1783055167.955}
{"armed": false, "event": "idle_disarmed", "preset": "car_single", "single_auto": true, "ts": 1783055168.958}
{"armed": false, "event": "idle_disarmed", "preset": "car_single", "single_auto": true, "ts": 1783055168.958}
{"armed": false, "event": "idle_disarmed", "preset": "car_single", "single_auto": true, "ts": 1783055169.961}
{"armed": false, "event": "idle_disarmed", "preset": "car_single", "single_auto": true, "ts": 1783055169.961}
{"armed": false, "event": "idle_disarmed", "preset": "car_single", "single_auto": true, "ts": 1783055170.963}
{"armed": false, "event": "idle_disarmed", "preset": "car_single", "single_auto": true, "ts": 1783055170.963}
{"armed": false, "event": "idle_disarmed", "preset": "car_single", "single_auto": true, "ts": 1783055171.966}
{"armed": false, "event": "idle_disarmed", "preset": "car_single", "single_auto": true, "ts": 1783055171.966}
{"armed": false, "event": "idle_disarmed", "preset": "car_single", "single_auto": true, "ts": 1783055172.969}
{"armed": false, "event": "idle_disarmed", "preset": "car_single", "single_auto": true, "ts": 1783055172.969}
{"armed": false, "event": "idle_disarmed", "preset": "car_single", "single_auto": true, "ts": 1783055173.971}
{"armed": false, "event": "idle_disarmed", "preset": "car_single", "single_auto": true, "ts": 1783055173.971}
{"armed": false, "event": "idle_disarmed", "preset": "car_single", "single_auto": true, "ts": 1783055174.974}
{"armed": false, "event": "idle_disarmed", "preset": "car_single", "single_auto": true, "ts": 1783055174.974}
{"armed": false, "event": "idle_disarmed", "preset": "car_single", "single_auto": true, "ts": 1783055175.976}
{"armed": false, "event": "idle_disarmed", "preset": "car_single", "single_auto": true, "ts": 1783055175.976}
{"armed": false, "event": "idle_disarmed", "preset": "car_single", "single_auto": true, "ts": 1783055176.979}
{"armed": false, "event": "idle_disarmed", "preset": "car_single", "single_auto": true, "ts": 1783055176.979}
{"armed": false, "event": "idle_disarmed", "preset": "car_single", "single_auto": true, "ts": 1783055177.981}
{"armed": false, "event": "idle_disarmed", "preset": "car_single", "single_auto": true, "ts": 1783055177.981}
{"armed": false, "event": "idle_disarmed", "preset": "car_single", "single_auto": true, "ts": 1783055178.984}
{"armed": false, "event": "idle_disarmed", "preset": "car_single", "single_auto": true, "ts": 1783055178.984}
{"armed": false, "event": "idle_disarmed", "preset": "car_single", "single_auto": true, "ts": 1783055179.987}
{"armed": false, "event": "idle_disarmed", "preset": "car_single", "single_auto": true, "ts": 1783055179.987}
{"armed": false, "event": "idle_disarmed", "preset": "car_single", "single_auto": true, "ts": 1783055180.989}
{"armed": false, "event": "idle_disarmed", "preset": "car_single", "single_auto": true, "ts": 1783055180.989}
{"armed": false, "event": "idle_disarmed", "preset": "car_single", "single_auto": true, "ts": 1783055181.992}
{"armed": false, "event": "idle_disarmed", "preset": "car_single", "single_auto": true, "ts": 1783055181.992}
{"armed": false, "event": "idle_disarmed", "preset": "car_single", "single_auto": true, "ts": 1783055182.995}
{"armed": false, "event": "idle_disarmed", "preset": "car_single", "single_auto": true, "ts": 1783055182.995}
{"armed": false, "event": "idle_disarmed", "preset": "car_single", "single_auto": true, "ts": 1783055183.998}
{"armed": false, "event": "idle_disarmed", "preset": "car_single", "single_auto": true, "ts": 1783055183.998}
{"armed": false, "event": "idle_disarmed", "preset": "car_single", "single_auto": true, "ts": 1783055185.001}
{"armed": false, "event": "idle_disarmed", "preset": "car_single", "single_auto": true, "ts": 1783055185.001}
{"armed": false, "event": "idle_disarmed", "preset": "car_single", "single_auto": true, "ts": 1783055186.004}
{"armed": false, "event": "idle_disarmed", "preset": "car_single", "single_auto": true, "ts": 1783055186.004}
{"armed": false, "event": "idle_disarmed", "preset": "car_single", "single_auto": true, "ts": 1783055187.006}
{"armed": false, "event": "idle_disarmed", "preset": "car_single", "single_auto": true, "ts": 1783055187.006}
{"armed": false, "event": "idle_disarmed", "preset": "car_single", "single_auto": true, "ts": 1783055188.01}
{"armed": false, "event": "idle_disarmed", "preset": "car_single", "single_auto": true, "ts": 1783055188.01}
{"armed": false, "event": "idle_disarmed", "preset": "car_single", "single_auto": true, "ts": 1783055189.012}
{"armed": false, "event": "idle_disarmed", "preset": "car_single", "single_auto": true, "ts": 1783055189.012}
{"armed": false, "event": "idle_disarmed", "preset": "car_single", "single_auto": true, "ts": 1783055190.015}
{"armed": false, "event": "idle_disarmed", "preset": "car_single", "single_auto": true, "ts": 1783055190.015}
{"armed": false, "event": "idle_disarmed", "preset": "car_single", "single_auto": true, "ts": 1783055191.018}
{"armed": false, "event": "idle_disarmed", "preset": "car_single", "single_auto": true, "ts": 1783055191.018}
{"armed": false, "event": "idle_disarmed", "preset": "car_single", "single_auto": true, "ts": 1783055192.021}
{"armed": false, "event": "idle_disarmed", "preset": "car_single", "single_auto": true, "ts": 1783055192.021}
{"armed": false, "event": "idle_disarmed", "preset": "car_single", "single_auto": true, "ts": 1783055193.023}
{"armed": false, "event": "idle_disarmed", "preset": "car_single", "single_auto": true, "ts": 1783055193.023}
{"armed": false, "event": "idle_disarmed", "preset": "car_single", "single_auto": true, "ts": 1783055194.026}
{"armed": false, "event": "idle_disarmed", "preset": "car_single", "single_auto": true, "ts": 1783055194.026}
{"armed": false, "event": "idle_disarmed", "preset": "car_single", "single_auto": true, "ts": 1783055195.029}
{"armed": false, "event": "idle_disarmed", "preset": "car_single", "single_auto": true, "ts": 1783055195.029}
{"armed": false, "event": "idle_disarmed", "preset": "car_single", "single_auto": true, "ts": 1783055196.031}
{"armed": false, "event": "idle_disarmed", "preset": "car_single", "single_auto": true, "ts": 1783055196.031}
{"armed": false, "event": "idle_disarmed", "preset": "car_single", "single_auto": true, "ts": 1783055197.034}
{"armed": false, "event": "idle_disarmed", "preset": "car_single", "single_auto": true, "ts": 1783055197.034}
{"armed": false, "event": "idle_disarmed", "preset": "car_single", "single_auto": true, "ts": 1783055198.037}
{"armed": false, "event": "idle_disarmed", "preset": "car_single", "single_auto": true, "ts": 1783055198.037}
{"armed": false, "event": "idle_disarmed", "preset": "car_single", "single_auto": true, "ts": 1783055199.039}
{"armed": false, "event": "idle_disarmed", "preset": "car_single", "single_auto": true, "ts": 1783055199.039}
{"armed": false, "event": "idle_disarmed", "preset": "car_single", "single_auto": true, "ts": 1783055200.042}
{"armed": false, "event": "idle_disarmed", "preset": "car_single", "single_auto": true, "ts": 1783055200.042}
{"armed": false, "event": "idle_disarmed", "preset": "car_single", "single_auto": true, "ts": 1783055201.045}
{"armed": false, "event": "idle_disarmed", "preset": "car_single", "single_auto": true, "ts": 1783055201.045}
{"armed": false, "event": "idle_disarmed", "preset": "car_single", "single_auto": true, "ts": 1783055202.047}
{"armed": false, "event": "idle_disarmed", "preset": "car_single", "single_auto": true, "ts": 1783055202.047}
{"armed": false, "event": "idle_disarmed", "preset": "car_single", "single_auto": true, "ts": 1783055203.05}
{"armed": false, "event": "idle_disarmed", "preset": "car_single", "single_auto": true, "ts": 1783055203.05}
{"armed": false, "event": "idle_disarmed", "preset": "car_single", "single_auto": true, "ts": 1783055204.053}
{"armed": false, "event": "idle_disarmed", "preset": "car_single", "single_auto": true, "ts": 1783055204.053}
{"armed": false, "event": "idle_disarmed", "preset": "car_single", "single_auto": true, "ts": 1783055205.056}
{"armed": false, "event": "idle_disarmed", "preset": "car_single", "single_auto": true, "ts": 1783055205.056}
{"armed": false, "event": "idle_disarmed", "preset": "car_single", "single_auto": true, "ts": 1783055206.059}
{"armed": false, "event": "idle_disarmed", "preset": "car_single", "single_auto": true, "ts": 1783055206.059}
{"armed": false, "event": "idle_disarmed", "preset": "car_single", "single_auto": true, "ts": 1783055207.061}
{"armed": false, "event": "idle_disarmed", "preset": "car_single", "single_auto": true, "ts": 1783055207.061}
{"armed": false, "event": "idle_disarmed", "preset": "car_single", "single_auto": true, "ts": 1783055208.064}
{"armed": false, "event": "idle_disarmed", "preset": "car_single", "single_auto": true, "ts": 1783055208.064}
{"armed": false, "event": "idle_disarmed", "preset": "car_single", "single_auto": true, "ts": 1783055209.067}
{"armed": false, "event": "idle_disarmed", "preset": "car_single", "single_auto": true, "ts": 1783055209.067}
{"armed": false, "event": "idle_disarmed", "preset": "car_single", "single_auto": true, "ts": 1783055210.069}
{"armed": false, "event": "idle_disarmed", "preset": "car_single", "single_auto": true, "ts": 1783055210.069}
{"armed": false, "event": "idle_disarmed", "preset": "car_single", "single_auto": true, "ts": 1783055211.072}
{"armed": false, "event": "idle_disarmed", "preset": "car_single", "single_auto": true, "ts": 1783055211.072}
{"armed": false, "event": "idle_disarmed", "preset": "car_single", "single_auto": true, "ts": 1783055212.075}
{"armed": false, "event": "idle_disarmed", "preset": "car_single", "single_auto": true, "ts": 1783055212.075}
{"armed": false, "event": "idle_disarmed", "preset": "car_single", "single_auto": true, "ts": 1783055213.078}
{"armed": false, "event": "idle_disarmed", "preset": "car_single", "single_auto": true, "ts": 1783055213.078}
{"armed": false, "event": "idle_disarmed", "preset": "car_single", "single_auto": true, "ts": 1783055214.08}
{"armed": false, "event": "idle_disarmed", "preset": "car_single", "single_auto": true, "ts": 1783055214.08}
{"armed": false, "event": "idle_disarmed", "preset": "car_single", "single_auto": true, "ts": 1783055215.083}
{"armed": false, "event": "idle_disarmed", "preset": "car_single", "single_auto": true, "ts": 1783055215.083}
{"armed": false, "event": "idle_disarmed", "preset": "car_single", "single_auto": true, "ts": 1783055216.086}
{"armed": false, "event": "idle_disarmed", "preset": "car_single", "single_auto": true, "ts": 1783055216.086}
{"armed": false, "event": "idle_disarmed", "preset": "car_single", "single_auto": true, "ts": 1783055217.088}
{"armed": false, "event": "idle_disarmed", "preset": "car_single", "single_auto": true, "ts": 1783055217.088}
{"armed": false, "event": "idle_disarmed", "preset": "car_single", "single_auto": true, "ts": 1783055218.091}
{"armed": false, "event": "idle_disarmed", "preset": "car_single", "single_auto": true, "ts": 1783055218.091}
{"armed": false, "event": "idle_disarmed", "preset": "car_single", "single_auto": true, "ts": 1783055219.094}
{"armed": false, "event": "idle_disarmed", "preset": "car_single", "single_auto": true, "ts": 1783055219.094}
{"armed": false, "event": "idle_disarmed", "preset": "car_single", "single_auto": true, "ts": 1783055220.096}
{"armed": false, "event": "idle_disarmed", "preset": "car_single", "single_auto": true, "ts": 1783055220.096}
{"armed": false, "event": "idle_disarmed", "preset": "car_single", "single_auto": true, "ts": 1783055221.099}
{"armed": false, "event": "idle_disarmed", "preset": "car_single", "single_auto": true, "ts": 1783055221.099}
{"armed": false, "event": "idle_disarmed", "preset": "car_single", "single_auto": true, "ts": 1783055222.102}
{"armed": false, "event": "idle_disarmed", "preset": "car_single", "single_auto": true, "ts": 1783055222.102}
{"armed": false, "event": "idle_disarmed", "preset": "car_single", "single_auto": true, "ts": 1783055223.105}
{"armed": false, "event": "idle_disarmed", "preset": "car_single", "single_auto": true, "ts": 1783055223.105}
{"armed": false, "event": "idle_disarmed", "preset": "car_single", "single_auto": true, "ts": 1783055224.107}
{"armed": false, "event": "idle_disarmed", "preset": "car_single", "single_auto": true, "ts": 1783055224.107}
{"armed": false, "event": "idle_disarmed", "preset": "car_single", "single_auto": true, "ts": 1783055225.11}
{"armed": false, "event": "idle_disarmed", "preset": "car_single", "single_auto": true, "ts": 1783055225.11}
{"armed": false, "event": "idle_disarmed", "preset": "car_single", "single_auto": true, "ts": 1783055226.113}
{"armed": false, "event": "idle_disarmed", "preset": "car_single", "single_auto": true, "ts": 1783055226.113}
{"armed": false, "event": "idle_disarmed", "preset": "car_single", "single_auto": true, "ts": 1783055227.115}
{"armed": false, "event": "idle_disarmed", "preset": "car_single", "single_auto": true, "ts": 1783055227.115}
{"armed": false, "event": "idle_disarmed", "preset": "car_single", "single_auto": true, "ts": 1783055228.118}
{"armed": false, "event": "idle_disarmed", "preset": "car_single", "single_auto": true, "ts": 1783055228.118}
{"armed": false, "event": "idle_disarmed", "preset": "car_single", "single_auto": true, "ts": 1783055229.121}
{"armed": false, "event": "idle_disarmed", "preset": "car_single", "single_auto": true, "ts": 1783055229.121}
{"armed": false, "event": "idle_disarmed", "preset": "car_single", "single_auto": true, "ts": 1783055230.124}
{"armed": false, "event": "idle_disarmed", "preset": "car_single", "single_auto": true, "ts": 1783055230.124}
{"armed": false, "event": "idle_disarmed", "preset": "car_single", "single_auto": true, "ts": 1783055231.126}
{"armed": false, "event": "idle_disarmed", "preset": "car_single", "single_auto": true, "ts": 1783055231.126}
{"armed": false, "event": "idle_disarmed", "preset": "car_single", "single_auto": true, "ts": 1783055232.129}
{"armed": false, "event": "idle_disarmed", "preset": "car_single", "single_auto": true, "ts": 1783055232.129}
{"armed": false, "event": "idle_disarmed", "preset": "car_single", "single_auto": true, "ts": 1783055233.132}
{"armed": false, "event": "idle_disarmed", "preset": "car_single", "single_auto": true, "ts": 1783055233.132}
{"armed": false, "event": "idle_disarmed", "preset": "car_single", "single_auto": true, "ts": 1783055234.134}
{"armed": false, "event": "idle_disarmed", "preset": "car_single", "single_auto": true, "ts": 1783055234.134}
{"armed": false, "event": "idle_disarmed", "preset": "car_single", "single_auto": true, "ts": 1783055235.137}
{"armed": false, "event": "idle_disarmed", "preset": "car_single", "single_auto": true, "ts": 1783055235.137}
{"armed": false, "event": "idle_disarmed", "preset": "car_single", "single_auto": true, "ts": 1783055236.14}
{"armed": false, "event": "idle_disarmed", "preset": "car_single", "single_auto": true, "ts": 1783055236.14}
{"armed": false, "event": "idle_disarmed", "preset": "car_single", "single_auto": true, "ts": 1783055237.142}
{"armed": false, "event": "idle_disarmed", "preset": "car_single", "single_auto": true, "ts": 1783055237.142}
{"armed": false, "event": "idle_disarmed", "preset": "car_single", "single_auto": true, "ts": 1783055238.145}
{"armed": false, "event": "idle_disarmed", "preset": "car_single", "single_auto": true, "ts": 1783055238.145}
{"armed": false, "event": "idle_disarmed", "preset": "car_single", "single_auto": true, "ts": 1783055239.147}
{"armed": false, "event": "idle_disarmed", "preset": "car_single", "single_auto": true, "ts": 1783055239.147}
{"armed": false, "event": "idle_disarmed", "preset": "car_single", "single_auto": true, "ts": 1783055240.15}
{"armed": false, "event": "idle_disarmed", "preset": "car_single", "single_auto": true, "ts": 1783055240.15}
{"armed": false, "event": "idle_disarmed", "preset": "car_single", "single_auto": true, "ts": 1783055241.153}
{"armed": false, "event": "idle_disarmed", "preset": "car_single", "single_auto": true, "ts": 1783055241.153}
{"armed": false, "event": "idle_disarmed", "preset": "car_single", "single_auto": true, "ts": 1783055242.155}
{"armed": false, "event": "idle_disarmed", "preset": "car_single", "single_auto": true, "ts": 1783055242.155}
{"armed": false, "event": "idle_disarmed", "preset": "car_single", "single_auto": true, "ts": 1783055243.158}
{"armed": false, "event": "idle_disarmed", "preset": "car_single", "single_auto": true, "ts": 1783055243.158}
{"armed": false, "event": "idle_disarmed", "preset": "car_single", "single_auto": true, "ts": 1783055244.161}
{"armed": false, "event": "idle_disarmed", "preset": "car_single", "single_auto": true, "ts": 1783055244.161}
{"armed": false, "event": "idle_disarmed", "preset": "car_single", "single_auto": true, "ts": 1783055245.164}
{"armed": false, "event": "idle_disarmed", "preset": "car_single", "single_auto": true, "ts": 1783055245.164}
{"armed": false, "event": "idle_disarmed", "preset": "car_single", "single_auto": true, "ts": 1783055246.166}
{"armed": false, "event": "idle_disarmed", "preset": "car_single", "single_auto": true, "ts": 1783055246.166}
{"armed": false, "event": "idle_disarmed", "preset": "car_single", "single_auto": true, "ts": 1783055247.169}
{"armed": false, "event": "idle_disarmed", "preset": "car_single", "single_auto": true, "ts": 1783055247.169}
{"armed": false, "event": "idle_disarmed", "preset": "car_single", "single_auto": true, "ts": 1783055248.172}
{"armed": false, "event": "idle_disarmed", "preset": "car_single", "single_auto": true, "ts": 1783055248.172}
{"armed": false, "event": "idle_disarmed", "preset": "car_single", "single_auto": true, "ts": 1783055249.174}
{"armed": false, "event": "idle_disarmed", "preset": "car_single", "single_auto": true, "ts": 1783055249.174}
{"armed": false, "event": "idle_disarmed", "preset": "car_single", "single_auto": true, "ts": 1783055250.177}
{"armed": false, "event": "idle_disarmed", "preset": "car_single", "single_auto": true, "ts": 1783055250.177}
{"armed": false, "event": "idle_disarmed", "preset": "car_single", "single_auto": true, "ts": 1783055251.18}
{"armed": false, "event": "idle_disarmed", "preset": "car_single", "single_auto": true, "ts": 1783055251.18}
{"armed": false, "event": "idle_disarmed", "preset": "car_single", "single_auto": true, "ts": 1783055252.183}
{"armed": false, "event": "idle_disarmed", "preset": "car_single", "single_auto": true, "ts": 1783055252.183}
{"armed": false, "event": "idle_disarmed", "preset": "car_single", "single_auto": true, "ts": 1783055253.185}
{"armed": false, "event": "idle_disarmed", "preset": "car_single", "single_auto": true, "ts": 1783055253.185}
{"armed": false, "event": "idle_disarmed", "preset": "car_single", "single_auto": true, "ts": 1783055254.188}
{"armed": false, "event": "idle_disarmed", "preset": "car_single", "single_auto": true, "ts": 1783055254.188}
{"armed": false, "event": "idle_disarmed", "preset": "car_single", "single_auto": true, "ts": 1783055255.191}
{"armed": false, "event": "idle_disarmed", "preset": "car_single", "single_auto": true, "ts": 1783055255.191}
{"armed": false, "event": "idle_disarmed", "preset": "car_single", "single_auto": true, "ts": 1783055256.193}
{"armed": false, "event": "idle_disarmed", "preset": "car_single", "single_auto": true, "ts": 1783055256.193}
{"armed": false, "event": "idle_disarmed", "preset": "car_single", "single_auto": true, "ts": 1783055257.196}
{"armed": false, "event": "idle_disarmed", "preset": "car_single", "single_auto": true, "ts": 1783055257.196}
{"armed": false, "event": "idle_disarmed", "preset": "car_single", "single_auto": true, "ts": 1783055258.199}
{"armed": false, "event": "idle_disarmed", "preset": "car_single", "single_auto": true, "ts": 1783055258.199}
{"armed": false, "event": "idle_disarmed", "preset": "car_single", "single_auto": true, "ts": 1783055259.201}
{"armed": false, "event": "idle_disarmed", "preset": "car_single", "single_auto": true, "ts": 1783055259.201}
{"armed": false, "event": "idle_disarmed", "preset": "car_single", "single_auto": true, "ts": 1783055260.204}
{"armed": false, "event": "idle_disarmed", "preset": "car_single", "single_auto": true, "ts": 1783055260.204}
{"armed": false, "event": "idle_disarmed", "preset": "car_single", "single_auto": true, "ts": 1783055261.207}
{"armed": false, "event": "idle_disarmed", "preset": "car_single", "single_auto": true, "ts": 1783055261.207}
{"armed": false, "event": "idle_disarmed", "preset": "car_single", "single_auto": true, "ts": 1783055262.209}
{"armed": false, "event": "idle_disarmed", "preset": "car_single", "single_auto": true, "ts": 1783055262.209}
{"armed": false, "event": "idle_disarmed", "preset": "car_single", "single_auto": true, "ts": 1783055263.212}
{"armed": false, "event": "idle_disarmed", "preset": "car_single", "single_auto": true, "ts": 1783055263.212}
{"armed": false, "event": "idle_disarmed", "preset": "car_single", "single_auto": true, "ts": 1783055264.215}
{"armed": false, "event": "idle_disarmed", "preset": "car_single", "single_auto": true, "ts": 1783055264.215}
{"armed": false, "event": "idle_disarmed", "preset": "car_single", "single_auto": true, "ts": 1783055265.217}
{"armed": false, "event": "idle_disarmed", "preset": "car_single", "single_auto": true, "ts": 1783055265.217}
{"armed": false, "event": "idle_disarmed", "preset": "car_single", "single_auto": true, "ts": 1783055266.22}
{"armed": false, "event": "idle_disarmed", "preset": "car_single", "single_auto": true, "ts": 1783055266.22}
{"armed": false, "event": "idle_disarmed", "preset": "car_single", "single_auto": true, "ts": 1783055267.223}
{"armed": false, "event": "idle_disarmed", "preset": "car_single", "single_auto": true, "ts": 1783055267.223}
{"armed": false, "event": "idle_disarmed", "preset": "car_single", "single_auto": true, "ts": 1783055268.225}
{"armed": false, "event": "idle_disarmed", "preset": "car_single", "single_auto": true, "ts": 1783055268.225}
{"armed": false, "event": "idle_disarmed", "preset": "car_single", "single_auto": true, "ts": 1783055269.228}
{"armed": false, "event": "idle_disarmed", "preset": "car_single", "single_auto": true, "ts": 1783055269.228}
{"armed": false, "event": "idle_disarmed", "preset": "car_single", "single_auto": true, "ts": 1783055270.231}
{"armed": false, "event": "idle_disarmed", "preset": "car_single", "single_auto": true, "ts": 1783055270.231}
{"armed": false, "event": "idle_disarmed", "preset": "car_single", "single_auto": true, "ts": 1783055271.233}
{"armed": false, "event": "idle_disarmed", "preset": "car_single", "single_auto": true, "ts": 1783055271.233}
{"armed": false, "event": "idle_disarmed", "preset": "car_single", "single_auto": true, "ts": 1783055272.236}
{"armed": false, "event": "idle_disarmed", "preset": "car_single", "single_auto": true, "ts": 1783055272.236}
{"armed": false, "event": "idle_disarmed", "preset": "car_single", "single_auto": true, "ts": 1783055273.239}
{"armed": false, "event": "idle_disarmed", "preset": "car_single", "single_auto": true, "ts": 1783055273.239}
{"armed": false, "event": "idle_disarmed", "preset": "car_single", "single_auto": true, "ts": 1783055274.242}
{"armed": false, "event": "idle_disarmed", "preset": "car_single", "single_auto": true, "ts": 1783055274.242}
{"armed": false, "event": "idle_disarmed", "preset": "car_single", "single_auto": true, "ts": 1783055275.245}
{"armed": false, "event": "idle_disarmed", "preset": "car_single", "single_auto": true, "ts": 1783055275.245}
{"armed": false, "event": "idle_disarmed", "preset": "car_single", "single_auto": true, "ts": 1783055276.248}
{"armed": false, "event": "idle_disarmed", "preset": "car_single", "single_auto": true, "ts": 1783055276.248}
{"armed": false, "event": "idle_disarmed", "preset": "car_single", "single_auto": true, "ts": 1783055277.25}
{"armed": false, "event": "idle_disarmed", "preset": "car_single", "single_auto": true, "ts": 1783055277.25}
{"armed": false, "event": "idle_disarmed", "preset": "car_single", "single_auto": true, "ts": 1783055278.253}
{"armed": false, "event": "idle_disarmed", "preset": "car_single", "single_auto": true, "ts": 1783055278.253}
{"armed": false, "event": "idle_disarmed", "preset": "car_single", "single_auto": true, "ts": 1783055279.256}
{"armed": false, "event": "idle_disarmed", "preset": "car_single", "single_auto": true, "ts": 1783055279.256}
{"armed": false, "event": "idle_disarmed", "preset": "car_single", "single_auto": true, "ts": 1783055280.258}
{"armed": false, "event": "idle_disarmed", "preset": "car_single", "single_auto": true, "ts": 1783055280.258}
{"armed": false, "event": "idle_disarmed", "preset": "car_single", "single_auto": true, "ts": 1783055281.261}
{"armed": false, "event": "idle_disarmed", "preset": "car_single", "single_auto": true, "ts": 1783055281.261}
{"armed": false, "event": "idle_disarmed", "preset": "car_single", "single_auto": true, "ts": 1783055282.264}
{"armed": false, "event": "idle_disarmed", "preset": "car_single", "single_auto": true, "ts": 1783055282.264}
{"armed": false, "event": "idle_disarmed", "preset": "car_single", "single_auto": true, "ts": 1783055283.266}
{"armed": false, "event": "idle_disarmed", "preset": "car_single", "single_auto": true, "ts": 1783055283.266}
{"armed": false, "event": "idle_disarmed", "preset": "car_single", "single_auto": true, "ts": 1783055284.269}
{"armed": false, "event": "idle_disarmed", "preset": "car_single", "single_auto": true, "ts": 1783055284.269}
{"armed": false, "event": "idle_disarmed", "preset": "car_single", "single_auto": true, "ts": 1783055285.272}
{"armed": false, "event": "idle_disarmed", "preset": "car_single", "single_auto": true, "ts": 1783055285.272}
{"armed": false, "event": "idle_disarmed", "preset": "car_single", "single_auto": true, "ts": 1783055286.274}
{"armed": false, "event": "idle_disarmed", "preset": "car_single", "single_auto": true, "ts": 1783055286.274}
{"armed": false, "event": "idle_disarmed", "preset": "car_single", "single_auto": true, "ts": 1783055287.277}
{"armed": false, "event": "idle_disarmed", "preset": "car_single", "single_auto": true, "ts": 1783055287.277}
{"armed": false, "event": "idle_disarmed", "preset": "car_single", "single_auto": true, "ts": 1783055288.28}
{"armed": false, "event": "idle_disarmed", "preset": "car_single", "single_auto": true, "ts": 1783055288.28}
{"armed": false, "event": "idle_disarmed", "preset": "car_single", "single_auto": true, "ts": 1783055289.282}
{"armed": false, "event": "idle_disarmed", "preset": "car_single", "single_auto": true, "ts": 1783055289.282}
{"armed": false, "event": "idle_disarmed", "preset": "car_single", "single_auto": true, "ts": 1783055290.285}
{"armed": false, "event": "idle_disarmed", "preset": "car_single", "single_auto": true, "ts": 1783055290.285}
{"armed": false, "event": "idle_disarmed", "preset": "car_single", "single_auto": true, "ts": 1783055291.288}
{"armed": false, "event": "idle_disarmed", "preset": "car_single", "single_auto": true, "ts": 1783055291.288}
{"armed": false, "event": "idle_disarmed", "preset": "car_single", "single_auto": true, "ts": 1783055292.29}
{"armed": false, "event": "idle_disarmed", "preset": "car_single", "single_auto": true, "ts": 1783055292.29}
{"armed": false, "event": "idle_disarmed", "preset": "car_single", "single_auto": true, "ts": 1783055293.293}
{"armed": false, "event": "idle_disarmed", "preset": "car_single", "single_auto": true, "ts": 1783055293.293}
{"armed": false, "event": "idle_disarmed", "preset": "car_single", "single_auto": true, "ts": 1783055294.295}
{"armed": false, "event": "idle_disarmed", "preset": "car_single", "single_auto": true, "ts": 1783055294.295}
{"armed": false, "event": "idle_disarmed", "preset": "car_single", "single_auto": true, "ts": 1783055295.298}
{"armed": false, "event": "idle_disarmed", "preset": "car_single", "single_auto": true, "ts": 1783055295.298}
{"armed": false, "event": "idle_disarmed", "preset": "car_single", "single_auto": true, "ts": 1783055296.3}
{"armed": false, "event": "idle_disarmed", "preset": "car_single", "single_auto": true, "ts": 1783055296.3}
{"armed": false, "event": "idle_disarmed", "preset": "car_single", "single_auto": true, "ts": 1783055297.304}
{"armed": false, "event": "idle_disarmed", "preset": "car_single", "single_auto": true, "ts": 1783055297.304}
{"armed": false, "event": "idle_disarmed", "preset": "car_single", "single_auto": true, "ts": 1783055298.306}
{"armed": false, "event": "idle_disarmed", "preset": "car_single", "single_auto": true, "ts": 1783055298.306}
{"armed": false, "event": "idle_disarmed", "preset": "car_single", "single_auto": true, "ts": 1783055299.309}
{"armed": false, "event": "idle_disarmed", "preset": "car_single", "single_auto": true, "ts": 1783055299.309}
{"armed": false, "event": "idle_disarmed", "preset": "car_single", "single_auto": true, "ts": 1783055300.312}
{"armed": false, "event": "idle_disarmed", "preset": "car_single", "single_auto": true, "ts": 1783055300.312}
{"armed": false, "event": "idle_disarmed", "preset": "car_single", "single_auto": true, "ts": 1783055301.314}
{"armed": false, "event": "idle_disarmed", "preset": "car_single", "single_auto": true, "ts": 1783055301.314}
{"armed": false, "event": "idle_disarmed", "preset": "car_single", "single_auto": true, "ts": 1783055302.317}
{"armed": false, "event": "idle_disarmed", "preset": "car_single", "single_auto": true, "ts": 1783055302.317}
{"armed": false, "event": "idle_disarmed", "preset": "car_single", "single_auto": true, "ts": 1783055303.319}
{"armed": false, "event": "idle_disarmed", "preset": "car_single", "single_auto": true, "ts": 1783055303.319}
{"armed": false, "event": "idle_disarmed", "preset": "car_single", "single_auto": true, "ts": 1783055304.322}
{"armed": false, "event": "idle_disarmed", "preset": "car_single", "single_auto": true, "ts": 1783055304.322}
{"armed": false, "event": "idle_disarmed", "preset": "car_single", "single_auto": true, "ts": 1783055305.325}
{"armed": false, "event": "idle_disarmed", "preset": "car_single", "single_auto": true, "ts": 1783055305.325}
{"armed": false, "event": "idle_disarmed", "preset": "car_single", "single_auto": true, "ts": 1783055306.327}
{"armed": false, "event": "idle_disarmed", "preset": "car_single", "single_auto": true, "ts": 1783055306.327}
{"armed": false, "event": "idle_disarmed", "preset": "car_single", "single_auto": true, "ts": 1783055307.33}
{"armed": false, "event": "idle_disarmed", "preset": "car_single", "single_auto": true, "ts": 1783055307.33}
{"armed": false, "event": "idle_disarmed", "preset": "car_single", "single_auto": true, "ts": 1783055308.333}
{"armed": false, "event": "idle_disarmed", "preset": "car_single", "single_auto": true, "ts": 1783055308.333}
{"armed": false, "event": "idle_disarmed", "preset": "car_single", "single_auto": true, "ts": 1783055309.335}
{"armed": false, "event": "idle_disarmed", "preset": "car_single", "single_auto": true, "ts": 1783055309.335}
{"armed": false, "event": "idle_disarmed", "preset": "car_single", "single_auto": true, "ts": 1783055310.338}
{"armed": false, "event": "idle_disarmed", "preset": "car_single", "single_auto": true, "ts": 1783055310.338}
{"armed": false, "event": "idle_disarmed", "preset": "car_single", "single_auto": true, "ts": 1783055311.34}
{"armed": false, "event": "idle_disarmed", "preset": "car_single", "single_auto": true, "ts": 1783055311.34}
{"armed": false, "event": "idle_disarmed", "preset": "car_single", "single_auto": true, "ts": 1783055312.343}
{"armed": false, "event": "idle_disarmed", "preset": "car_single", "single_auto": true, "ts": 1783055312.343}
{"armed": false, "event": "idle_disarmed", "preset": "car_single", "single_auto": true, "ts": 1783055313.345}
{"armed": false, "event": "idle_disarmed", "preset": "car_single", "single_auto": true, "ts": 1783055313.345}
{"armed": false, "event": "idle_disarmed", "preset": "car_single", "single_auto": true, "ts": 1783055314.348}
{"armed": false, "event": "idle_disarmed", "preset": "car_single", "single_auto": true, "ts": 1783055314.348}
{"armed": false, "event": "idle_disarmed", "preset": "car_single", "single_auto": true, "ts": 1783055315.35}
{"armed": false, "event": "idle_disarmed", "preset": "car_single", "single_auto": true, "ts": 1783055315.35}
{"armed": false, "event": "idle_disarmed", "preset": "car_single", "single_auto": true, "ts": 1783055316.353}
{"armed": false, "event": "idle_disarmed", "preset": "car_single", "single_auto": true, "ts": 1783055316.353}
{"armed": false, "event": "idle_disarmed", "preset": "car_single", "single_auto": true, "ts": 1783055317.356}
{"armed": false, "event": "idle_disarmed", "preset": "car_single", "single_auto": true, "ts": 1783055317.356}
{"armed": false, "event": "idle_disarmed", "preset": "car_single", "single_auto": true, "ts": 1783055318.358}
{"armed": false, "event": "idle_disarmed", "preset": "car_single", "single_auto": true, "ts": 1783055318.358}
{"armed": false, "event": "idle_disarmed", "preset": "car_single", "single_auto": true, "ts": 1783055319.361}
{"armed": false, "event": "idle_disarmed", "preset": "car_single", "single_auto": true, "ts": 1783055319.361}
{"armed": false, "event": "idle_disarmed", "preset": "car_single", "single_auto": true, "ts": 1783055320.364}
{"armed": false, "event": "idle_disarmed", "preset": "car_single", "single_auto": true, "ts": 1783055320.364}
{"armed": false, "event": "idle_disarmed", "preset": "car_single", "single_auto": true, "ts": 1783055321.367}
{"armed": false, "event": "idle_disarmed", "preset": "car_single", "single_auto": true, "ts": 1783055321.367}
{"armed": false, "event": "idle_disarmed", "preset": "car_single", "single_auto": true, "ts": 1783055322.369}
{"armed": false, "event": "idle_disarmed", "preset": "car_single", "single_auto": true, "ts": 1783055322.369}
{"armed": false, "event": "idle_disarmed", "preset": "car_single", "single_auto": true, "ts": 1783055323.372}
{"armed": false, "event": "idle_disarmed", "preset": "car_single", "single_auto": true, "ts": 1783055323.372}
{"armed": false, "event": "idle_disarmed", "preset": "car_single", "single_auto": true, "ts": 1783055324.375}
{"armed": false, "event": "idle_disarmed", "preset": "car_single", "single_auto": true, "ts": 1783055324.375}
{"armed": false, "event": "idle_disarmed", "preset": "car_single", "single_auto": true, "ts": 1783055325.377}
{"armed": false, "event": "idle_disarmed", "preset": "car_single", "single_auto": true, "ts": 1783055325.377}
{"armed": false, "event": "idle_disarmed", "preset": "car_single", "single_auto": true, "ts": 1783055326.38}
{"armed": false, "event": "idle_disarmed", "preset": "car_single", "single_auto": true, "ts": 1783055326.38}
{"armed": false, "event": "idle_disarmed", "preset": "car_single", "single_auto": true, "ts": 1783055327.382}
{"armed": false, "event": "idle_disarmed", "preset": "car_single", "single_auto": true, "ts": 1783055327.382}
{"armed": false, "event": "idle_disarmed", "preset": "car_single", "single_auto": true, "ts": 1783055328.385}
{"armed": false, "event": "idle_disarmed", "preset": "car_single", "single_auto": true, "ts": 1783055328.385}
{"armed": false, "event": "idle_disarmed", "preset": "car_single", "single_auto": true, "ts": 1783055329.388}
{"armed": false, "event": "idle_disarmed", "preset": "car_single", "single_auto": true, "ts": 1783055329.388}
{"armed": false, "event": "idle_disarmed", "preset": "car_single", "single_auto": true, "ts": 1783055330.39}
{"armed": false, "event": "idle_disarmed", "preset": "car_single", "single_auto": true, "ts": 1783055330.39}
{"armed": false, "event": "idle_disarmed", "preset": "car_single", "single_auto": true, "ts": 1783055331.393}
{"armed": false, "event": "idle_disarmed", "preset": "car_single", "single_auto": true, "ts": 1783055331.393}
{"armed": false, "event": "idle_disarmed", "preset": "car_single", "single_auto": true, "ts": 1783055332.396}
{"armed": false, "event": "idle_disarmed", "preset": "car_single", "single_auto": true, "ts": 1783055332.396}
{"armed": false, "event": "idle_disarmed", "preset": "car_single", "single_auto": true, "ts": 1783055333.399}
{"armed": false, "event": "idle_disarmed", "preset": "car_single", "single_auto": true, "ts": 1783055333.399}
{"armed": false, "event": "idle_disarmed", "preset": "car_single", "single_auto": true, "ts": 1783055334.402}
{"armed": false, "event": "idle_disarmed", "preset": "car_single", "single_auto": true, "ts": 1783055334.402}
{"armed": false, "event": "idle_disarmed", "preset": "car_single", "single_auto": true, "ts": 1783055335.404}
{"armed": false, "event": "idle_disarmed", "preset": "car_single", "single_auto": true, "ts": 1783055335.404}
{"armed": false, "event": "idle_disarmed", "preset": "car_single", "single_auto": true, "ts": 1783055336.407}
{"armed": false, "event": "idle_disarmed", "preset": "car_single", "single_auto": true, "ts": 1783055336.407}
{"armed": false, "event": "idle_disarmed", "preset": "car_single", "single_auto": true, "ts": 1783055337.41}
{"armed": false, "event": "idle_disarmed", "preset": "car_single", "single_auto": true, "ts": 1783055337.41}
{"armed": false, "event": "idle_disarmed", "preset": "car_single", "single_auto": true, "ts": 1783055338.412}
{"armed": false, "event": "idle_disarmed", "preset": "car_single", "single_auto": true, "ts": 1783055338.412}
{"armed": false, "event": "idle_disarmed", "preset": "car_single", "single_auto": true, "ts": 1783055339.415}
{"armed": false, "event": "idle_disarmed", "preset": "car_single", "single_auto": true, "ts": 1783055339.415}
{"armed": false, "event": "idle_disarmed", "preset": "car_single", "single_auto": true, "ts": 1783055340.418}
{"armed": false, "event": "idle_disarmed", "preset": "car_single", "single_auto": true, "ts": 1783055340.418}
{"armed": false, "event": "idle_disarmed", "preset": "car_single", "single_auto": true, "ts": 1783055341.42}
{"armed": false, "event": "idle_disarmed", "preset": "car_single", "single_auto": true, "ts": 1783055341.42}
{"armed": false, "event": "idle_disarmed", "preset": "car_single", "single_auto": true, "ts": 1783055342.423}
{"armed": false, "event": "idle_disarmed", "preset": "car_single", "single_auto": true, "ts": 1783055342.423}
{"armed": false, "event": "idle_disarmed", "preset": "car_single", "single_auto": true, "ts": 1783055343.426}
{"armed": false, "event": "idle_disarmed", "preset": "car_single", "single_auto": true, "ts": 1783055343.426}
{"armed": false, "event": "idle_disarmed", "preset": "car_single", "single_auto": true, "ts": 1783055344.429}
{"armed": false, "event": "idle_disarmed", "preset": "car_single", "single_auto": true, "ts": 1783055344.429}
{"armed": false, "event": "idle_disarmed", "preset": "car_single", "single_auto": true, "ts": 1783055345.431}
{"armed": false, "event": "idle_disarmed", "preset": "car_single", "single_auto": true, "ts": 1783055345.431}
{"armed": false, "event": "idle_disarmed", "preset": "car_single", "single_auto": true, "ts": 1783055346.434}
{"armed": false, "event": "idle_disarmed", "preset": "car_single", "single_auto": true, "ts": 1783055346.434}
{"armed": false, "event": "idle_disarmed", "preset": "car_single", "single_auto": true, "ts": 1783055347.436}
{"armed": false, "event": "idle_disarmed", "preset": "car_single", "single_auto": true, "ts": 1783055347.436}
{"armed": false, "event": "idle_disarmed", "preset": "car_single", "single_auto": true, "ts": 1783055348.439}
{"armed": false, "event": "idle_disarmed", "preset": "car_single", "single_auto": true, "ts": 1783055348.439}
{"armed": false, "event": "idle_disarmed", "preset": "car_single", "single_auto": true, "ts": 1783055349.441}
{"armed": false, "event": "idle_disarmed", "preset": "car_single", "single_auto": true, "ts": 1783055349.441}
{"armed": false, "event": "idle_disarmed", "preset": "car_single", "single_auto": true, "ts": 1783055350.444}
{"armed": false, "event": "idle_disarmed", "preset": "car_single", "single_auto": true, "ts": 1783055350.444}
{"armed": false, "event": "idle_disarmed", "preset": "car_single", "single_auto": true, "ts": 1783055351.447}
{"armed": false, "event": "idle_disarmed", "preset": "car_single", "single_auto": true, "ts": 1783055351.447}
{"armed": false, "event": "idle_disarmed", "preset": "car_single", "single_auto": true, "ts": 1783055352.45}
{"armed": false, "event": "idle_disarmed", "preset": "car_single", "single_auto": true, "ts": 1783055352.45}
{"armed": false, "event": "idle_disarmed", "preset": "car_single", "single_auto": true, "ts": 1783055353.452}
{"armed": false, "event": "idle_disarmed", "preset": "car_single", "single_auto": true, "ts": 1783055353.452}
{"armed": false, "event": "idle_disarmed", "preset": "car_single", "single_auto": true, "ts": 1783055354.455}
{"armed": false, "event": "idle_disarmed", "preset": "car_single", "single_auto": true, "ts": 1783055354.455}
{"armed": false, "event": "idle_disarmed", "preset": "car_single", "single_auto": true, "ts": 1783055355.457}
{"armed": false, "event": "idle_disarmed", "preset": "car_single", "single_auto": true, "ts": 1783055355.457}
{"armed": false, "event": "idle_disarmed", "preset": "car_single", "single_auto": true, "ts": 1783055356.46}
{"armed": false, "event": "idle_disarmed", "preset": "car_single", "single_auto": true, "ts": 1783055356.46}
{"armed": false, "event": "idle_disarmed", "preset": "car_single", "single_auto": true, "ts": 1783055357.463}
{"armed": false, "event": "idle_disarmed", "preset": "car_single", "single_auto": true, "ts": 1783055357.463}
{"armed": false, "event": "idle_disarmed", "preset": "car_single", "single_auto": true, "ts": 1783055358.465}
{"armed": false, "event": "idle_disarmed", "preset": "car_single", "single_auto": true, "ts": 1783055358.465}
{"armed": false, "event": "idle_disarmed", "preset": "car_single", "single_auto": true, "ts": 1783055359.468}
{"armed": false, "event": "idle_disarmed", "preset": "car_single", "single_auto": true, "ts": 1783055359.468}
{"armed": false, "event": "idle_disarmed", "preset": "car_single", "single_auto": true, "ts": 1783055360.47}
{"armed": false, "event": "idle_disarmed", "preset": "car_single", "single_auto": true, "ts": 1783055360.47}
{"armed": false, "event": "idle_disarmed", "preset": "car_single", "single_auto": true, "ts": 1783055361.473}
{"armed": false, "event": "idle_disarmed", "preset": "car_single", "single_auto": true, "ts": 1783055361.473}
{"armed": false, "event": "idle_disarmed", "preset": "car_single", "single_auto": true, "ts": 1783055362.475}
{"armed": false, "event": "idle_disarmed", "preset": "car_single", "single_auto": true, "ts": 1783055362.475}
{"armed": false, "event": "idle_disarmed", "preset": "car_single", "single_auto": true, "ts": 1783055363.478}
{"armed": false, "event": "idle_disarmed", "preset": "car_single", "single_auto": true, "ts": 1783055363.478}
{"armed": false, "event": "idle_disarmed", "preset": "car_single", "single_auto": true, "ts": 1783055364.48}
{"armed": false, "event": "idle_disarmed", "preset": "car_single", "single_auto": true, "ts": 1783055364.48}
{"armed": false, "event": "idle_disarmed", "preset": "car_single", "single_auto": true, "ts": 1783055365.483}
{"armed": false, "event": "idle_disarmed", "preset": "car_single", "single_auto": true, "ts": 1783055365.483}
{"armed": false, "event": "idle_disarmed", "preset": "car_single", "single_auto": true, "ts": 1783055366.486}
{"armed": false, "event": "idle_disarmed", "preset": "car_single", "single_auto": true, "ts": 1783055366.486}
{"armed": false, "event": "idle_disarmed", "preset": "car_single", "single_auto": true, "ts": 1783055367.489}
{"armed": false, "event": "idle_disarmed", "preset": "car_single", "single_auto": true, "ts": 1783055367.489}
{"armed": false, "event": "idle_disarmed", "preset": "car_single", "single_auto": true, "ts": 1783055368.492}
{"armed": false, "event": "idle_disarmed", "preset": "car_single", "single_auto": true, "ts": 1783055368.492}
{"armed": false, "event": "idle_disarmed", "preset": "car_single", "single_auto": true, "ts": 1783055369.494}
{"armed": false, "event": "idle_disarmed", "preset": "car_single", "single_auto": true, "ts": 1783055369.494}
{"armed": false, "event": "idle_disarmed", "preset": "car_single", "single_auto": true, "ts": 1783055370.497}
{"armed": false, "event": "idle_disarmed", "preset": "car_single", "single_auto": true, "ts": 1783055370.497}
{"armed": false, "event": "idle_disarmed", "preset": "car_single", "single_auto": true, "ts": 1783055371.5}
{"armed": false, "event": "idle_disarmed", "preset": "car_single", "single_auto": true, "ts": 1783055371.5}
{"armed": false, "event": "idle_disarmed", "preset": "car_single", "single_auto": true, "ts": 1783055372.502}
{"armed": false, "event": "idle_disarmed", "preset": "car_single", "single_auto": true, "ts": 1783055372.502}
{"armed": false, "event": "idle_disarmed", "preset": "car_single", "single_auto": true, "ts": 1783055373.505}
{"armed": false, "event": "idle_disarmed", "preset": "car_single", "single_auto": true, "ts": 1783055373.505}
{"armed": false, "event": "idle_disarmed", "preset": "car_single", "single_auto": true, "ts": 1783055374.508}
{"armed": false, "event": "idle_disarmed", "preset": "car_single", "single_auto": true, "ts": 1783055374.508}
{"armed": false, "event": "idle_disarmed", "preset": "car_single", "single_auto": true, "ts": 1783055375.51}
{"armed": false, "event": "idle_disarmed", "preset": "car_single", "single_auto": true, "ts": 1783055375.51}
{"armed": false, "event": "idle_disarmed", "preset": "car_single", "single_auto": true, "ts": 1783055376.513}
{"armed": false, "event": "idle_disarmed", "preset": "car_single", "single_auto": true, "ts": 1783055376.513}
{"armed": false, "event": "idle_disarmed", "preset": "car_single", "single_auto": true, "ts": 1783055377.516}
{"armed": false, "event": "idle_disarmed", "preset": "car_single", "single_auto": true, "ts": 1783055377.516}
{"armed": false, "event": "idle_disarmed", "preset": "car_single", "single_auto": true, "ts": 1783055378.518}
{"armed": false, "event": "idle_disarmed", "preset": "car_single", "single_auto": true, "ts": 1783055378.518}
{"armed": false, "event": "idle_disarmed", "preset": "car_single", "single_auto": true, "ts": 1783055379.521}
{"armed": false, "event": "idle_disarmed", "preset": "car_single", "single_auto": true, "ts": 1783055379.521}
{"armed": false, "event": "idle_disarmed", "preset": "car_single", "single_auto": true, "ts": 1783055380.524}
{"armed": false, "event": "idle_disarmed", "preset": "car_single", "single_auto": true, "ts": 1783055380.524}
{"armed": false, "event": "idle_disarmed", "preset": "car_single", "single_auto": true, "ts": 1783055381.526}
{"armed": false, "event": "idle_disarmed", "preset": "car_single", "single_auto": true, "ts": 1783055381.526}
{"armed": false, "event": "idle_disarmed", "preset": "car_single", "single_auto": true, "ts": 1783055382.529}
{"armed": false, "event": "idle_disarmed", "preset": "car_single", "single_auto": true, "ts": 1783055382.529}
{"armed": false, "event": "idle_disarmed", "preset": "car_single", "single_auto": true, "ts": 1783055383.532}
{"armed": false, "event": "idle_disarmed", "preset": "car_single", "single_auto": true, "ts": 1783055383.532}
{"armed": false, "event": "idle_disarmed", "preset": "car_single", "single_auto": true, "ts": 1783055384.534}
{"armed": false, "event": "idle_disarmed", "preset": "car_single", "single_auto": true, "ts": 1783055384.534}
{"armed": false, "event": "idle_disarmed", "preset": "car_single", "single_auto": true, "ts": 1783055385.537}
{"armed": false, "event": "idle_disarmed", "preset": "car_single", "single_auto": true, "ts": 1783055385.537}
{"armed": false, "event": "idle_disarmed", "preset": "car_single", "single_auto": true, "ts": 1783055386.54}
{"armed": false, "event": "idle_disarmed", "preset": "car_single", "single_auto": true, "ts": 1783055386.54}
{"armed": false, "event": "idle_disarmed", "preset": "car_single", "single_auto": true, "ts": 1783055387.542}
{"armed": false, "event": "idle_disarmed", "preset": "car_single", "single_auto": true, "ts": 1783055387.542}
{"armed": false, "event": "idle_disarmed", "preset": "car_single", "single_auto": true, "ts": 1783055388.545}
{"armed": false, "event": "idle_disarmed", "preset": "car_single", "single_auto": true, "ts": 1783055388.545}
{"armed": false, "event": "idle_disarmed", "preset": "car_single", "single_auto": true, "ts": 1783055389.548}
{"armed": false, "event": "idle_disarmed", "preset": "car_single", "single_auto": true, "ts": 1783055389.548}
{"armed": false, "event": "idle_disarmed", "preset": "car_single", "single_auto": true, "ts": 1783055390.551}
{"armed": false, "event": "idle_disarmed", "preset": "car_single", "single_auto": true, "ts": 1783055390.551}
{"armed": false, "event": "idle_disarmed", "preset": "car_single", "single_auto": true, "ts": 1783055391.553}
{"armed": false, "event": "idle_disarmed", "preset": "car_single", "single_auto": true, "ts": 1783055391.553}
{"armed": false, "event": "idle_disarmed", "preset": "car_single", "single_auto": true, "ts": 1783055392.556}
{"armed": false, "event": "idle_disarmed", "preset": "car_single", "single_auto": true, "ts": 1783055392.556}
{"armed": false, "event": "idle_disarmed", "preset": "car_single", "single_auto": true, "ts": 1783055393.559}
{"armed": false, "event": "idle_disarmed", "preset": "car_single", "single_auto": true, "ts": 1783055393.559}
{"armed": false, "event": "idle_disarmed", "preset": "car_single", "single_auto": true, "ts": 1783055394.561}
{"armed": false, "event": "idle_disarmed", "preset": "car_single", "single_auto": true, "ts": 1783055394.561}
{"armed": false, "event": "idle_disarmed", "preset": "car_single", "single_auto": true, "ts": 1783055395.564}
{"armed": false, "event": "idle_disarmed", "preset": "car_single", "single_auto": true, "ts": 1783055395.564}
{"armed": false, "event": "idle_disarmed", "preset": "car_single", "single_auto": true, "ts": 1783055396.567}
{"armed": false, "event": "idle_disarmed", "preset": "car_single", "single_auto": true, "ts": 1783055396.567}
{"armed": false, "event": "idle_disarmed", "preset": "car_single", "single_auto": true, "ts": 1783055397.569}
{"armed": false, "event": "idle_disarmed", "preset": "car_single", "single_auto": true, "ts": 1783055397.569}
{"armed": false, "event": "idle_disarmed", "preset": "car_single", "single_auto": true, "ts": 1783055398.572}
{"armed": false, "event": "idle_disarmed", "preset": "car_single", "single_auto": true, "ts": 1783055398.572}
{"armed": false, "event": "idle_disarmed", "preset": "car_single", "single_auto": true, "ts": 1783055399.575}
{"armed": false, "event": "idle_disarmed", "preset": "car_single", "single_auto": true, "ts": 1783055399.575}
{"armed": false, "event": "idle_disarmed", "preset": "car_single", "single_auto": true, "ts": 1783055400.577}
{"armed": false, "event": "idle_disarmed", "preset": "car_single", "single_auto": true, "ts": 1783055400.577}
{"armed": false, "event": "idle_disarmed", "preset": "car_single", "single_auto": true, "ts": 1783055401.58}
{"armed": false, "event": "idle_disarmed", "preset": "car_single", "single_auto": true, "ts": 1783055401.58}
{"armed": false, "event": "idle_disarmed", "preset": "car_single", "single_auto": true, "ts": 1783055402.582}
{"armed": false, "event": "idle_disarmed", "preset": "car_single", "single_auto": true, "ts": 1783055402.582}
{"armed": false, "event": "idle_disarmed", "preset": "car_single", "single_auto": true, "ts": 1783055403.585}
{"armed": false, "event": "idle_disarmed", "preset": "car_single", "single_auto": true, "ts": 1783055403.585}
{"armed": false, "event": "idle_disarmed", "preset": "car_single", "single_auto": true, "ts": 1783055404.587}
{"armed": false, "event": "idle_disarmed", "preset": "car_single", "single_auto": true, "ts": 1783055404.587}
{"armed": false, "event": "idle_disarmed", "preset": "car_single", "single_auto": true, "ts": 1783055405.59}
{"armed": false, "event": "idle_disarmed", "preset": "car_single", "single_auto": true, "ts": 1783055405.59}
{"armed": false, "event": "idle_disarmed", "preset": "car_single", "single_auto": true, "ts": 1783055406.593}
{"armed": false, "event": "idle_disarmed", "preset": "car_single", "single_auto": true, "ts": 1783055406.593}
{"armed": false, "event": "idle_disarmed", "preset": "car_single", "single_auto": true, "ts": 1783055407.595}
{"armed": false, "event": "idle_disarmed", "preset": "car_single", "single_auto": true, "ts": 1783055407.595}
{"armed": false, "event": "idle_disarmed", "preset": "car_single", "single_auto": true, "ts": 1783055408.598}
{"armed": false, "event": "idle_disarmed", "preset": "car_single", "single_auto": true, "ts": 1783055408.598}
{"armed": false, "event": "idle_disarmed", "preset": "car_single", "single_auto": true, "ts": 1783055409.6}
{"armed": false, "event": "idle_disarmed", "preset": "car_single", "single_auto": true, "ts": 1783055409.6}
{"armed": false, "event": "idle_disarmed", "preset": "car_single", "single_auto": true, "ts": 1783055410.603}
{"armed": false, "event": "idle_disarmed", "preset": "car_single", "single_auto": true, "ts": 1783055410.603}
{"armed": false, "event": "idle_disarmed", "preset": "car_single", "single_auto": true, "ts": 1783055411.606}
{"armed": false, "event": "idle_disarmed", "preset": "car_single", "single_auto": true, "ts": 1783055411.606}
{"armed": false, "event": "idle_disarmed", "preset": "car_single", "single_auto": true, "ts": 1783055412.609}
{"armed": false, "event": "idle_disarmed", "preset": "car_single", "single_auto": true, "ts": 1783055412.609}
{"armed": false, "event": "idle_disarmed", "preset": "car_single", "single_auto": true, "ts": 1783055413.612}
{"armed": false, "event": "idle_disarmed", "preset": "car_single", "single_auto": true, "ts": 1783055413.612}
{"armed": false, "event": "idle_disarmed", "preset": "car_single", "single_auto": true, "ts": 1783055414.615}
{"armed": false, "event": "idle_disarmed", "preset": "car_single", "single_auto": true, "ts": 1783055414.615}
{"armed": false, "event": "idle_disarmed", "preset": "car_single", "single_auto": true, "ts": 1783055415.617}
{"armed": false, "event": "idle_disarmed", "preset": "car_single", "single_auto": true, "ts": 1783055415.617}
{"armed": false, "event": "idle_disarmed", "preset": "car_single", "single_auto": true, "ts": 1783055416.62}
{"armed": false, "event": "idle_disarmed", "preset": "car_single", "single_auto": true, "ts": 1783055416.62}
{"armed": false, "event": "idle_disarmed", "preset": "car_single", "single_auto": true, "ts": 1783055417.623}
{"armed": false, "event": "idle_disarmed", "preset": "car_single", "single_auto": true, "ts": 1783055417.623}
{"armed": false, "event": "idle_disarmed", "preset": "car_single", "single_auto": true, "ts": 1783055418.626}
{"armed": false, "event": "idle_disarmed", "preset": "car_single", "single_auto": true, "ts": 1783055418.626}
{"armed": false, "event": "idle_disarmed", "preset": "car_single", "single_auto": true, "ts": 1783055419.628}
{"armed": false, "event": "idle_disarmed", "preset": "car_single", "single_auto": true, "ts": 1783055419.628}
{"armed": false, "event": "idle_disarmed", "preset": "car_single", "single_auto": true, "ts": 1783055420.631}
{"armed": false, "event": "idle_disarmed", "preset": "car_single", "single_auto": true, "ts": 1783055420.631}
{"armed": false, "event": "idle_disarmed", "preset": "car_single", "single_auto": true, "ts": 1783055421.634}
{"armed": false, "event": "idle_disarmed", "preset": "car_single", "single_auto": true, "ts": 1783055421.634}
{"armed": false, "event": "idle_disarmed", "preset": "car_single", "single_auto": true, "ts": 1783055422.637}
{"armed": false, "event": "idle_disarmed", "preset": "car_single", "single_auto": true, "ts": 1783055422.637}
{"armed": false, "event": "idle_disarmed", "preset": "car_single", "single_auto": true, "ts": 1783055423.64}
{"armed": false, "event": "idle_disarmed", "preset": "car_single", "single_auto": true, "ts": 1783055423.64}
{"armed": false, "event": "idle_disarmed", "preset": "car_single", "single_auto": true, "ts": 1783055424.642}
{"armed": false, "event": "idle_disarmed", "preset": "car_single", "single_auto": true, "ts": 1783055424.642}
{"armed": false, "event": "idle_disarmed", "preset": "car_single", "single_auto": true, "ts": 1783055425.645}
{"armed": false, "event": "idle_disarmed", "preset": "car_single", "single_auto": true, "ts": 1783055425.645}
{"armed": false, "event": "idle_disarmed", "preset": "car_single", "single_auto": true, "ts": 1783055426.647}
{"armed": false, "event": "idle_disarmed", "preset": "car_single", "single_auto": true, "ts": 1783055426.647}
{"armed": false, "event": "idle_disarmed", "preset": "car_single", "single_auto": true, "ts": 1783055427.65}
{"armed": false, "event": "idle_disarmed", "preset": "car_single", "single_auto": true, "ts": 1783055427.65}
{"armed": false, "event": "idle_disarmed", "preset": "car_single", "single_auto": true, "ts": 1783055428.653}
{"armed": false, "event": "idle_disarmed", "preset": "car_single", "single_auto": true, "ts": 1783055428.653}
{"armed": false, "event": "idle_disarmed", "preset": "car_single", "single_auto": true, "ts": 1783055429.655}
{"armed": false, "event": "idle_disarmed", "preset": "car_single", "single_auto": true, "ts": 1783055429.655}
{"armed": false, "event": "idle_disarmed", "preset": "car_single", "single_auto": true, "ts": 1783055430.658}
{"armed": false, "event": "idle_disarmed", "preset": "car_single", "single_auto": true, "ts": 1783055430.658}
{"armed": false, "event": "idle_disarmed", "preset": "car_single", "single_auto": true, "ts": 1783055431.661}
{"armed": false, "event": "idle_disarmed", "preset": "car_single", "single_auto": true, "ts": 1783055431.661}
{"armed": false, "event": "idle_disarmed", "preset": "car_single", "single_auto": true, "ts": 1783055432.663}
{"armed": false, "event": "idle_disarmed", "preset": "car_single", "single_auto": true, "ts": 1783055432.663}
{"armed": false, "event": "idle_disarmed", "preset": "car_single", "single_auto": true, "ts": 1783055433.666}
{"armed": false, "event": "idle_disarmed", "preset": "car_single", "single_auto": true, "ts": 1783055433.666}
{"armed": false, "event": "idle_disarmed", "preset": "car_single", "single_auto": true, "ts": 1783055434.669}
{"armed": false, "event": "idle_disarmed", "preset": "car_single", "single_auto": true, "ts": 1783055434.669}
{"armed": false, "event": "idle_disarmed", "preset": "car_single", "single_auto": true, "ts": 1783055435.672}
{"armed": false, "event": "idle_disarmed", "preset": "car_single", "single_auto": true, "ts": 1783055435.672}
{"armed": false, "event": "idle_disarmed", "preset": "car_single", "single_auto": true, "ts": 1783055436.675}
{"armed": false, "event": "idle_disarmed", "preset": "car_single", "single_auto": true, "ts": 1783055436.675}
{"armed": false, "event": "idle_disarmed", "preset": "car_single", "single_auto": true, "ts": 1783055437.677}
{"armed": false, "event": "idle_disarmed", "preset": "car_single", "single_auto": true, "ts": 1783055437.677}
{"armed": false, "event": "idle_disarmed", "preset": "car_single", "single_auto": true, "ts": 1783055438.68}
{"armed": false, "event": "idle_disarmed", "preset": "car_single", "single_auto": true, "ts": 1783055438.68}
{"armed": false, "event": "idle_disarmed", "preset": "car_single", "single_auto": true, "ts": 1783055439.683}
{"armed": false, "event": "idle_disarmed", "preset": "car_single", "single_auto": true, "ts": 1783055439.683}
{"armed": false, "event": "idle_disarmed", "preset": "car_single", "single_auto": true, "ts": 1783055440.685}
{"armed": false, "event": "idle_disarmed", "preset": "car_single", "single_auto": true, "ts": 1783055440.685}
{"armed": false, "event": "idle_disarmed", "preset": "car_single", "single_auto": true, "ts": 1783055441.688}
{"armed": false, "event": "idle_disarmed", "preset": "car_single", "single_auto": true, "ts": 1783055441.688}
{"armed": false, "event": "idle_disarmed", "preset": "car_single", "single_auto": true, "ts": 1783055442.69}
{"armed": false, "event": "idle_disarmed", "preset": "car_single", "single_auto": true, "ts": 1783055442.69}
{"armed": false, "event": "idle_disarmed", "preset": "car_single", "single_auto": true, "ts": 1783055443.693}
{"armed": false, "event": "idle_disarmed", "preset": "car_single", "single_auto": true, "ts": 1783055443.693}
{"armed": false, "event": "idle_disarmed", "preset": "car_single", "single_auto": true, "ts": 1783055444.696}
{"armed": false, "event": "idle_disarmed", "preset": "car_single", "single_auto": true, "ts": 1783055444.696}
{"armed": false, "event": "idle_disarmed", "preset": "car_single", "single_auto": true, "ts": 1783055445.698}
{"armed": false, "event": "idle_disarmed", "preset": "car_single", "single_auto": true, "ts": 1783055445.698}
{"armed": false, "event": "idle_disarmed", "preset": "car_single", "single_auto": true, "ts": 1783055446.701}
{"armed": false, "event": "idle_disarmed", "preset": "car_single", "single_auto": true, "ts": 1783055446.701}
{"armed": false, "event": "idle_disarmed", "preset": "car_single", "single_auto": true, "ts": 1783055447.703}
{"armed": false, "event": "idle_disarmed", "preset": "car_single", "single_auto": true, "ts": 1783055447.703}
{"armed": false, "event": "idle_disarmed", "preset": "car_single", "single_auto": true, "ts": 1783055448.706}
{"armed": false, "event": "idle_disarmed", "preset": "car_single", "single_auto": true, "ts": 1783055448.706}
{"armed": false, "event": "idle_disarmed", "preset": "car_single", "single_auto": true, "ts": 1783055449.709}
{"armed": false, "event": "idle_disarmed", "preset": "car_single", "single_auto": true, "ts": 1783055449.709}
{"armed": false, "event": "idle_disarmed", "preset": "car_single", "single_auto": true, "ts": 1783055450.711}
{"armed": false, "event": "idle_disarmed", "preset": "car_single", "single_auto": true, "ts": 1783055450.711}
{"armed": false, "event": "idle_disarmed", "preset": "car_single", "single_auto": true, "ts": 1783055451.714}
{"armed": false, "event": "idle_disarmed", "preset": "car_single", "single_auto": true, "ts": 1783055451.714}
{"armed": false, "event": "idle_disarmed", "preset": "car_single", "single_auto": true, "ts": 1783055452.717}
{"armed": false, "event": "idle_disarmed", "preset": "car_single", "single_auto": true, "ts": 1783055452.717}
{"armed": false, "event": "idle_disarmed", "preset": "car_single", "single_auto": true, "ts": 1783055453.72}
{"armed": false, "event": "idle_disarmed", "preset": "car_single", "single_auto": true, "ts": 1783055453.72}
{"armed": false, "event": "idle_disarmed", "preset": "car_single", "single_auto": true, "ts": 1783055454.722}
{"armed": false, "event": "idle_disarmed", "preset": "car_single", "single_auto": true, "ts": 1783055454.722}
{"armed": false, "event": "idle_disarmed", "preset": "car_single", "single_auto": true, "ts": 1783055455.725}
{"armed": false, "event": "idle_disarmed", "preset": "car_single", "single_auto": true, "ts": 1783055455.725}
{"armed": false, "event": "idle_disarmed", "preset": "car_single", "single_auto": true, "ts": 1783055456.728}
{"armed": false, "event": "idle_disarmed", "preset": "car_single", "single_auto": true, "ts": 1783055456.728}
{"armed": false, "event": "idle_disarmed", "preset": "car_single", "single_auto": true, "ts": 1783055457.73}
{"armed": false, "event": "idle_disarmed", "preset": "car_single", "single_auto": true, "ts": 1783055457.73}
{"armed": false, "event": "idle_disarmed", "preset": "car_single", "single_auto": true, "ts": 1783055458.734}
{"armed": false, "event": "idle_disarmed", "preset": "car_single", "single_auto": true, "ts": 1783055458.734}
{"armed": false, "event": "idle_disarmed", "preset": "car_single", "single_auto": true, "ts": 1783055459.736}
{"armed": false, "event": "idle_disarmed", "preset": "car_single", "single_auto": true, "ts": 1783055459.736}
{"armed": false, "event": "idle_disarmed", "preset": "car_single", "single_auto": true, "ts": 1783055460.739}
{"armed": false, "event": "idle_disarmed", "preset": "car_single", "single_auto": true, "ts": 1783055460.739}
{"armed": false, "event": "idle_disarmed", "preset": "car_single", "single_auto": true, "ts": 1783055461.741}
{"armed": false, "event": "idle_disarmed", "preset": "car_single", "single_auto": true, "ts": 1783055461.741}
{"armed": false, "event": "idle_disarmed", "preset": "car_single", "single_auto": true, "ts": 1783055462.744}
{"armed": false, "event": "idle_disarmed", "preset": "car_single", "single_auto": true, "ts": 1783055462.744}
{"armed": false, "event": "idle_disarmed", "preset": "car_single", "single_auto": true, "ts": 1783055463.746}
{"armed": false, "event": "idle_disarmed", "preset": "car_single", "single_auto": true, "ts": 1783055463.746}
{"armed": false, "event": "idle_disarmed", "preset": "car_single", "single_auto": true, "ts": 1783055464.749}
{"armed": false, "event": "idle_disarmed", "preset": "car_single", "single_auto": true, "ts": 1783055464.749}
{"armed": false, "event": "idle_disarmed", "preset": "car_single", "single_auto": true, "ts": 1783055465.752}
{"armed": false, "event": "idle_disarmed", "preset": "car_single", "single_auto": true, "ts": 1783055465.752}
{"armed": false, "event": "idle_disarmed", "preset": "car_single", "single_auto": true, "ts": 1783055466.754}
{"armed": false, "event": "idle_disarmed", "preset": "car_single", "single_auto": true, "ts": 1783055466.754}
{"armed": false, "event": "idle_disarmed", "preset": "car_single", "single_auto": true, "ts": 1783055467.757}
{"armed": false, "event": "idle_disarmed", "preset": "car_single", "single_auto": true, "ts": 1783055467.757}
{"armed": false, "event": "idle_disarmed", "preset": "car_single", "single_auto": true, "ts": 1783055468.76}
{"armed": false, "event": "idle_disarmed", "preset": "car_single", "single_auto": true, "ts": 1783055468.76}
{"armed": false, "event": "idle_disarmed", "preset": "car_single", "single_auto": true, "ts": 1783055469.762}
{"armed": false, "event": "idle_disarmed", "preset": "car_single", "single_auto": true, "ts": 1783055469.762}
{"armed": false, "event": "idle_disarmed", "preset": "car_single", "single_auto": true, "ts": 1783055470.765}
{"armed": false, "event": "idle_disarmed", "preset": "car_single", "single_auto": true, "ts": 1783055470.765}
{"armed": false, "event": "idle_disarmed", "preset": "car_single", "single_auto": true, "ts": 1783055471.767}
{"armed": false, "event": "idle_disarmed", "preset": "car_single", "single_auto": true, "ts": 1783055471.767}
{"armed": false, "event": "idle_disarmed", "preset": "car_single", "single_auto": true, "ts": 1783055472.77}
{"armed": false, "event": "idle_disarmed", "preset": "car_single", "single_auto": true, "ts": 1783055472.77}
{"armed": false, "event": "idle_disarmed", "preset": "car_single", "single_auto": true, "ts": 1783055473.773}
{"armed": false, "event": "idle_disarmed", "preset": "car_single", "single_auto": true, "ts": 1783055473.773}
{"armed": false, "event": "idle_disarmed", "preset": "car_single", "single_auto": true, "ts": 1783055474.775}
{"armed": false, "event": "idle_disarmed", "preset": "car_single", "single_auto": true, "ts": 1783055474.775}
{"armed": false, "event": "idle_disarmed", "preset": "car_single", "single_auto": true, "ts": 1783055475.778}
{"armed": false, "event": "idle_disarmed", "preset": "car_single", "single_auto": true, "ts": 1783055475.778}
{"armed": false, "event": "idle_disarmed", "preset": "car_single", "single_auto": true, "ts": 1783055476.781}
{"armed": false, "event": "idle_disarmed", "preset": "car_single", "single_auto": true, "ts": 1783055476.781}
{"armed": false, "event": "idle_disarmed", "preset": "car_single", "single_auto": true, "ts": 1783055477.783}
{"armed": false, "event": "idle_disarmed", "preset": "car_single", "single_auto": true, "ts": 1783055477.783}
{"armed": false, "event": "idle_disarmed", "preset": "car_single", "single_auto": true, "ts": 1783055478.786}
{"armed": false, "event": "idle_disarmed", "preset": "car_single", "single_auto": true, "ts": 1783055478.786}
{"armed": false, "event": "idle_disarmed", "preset": "car_single", "single_auto": true, "ts": 1783055479.788}
{"armed": false, "event": "idle_disarmed", "preset": "car_single", "single_auto": true, "ts": 1783055479.788}
{"armed": false, "event": "idle_disarmed", "preset": "car_single", "single_auto": true, "ts": 1783055480.791}
{"armed": false, "event": "idle_disarmed", "preset": "car_single", "single_auto": true, "ts": 1783055480.791}
{"armed": false, "event": "idle_disarmed", "preset": "car_single", "single_auto": true, "ts": 1783055481.794}
{"armed": false, "event": "idle_disarmed", "preset": "car_single", "single_auto": true, "ts": 1783055481.794}
{"armed": false, "event": "idle_disarmed", "preset": "car_single", "single_auto": true, "ts": 1783055482.797}
{"armed": false, "event": "idle_disarmed", "preset": "car_single", "single_auto": true, "ts": 1783055482.797}
{"armed": false, "event": "idle_disarmed", "preset": "car_single", "single_auto": true, "ts": 1783055483.799}
{"armed": false, "event": "idle_disarmed", "preset": "car_single", "single_auto": true, "ts": 1783055483.799}
{"armed": false, "event": "idle_disarmed", "preset": "car_single", "single_auto": true, "ts": 1783055484.802}
{"armed": false, "event": "idle_disarmed", "preset": "car_single", "single_auto": true, "ts": 1783055484.802}
{"armed": false, "event": "idle_disarmed", "preset": "car_single", "single_auto": true, "ts": 1783055485.805}
{"armed": false, "event": "idle_disarmed", "preset": "car_single", "single_auto": true, "ts": 1783055485.805}
{"armed": false, "event": "idle_disarmed", "preset": "car_single", "single_auto": true, "ts": 1783055486.807}
{"armed": false, "event": "idle_disarmed", "preset": "car_single", "single_auto": true, "ts": 1783055486.807}
{"armed": false, "event": "idle_disarmed", "preset": "car_single", "single_auto": true, "ts": 1783055487.81}
{"armed": false, "event": "idle_disarmed", "preset": "car_single", "single_auto": true, "ts": 1783055487.81}
{"armed": false, "event": "idle_disarmed", "preset": "car_single", "single_auto": true, "ts": 1783055488.812}
{"armed": false, "event": "idle_disarmed", "preset": "car_single", "single_auto": true, "ts": 1783055488.812}
{"armed": false, "event": "idle_disarmed", "preset": "car_single", "single_auto": true, "ts": 1783055489.815}
{"armed": false, "event": "idle_disarmed", "preset": "car_single", "single_auto": true, "ts": 1783055489.815}
{"armed": false, "event": "idle_disarmed", "preset": "car_single", "single_auto": true, "ts": 1783055490.818}
{"armed": false, "event": "idle_disarmed", "preset": "car_single", "single_auto": true, "ts": 1783055490.818}
{"armed": false, "event": "idle_disarmed", "preset": "car_single", "single_auto": true, "ts": 1783055491.82}
{"armed": false, "event": "idle_disarmed", "preset": "car_single", "single_auto": true, "ts": 1783055491.82}
{"armed": false, "event": "idle_disarmed", "preset": "car_single", "single_auto": true, "ts": 1783055492.823}
{"armed": false, "event": "idle_disarmed", "preset": "car_single", "single_auto": true, "ts": 1783055492.823}
{"armed": false, "event": "idle_disarmed", "preset": "car_single", "single_auto": true, "ts": 1783055493.825}
{"armed": false, "event": "idle_disarmed", "preset": "car_single", "single_auto": true, "ts": 1783055493.825}
{"armed": false, "event": "idle_disarmed", "preset": "car_single", "single_auto": true, "ts": 1783055494.828}
{"armed": false, "event": "idle_disarmed", "preset": "car_single", "single_auto": true, "ts": 1783055494.828}
{"armed": false, "event": "idle_disarmed", "preset": "car_single", "single_auto": true, "ts": 1783055495.831}
{"armed": false, "event": "idle_disarmed", "preset": "car_single", "single_auto": true, "ts": 1783055495.831}
{"armed": false, "event": "idle_disarmed", "preset": "car_single", "single_auto": true, "ts": 1783055496.833}
{"armed": false, "event": "idle_disarmed", "preset": "car_single", "single_auto": true, "ts": 1783055496.833}
{"armed": false, "event": "idle_disarmed", "preset": "car_single", "single_auto": true, "ts": 1783055497.836}
{"armed": false, "event": "idle_disarmed", "preset": "car_single", "single_auto": true, "ts": 1783055497.836}
{"armed": false, "event": "idle_disarmed", "preset": "car_single", "single_auto": true, "ts": 1783055498.839}
{"armed": false, "event": "idle_disarmed", "preset": "car_single", "single_auto": true, "ts": 1783055498.839}
{"armed": false, "event": "idle_disarmed", "preset": "car_single", "single_auto": true, "ts": 1783055499.841}
{"armed": false, "event": "idle_disarmed", "preset": "car_single", "single_auto": true, "ts": 1783055499.841}
{"armed": false, "event": "idle_disarmed", "preset": "car_single", "single_auto": true, "ts": 1783055500.844}
{"armed": false, "event": "idle_disarmed", "preset": "car_single", "single_auto": true, "ts": 1783055500.844}
{"armed": false, "event": "idle_disarmed", "preset": "car_single", "single_auto": true, "ts": 1783055501.847}
{"armed": false, "event": "idle_disarmed", "preset": "car_single", "single_auto": true, "ts": 1783055501.847}
{"armed": false, "event": "idle_disarmed", "preset": "car_single", "single_auto": true, "ts": 1783055502.849}
{"armed": false, "event": "idle_disarmed", "preset": "car_single", "single_auto": true, "ts": 1783055502.849}
{"armed": false, "event": "idle_disarmed", "preset": "car_single", "single_auto": true, "ts": 1783055503.852}
{"armed": false, "event": "idle_disarmed", "preset": "car_single", "single_auto": true, "ts": 1783055503.852}
{"armed": false, "event": "idle_disarmed", "preset": "car_single", "single_auto": true, "ts": 1783055504.855}
{"armed": false, "event": "idle_disarmed", "preset": "car_single", "single_auto": true, "ts": 1783055504.855}
{"armed": false, "event": "idle_disarmed", "preset": "car_single", "single_auto": true, "ts": 1783055505.858}
{"armed": false, "event": "idle_disarmed", "preset": "car_single", "single_auto": true, "ts": 1783055505.858}
{"armed": false, "event": "idle_disarmed", "preset": "car_single", "single_auto": true, "ts": 1783055506.86}
{"armed": false, "event": "idle_disarmed", "preset": "car_single", "single_auto": true, "ts": 1783055506.86}
{"armed": false, "event": "idle_disarmed", "preset": "car_single", "single_auto": true, "ts": 1783055507.863}
{"armed": false, "event": "idle_disarmed", "preset": "car_single", "single_auto": true, "ts": 1783055507.863}
{"armed": false, "event": "idle_disarmed", "preset": "car_single", "single_auto": true, "ts": 1783055508.865}
{"armed": false, "event": "idle_disarmed", "preset": "car_single", "single_auto": true, "ts": 1783055508.865}
{"armed": false, "event": "idle_disarmed", "preset": "car_single", "single_auto": true, "ts": 1783055509.868}
{"armed": false, "event": "idle_disarmed", "preset": "car_single", "single_auto": true, "ts": 1783055509.868}
{"armed": false, "event": "idle_disarmed", "preset": "car_single", "single_auto": true, "ts": 1783055510.871}
{"armed": false, "event": "idle_disarmed", "preset": "car_single", "single_auto": true, "ts": 1783055510.871}
{"armed": false, "event": "idle_disarmed", "preset": "car_single", "single_auto": true, "ts": 1783055511.873}
{"armed": false, "event": "idle_disarmed", "preset": "car_single", "single_auto": true, "ts": 1783055511.873}
{"armed": false, "event": "idle_disarmed", "preset": "car_single", "single_auto": true, "ts": 1783055512.876}
{"armed": false, "event": "idle_disarmed", "preset": "car_single", "single_auto": true, "ts": 1783055512.876}
{"armed": false, "event": "idle_disarmed", "preset": "car_single", "single_auto": true, "ts": 1783055513.879}
{"armed": false, "event": "idle_disarmed", "preset": "car_single", "single_auto": true, "ts": 1783055513.879}
{"armed": false, "event": "idle_disarmed", "preset": "car_single", "single_auto": true, "ts": 1783055514.881}
{"armed": false, "event": "idle_disarmed", "preset": "car_single", "single_auto": true, "ts": 1783055514.881}
{"armed": false, "event": "idle_disarmed", "preset": "car_single", "single_auto": true, "ts": 1783055515.884}
{"armed": false, "event": "idle_disarmed", "preset": "car_single", "single_auto": true, "ts": 1783055515.884}
{"armed": false, "event": "idle_disarmed", "preset": "car_single", "single_auto": true, "ts": 1783055516.887}
{"armed": false, "event": "idle_disarmed", "preset": "car_single", "single_auto": true, "ts": 1783055516.887}
{"armed": false, "event": "idle_disarmed", "preset": "car_single", "single_auto": true, "ts": 1783055517.89}
{"armed": false, "event": "idle_disarmed", "preset": "car_single", "single_auto": true, "ts": 1783055517.89}
{"armed": false, "event": "idle_disarmed", "preset": "car_single", "single_auto": true, "ts": 1783055518.892}
{"armed": false, "event": "idle_disarmed", "preset": "car_single", "single_auto": true, "ts": 1783055518.892}
{"armed": false, "event": "idle_disarmed", "preset": "car_single", "single_auto": true, "ts": 1783055519.895}
{"armed": false, "event": "idle_disarmed", "preset": "car_single", "single_auto": true, "ts": 1783055519.895}
{"armed": false, "event": "idle_disarmed", "preset": "car_single", "single_auto": true, "ts": 1783055520.898}
{"armed": false, "event": "idle_disarmed", "preset": "car_single", "single_auto": true, "ts": 1783055520.898}
{"armed": false, "event": "idle_disarmed", "preset": "car_single", "single_auto": true, "ts": 1783055521.9}
{"armed": false, "event": "idle_disarmed", "preset": "car_single", "single_auto": true, "ts": 1783055521.9}
{"armed": false, "event": "idle_disarmed", "preset": "car_single", "single_auto": true, "ts": 1783055522.903}
{"armed": false, "event": "idle_disarmed", "preset": "car_single", "single_auto": true, "ts": 1783055522.903}
{"armed": false, "event": "idle_disarmed", "preset": "car_single", "single_auto": true, "ts": 1783055523.905}
{"armed": false, "event": "idle_disarmed", "preset": "car_single", "single_auto": true, "ts": 1783055523.905}
{"armed": false, "event": "idle_disarmed", "preset": "car_single", "single_auto": true, "ts": 1783055524.908}
{"armed": false, "event": "idle_disarmed", "preset": "car_single", "single_auto": true, "ts": 1783055524.908}
{"armed": false, "event": "idle_disarmed", "preset": "car_single", "single_auto": true, "ts": 1783055525.911}
{"armed": false, "event": "idle_disarmed", "preset": "car_single", "single_auto": true, "ts": 1783055525.911}
{"armed": false, "event": "idle_disarmed", "preset": "car_single", "single_auto": true, "ts": 1783055526.913}
{"armed": false, "event": "idle_disarmed", "preset": "car_single", "single_auto": true, "ts": 1783055526.913}
{"armed": false, "event": "idle_disarmed", "preset": "car_single", "single_auto": true, "ts": 1783055527.916}
{"armed": false, "event": "idle_disarmed", "preset": "car_single", "single_auto": true, "ts": 1783055527.916}
{"armed": false, "event": "idle_disarmed", "preset": "car_single", "single_auto": true, "ts": 1783055528.919}
{"armed": false, "event": "idle_disarmed", "preset": "car_single", "single_auto": true, "ts": 1783055528.919}
{"armed": false, "event": "idle_disarmed", "preset": "car_single", "single_auto": true, "ts": 1783055529.922}
{"armed": false, "event": "idle_disarmed", "preset": "car_single", "single_auto": true, "ts": 1783055529.922}
{"armed": false, "event": "idle_disarmed", "preset": "car_single", "single_auto": true, "ts": 1783055530.924}
{"armed": false, "event": "idle_disarmed", "preset": "car_single", "single_auto": true, "ts": 1783055530.924}
{"armed": false, "event": "idle_disarmed", "preset": "car_single", "single_auto": true, "ts": 1783055531.927}
{"armed": false, "event": "idle_disarmed", "preset": "car_single", "single_auto": true, "ts": 1783055531.927}
{"armed": false, "event": "idle_disarmed", "preset": "car_single", "single_auto": true, "ts": 1783055532.93}
{"armed": false, "event": "idle_disarmed", "preset": "car_single", "single_auto": true, "ts": 1783055532.93}
{"armed": false, "event": "idle_disarmed", "preset": "car_single", "single_auto": true, "ts": 1783055533.933}
{"armed": false, "event": "idle_disarmed", "preset": "car_single", "single_auto": true, "ts": 1783055533.933}
{"armed": false, "event": "idle_disarmed", "preset": "car_single", "single_auto": true, "ts": 1783055534.935}
{"armed": false, "event": "idle_disarmed", "preset": "car_single", "single_auto": true, "ts": 1783055534.935}
{"armed": false, "event": "idle_disarmed", "preset": "car_single", "single_auto": true, "ts": 1783055535.938}
{"armed": false, "event": "idle_disarmed", "preset": "car_single", "single_auto": true, "ts": 1783055535.938}
{"armed": false, "event": "idle_disarmed", "preset": "car_single", "single_auto": true, "ts": 1783055536.941}
{"armed": false, "event": "idle_disarmed", "preset": "car_single", "single_auto": true, "ts": 1783055536.941}
{"armed": false, "event": "idle_disarmed", "preset": "car_single", "single_auto": true, "ts": 1783055537.944}
{"armed": false, "event": "idle_disarmed", "preset": "car_single", "single_auto": true, "ts": 1783055537.944}
{"armed": false, "event": "idle_disarmed", "preset": "car_single", "single_auto": true, "ts": 1783055538.946}
{"armed": false, "event": "idle_disarmed", "preset": "car_single", "single_auto": true, "ts": 1783055538.946}
{"armed": false, "event": "idle_disarmed", "preset": "car_single", "single_auto": true, "ts": 1783055539.949}
{"armed": false, "event": "idle_disarmed", "preset": "car_single", "single_auto": true, "ts": 1783055539.949}
{"armed": false, "event": "idle_disarmed", "preset": "car_single", "single_auto": true, "ts": 1783055540.951}
{"armed": false, "event": "idle_disarmed", "preset": "car_single", "single_auto": true, "ts": 1783055540.951}
{"armed": false, "event": "idle_disarmed", "preset": "car_single", "single_auto": true, "ts": 1783055541.954}
{"armed": false, "event": "idle_disarmed", "preset": "car_single", "single_auto": true, "ts": 1783055541.954}
{"armed": false, "event": "idle_disarmed", "preset": "car_single", "single_auto": true, "ts": 1783055542.957}
{"armed": false, "event": "idle_disarmed", "preset": "car_single", "single_auto": true, "ts": 1783055542.957}
{"armed": false, "event": "idle_disarmed", "preset": "car_single", "single_auto": true, "ts": 1783055543.96}
{"armed": false, "event": "idle_disarmed", "preset": "car_single", "single_auto": true, "ts": 1783055543.96}
{"armed": false, "event": "idle_disarmed", "preset": "car_single", "single_auto": true, "ts": 1783055544.962}
{"armed": false, "event": "idle_disarmed", "preset": "car_single", "single_auto": true, "ts": 1783055544.962}
{"armed": false, "event": "idle_disarmed", "preset": "car_single", "single_auto": true, "ts": 1783055545.965}
{"armed": false, "event": "idle_disarmed", "preset": "car_single", "single_auto": true, "ts": 1783055545.965}
{"armed": false, "event": "idle_disarmed", "preset": "car_single", "single_auto": true, "ts": 1783055546.967}
{"armed": false, "event": "idle_disarmed", "preset": "car_single", "single_auto": true, "ts": 1783055546.967}
{"armed": false, "event": "idle_disarmed", "preset": "car_single", "single_auto": true, "ts": 1783055547.97}
{"armed": false, "event": "idle_disarmed", "preset": "car_single", "single_auto": true, "ts": 1783055547.97}
{"armed": false, "event": "idle_disarmed", "preset": "car_single", "single_auto": true, "ts": 1783055548.973}
{"armed": false, "event": "idle_disarmed", "preset": "car_single", "single_auto": true, "ts": 1783055548.973}
{"armed": false, "event": "idle_disarmed", "preset": "car_single", "single_auto": true, "ts": 1783055549.975}
{"armed": false, "event": "idle_disarmed", "preset": "car_single", "single_auto": true, "ts": 1783055549.975}
{"armed": false, "event": "idle_disarmed", "preset": "car_single", "single_auto": true, "ts": 1783055550.978}
{"armed": false, "event": "idle_disarmed", "preset": "car_single", "single_auto": true, "ts": 1783055550.978}
{"armed": false, "event": "idle_disarmed", "preset": "car_single", "single_auto": true, "ts": 1783055551.981}
{"armed": false, "event": "idle_disarmed", "preset": "car_single", "single_auto": true, "ts": 1783055551.981}
{"armed": false, "event": "idle_disarmed", "preset": "car_single", "single_auto": true, "ts": 1783055552.984}
{"armed": false, "event": "idle_disarmed", "preset": "car_single", "single_auto": true, "ts": 1783055552.984}
{"armed": false, "event": "idle_disarmed", "preset": "car_single", "single_auto": true, "ts": 1783055553.986}
{"armed": false, "event": "idle_disarmed", "preset": "car_single", "single_auto": true, "ts": 1783055553.986}
{"armed": false, "event": "idle_disarmed", "preset": "car_single", "single_auto": true, "ts": 1783055554.989}
{"armed": false, "event": "idle_disarmed", "preset": "car_single", "single_auto": true, "ts": 1783055554.989}
{"armed": false, "event": "idle_disarmed", "preset": "car_single", "single_auto": true, "ts": 1783055555.992}
{"armed": false, "event": "idle_disarmed", "preset": "car_single", "single_auto": true, "ts": 1783055555.992}
{"armed": false, "event": "idle_disarmed", "preset": "car_single", "single_auto": true, "ts": 1783055556.994}
{"armed": false, "event": "idle_disarmed", "preset": "car_single", "single_auto": true, "ts": 1783055556.994}
{"armed": false, "event": "idle_disarmed", "preset": "car_single", "single_auto": true, "ts": 1783055557.997}
{"armed": false, "event": "idle_disarmed", "preset": "car_single", "single_auto": true, "ts": 1783055557.997}
{"armed": false, "event": "idle_disarmed", "preset": "car_single", "single_auto": true, "ts": 1783055558.999}
{"armed": false, "event": "idle_disarmed", "preset": "car_single", "single_auto": true, "ts": 1783055558.999}
{"armed": false, "event": "idle_disarmed", "preset": "car_single", "single_auto": true, "ts": 1783055560.002}
{"armed": false, "event": "idle_disarmed", "preset": "car_single", "single_auto": true, "ts": 1783055560.002}
{"armed": false, "event": "idle_disarmed", "preset": "car_single", "single_auto": true, "ts": 1783055561.004}
{"armed": false, "event": "idle_disarmed", "preset": "car_single", "single_auto": true, "ts": 1783055561.004}
{"armed": false, "event": "idle_disarmed", "preset": "car_single", "single_auto": true, "ts": 1783055562.007}
{"armed": false, "event": "idle_disarmed", "preset": "car_single", "single_auto": true, "ts": 1783055562.007}
{"armed": false, "event": "idle_disarmed", "preset": "car_single", "single_auto": true, "ts": 1783055563.01}
{"armed": false, "event": "idle_disarmed", "preset": "car_single", "single_auto": true, "ts": 1783055563.01}
{"armed": false, "event": "idle_disarmed", "preset": "car_single", "single_auto": true, "ts": 1783055564.013}
{"armed": false, "event": "idle_disarmed", "preset": "car_single", "single_auto": true, "ts": 1783055564.013}
{"armed": false, "event": "idle_disarmed", "preset": "car_single", "single_auto": true, "ts": 1783055565.015}
{"armed": false, "event": "idle_disarmed", "preset": "car_single", "single_auto": true, "ts": 1783055565.015}
{"armed": false, "event": "idle_disarmed", "preset": "car_single", "single_auto": true, "ts": 1783055566.018}
{"armed": false, "event": "idle_disarmed", "preset": "car_single", "single_auto": true, "ts": 1783055566.018}
{"armed": false, "event": "idle_disarmed", "preset": "car_single", "single_auto": true, "ts": 1783055567.021}
{"armed": false, "event": "idle_disarmed", "preset": "car_single", "single_auto": true, "ts": 1783055567.021}
{"armed": false, "event": "idle_disarmed", "preset": "car_single", "single_auto": true, "ts": 1783055568.023}
{"armed": false, "event": "idle_disarmed", "preset": "car_single", "single_auto": true, "ts": 1783055568.023}
{"armed": false, "event": "idle_disarmed", "preset": "car_single", "single_auto": true, "ts": 1783055569.026}
{"armed": false, "event": "idle_disarmed", "preset": "car_single", "single_auto": true, "ts": 1783055569.026}
{"armed": false, "event": "idle_disarmed", "preset": "car_single", "single_auto": true, "ts": 1783055570.028}
{"armed": false, "event": "idle_disarmed", "preset": "car_single", "single_auto": true, "ts": 1783055570.028}
{"armed": false, "event": "idle_disarmed", "preset": "car_single", "single_auto": true, "ts": 1783055571.031}
{"armed": false, "event": "idle_disarmed", "preset": "car_single", "single_auto": true, "ts": 1783055571.031}
{"armed": false, "event": "idle_disarmed", "preset": "car_single", "single_auto": true, "ts": 1783055572.034}
{"armed": false, "event": "idle_disarmed", "preset": "car_single", "single_auto": true, "ts": 1783055572.034}
{"armed": false, "event": "idle_disarmed", "preset": "car_single", "single_auto": true, "ts": 1783055573.036}
{"armed": false, "event": "idle_disarmed", "preset": "car_single", "single_auto": true, "ts": 1783055573.036}
{"armed": false, "event": "idle_disarmed", "preset": "car_single", "single_auto": true, "ts": 1783055574.04}
{"armed": false, "event": "idle_disarmed", "preset": "car_single", "single_auto": true, "ts": 1783055574.04}
{"armed": false, "event": "idle_disarmed", "preset": "car_single", "single_auto": true, "ts": 1783055575.042}
{"armed": false, "event": "idle_disarmed", "preset": "car_single", "single_auto": true, "ts": 1783055575.042}
{"armed": false, "event": "idle_disarmed", "preset": "car_single", "single_auto": true, "ts": 1783055576.045}
{"armed": false, "event": "idle_disarmed", "preset": "car_single", "single_auto": true, "ts": 1783055576.045}
{"armed": false, "event": "idle_disarmed", "preset": "car_single", "single_auto": true, "ts": 1783055577.048}
{"armed": false, "event": "idle_disarmed", "preset": "car_single", "single_auto": true, "ts": 1783055577.048}
{"armed": false, "event": "idle_disarmed", "preset": "car_single", "single_auto": true, "ts": 1783055578.05}
{"armed": false, "event": "idle_disarmed", "preset": "car_single", "single_auto": true, "ts": 1783055578.05}
{"armed": false, "event": "idle_disarmed", "preset": "car_single", "single_auto": true, "ts": 1783055579.053}
{"armed": false, "event": "idle_disarmed", "preset": "car_single", "single_auto": true, "ts": 1783055579.053}
{"armed": false, "event": "idle_disarmed", "preset": "car_single", "single_auto": true, "ts": 1783055580.056}
{"armed": false, "event": "idle_disarmed", "preset": "car_single", "single_auto": true, "ts": 1783055580.056}
{"armed": false, "event": "idle_disarmed", "preset": "car_single", "single_auto": true, "ts": 1783055581.058}
{"armed": false, "event": "idle_disarmed", "preset": "car_single", "single_auto": true, "ts": 1783055581.058}
{"armed": false, "event": "idle_disarmed", "preset": "car_single", "single_auto": true, "ts": 1783055582.061}
{"armed": false, "event": "idle_disarmed", "preset": "car_single", "single_auto": true, "ts": 1783055582.061}
{"armed": false, "event": "idle_disarmed", "preset": "car_single", "single_auto": true, "ts": 1783055583.064}
{"armed": false, "event": "idle_disarmed", "preset": "car_single", "single_auto": true, "ts": 1783055583.064}
{"armed": false, "event": "idle_disarmed", "preset": "car_single", "single_auto": true, "ts": 1783055584.066}
{"armed": false, "event": "idle_disarmed", "preset": "car_single", "single_auto": true, "ts": 1783055584.066}
{"armed": false, "event": "idle_disarmed", "preset": "car_single", "single_auto": true, "ts": 1783055585.069}
{"armed": false, "event": "idle_disarmed", "preset": "car_single", "single_auto": true, "ts": 1783055585.069}
{"armed": false, "event": "idle_disarmed", "preset": "car_single", "single_auto": true, "ts": 1783055586.071}
{"armed": false, "event": "idle_disarmed", "preset": "car_single", "single_auto": true, "ts": 1783055586.071}
{"armed": false, "event": "idle_disarmed", "preset": "car_single", "single_auto": true, "ts": 1783055587.074}
{"armed": false, "event": "idle_disarmed", "preset": "car_single", "single_auto": true, "ts": 1783055587.074}
{"armed": false, "event": "idle_disarmed", "preset": "car_single", "single_auto": true, "ts": 1783055588.077}
{"armed": false, "event": "idle_disarmed", "preset": "car_single", "single_auto": true, "ts": 1783055588.077}
{"armed": false, "event": "idle_disarmed", "preset": "car_single", "single_auto": true, "ts": 1783055589.079}
{"armed": false, "event": "idle_disarmed", "preset": "car_single", "single_auto": true, "ts": 1783055589.079}
{"armed": false, "event": "idle_disarmed", "preset": "car_single", "single_auto": true, "ts": 1783055590.082}
{"armed": false, "event": "idle_disarmed", "preset": "car_single", "single_auto": true, "ts": 1783055590.082}
{"armed": false, "event": "idle_disarmed", "preset": "car_single", "single_auto": true, "ts": 1783055591.085}
{"armed": false, "event": "idle_disarmed", "preset": "car_single", "single_auto": true, "ts": 1783055591.085}
{"armed": false, "event": "idle_disarmed", "preset": "car_single", "single_auto": true, "ts": 1783055592.087}
{"armed": false, "event": "idle_disarmed", "preset": "car_single", "single_auto": true, "ts": 1783055592.087}
{"armed": false, "event": "idle_disarmed", "preset": "car_single", "single_auto": true, "ts": 1783055593.09}
{"armed": false, "event": "idle_disarmed", "preset": "car_single", "single_auto": true, "ts": 1783055593.09}
{"armed": false, "event": "idle_disarmed", "preset": "car_single", "single_auto": true, "ts": 1783055594.093}
{"armed": false, "event": "idle_disarmed", "preset": "car_single", "single_auto": true, "ts": 1783055594.093}
{"armed": false, "event": "idle_disarmed", "preset": "car_single", "single_auto": true, "ts": 1783055595.095}
{"armed": false, "event": "idle_disarmed", "preset": "car_single", "single_auto": true, "ts": 1783055595.095}
{"armed": false, "event": "idle_disarmed", "preset": "car_single", "single_auto": true, "ts": 1783055596.098}
{"armed": false, "event": "idle_disarmed", "preset": "car_single", "single_auto": true, "ts": 1783055596.098}
{"armed": false, "event": "idle_disarmed", "preset": "car_single", "single_auto": true, "ts": 1783055597.101}
{"armed": false, "event": "idle_disarmed", "preset": "car_single", "single_auto": true, "ts": 1783055597.101}
{"armed": false, "event": "idle_disarmed", "preset": "car_single", "single_auto": true, "ts": 1783055598.104}
{"armed": false, "event": "idle_disarmed", "preset": "car_single", "single_auto": true, "ts": 1783055598.104}
{"armed": false, "event": "idle_disarmed", "preset": "car_single", "single_auto": true, "ts": 1783055599.106}
{"armed": false, "event": "idle_disarmed", "preset": "car_single", "single_auto": true, "ts": 1783055599.106}
{"armed": false, "event": "idle_disarmed", "preset": "car_single", "single_auto": true, "ts": 1783055600.109}
{"armed": false, "event": "idle_disarmed", "preset": "car_single", "single_auto": true, "ts": 1783055600.109}
{"armed": false, "event": "idle_disarmed", "preset": "car_single", "single_auto": true, "ts": 1783055601.112}
{"armed": false, "event": "idle_disarmed", "preset": "car_single", "single_auto": true, "ts": 1783055601.112}
{"armed": false, "event": "idle_disarmed", "preset": "car_single", "single_auto": true, "ts": 1783055602.115}
{"armed": false, "event": "idle_disarmed", "preset": "car_single", "single_auto": true, "ts": 1783055602.115}
{"armed": false, "event": "idle_disarmed", "preset": "car_single", "single_auto": true, "ts": 1783055603.117}
{"armed": false, "event": "idle_disarmed", "preset": "car_single", "single_auto": true, "ts": 1783055603.117}
{"armed": false, "event": "idle_disarmed", "preset": "car_single", "single_auto": true, "ts": 1783055604.12}
{"armed": false, "event": "idle_disarmed", "preset": "car_single", "single_auto": true, "ts": 1783055604.12}
{"armed": false, "event": "idle_disarmed", "preset": "car_single", "single_auto": true, "ts": 1783055605.123}
{"armed": false, "event": "idle_disarmed", "preset": "car_single", "single_auto": true, "ts": 1783055605.123}
{"armed": false, "event": "idle_disarmed", "preset": "car_single", "single_auto": true, "ts": 1783055606.125}
{"armed": false, "event": "idle_disarmed", "preset": "car_single", "single_auto": true, "ts": 1783055606.125}
{"armed": false, "event": "idle_disarmed", "preset": "car_single", "single_auto": true, "ts": 1783055607.128}
{"armed": false, "event": "idle_disarmed", "preset": "car_single", "single_auto": true, "ts": 1783055607.128}
{"armed": false, "event": "idle_disarmed", "preset": "car_single", "single_auto": true, "ts": 1783055608.131}
{"armed": false, "event": "idle_disarmed", "preset": "car_single", "single_auto": true, "ts": 1783055608.131}
{"armed": false, "event": "idle_disarmed", "preset": "car_single", "single_auto": true, "ts": 1783055609.133}
{"armed": false, "event": "idle_disarmed", "preset": "car_single", "single_auto": true, "ts": 1783055609.133}
{"armed": false, "event": "idle_disarmed", "preset": "car_single", "single_auto": true, "ts": 1783055610.136}
{"armed": false, "event": "idle_disarmed", "preset": "car_single", "single_auto": true, "ts": 1783055610.136}
{"armed": false, "event": "idle_disarmed", "preset": "car_single", "single_auto": true, "ts": 1783055611.138}
{"armed": false, "event": "idle_disarmed", "preset": "car_single", "single_auto": true, "ts": 1783055611.138}
{"armed": false, "event": "idle_disarmed", "preset": "car_single", "single_auto": true, "ts": 1783055612.141}
{"armed": false, "event": "idle_disarmed", "preset": "car_single", "single_auto": true, "ts": 1783055612.141}
{"armed": false, "event": "idle_disarmed", "preset": "car_single", "single_auto": true, "ts": 1783055613.144}
{"armed": false, "event": "idle_disarmed", "preset": "car_single", "single_auto": true, "ts": 1783055613.144}
{"armed": false, "event": "idle_disarmed", "preset": "car_single", "single_auto": true, "ts": 1783055614.146}
{"armed": false, "event": "idle_disarmed", "preset": "car_single", "single_auto": true, "ts": 1783055614.146}
{"armed": false, "event": "idle_disarmed", "preset": "car_single", "single_auto": true, "ts": 1783055615.149}
{"armed": false, "event": "idle_disarmed", "preset": "car_single", "single_auto": true, "ts": 1783055615.149}
{"armed": false, "event": "idle_disarmed", "preset": "car_single", "single_auto": true, "ts": 1783055616.151}
{"armed": false, "event": "idle_disarmed", "preset": "car_single", "single_auto": true, "ts": 1783055616.151}
{"armed": false, "event": "idle_disarmed", "preset": "car_single", "single_auto": true, "ts": 1783055617.154}
{"armed": false, "event": "idle_disarmed", "preset": "car_single", "single_auto": true, "ts": 1783055617.154}
{"armed": false, "event": "idle_disarmed", "preset": "car_single", "single_auto": true, "ts": 1783055618.157}
{"armed": false, "event": "idle_disarmed", "preset": "car_single", "single_auto": true, "ts": 1783055618.157}
{"armed": false, "event": "idle_disarmed", "preset": "car_single", "single_auto": true, "ts": 1783055619.159}
{"armed": false, "event": "idle_disarmed", "preset": "car_single", "single_auto": true, "ts": 1783055619.159}
{"armed": false, "event": "idle_disarmed", "preset": "car_single", "single_auto": true, "ts": 1783055620.162}
{"armed": false, "event": "idle_disarmed", "preset": "car_single", "single_auto": true, "ts": 1783055620.162}
{"armed": false, "event": "idle_disarmed", "preset": "car_single", "single_auto": true, "ts": 1783055621.165}
{"armed": false, "event": "idle_disarmed", "preset": "car_single", "single_auto": true, "ts": 1783055621.165}
{"armed": false, "event": "idle_disarmed", "preset": "car_single", "single_auto": true, "ts": 1783055622.168}
{"armed": false, "event": "idle_disarmed", "preset": "car_single", "single_auto": true, "ts": 1783055622.168}
{"armed": false, "event": "idle_disarmed", "preset": "car_single", "single_auto": true, "ts": 1783055623.17}
{"armed": false, "event": "idle_disarmed", "preset": "car_single", "single_auto": true, "ts": 1783055623.17}
{"armed": false, "event": "idle_disarmed", "preset": "car_single", "single_auto": true, "ts": 1783055624.173}
{"armed": false, "event": "idle_disarmed", "preset": "car_single", "single_auto": true, "ts": 1783055624.173}
{"armed": false, "event": "idle_disarmed", "preset": "car_single", "single_auto": true, "ts": 1783055625.176}
{"armed": false, "event": "idle_disarmed", "preset": "car_single", "single_auto": true, "ts": 1783055625.176}
{"armed": false, "event": "idle_disarmed", "preset": "car_single", "single_auto": true, "ts": 1783055626.178}
{"armed": false, "event": "idle_disarmed", "preset": "car_single", "single_auto": true, "ts": 1783055626.178}
{"armed": false, "event": "idle_disarmed", "preset": "car_single", "single_auto": true, "ts": 1783055627.181}
{"armed": false, "event": "idle_disarmed", "preset": "car_single", "single_auto": true, "ts": 1783055627.181}
{"armed": false, "event": "idle_disarmed", "preset": "car_single", "single_auto": true, "ts": 1783055628.184}
{"armed": false, "event": "idle_disarmed", "preset": "car_single", "single_auto": true, "ts": 1783055628.184}
{"armed": false, "event": "idle_disarmed", "preset": "car_single", "single_auto": true, "ts": 1783055629.186}
{"armed": false, "event": "idle_disarmed", "preset": "car_single", "single_auto": true, "ts": 1783055629.186}
{"armed": false, "event": "idle_disarmed", "preset": "car_single", "single_auto": true, "ts": 1783055630.189}
{"armed": false, "event": "idle_disarmed", "preset": "car_single", "single_auto": true, "ts": 1783055630.189}
{"armed": false, "event": "idle_disarmed", "preset": "car_single", "single_auto": true, "ts": 1783055631.192}
{"armed": false, "event": "idle_disarmed", "preset": "car_single", "single_auto": true, "ts": 1783055631.192}
{"armed": false, "event": "idle_disarmed", "preset": "car_single", "single_auto": true, "ts": 1783055632.195}
{"armed": false, "event": "idle_disarmed", "preset": "car_single", "single_auto": true, "ts": 1783055632.195}
{"armed": false, "event": "idle_disarmed", "preset": "car_single", "single_auto": true, "ts": 1783055633.198}
{"armed": false, "event": "idle_disarmed", "preset": "car_single", "single_auto": true, "ts": 1783055633.198}
{"armed": false, "event": "idle_disarmed", "preset": "car_single", "single_auto": true, "ts": 1783055634.2}
{"armed": false, "event": "idle_disarmed", "preset": "car_single", "single_auto": true, "ts": 1783055634.2}
{"armed": false, "event": "idle_disarmed", "preset": "car_single", "single_auto": true, "ts": 1783055635.203}
{"armed": false, "event": "idle_disarmed", "preset": "car_single", "single_auto": true, "ts": 1783055635.203}
{"armed": false, "event": "idle_disarmed", "preset": "car_single", "single_auto": true, "ts": 1783055636.206}
{"armed": false, "event": "idle_disarmed", "preset": "car_single", "single_auto": true, "ts": 1783055636.206}
{"armed": false, "event": "idle_disarmed", "preset": "car_single", "single_auto": true, "ts": 1783055637.209}
{"armed": false, "event": "idle_disarmed", "preset": "car_single", "single_auto": true, "ts": 1783055637.209}
{"armed": false, "event": "idle_disarmed", "preset": "car_single", "single_auto": true, "ts": 1783055638.211}
{"armed": false, "event": "idle_disarmed", "preset": "car_single", "single_auto": true, "ts": 1783055638.211}
{"armed": false, "event": "idle_disarmed", "preset": "car_single", "single_auto": true, "ts": 1783055639.214}
{"armed": false, "event": "idle_disarmed", "preset": "car_single", "single_auto": true, "ts": 1783055639.214}
{"armed": false, "event": "idle_disarmed", "preset": "car_single", "single_auto": true, "ts": 1783055640.217}
{"armed": false, "event": "idle_disarmed", "preset": "car_single", "single_auto": true, "ts": 1783055640.217}
{"armed": false, "event": "idle_disarmed", "preset": "car_single", "single_auto": true, "ts": 1783055641.219}
{"armed": false, "event": "idle_disarmed", "preset": "car_single", "single_auto": true, "ts": 1783055641.219}
{"armed": false, "event": "idle_disarmed", "preset": "car_single", "single_auto": true, "ts": 1783055642.222}
{"armed": false, "event": "idle_disarmed", "preset": "car_single", "single_auto": true, "ts": 1783055642.222}
{"armed": false, "event": "idle_disarmed", "preset": "car_single", "single_auto": true, "ts": 1783055643.225}
{"armed": false, "event": "idle_disarmed", "preset": "car_single", "single_auto": true, "ts": 1783055643.225}
{"armed": false, "event": "idle_disarmed", "preset": "car_single", "single_auto": true, "ts": 1783055644.227}
{"armed": false, "event": "idle_disarmed", "preset": "car_single", "single_auto": true, "ts": 1783055644.227}
{"armed": false, "event": "idle_disarmed", "preset": "car_single", "single_auto": true, "ts": 1783055645.23}
{"armed": false, "event": "idle_disarmed", "preset": "car_single", "single_auto": true, "ts": 1783055645.23}
{"armed": false, "event": "idle_disarmed", "preset": "car_single", "single_auto": true, "ts": 1783055646.233}
{"armed": false, "event": "idle_disarmed", "preset": "car_single", "single_auto": true, "ts": 1783055646.233}
{"armed": false, "event": "idle_disarmed", "preset": "car_single", "single_auto": true, "ts": 1783055647.235}
{"armed": false, "event": "idle_disarmed", "preset": "car_single", "single_auto": true, "ts": 1783055647.235}
{"armed": false, "event": "idle_disarmed", "preset": "car_single", "single_auto": true, "ts": 1783055648.238}
{"armed": false, "event": "idle_disarmed", "preset": "car_single", "single_auto": true, "ts": 1783055648.238}
{"armed": false, "event": "idle_disarmed", "preset": "car_single", "single_auto": true, "ts": 1783055649.241}
{"armed": false, "event": "idle_disarmed", "preset": "car_single", "single_auto": true, "ts": 1783055649.241}
{"armed": false, "event": "idle_disarmed", "preset": "car_single", "single_auto": true, "ts": 1783055650.244}
{"armed": false, "event": "idle_disarmed", "preset": "car_single", "single_auto": true, "ts": 1783055650.244}
{"armed": false, "event": "idle_disarmed", "preset": "car_single", "single_auto": true, "ts": 1783055651.246}
{"armed": false, "event": "idle_disarmed", "preset": "car_single", "single_auto": true, "ts": 1783055651.246}
{"armed": false, "event": "idle_disarmed", "preset": "car_single", "single_auto": true, "ts": 1783055652.249}
{"armed": false, "event": "idle_disarmed", "preset": "car_single", "single_auto": true, "ts": 1783055652.249}
{"armed": false, "event": "idle_disarmed", "preset": "car_single", "single_auto": true, "ts": 1783055653.252}
{"armed": false, "event": "idle_disarmed", "preset": "car_single", "single_auto": true, "ts": 1783055653.252}
{"armed": false, "event": "idle_disarmed", "preset": "car_single", "single_auto": true, "ts": 1783055654.254}
{"armed": false, "event": "idle_disarmed", "preset": "car_single", "single_auto": true, "ts": 1783055654.254}
{"armed": false, "event": "idle_disarmed", "preset": "car_single", "single_auto": true, "ts": 1783055655.257}
{"armed": false, "event": "idle_disarmed", "preset": "car_single", "single_auto": true, "ts": 1783055655.257}
{"armed": false, "event": "idle_disarmed", "preset": "car_single", "single_auto": true, "ts": 1783055656.26}
{"armed": false, "event": "idle_disarmed", "preset": "car_single", "single_auto": true, "ts": 1783055656.26}
{"armed": false, "event": "idle_disarmed", "preset": "car_single", "single_auto": true, "ts": 1783055657.262}
{"armed": false, "event": "idle_disarmed", "preset": "car_single", "single_auto": true, "ts": 1783055657.262}
{"armed": false, "event": "idle_disarmed", "preset": "car_single", "single_auto": true, "ts": 1783055658.265}
{"armed": false, "event": "idle_disarmed", "preset": "car_single", "single_auto": true, "ts": 1783055658.265}
{"armed": false, "event": "idle_disarmed", "preset": "car_single", "single_auto": true, "ts": 1783055659.268}
{"armed": false, "event": "idle_disarmed", "preset": "car_single", "single_auto": true, "ts": 1783055659.268}
{"armed": false, "event": "idle_disarmed", "preset": "car_single", "single_auto": true, "ts": 1783055660.27}
{"armed": false, "event": "idle_disarmed", "preset": "car_single", "single_auto": true, "ts": 1783055660.27}
{"armed": false, "event": "idle_disarmed", "preset": "car_single", "single_auto": true, "ts": 1783055661.273}
{"armed": false, "event": "idle_disarmed", "preset": "car_single", "single_auto": true, "ts": 1783055661.273}
{"armed": false, "event": "idle_disarmed", "preset": "car_single", "single_auto": true, "ts": 1783055662.275}
{"armed": false, "event": "idle_disarmed", "preset": "car_single", "single_auto": true, "ts": 1783055662.275}
{"armed": false, "event": "idle_disarmed", "preset": "car_single", "single_auto": true, "ts": 1783055663.278}
{"armed": false, "event": "idle_disarmed", "preset": "car_single", "single_auto": true, "ts": 1783055663.278}
{"armed": false, "event": "idle_disarmed", "preset": "car_single", "single_auto": true, "ts": 1783055664.28}
{"armed": false, "event": "idle_disarmed", "preset": "car_single", "single_auto": true, "ts": 1783055664.28}
{"armed": false, "event": "idle_disarmed", "preset": "car_single", "single_auto": true, "ts": 1783055665.283}
{"armed": false, "event": "idle_disarmed", "preset": "car_single", "single_auto": true, "ts": 1783055665.283}
{"armed": false, "event": "idle_disarmed", "preset": "car_single", "single_auto": true, "ts": 1783055666.286}
{"armed": false, "event": "idle_disarmed", "preset": "car_single", "single_auto": true, "ts": 1783055666.286}
{"armed": false, "event": "idle_disarmed", "preset": "car_single", "single_auto": true, "ts": 1783055667.289}
{"armed": false, "event": "idle_disarmed", "preset": "car_single", "single_auto": true, "ts": 1783055667.289}
{"armed": false, "event": "idle_disarmed", "preset": "car_single", "single_auto": true, "ts": 1783055668.291}
{"armed": false, "event": "idle_disarmed", "preset": "car_single", "single_auto": true, "ts": 1783055668.291}
{"armed": false, "event": "idle_disarmed", "preset": "car_single", "single_auto": true, "ts": 1783055669.294}
{"armed": false, "event": "idle_disarmed", "preset": "car_single", "single_auto": true, "ts": 1783055669.294}
{"armed": false, "event": "idle_disarmed", "preset": "car_single", "single_auto": true, "ts": 1783055670.297}
{"armed": false, "event": "idle_disarmed", "preset": "car_single", "single_auto": true, "ts": 1783055670.297}
{"armed": false, "event": "idle_disarmed", "preset": "car_single", "single_auto": true, "ts": 1783055671.299}
{"armed": false, "event": "idle_disarmed", "preset": "car_single", "single_auto": true, "ts": 1783055671.299}
{"armed": false, "event": "idle_disarmed", "preset": "car_single", "single_auto": true, "ts": 1783055672.302}
{"armed": false, "event": "idle_disarmed", "preset": "car_single", "single_auto": true, "ts": 1783055672.302}
{"armed": false, "event": "idle_disarmed", "preset": "car_single", "single_auto": true, "ts": 1783055673.305}
{"armed": false, "event": "idle_disarmed", "preset": "car_single", "single_auto": true, "ts": 1783055673.305}
{"armed": false, "event": "idle_disarmed", "preset": "car_single", "single_auto": true, "ts": 1783055674.307}
{"armed": false, "event": "idle_disarmed", "preset": "car_single", "single_auto": true, "ts": 1783055674.307}
{"armed": false, "event": "idle_disarmed", "preset": "car_single", "single_auto": true, "ts": 1783055675.31}
{"armed": false, "event": "idle_disarmed", "preset": "car_single", "single_auto": true, "ts": 1783055675.31}
{"armed": false, "event": "idle_disarmed", "preset": "car_single", "single_auto": true, "ts": 1783055676.312}
{"armed": false, "event": "idle_disarmed", "preset": "car_single", "single_auto": true, "ts": 1783055676.312}
{"armed": false, "event": "idle_disarmed", "preset": "car_single", "single_auto": true, "ts": 1783055677.315}
{"armed": false, "event": "idle_disarmed", "preset": "car_single", "single_auto": true, "ts": 1783055677.315}
{"armed": false, "event": "idle_disarmed", "preset": "car_single", "single_auto": true, "ts": 1783055678.318}
{"armed": false, "event": "idle_disarmed", "preset": "car_single", "single_auto": true, "ts": 1783055678.318}
{"armed": false, "event": "idle_disarmed", "preset": "car_single", "single_auto": true, "ts": 1783055679.32}
{"armed": false, "event": "idle_disarmed", "preset": "car_single", "single_auto": true, "ts": 1783055679.32}
{"armed": false, "event": "idle_disarmed", "preset": "car_single", "single_auto": true, "ts": 1783055680.323}
{"armed": false, "event": "idle_disarmed", "preset": "car_single", "single_auto": true, "ts": 1783055680.323}
{"armed": false, "event": "idle_disarmed", "preset": "car_single", "single_auto": true, "ts": 1783055681.326}
{"armed": false, "event": "idle_disarmed", "preset": "car_single", "single_auto": true, "ts": 1783055681.326}
{"armed": false, "event": "idle_disarmed", "preset": "car_single", "single_auto": true, "ts": 1783055682.328}
{"armed": false, "event": "idle_disarmed", "preset": "car_single", "single_auto": true, "ts": 1783055682.328}
{"armed": false, "event": "idle_disarmed", "preset": "car_single", "single_auto": true, "ts": 1783055683.331}
{"armed": false, "event": "idle_disarmed", "preset": "car_single", "single_auto": true, "ts": 1783055683.331}
{"armed": false, "event": "idle_disarmed", "preset": "car_single", "single_auto": true, "ts": 1783055684.334}
{"armed": false, "event": "idle_disarmed", "preset": "car_single", "single_auto": true, "ts": 1783055684.334}
{"armed": false, "event": "idle_disarmed", "preset": "car_single", "single_auto": true, "ts": 1783055685.336}
{"armed": false, "event": "idle_disarmed", "preset": "car_single", "single_auto": true, "ts": 1783055685.336}
{"armed": false, "event": "idle_disarmed", "preset": "car_single", "single_auto": true, "ts": 1783055686.339}
{"armed": false, "event": "idle_disarmed", "preset": "car_single", "single_auto": true, "ts": 1783055686.339}
{"armed": false, "event": "idle_disarmed", "preset": "car_single", "single_auto": true, "ts": 1783055687.342}
{"armed": false, "event": "idle_disarmed", "preset": "car_single", "single_auto": true, "ts": 1783055687.342}
{"armed": false, "event": "idle_disarmed", "preset": "car_single", "single_auto": true, "ts": 1783055688.344}
{"armed": false, "event": "idle_disarmed", "preset": "car_single", "single_auto": true, "ts": 1783055688.344}
{"armed": false, "event": "idle_disarmed", "preset": "car_single", "single_auto": true, "ts": 1783055689.348}
{"armed": false, "event": "idle_disarmed", "preset": "car_single", "single_auto": true, "ts": 1783055689.348}
{"armed": false, "event": "idle_disarmed", "preset": "car_single", "single_auto": true, "ts": 1783055690.35}
{"armed": false, "event": "idle_disarmed", "preset": "car_single", "single_auto": true, "ts": 1783055690.35}
{"armed": false, "event": "idle_disarmed", "preset": "car_single", "single_auto": true, "ts": 1783055691.353}
{"armed": false, "event": "idle_disarmed", "preset": "car_single", "single_auto": true, "ts": 1783055691.353}
{"armed": false, "event": "idle_disarmed", "preset": "car_single", "single_auto": true, "ts": 1783055692.355}
{"armed": false, "event": "idle_disarmed", "preset": "car_single", "single_auto": true, "ts": 1783055692.355}
{"armed": false, "event": "idle_disarmed", "preset": "car_single", "single_auto": true, "ts": 1783055693.358}
{"armed": false, "event": "idle_disarmed", "preset": "car_single", "single_auto": true, "ts": 1783055693.358}
{"armed": false, "event": "idle_disarmed", "preset": "car_single", "single_auto": true, "ts": 1783055694.361}
{"armed": false, "event": "idle_disarmed", "preset": "car_single", "single_auto": true, "ts": 1783055694.361}
{"armed": false, "event": "idle_disarmed", "preset": "car_single", "single_auto": true, "ts": 1783055695.364}
{"armed": false, "event": "idle_disarmed", "preset": "car_single", "single_auto": true, "ts": 1783055695.364}
{"armed": false, "event": "idle_disarmed", "preset": "car_single", "single_auto": true, "ts": 1783055696.366}
{"armed": false, "event": "idle_disarmed", "preset": "car_single", "single_auto": true, "ts": 1783055696.366}
{"armed": false, "event": "idle_disarmed", "preset": "car_single", "single_auto": true, "ts": 1783055697.369}
{"armed": false, "event": "idle_disarmed", "preset": "car_single", "single_auto": true, "ts": 1783055697.369}
{"armed": false, "event": "idle_disarmed", "preset": "car_single", "single_auto": true, "ts": 1783055698.372}
{"armed": false, "event": "idle_disarmed", "preset": "car_single", "single_auto": true, "ts": 1783055698.372}
{"armed": false, "event": "idle_disarmed", "preset": "car_single", "single_auto": true, "ts": 1783055699.374}
{"armed": false, "event": "idle_disarmed", "preset": "car_single", "single_auto": true, "ts": 1783055699.374}
{"armed": false, "event": "idle_disarmed", "preset": "car_single", "single_auto": true, "ts": 1783055700.377}
{"armed": false, "event": "idle_disarmed", "preset": "car_single", "single_auto": true, "ts": 1783055700.377}
{"armed": false, "event": "idle_disarmed", "preset": "car_single", "single_auto": true, "ts": 1783055701.38}
{"armed": false, "event": "idle_disarmed", "preset": "car_single", "single_auto": true, "ts": 1783055701.38}
{"armed": false, "event": "idle_disarmed", "preset": "car_single", "single_auto": true, "ts": 1783055702.382}
{"armed": false, "event": "idle_disarmed", "preset": "car_single", "single_auto": true, "ts": 1783055702.382}
{"armed": false, "event": "idle_disarmed", "preset": "car_single", "single_auto": true, "ts": 1783055703.385}
{"armed": false, "event": "idle_disarmed", "preset": "car_single", "single_auto": true, "ts": 1783055703.385}
{"armed": false, "event": "idle_disarmed", "preset": "car_single", "single_auto": true, "ts": 1783055704.388}
{"armed": false, "event": "idle_disarmed", "preset": "car_single", "single_auto": true, "ts": 1783055704.388}
{"armed": false, "event": "idle_disarmed", "preset": "car_single", "single_auto": true, "ts": 1783055705.391}
{"armed": false, "event": "idle_disarmed", "preset": "car_single", "single_auto": true, "ts": 1783055705.391}
{"armed": false, "event": "idle_disarmed", "preset": "car_single", "single_auto": true, "ts": 1783055706.393}
{"armed": false, "event": "idle_disarmed", "preset": "car_single", "single_auto": true, "ts": 1783055706.393}
{"armed": false, "event": "idle_disarmed", "preset": "car_single", "single_auto": true, "ts": 1783055707.396}
{"armed": false, "event": "idle_disarmed", "preset": "car_single", "single_auto": true, "ts": 1783055707.396}
{"armed": false, "event": "idle_disarmed", "preset": "car_single", "single_auto": true, "ts": 1783055708.398}
{"armed": false, "event": "idle_disarmed", "preset": "car_single", "single_auto": true, "ts": 1783055708.398}
{"armed": false, "event": "idle_disarmed", "preset": "car_single", "single_auto": true, "ts": 1783055709.401}
{"armed": false, "event": "idle_disarmed", "preset": "car_single", "single_auto": true, "ts": 1783055709.401}
{"armed": false, "event": "idle_disarmed", "preset": "car_single", "single_auto": true, "ts": 1783055710.404}
{"armed": false, "event": "idle_disarmed", "preset": "car_single", "single_auto": true, "ts": 1783055710.404}
{"armed": false, "event": "idle_disarmed", "preset": "car_single", "single_auto": true, "ts": 1783055711.406}
{"armed": false, "event": "idle_disarmed", "preset": "car_single", "single_auto": true, "ts": 1783055711.406}
{"armed": false, "event": "idle_disarmed", "preset": "car_single", "single_auto": true, "ts": 1783055712.419}
{"armed": false, "event": "idle_disarmed", "preset": "car_single", "single_auto": true, "ts": 1783055712.419}
{"armed": false, "event": "idle_disarmed", "preset": "car_single", "single_auto": true, "ts": 1783055713.422}
{"armed": false, "event": "idle_disarmed", "preset": "car_single", "single_auto": true, "ts": 1783055713.422}
{"armed": false, "event": "idle_disarmed", "preset": "car_single", "single_auto": true, "ts": 1783055714.424}
{"armed": false, "event": "idle_disarmed", "preset": "car_single", "single_auto": true, "ts": 1783055714.424}
{"armed": false, "event": "idle_disarmed", "preset": "car_single", "single_auto": true, "ts": 1783055715.427}
{"armed": false, "event": "idle_disarmed", "preset": "car_single", "single_auto": true, "ts": 1783055715.427}
{"armed": false, "event": "idle_disarmed", "preset": "car_single", "single_auto": true, "ts": 1783055716.429}
{"armed": false, "event": "idle_disarmed", "preset": "car_single", "single_auto": true, "ts": 1783055716.429}
{"armed": false, "event": "idle_disarmed", "preset": "car_single", "single_auto": true, "ts": 1783055717.432}
{"armed": false, "event": "idle_disarmed", "preset": "car_single", "single_auto": true, "ts": 1783055717.432}
{"armed": false, "event": "idle_disarmed", "preset": "car_single", "single_auto": true, "ts": 1783055718.435}
{"armed": false, "event": "idle_disarmed", "preset": "car_single", "single_auto": true, "ts": 1783055718.435}
{"armed": false, "event": "idle_disarmed", "preset": "car_single", "single_auto": true, "ts": 1783055719.438}
{"armed": false, "event": "idle_disarmed", "preset": "car_single", "single_auto": true, "ts": 1783055719.438}
{"armed": false, "event": "idle_disarmed", "preset": "car_single", "single_auto": true, "ts": 1783055720.44}
{"armed": false, "event": "idle_disarmed", "preset": "car_single", "single_auto": true, "ts": 1783055720.44}
{"armed": false, "event": "idle_disarmed", "preset": "car_single", "single_auto": true, "ts": 1783055721.443}
{"armed": false, "event": "idle_disarmed", "preset": "car_single", "single_auto": true, "ts": 1783055721.443}
{"armed": false, "event": "idle_disarmed", "preset": "car_single", "single_auto": true, "ts": 1783055722.446}
{"armed": false, "event": "idle_disarmed", "preset": "car_single", "single_auto": true, "ts": 1783055722.446}
{"armed": false, "event": "idle_disarmed", "preset": "car_single", "single_auto": true, "ts": 1783055723.448}
{"armed": false, "event": "idle_disarmed", "preset": "car_single", "single_auto": true, "ts": 1783055723.448}
{"armed": false, "event": "idle_disarmed", "preset": "car_single", "single_auto": true, "ts": 1783055724.451}
{"armed": false, "event": "idle_disarmed", "preset": "car_single", "single_auto": true, "ts": 1783055724.451}
{"armed": false, "event": "idle_disarmed", "preset": "car_single", "single_auto": true, "ts": 1783055725.454}
{"armed": false, "event": "idle_disarmed", "preset": "car_single", "single_auto": true, "ts": 1783055725.454}
{"armed": false, "event": "idle_disarmed", "preset": "car_single", "single_auto": true, "ts": 1783055726.456}
{"armed": false, "event": "idle_disarmed", "preset": "car_single", "single_auto": true, "ts": 1783055726.456}
{"armed": false, "event": "idle_disarmed", "preset": "car_single", "single_auto": true, "ts": 1783055727.459}
{"armed": false, "event": "idle_disarmed", "preset": "car_single", "single_auto": true, "ts": 1783055727.459}
{"armed": false, "event": "idle_disarmed", "preset": "car_single", "single_auto": true, "ts": 1783055728.462}
{"armed": false, "event": "idle_disarmed", "preset": "car_single", "single_auto": true, "ts": 1783055728.462}
{"armed": false, "event": "idle_disarmed", "preset": "car_single", "single_auto": true, "ts": 1783055729.464}
{"armed": false, "event": "idle_disarmed", "preset": "car_single", "single_auto": true, "ts": 1783055729.464}
{"armed": false, "event": "idle_disarmed", "preset": "car_single", "single_auto": true, "ts": 1783055730.467}
{"armed": false, "event": "idle_disarmed", "preset": "car_single", "single_auto": true, "ts": 1783055730.467}
{"armed": false, "event": "idle_disarmed", "preset": "car_single", "single_auto": true, "ts": 1783055731.47}
{"armed": false, "event": "idle_disarmed", "preset": "car_single", "single_auto": true, "ts": 1783055731.47}
{"armed": false, "event": "idle_disarmed", "preset": "car_single", "single_auto": true, "ts": 1783055732.472}
{"armed": false, "event": "idle_disarmed", "preset": "car_single", "single_auto": true, "ts": 1783055732.472}
{"armed": false, "event": "idle_disarmed", "preset": "car_single", "single_auto": true, "ts": 1783055733.475}
{"armed": false, "event": "idle_disarmed", "preset": "car_single", "single_auto": true, "ts": 1783055733.475}
{"armed": false, "event": "idle_disarmed", "preset": "car_single", "single_auto": true, "ts": 1783055734.478}
{"armed": false, "event": "idle_disarmed", "preset": "car_single", "single_auto": true, "ts": 1783055734.478}
{"armed": false, "event": "idle_disarmed", "preset": "car_single", "single_auto": true, "ts": 1783055735.48}
{"armed": false, "event": "idle_disarmed", "preset": "car_single", "single_auto": true, "ts": 1783055735.48}
{"armed": false, "event": "idle_disarmed", "preset": "car_single", "single_auto": true, "ts": 1783055736.483}
{"armed": false, "event": "idle_disarmed", "preset": "car_single", "single_auto": true, "ts": 1783055736.483}
{"armed": false, "event": "idle_disarmed", "preset": "car_single", "single_auto": true, "ts": 1783055737.486}
{"armed": false, "event": "idle_disarmed", "preset": "car_single", "single_auto": true, "ts": 1783055737.486}
{"armed": false, "event": "idle_disarmed", "preset": "car_single", "single_auto": true, "ts": 1783055738.488}
{"armed": false, "event": "idle_disarmed", "preset": "car_single", "single_auto": true, "ts": 1783055738.488}
{"armed": false, "event": "idle_disarmed", "preset": "car_single", "single_auto": true, "ts": 1783055739.491}
{"armed": false, "event": "idle_disarmed", "preset": "car_single", "single_auto": true, "ts": 1783055739.491}
{"armed": false, "event": "idle_disarmed", "preset": "car_single", "single_auto": true, "ts": 1783055740.494}
{"armed": false, "event": "idle_disarmed", "preset": "car_single", "single_auto": true, "ts": 1783055740.494}
{"armed": false, "event": "idle_disarmed", "preset": "car_single", "single_auto": true, "ts": 1783055741.496}
{"armed": false, "event": "idle_disarmed", "preset": "car_single", "single_auto": true, "ts": 1783055741.496}
{"armed": false, "event": "idle_disarmed", "preset": "car_single", "single_auto": true, "ts": 1783055742.499}
{"armed": false, "event": "idle_disarmed", "preset": "car_single", "single_auto": true, "ts": 1783055742.499}
{"armed": false, "event": "idle_disarmed", "preset": "car_single", "single_auto": true, "ts": 1783055743.502}
{"armed": false, "event": "idle_disarmed", "preset": "car_single", "single_auto": true, "ts": 1783055743.502}
{"armed": false, "event": "idle_disarmed", "preset": "car_single", "single_auto": true, "ts": 1783055744.504}
{"armed": false, "event": "idle_disarmed", "preset": "car_single", "single_auto": true, "ts": 1783055744.504}
{"armed": false, "event": "idle_disarmed", "preset": "car_single", "single_auto": true, "ts": 1783055745.507}
{"armed": false, "event": "idle_disarmed", "preset": "car_single", "single_auto": true, "ts": 1783055745.507}
{"armed": false, "event": "idle_disarmed", "preset": "car_single", "single_auto": true, "ts": 1783055746.509}
{"armed": false, "event": "idle_disarmed", "preset": "car_single", "single_auto": true, "ts": 1783055746.509}
{"armed": false, "event": "idle_disarmed", "preset": "car_single", "single_auto": true, "ts": 1783055747.512}
{"armed": false, "event": "idle_disarmed", "preset": "car_single", "single_auto": true, "ts": 1783055747.512}
{"armed": false, "event": "idle_disarmed", "preset": "car_single", "single_auto": true, "ts": 1783055748.515}
{"armed": false, "event": "idle_disarmed", "preset": "car_single", "single_auto": true, "ts": 1783055748.515}
{"armed": false, "event": "idle_disarmed", "preset": "car_single", "single_auto": true, "ts": 1783055749.517}
{"armed": false, "event": "idle_disarmed", "preset": "car_single", "single_auto": true, "ts": 1783055749.517}
{"armed": false, "event": "idle_disarmed", "preset": "car_single", "single_auto": true, "ts": 1783055750.52}
{"armed": false, "event": "idle_disarmed", "preset": "car_single", "single_auto": true, "ts": 1783055750.52}
{"armed": false, "event": "idle_disarmed", "preset": "car_single", "single_auto": true, "ts": 1783055751.523}
{"armed": false, "event": "idle_disarmed", "preset": "car_single", "single_auto": true, "ts": 1783055751.523}
{"armed": false, "event": "idle_disarmed", "preset": "car_single", "single_auto": true, "ts": 1783055752.526}
{"armed": false, "event": "idle_disarmed", "preset": "car_single", "single_auto": true, "ts": 1783055752.526}
{"armed": false, "event": "idle_disarmed", "preset": "car_single", "single_auto": true, "ts": 1783055753.528}
{"armed": false, "event": "idle_disarmed", "preset": "car_single", "single_auto": true, "ts": 1783055753.528}
{"armed": false, "event": "idle_disarmed", "preset": "car_single", "single_auto": true, "ts": 1783055754.531}
{"armed": false, "event": "idle_disarmed", "preset": "car_single", "single_auto": true, "ts": 1783055754.531}
{"armed": false, "event": "idle_disarmed", "preset": "car_single", "single_auto": true, "ts": 1783055755.534}
{"armed": false, "event": "idle_disarmed", "preset": "car_single", "single_auto": true, "ts": 1783055755.534}
{"armed": false, "event": "idle_disarmed", "preset": "car_single", "single_auto": true, "ts": 1783055756.536}
{"armed": false, "event": "idle_disarmed", "preset": "car_single", "single_auto": true, "ts": 1783055756.536}
{"armed": false, "event": "idle_disarmed", "preset": "car_single", "single_auto": true, "ts": 1783055757.539}
{"armed": false, "event": "idle_disarmed", "preset": "car_single", "single_auto": true, "ts": 1783055757.539}
{"armed": false, "event": "idle_disarmed", "preset": "car_single", "single_auto": true, "ts": 1783055758.542}
{"armed": false, "event": "idle_disarmed", "preset": "car_single", "single_auto": true, "ts": 1783055758.542}
{"armed": false, "event": "idle_disarmed", "preset": "car_single", "single_auto": true, "ts": 1783055759.544}
{"armed": false, "event": "idle_disarmed", "preset": "car_single", "single_auto": true, "ts": 1783055759.544}
{"armed": false, "event": "idle_disarmed", "preset": "car_single", "single_auto": true, "ts": 1783055760.547}
{"armed": false, "event": "idle_disarmed", "preset": "car_single", "single_auto": true, "ts": 1783055760.547}
{"armed": false, "event": "idle_disarmed", "preset": "car_single", "single_auto": true, "ts": 1783055761.549}
{"armed": false, "event": "idle_disarmed", "preset": "car_single", "single_auto": true, "ts": 1783055761.549}
{"armed": false, "event": "idle_disarmed", "preset": "car_single", "single_auto": true, "ts": 1783055762.552}
{"armed": false, "event": "idle_disarmed", "preset": "car_single", "single_auto": true, "ts": 1783055762.552}
{"armed": false, "event": "idle_disarmed", "preset": "car_single", "single_auto": true, "ts": 1783055763.555}
{"armed": false, "event": "idle_disarmed", "preset": "car_single", "single_auto": true, "ts": 1783055763.555}
{"armed": false, "event": "idle_disarmed", "preset": "car_single", "single_auto": true, "ts": 1783055764.557}
{"armed": false, "event": "idle_disarmed", "preset": "car_single", "single_auto": true, "ts": 1783055764.557}
{"armed": false, "event": "idle_disarmed", "preset": "car_single", "single_auto": true, "ts": 1783055765.56}
{"armed": false, "event": "idle_disarmed", "preset": "car_single", "single_auto": true, "ts": 1783055765.56}
{"armed": false, "event": "idle_disarmed", "preset": "car_single", "single_auto": true, "ts": 1783055766.562}
{"armed": false, "event": "idle_disarmed", "preset": "car_single", "single_auto": true, "ts": 1783055766.562}
{"armed": false, "event": "idle_disarmed", "preset": "car_single", "single_auto": true, "ts": 1783055767.565}
{"armed": false, "event": "idle_disarmed", "preset": "car_single", "single_auto": true, "ts": 1783055767.565}
{"armed": false, "event": "idle_disarmed", "preset": "car_single", "single_auto": true, "ts": 1783055768.568}
{"armed": false, "event": "idle_disarmed", "preset": "car_single", "single_auto": true, "ts": 1783055768.568}
{"armed": false, "event": "idle_disarmed", "preset": "car_single", "single_auto": true, "ts": 1783055769.571}
{"armed": false, "event": "idle_disarmed", "preset": "car_single", "single_auto": true, "ts": 1783055769.571}
{"armed": false, "event": "idle_disarmed", "preset": "car_single", "single_auto": true, "ts": 1783055770.573}
{"armed": false, "event": "idle_disarmed", "preset": "car_single", "single_auto": true, "ts": 1783055770.573}
{"armed": false, "event": "idle_disarmed", "preset": "car_single", "single_auto": true, "ts": 1783055771.576}
{"armed": false, "event": "idle_disarmed", "preset": "car_single", "single_auto": true, "ts": 1783055771.576}
{"armed": false, "event": "idle_disarmed", "preset": "car_single", "single_auto": true, "ts": 1783055772.579}
{"armed": false, "event": "idle_disarmed", "preset": "car_single", "single_auto": true, "ts": 1783055772.579}
{"armed": false, "event": "idle_disarmed", "preset": "car_single", "single_auto": true, "ts": 1783055773.581}
{"armed": false, "event": "idle_disarmed", "preset": "car_single", "single_auto": true, "ts": 1783055773.581}
{"armed": false, "event": "idle_disarmed", "preset": "car_single", "single_auto": true, "ts": 1783055774.584}
{"armed": false, "event": "idle_disarmed", "preset": "car_single", "single_auto": true, "ts": 1783055774.584}
{"armed": false, "event": "idle_disarmed", "preset": "car_single", "single_auto": true, "ts": 1783055775.587}
{"armed": false, "event": "idle_disarmed", "preset": "car_single", "single_auto": true, "ts": 1783055775.587}
{"armed": false, "event": "idle_disarmed", "preset": "car_single", "single_auto": true, "ts": 1783055776.59}
{"armed": false, "event": "idle_disarmed", "preset": "car_single", "single_auto": true, "ts": 1783055776.59}
{"armed": false, "event": "idle_disarmed", "preset": "car_single", "single_auto": true, "ts": 1783055777.593}
{"armed": false, "event": "idle_disarmed", "preset": "car_single", "single_auto": true, "ts": 1783055777.593}
{"armed": false, "event": "idle_disarmed", "preset": "car_single", "single_auto": true, "ts": 1783055778.595}
{"armed": false, "event": "idle_disarmed", "preset": "car_single", "single_auto": true, "ts": 1783055778.595}
{"armed": false, "event": "idle_disarmed", "preset": "car_single", "single_auto": true, "ts": 1783055779.598}
{"armed": false, "event": "idle_disarmed", "preset": "car_single", "single_auto": true, "ts": 1783055779.598}
{"armed": false, "event": "idle_disarmed", "preset": "car_single", "single_auto": true, "ts": 1783055780.601}
{"armed": false, "event": "idle_disarmed", "preset": "car_single", "single_auto": true, "ts": 1783055780.601}
{"armed": false, "event": "idle_disarmed", "preset": "car_single", "single_auto": true, "ts": 1783055781.604}
{"armed": false, "event": "idle_disarmed", "preset": "car_single", "single_auto": true, "ts": 1783055781.604}
{"armed": false, "event": "idle_disarmed", "preset": "car_single", "single_auto": true, "ts": 1783055782.606}
{"armed": false, "event": "idle_disarmed", "preset": "car_single", "single_auto": true, "ts": 1783055782.606}
{"armed": false, "event": "idle_disarmed", "preset": "car_single", "single_auto": true, "ts": 1783055783.609}
{"armed": false, "event": "idle_disarmed", "preset": "car_single", "single_auto": true, "ts": 1783055783.609}
{"armed": false, "event": "idle_disarmed", "preset": "car_single", "single_auto": true, "ts": 1783055784.612}
{"armed": false, "event": "idle_disarmed", "preset": "car_single", "single_auto": true, "ts": 1783055784.612}
{"armed": false, "event": "idle_disarmed", "preset": "car_single", "single_auto": true, "ts": 1783055785.615}
{"armed": false, "event": "idle_disarmed", "preset": "car_single", "single_auto": true, "ts": 1783055785.615}
{"armed": false, "event": "idle_disarmed", "preset": "car_single", "single_auto": true, "ts": 1783055786.617}
{"armed": false, "event": "idle_disarmed", "preset": "car_single", "single_auto": true, "ts": 1783055786.617}
{"armed": false, "event": "idle_disarmed", "preset": "car_single", "single_auto": true, "ts": 1783055787.62}
{"armed": false, "event": "idle_disarmed", "preset": "car_single", "single_auto": true, "ts": 1783055787.62}
{"armed": false, "event": "idle_disarmed", "preset": "car_single", "single_auto": true, "ts": 1783055788.623}
{"armed": false, "event": "idle_disarmed", "preset": "car_single", "single_auto": true, "ts": 1783055788.623}
{"armed": false, "event": "idle_disarmed", "preset": "car_single", "single_auto": true, "ts": 1783055789.625}
{"armed": false, "event": "idle_disarmed", "preset": "car_single", "single_auto": true, "ts": 1783055789.625}
{"armed": false, "event": "idle_disarmed", "preset": "car_single", "single_auto": true, "ts": 1783055790.628}
{"armed": false, "event": "idle_disarmed", "preset": "car_single", "single_auto": true, "ts": 1783055790.628}
{"armed": false, "event": "idle_disarmed", "preset": "car_single", "single_auto": true, "ts": 1783055791.631}
{"armed": false, "event": "idle_disarmed", "preset": "car_single", "single_auto": true, "ts": 1783055791.631}
{"armed": false, "event": "idle_disarmed", "preset": "car_single", "single_auto": true, "ts": 1783055792.633}
{"armed": false, "event": "idle_disarmed", "preset": "car_single", "single_auto": true, "ts": 1783055792.633}
{"armed": false, "event": "idle_disarmed", "preset": "car_single", "single_auto": true, "ts": 1783055793.636}
{"armed": false, "event": "idle_disarmed", "preset": "car_single", "single_auto": true, "ts": 1783055793.636}
{"armed": false, "event": "idle_disarmed", "preset": "car_single", "single_auto": true, "ts": 1783055794.638}
{"armed": false, "event": "idle_disarmed", "preset": "car_single", "single_auto": true, "ts": 1783055794.638}
{"armed": false, "event": "idle_disarmed", "preset": "car_single", "single_auto": true, "ts": 1783055795.641}
{"armed": false, "event": "idle_disarmed", "preset": "car_single", "single_auto": true, "ts": 1783055795.641}
{"armed": false, "event": "idle_disarmed", "preset": "car_single", "single_auto": true, "ts": 1783055796.643}
{"armed": false, "event": "idle_disarmed", "preset": "car_single", "single_auto": true, "ts": 1783055796.643}
{"armed": false, "event": "idle_disarmed", "preset": "car_single", "single_auto": true, "ts": 1783055797.646}
{"armed": false, "event": "idle_disarmed", "preset": "car_single", "single_auto": true, "ts": 1783055797.646}
{"armed": false, "event": "idle_disarmed", "preset": "car_single", "single_auto": true, "ts": 1783055798.65}
{"armed": false, "event": "idle_disarmed", "preset": "car_single", "single_auto": true, "ts": 1783055798.65}
{"armed": false, "event": "idle_disarmed", "preset": "car_single", "single_auto": true, "ts": 1783055799.652}
{"armed": false, "event": "idle_disarmed", "preset": "car_single", "single_auto": true, "ts": 1783055799.652}
{"armed": false, "event": "idle_disarmed", "preset": "car_single", "single_auto": true, "ts": 1783055800.655}
{"armed": false, "event": "idle_disarmed", "preset": "car_single", "single_auto": true, "ts": 1783055800.655}
{"armed": false, "event": "idle_disarmed", "preset": "car_single", "single_auto": true, "ts": 1783055801.658}
{"armed": false, "event": "idle_disarmed", "preset": "car_single", "single_auto": true, "ts": 1783055801.658}
{"armed": false, "event": "idle_disarmed", "preset": "car_single", "single_auto": true, "ts": 1783055802.66}
{"armed": false, "event": "idle_disarmed", "preset": "car_single", "single_auto": true, "ts": 1783055802.66}
{"armed": false, "event": "idle_disarmed", "preset": "car_single", "single_auto": true, "ts": 1783055803.663}
{"armed": false, "event": "idle_disarmed", "preset": "car_single", "single_auto": true, "ts": 1783055803.663}
{"armed": false, "event": "idle_disarmed", "preset": "car_single", "single_auto": true, "ts": 1783055804.665}
{"armed": false, "event": "idle_disarmed", "preset": "car_single", "single_auto": true, "ts": 1783055804.665}
{"armed": false, "event": "idle_disarmed", "preset": "car_single", "single_auto": true, "ts": 1783055805.668}
{"armed": false, "event": "idle_disarmed", "preset": "car_single", "single_auto": true, "ts": 1783055805.668}
{"armed": false, "event": "idle_disarmed", "preset": "car_single", "single_auto": true, "ts": 1783055806.671}
{"armed": false, "event": "idle_disarmed", "preset": "car_single", "single_auto": true, "ts": 1783055806.671}
{"armed": false, "event": "idle_disarmed", "preset": "car_single", "single_auto": true, "ts": 1783055807.673}
{"armed": false, "event": "idle_disarmed", "preset": "car_single", "single_auto": true, "ts": 1783055807.673}
{"armed": false, "event": "idle_disarmed", "preset": "car_single", "single_auto": true, "ts": 1783055808.676}
{"armed": false, "event": "idle_disarmed", "preset": "car_single", "single_auto": true, "ts": 1783055808.676}
{"armed": false, "event": "idle_disarmed", "preset": "car_single", "single_auto": true, "ts": 1783055809.678}
{"armed": false, "event": "idle_disarmed", "preset": "car_single", "single_auto": true, "ts": 1783055809.678}
{"armed": false, "event": "idle_disarmed", "preset": "car_single", "single_auto": true, "ts": 1783055810.681}
{"armed": false, "event": "idle_disarmed", "preset": "car_single", "single_auto": true, "ts": 1783055810.681}
{"armed": false, "event": "idle_disarmed", "preset": "car_single", "single_auto": true, "ts": 1783055811.684}
{"armed": false, "event": "idle_disarmed", "preset": "car_single", "single_auto": true, "ts": 1783055811.684}
{"armed": false, "event": "idle_disarmed", "preset": "car_single", "single_auto": true, "ts": 1783055812.686}
{"armed": false, "event": "idle_disarmed", "preset": "car_single", "single_auto": true, "ts": 1783055812.686}
{"armed": false, "event": "idle_disarmed", "preset": "car_single", "single_auto": true, "ts": 1783055813.689}
{"armed": false, "event": "idle_disarmed", "preset": "car_single", "single_auto": true, "ts": 1783055813.689}
{"armed": false, "event": "idle_disarmed", "preset": "car_single", "single_auto": true, "ts": 1783055814.692}
{"armed": false, "event": "idle_disarmed", "preset": "car_single", "single_auto": true, "ts": 1783055814.692}
{"armed": false, "event": "idle_disarmed", "preset": "car_single", "single_auto": true, "ts": 1783055815.694}
{"armed": false, "event": "idle_disarmed", "preset": "car_single", "single_auto": true, "ts": 1783055815.694}
{"armed": false, "event": "idle_disarmed", "preset": "car_single", "single_auto": true, "ts": 1783055816.697}
{"armed": false, "event": "idle_disarmed", "preset": "car_single", "single_auto": true, "ts": 1783055816.697}
{"armed": false, "event": "idle_disarmed", "preset": "car_single", "single_auto": true, "ts": 1783055817.7}
{"armed": false, "event": "idle_disarmed", "preset": "car_single", "single_auto": true, "ts": 1783055817.7}
{"armed": false, "event": "idle_disarmed", "preset": "car_single", "single_auto": true, "ts": 1783055818.702}
{"armed": false, "event": "idle_disarmed", "preset": "car_single", "single_auto": true, "ts": 1783055818.702}
{"armed": false, "event": "idle_disarmed", "preset": "car_single", "single_auto": true, "ts": 1783055819.705}
{"armed": false, "event": "idle_disarmed", "preset": "car_single", "single_auto": true, "ts": 1783055819.705}
{"armed": false, "event": "idle_disarmed", "preset": "car_single", "single_auto": true, "ts": 1783055820.708}
{"armed": false, "event": "idle_disarmed", "preset": "car_single", "single_auto": true, "ts": 1783055820.708}
{"armed": false, "event": "idle_disarmed", "preset": "car_single", "single_auto": true, "ts": 1783055821.711}
{"armed": false, "event": "idle_disarmed", "preset": "car_single", "single_auto": true, "ts": 1783055821.711}
{"armed": false, "event": "idle_disarmed", "preset": "car_single", "single_auto": true, "ts": 1783055822.714}
{"armed": false, "event": "idle_disarmed", "preset": "car_single", "single_auto": true, "ts": 1783055822.714}
{"armed": false, "event": "idle_disarmed", "preset": "car_single", "single_auto": true, "ts": 1783055823.716}
{"armed": false, "event": "idle_disarmed", "preset": "car_single", "single_auto": true, "ts": 1783055823.716}
{"armed": false, "event": "idle_disarmed", "preset": "car_single", "single_auto": true, "ts": 1783055824.719}
{"armed": false, "event": "idle_disarmed", "preset": "car_single", "single_auto": true, "ts": 1783055824.719}
{"armed": false, "event": "idle_disarmed", "preset": "car_single", "single_auto": true, "ts": 1783055825.722}
{"armed": false, "event": "idle_disarmed", "preset": "car_single", "single_auto": true, "ts": 1783055825.722}
{"armed": false, "event": "idle_disarmed", "preset": "car_single", "single_auto": true, "ts": 1783055826.725}
{"armed": false, "event": "idle_disarmed", "preset": "car_single", "single_auto": true, "ts": 1783055826.725}
{"armed": false, "event": "idle_disarmed", "preset": "car_single", "single_auto": true, "ts": 1783055827.728}
{"armed": false, "event": "idle_disarmed", "preset": "car_single", "single_auto": true, "ts": 1783055827.728}
{"armed": false, "event": "idle_disarmed", "preset": "car_single", "single_auto": true, "ts": 1783055828.73}
{"armed": false, "event": "idle_disarmed", "preset": "car_single", "single_auto": true, "ts": 1783055828.73}
{"armed": false, "event": "idle_disarmed", "preset": "car_single", "single_auto": true, "ts": 1783055829.733}
{"armed": false, "event": "idle_disarmed", "preset": "car_single", "single_auto": true, "ts": 1783055829.733}
{"armed": false, "event": "idle_disarmed", "preset": "car_single", "single_auto": true, "ts": 1783055830.736}
{"armed": false, "event": "idle_disarmed", "preset": "car_single", "single_auto": true, "ts": 1783055830.736}
{"armed": false, "event": "idle_disarmed", "preset": "car_single", "single_auto": true, "ts": 1783055831.739}
{"armed": false, "event": "idle_disarmed", "preset": "car_single", "single_auto": true, "ts": 1783055831.739}
{"armed": false, "event": "idle_disarmed", "preset": "car_single", "single_auto": true, "ts": 1783055832.741}
{"armed": false, "event": "idle_disarmed", "preset": "car_single", "single_auto": true, "ts": 1783055832.741}
{"armed": false, "event": "idle_disarmed", "preset": "car_single", "single_auto": true, "ts": 1783055833.744}
{"armed": false, "event": "idle_disarmed", "preset": "car_single", "single_auto": true, "ts": 1783055833.744}
{"armed": false, "event": "idle_disarmed", "preset": "car_single", "single_auto": true, "ts": 1783055834.747}
{"armed": false, "event": "idle_disarmed", "preset": "car_single", "single_auto": true, "ts": 1783055834.747}
{"armed": false, "event": "idle_disarmed", "preset": "car_single", "single_auto": true, "ts": 1783055835.749}
{"armed": false, "event": "idle_disarmed", "preset": "car_single", "single_auto": true, "ts": 1783055835.749}
{"armed": false, "event": "idle_disarmed", "preset": "car_single", "single_auto": true, "ts": 1783055836.752}
{"armed": false, "event": "idle_disarmed", "preset": "car_single", "single_auto": true, "ts": 1783055836.752}
{"armed": false, "event": "idle_disarmed", "preset": "car_single", "single_auto": true, "ts": 1783055837.755}
{"armed": false, "event": "idle_disarmed", "preset": "car_single", "single_auto": true, "ts": 1783055837.755}
{"armed": false, "event": "idle_disarmed", "preset": "car_single", "single_auto": true, "ts": 1783055838.757}
{"armed": false, "event": "idle_disarmed", "preset": "car_single", "single_auto": true, "ts": 1783055838.757}
{"armed": false, "event": "idle_disarmed", "preset": "car_single", "single_auto": true, "ts": 1783055839.76}
{"armed": false, "event": "idle_disarmed", "preset": "car_single", "single_auto": true, "ts": 1783055839.76}
{"armed": false, "event": "idle_disarmed", "preset": "car_single", "single_auto": true, "ts": 1783055840.762}
{"armed": false, "event": "idle_disarmed", "preset": "car_single", "single_auto": true, "ts": 1783055840.762}
{"armed": false, "event": "idle_disarmed", "preset": "car_single", "single_auto": true, "ts": 1783055841.765}
{"armed": false, "event": "idle_disarmed", "preset": "car_single", "single_auto": true, "ts": 1783055841.765}
{"armed": false, "event": "idle_disarmed", "preset": "car_single", "single_auto": true, "ts": 1783055842.768}
{"armed": false, "event": "idle_disarmed", "preset": "car_single", "single_auto": true, "ts": 1783055842.768}
{"armed": false, "event": "idle_disarmed", "preset": "car_single", "single_auto": true, "ts": 1783055843.77}
{"armed": false, "event": "idle_disarmed", "preset": "car_single", "single_auto": true, "ts": 1783055843.77}
{"armed": false, "event": "idle_disarmed", "preset": "car_single", "single_auto": true, "ts": 1783055844.774}
{"armed": false, "event": "idle_disarmed", "preset": "car_single", "single_auto": true, "ts": 1783055844.774}
{"armed": false, "event": "idle_disarmed", "preset": "car_single", "single_auto": true, "ts": 1783055845.776}
{"armed": false, "event": "idle_disarmed", "preset": "car_single", "single_auto": true, "ts": 1783055845.776}
{"armed": false, "event": "idle_disarmed", "preset": "car_single", "single_auto": true, "ts": 1783055846.779}
{"armed": false, "event": "idle_disarmed", "preset": "car_single", "single_auto": true, "ts": 1783055846.779}
{"armed": false, "event": "idle_disarmed", "preset": "car_single", "single_auto": true, "ts": 1783055847.782}
{"armed": false, "event": "idle_disarmed", "preset": "car_single", "single_auto": true, "ts": 1783055847.782}
{"armed": false, "event": "idle_disarmed", "preset": "car_single", "single_auto": true, "ts": 1783055848.784}
{"armed": false, "event": "idle_disarmed", "preset": "car_single", "single_auto": true, "ts": 1783055848.784}
{"armed": false, "event": "idle_disarmed", "preset": "car_single", "single_auto": true, "ts": 1783055849.787}
{"armed": false, "event": "idle_disarmed", "preset": "car_single", "single_auto": true, "ts": 1783055849.787}
{"armed": false, "event": "idle_disarmed", "preset": "car_single", "single_auto": true, "ts": 1783055850.79}
{"armed": false, "event": "idle_disarmed", "preset": "car_single", "single_auto": true, "ts": 1783055850.79}
{"armed": false, "event": "idle_disarmed", "preset": "car_single", "single_auto": true, "ts": 1783055851.792}
{"armed": false, "event": "idle_disarmed", "preset": "car_single", "single_auto": true, "ts": 1783055851.792}
{"armed": false, "event": "idle_disarmed", "preset": "car_single", "single_auto": true, "ts": 1783055852.795}
{"armed": false, "event": "idle_disarmed", "preset": "car_single", "single_auto": true, "ts": 1783055852.795}
{"armed": false, "event": "idle_disarmed", "preset": "car_single", "single_auto": true, "ts": 1783055853.798}
{"armed": false, "event": "idle_disarmed", "preset": "car_single", "single_auto": true, "ts": 1783055853.798}
{"armed": false, "event": "idle_disarmed", "preset": "car_single", "single_auto": true, "ts": 1783055854.8}
{"armed": false, "event": "idle_disarmed", "preset": "car_single", "single_auto": true, "ts": 1783055854.8}
{"armed": false, "event": "idle_disarmed", "preset": "car_single", "single_auto": true, "ts": 1783055855.803}
{"armed": false, "event": "idle_disarmed", "preset": "car_single", "single_auto": true, "ts": 1783055855.803}
{"armed": false, "event": "idle_disarmed", "preset": "car_single", "single_auto": true, "ts": 1783055856.805}
{"armed": false, "event": "idle_disarmed", "preset": "car_single", "single_auto": true, "ts": 1783055856.805}
{"armed": false, "event": "idle_disarmed", "preset": "car_single", "single_auto": true, "ts": 1783055857.808}
{"armed": false, "event": "idle_disarmed", "preset": "car_single", "single_auto": true, "ts": 1783055857.808}
{"armed": false, "event": "idle_disarmed", "preset": "car_single", "single_auto": true, "ts": 1783055858.811}
{"armed": false, "event": "idle_disarmed", "preset": "car_single", "single_auto": true, "ts": 1783055858.811}
{"armed": false, "event": "idle_disarmed", "preset": "car_single", "single_auto": true, "ts": 1783055859.813}
{"armed": false, "event": "idle_disarmed", "preset": "car_single", "single_auto": true, "ts": 1783055859.813}
{"armed": false, "event": "idle_disarmed", "preset": "car_single", "single_auto": true, "ts": 1783055860.816}
{"armed": false, "event": "idle_disarmed", "preset": "car_single", "single_auto": true, "ts": 1783055860.816}
{"armed": false, "event": "idle_disarmed", "preset": "car_single", "single_auto": true, "ts": 1783055861.818}
{"armed": false, "event": "idle_disarmed", "preset": "car_single", "single_auto": true, "ts": 1783055861.818}
{"armed": false, "event": "idle_disarmed", "preset": "car_single", "single_auto": true, "ts": 1783055862.821}
{"armed": false, "event": "idle_disarmed", "preset": "car_single", "single_auto": true, "ts": 1783055862.821}
{"armed": false, "event": "idle_disarmed", "preset": "car_single", "single_auto": true, "ts": 1783055863.824}
{"armed": false, "event": "idle_disarmed", "preset": "car_single", "single_auto": true, "ts": 1783055863.824}
{"armed": false, "event": "idle_disarmed", "preset": "car_single", "single_auto": true, "ts": 1783055864.827}
{"armed": false, "event": "idle_disarmed", "preset": "car_single", "single_auto": true, "ts": 1783055864.827}
{"armed": false, "event": "idle_disarmed", "preset": "car_single", "single_auto": true, "ts": 1783055865.829}
{"armed": false, "event": "idle_disarmed", "preset": "car_single", "single_auto": true, "ts": 1783055865.829}
{"armed": false, "event": "idle_disarmed", "preset": "car_single", "single_auto": true, "ts": 1783055866.832}
{"armed": false, "event": "idle_disarmed", "preset": "car_single", "single_auto": true, "ts": 1783055866.832}
{"armed": false, "event": "idle_disarmed", "preset": "car_single", "single_auto": true, "ts": 1783055867.835}
{"armed": false, "event": "idle_disarmed", "preset": "car_single", "single_auto": true, "ts": 1783055867.835}
{"armed": false, "event": "idle_disarmed", "preset": "car_single", "single_auto": true, "ts": 1783055868.837}
{"armed": false, "event": "idle_disarmed", "preset": "car_single", "single_auto": true, "ts": 1783055868.837}
{"armed": false, "event": "idle_disarmed", "preset": "car_single", "single_auto": true, "ts": 1783055869.84}
{"armed": false, "event": "idle_disarmed", "preset": "car_single", "single_auto": true, "ts": 1783055869.84}
{"armed": false, "event": "idle_disarmed", "preset": "car_single", "single_auto": true, "ts": 1783055870.843}
{"armed": false, "event": "idle_disarmed", "preset": "car_single", "single_auto": true, "ts": 1783055870.843}
{"armed": false, "event": "idle_disarmed", "preset": "car_single", "single_auto": true, "ts": 1783055871.845}
{"armed": false, "event": "idle_disarmed", "preset": "car_single", "single_auto": true, "ts": 1783055871.845}
{"armed": false, "event": "idle_disarmed", "preset": "car_single", "single_auto": true, "ts": 1783055872.848}
{"armed": false, "event": "idle_disarmed", "preset": "car_single", "single_auto": true, "ts": 1783055872.848}
{"armed": false, "event": "idle_disarmed", "preset": "car_single", "single_auto": true, "ts": 1783055873.85}
{"armed": false, "event": "idle_disarmed", "preset": "car_single", "single_auto": true, "ts": 1783055873.85}
{"armed": false, "event": "idle_disarmed", "preset": "car_single", "single_auto": true, "ts": 1783055874.853}
{"armed": false, "event": "idle_disarmed", "preset": "car_single", "single_auto": true, "ts": 1783055874.853}
{"armed": false, "event": "idle_disarmed", "preset": "car_single", "single_auto": true, "ts": 1783055875.856}
{"armed": false, "event": "idle_disarmed", "preset": "car_single", "single_auto": true, "ts": 1783055875.856}
{"armed": false, "event": "idle_disarmed", "preset": "car_single", "single_auto": true, "ts": 1783055876.859}
{"armed": false, "event": "idle_disarmed", "preset": "car_single", "single_auto": true, "ts": 1783055876.859}
{"armed": false, "event": "idle_disarmed", "preset": "car_single", "single_auto": true, "ts": 1783055877.861}
{"armed": false, "event": "idle_disarmed", "preset": "car_single", "single_auto": true, "ts": 1783055877.861}
{"armed": false, "event": "idle_disarmed", "preset": "car_single", "single_auto": true, "ts": 1783055878.864}
{"armed": false, "event": "idle_disarmed", "preset": "car_single", "single_auto": true, "ts": 1783055878.864}
{"armed": false, "event": "idle_disarmed", "preset": "car_single", "single_auto": true, "ts": 1783055879.867}
{"armed": false, "event": "idle_disarmed", "preset": "car_single", "single_auto": true, "ts": 1783055879.867}
{"armed": false, "event": "idle_disarmed", "preset": "car_single", "single_auto": true, "ts": 1783055880.87}
{"armed": false, "event": "idle_disarmed", "preset": "car_single", "single_auto": true, "ts": 1783055880.87}
{"armed": false, "event": "idle_disarmed", "preset": "car_single", "single_auto": true, "ts": 1783055881.872}
{"armed": false, "event": "idle_disarmed", "preset": "car_single", "single_auto": true, "ts": 1783055881.872}
{"armed": false, "event": "idle_disarmed", "preset": "car_single", "single_auto": true, "ts": 1783055882.875}
{"armed": false, "event": "idle_disarmed", "preset": "car_single", "single_auto": true, "ts": 1783055882.875}
{"armed": false, "event": "idle_disarmed", "preset": "car_single", "single_auto": true, "ts": 1783055883.877}
{"armed": false, "event": "idle_disarmed", "preset": "car_single", "single_auto": true, "ts": 1783055883.877}
{"armed": false, "event": "idle_disarmed", "preset": "car_single", "single_auto": true, "ts": 1783055884.88}
{"armed": false, "event": "idle_disarmed", "preset": "car_single", "single_auto": true, "ts": 1783055884.88}
{"armed": false, "event": "idle_disarmed", "preset": "car_single", "single_auto": true, "ts": 1783055885.883}
{"armed": false, "event": "idle_disarmed", "preset": "car_single", "single_auto": true, "ts": 1783055885.883}
{"armed": false, "event": "idle_disarmed", "preset": "car_single", "single_auto": true, "ts": 1783055886.885}
{"armed": false, "event": "idle_disarmed", "preset": "car_single", "single_auto": true, "ts": 1783055886.885}
{"armed": false, "event": "idle_disarmed", "preset": "car_single", "single_auto": true, "ts": 1783055887.888}
{"armed": false, "event": "idle_disarmed", "preset": "car_single", "single_auto": true, "ts": 1783055887.888}
{"armed": false, "event": "idle_disarmed", "preset": "car_single", "single_auto": true, "ts": 1783055888.891}
{"armed": false, "event": "idle_disarmed", "preset": "car_single", "single_auto": true, "ts": 1783055888.891}
{"armed": false, "event": "idle_disarmed", "preset": "car_single", "single_auto": true, "ts": 1783055889.893}
{"armed": false, "event": "idle_disarmed", "preset": "car_single", "single_auto": true, "ts": 1783055889.893}
{"armed": false, "event": "idle_disarmed", "preset": "car_single", "single_auto": true, "ts": 1783055890.897}
{"armed": false, "event": "idle_disarmed", "preset": "car_single", "single_auto": true, "ts": 1783055890.897}
{"armed": false, "event": "idle_disarmed", "preset": "car_single", "single_auto": true, "ts": 1783055891.9}
{"armed": false, "event": "idle_disarmed", "preset": "car_single", "single_auto": true, "ts": 1783055891.9}
{"armed": false, "event": "idle_disarmed", "preset": "car_single", "single_auto": true, "ts": 1783055892.902}
{"armed": false, "event": "idle_disarmed", "preset": "car_single", "single_auto": true, "ts": 1783055892.902}
{"armed": false, "event": "idle_disarmed", "preset": "car_single", "single_auto": true, "ts": 1783055893.905}
{"armed": false, "event": "idle_disarmed", "preset": "car_single", "single_auto": true, "ts": 1783055893.905}
{"armed": false, "event": "idle_disarmed", "preset": "car_single", "single_auto": true, "ts": 1783055894.908}
{"armed": false, "event": "idle_disarmed", "preset": "car_single", "single_auto": true, "ts": 1783055894.908}
{"armed": false, "event": "idle_disarmed", "preset": "car_single", "single_auto": true, "ts": 1783055895.91}
{"armed": false, "event": "idle_disarmed", "preset": "car_single", "single_auto": true, "ts": 1783055895.91}
{"armed": false, "event": "idle_disarmed", "preset": "car_single", "single_auto": true, "ts": 1783055896.913}
{"armed": false, "event": "idle_disarmed", "preset": "car_single", "single_auto": true, "ts": 1783055896.913}
{"armed": false, "event": "idle_disarmed", "preset": "car_single", "single_auto": true, "ts": 1783055897.916}
{"armed": false, "event": "idle_disarmed", "preset": "car_single", "single_auto": true, "ts": 1783055897.916}
{"armed": false, "event": "idle_disarmed", "preset": "car_single", "single_auto": true, "ts": 1783055898.919}
{"armed": false, "event": "idle_disarmed", "preset": "car_single", "single_auto": true, "ts": 1783055898.919}
{"armed": false, "event": "idle_disarmed", "preset": "car_single", "single_auto": true, "ts": 1783055899.921}
{"armed": false, "event": "idle_disarmed", "preset": "car_single", "single_auto": true, "ts": 1783055899.921}
{"armed": false, "event": "idle_disarmed", "preset": "car_single", "single_auto": true, "ts": 1783055900.924}
{"armed": false, "event": "idle_disarmed", "preset": "car_single", "single_auto": true, "ts": 1783055900.924}
{"armed": false, "event": "idle_disarmed", "preset": "car_single", "single_auto": true, "ts": 1783055901.927}
{"armed": false, "event": "idle_disarmed", "preset": "car_single", "single_auto": true, "ts": 1783055901.927}
{"armed": false, "event": "idle_disarmed", "preset": "car_single", "single_auto": true, "ts": 1783055902.929}
{"armed": false, "event": "idle_disarmed", "preset": "car_single", "single_auto": true, "ts": 1783055902.929}
{"armed": false, "event": "idle_disarmed", "preset": "car_single", "single_auto": true, "ts": 1783055903.932}
{"armed": false, "event": "idle_disarmed", "preset": "car_single", "single_auto": true, "ts": 1783055903.932}
{"armed": false, "event": "idle_disarmed", "preset": "car_single", "single_auto": true, "ts": 1783055904.934}
{"armed": false, "event": "idle_disarmed", "preset": "car_single", "single_auto": true, "ts": 1783055904.934}
{"armed": false, "event": "idle_disarmed", "preset": "car_single", "single_auto": true, "ts": 1783055905.937}
{"armed": false, "event": "idle_disarmed", "preset": "car_single", "single_auto": true, "ts": 1783055905.937}
{"armed": false, "event": "idle_disarmed", "preset": "car_single", "single_auto": true, "ts": 1783055906.94}
{"armed": false, "event": "idle_disarmed", "preset": "car_single", "single_auto": true, "ts": 1783055906.94}
{"armed": false, "event": "idle_disarmed", "preset": "car_single", "single_auto": true, "ts": 1783055907.943}
{"armed": false, "event": "idle_disarmed", "preset": "car_single", "single_auto": true, "ts": 1783055907.943}
{"armed": false, "event": "idle_disarmed", "preset": "car_single", "single_auto": true, "ts": 1783055908.946}
{"armed": false, "event": "idle_disarmed", "preset": "car_single", "single_auto": true, "ts": 1783055908.946}
{"armed": false, "event": "idle_disarmed", "preset": "car_single", "single_auto": true, "ts": 1783055909.948}
{"armed": false, "event": "idle_disarmed", "preset": "car_single", "single_auto": true, "ts": 1783055909.948}
{"armed": false, "event": "idle_disarmed", "preset": "car_single", "single_auto": true, "ts": 1783055910.951}
{"armed": false, "event": "idle_disarmed", "preset": "car_single", "single_auto": true, "ts": 1783055910.951}
{"armed": false, "event": "idle_disarmed", "preset": "car_single", "single_auto": true, "ts": 1783055911.954}
{"armed": false, "event": "idle_disarmed", "preset": "car_single", "single_auto": true, "ts": 1783055911.954}
{"armed": false, "event": "idle_disarmed", "preset": "car_single", "single_auto": true, "ts": 1783055912.956}
{"armed": false, "event": "idle_disarmed", "preset": "car_single", "single_auto": true, "ts": 1783055912.956}
{"armed": false, "event": "idle_disarmed", "preset": "car_single", "single_auto": true, "ts": 1783055913.959}
{"armed": false, "event": "idle_disarmed", "preset": "car_single", "single_auto": true, "ts": 1783055913.959}
{"armed": false, "event": "idle_disarmed", "preset": "car_single", "single_auto": true, "ts": 1783055914.962}
{"armed": false, "event": "idle_disarmed", "preset": "car_single", "single_auto": true, "ts": 1783055914.962}
{"armed": false, "event": "idle_disarmed", "preset": "car_single", "single_auto": true, "ts": 1783055915.965}
{"armed": false, "event": "idle_disarmed", "preset": "car_single", "single_auto": true, "ts": 1783055915.965}
{"armed": false, "event": "idle_disarmed", "preset": "car_single", "single_auto": true, "ts": 1783055916.967}
{"armed": false, "event": "idle_disarmed", "preset": "car_single", "single_auto": true, "ts": 1783055916.967}
{"armed": false, "event": "idle_disarmed", "preset": "car_single", "single_auto": true, "ts": 1783055917.97}
{"armed": false, "event": "idle_disarmed", "preset": "car_single", "single_auto": true, "ts": 1783055917.97}
{"armed": false, "event": "idle_disarmed", "preset": "car_single", "single_auto": true, "ts": 1783055918.973}
{"armed": false, "event": "idle_disarmed", "preset": "car_single", "single_auto": true, "ts": 1783055918.973}
{"armed": false, "event": "idle_disarmed", "preset": "car_single", "single_auto": true, "ts": 1783055919.975}
{"armed": false, "event": "idle_disarmed", "preset": "car_single", "single_auto": true, "ts": 1783055919.975}
{"armed": false, "event": "idle_disarmed", "preset": "car_single", "single_auto": true, "ts": 1783055920.978}
{"armed": false, "event": "idle_disarmed", "preset": "car_single", "single_auto": true, "ts": 1783055920.978}
{"armed": false, "event": "idle_disarmed", "preset": "car_single", "single_auto": true, "ts": 1783055921.98}
{"armed": false, "event": "idle_disarmed", "preset": "car_single", "single_auto": true, "ts": 1783055921.98}
{"armed": false, "event": "idle_disarmed", "preset": "car_single", "single_auto": true, "ts": 1783055922.983}
{"armed": false, "event": "idle_disarmed", "preset": "car_single", "single_auto": true, "ts": 1783055922.983}
{"armed": false, "event": "idle_disarmed", "preset": "car_single", "single_auto": true, "ts": 1783055923.986}
{"armed": false, "event": "idle_disarmed", "preset": "car_single", "single_auto": true, "ts": 1783055923.986}
{"armed": false, "event": "idle_disarmed", "preset": "car_single", "single_auto": true, "ts": 1783055924.988}
{"armed": false, "event": "idle_disarmed", "preset": "car_single", "single_auto": true, "ts": 1783055924.988}
{"armed": false, "event": "idle_disarmed", "preset": "car_single", "single_auto": true, "ts": 1783055925.991}
{"armed": false, "event": "idle_disarmed", "preset": "car_single", "single_auto": true, "ts": 1783055925.991}
{"armed": false, "event": "idle_disarmed", "preset": "car_single", "single_auto": true, "ts": 1783055926.994}
{"armed": false, "event": "idle_disarmed", "preset": "car_single", "single_auto": true, "ts": 1783055926.994}
{"armed": false, "event": "idle_disarmed", "preset": "car_single", "single_auto": true, "ts": 1783055927.996}
{"armed": false, "event": "idle_disarmed", "preset": "car_single", "single_auto": true, "ts": 1783055927.996}
{"armed": false, "event": "idle_disarmed", "preset": "car_single", "single_auto": true, "ts": 1783055928.999}
{"armed": false, "event": "idle_disarmed", "preset": "car_single", "single_auto": true, "ts": 1783055928.999}
{"armed": false, "event": "idle_disarmed", "preset": "car_single", "single_auto": true, "ts": 1783055930.001}
{"armed": false, "event": "idle_disarmed", "preset": "car_single", "single_auto": true, "ts": 1783055930.001}
{"armed": false, "event": "idle_disarmed", "preset": "car_single", "single_auto": true, "ts": 1783055931.004}
{"armed": false, "event": "idle_disarmed", "preset": "car_single", "single_auto": true, "ts": 1783055931.004}
{"armed": false, "event": "idle_disarmed", "preset": "car_single", "single_auto": true, "ts": 1783055932.007}
{"armed": false, "event": "idle_disarmed", "preset": "car_single", "single_auto": true, "ts": 1783055932.007}
{"armed": false, "event": "idle_disarmed", "preset": "car_single", "single_auto": true, "ts": 1783055933.009}
{"armed": false, "event": "idle_disarmed", "preset": "car_single", "single_auto": true, "ts": 1783055933.009}
{"armed": false, "event": "idle_disarmed", "preset": "car_single", "single_auto": true, "ts": 1783055934.012}
{"armed": false, "event": "idle_disarmed", "preset": "car_single", "single_auto": true, "ts": 1783055934.012}
{"armed": false, "event": "idle_disarmed", "preset": "car_single", "single_auto": true, "ts": 1783055935.015}
{"armed": false, "event": "idle_disarmed", "preset": "car_single", "single_auto": true, "ts": 1783055935.015}
{"armed": false, "event": "idle_disarmed", "preset": "car_single", "single_auto": true, "ts": 1783055936.017}
{"armed": false, "event": "idle_disarmed", "preset": "car_single", "single_auto": true, "ts": 1783055936.017}
{"armed": false, "event": "idle_disarmed", "preset": "car_single", "single_auto": true, "ts": 1783055937.021}
{"armed": false, "event": "idle_disarmed", "preset": "car_single", "single_auto": true, "ts": 1783055937.021}
{"armed": false, "event": "idle_disarmed", "preset": "car_single", "single_auto": true, "ts": 1783055938.023}
{"armed": false, "event": "idle_disarmed", "preset": "car_single", "single_auto": true, "ts": 1783055938.023}
{"armed": false, "event": "idle_disarmed", "preset": "car_single", "single_auto": true, "ts": 1783055939.026}
{"armed": false, "event": "idle_disarmed", "preset": "car_single", "single_auto": true, "ts": 1783055939.026}
{"armed": false, "event": "idle_disarmed", "preset": "car_single", "single_auto": true, "ts": 1783055940.029}
{"armed": false, "event": "idle_disarmed", "preset": "car_single", "single_auto": true, "ts": 1783055940.029}
{"armed": false, "event": "idle_disarmed", "preset": "car_single", "single_auto": true, "ts": 1783055941.032}
{"armed": false, "event": "idle_disarmed", "preset": "car_single", "single_auto": true, "ts": 1783055941.032}
{"armed": false, "event": "idle_disarmed", "preset": "car_single", "single_auto": true, "ts": 1783055942.034}
{"armed": false, "event": "idle_disarmed", "preset": "car_single", "single_auto": true, "ts": 1783055942.034}
{"armed": false, "event": "idle_disarmed", "preset": "car_single", "single_auto": true, "ts": 1783055943.037}
{"armed": false, "event": "idle_disarmed", "preset": "car_single", "single_auto": true, "ts": 1783055943.037}
{"armed": false, "event": "idle_disarmed", "preset": "car_single", "single_auto": true, "ts": 1783055944.039}
{"armed": false, "event": "idle_disarmed", "preset": "car_single", "single_auto": true, "ts": 1783055944.039}
{"armed": false, "event": "idle_disarmed", "preset": "car_single", "single_auto": true, "ts": 1783055945.042}
{"armed": false, "event": "idle_disarmed", "preset": "car_single", "single_auto": true, "ts": 1783055945.042}
{"armed": false, "event": "idle_disarmed", "preset": "car_single", "single_auto": true, "ts": 1783055946.045}
{"armed": false, "event": "idle_disarmed", "preset": "car_single", "single_auto": true, "ts": 1783055946.045}
{"armed": false, "event": "idle_disarmed", "preset": "car_single", "single_auto": true, "ts": 1783055947.048}
{"armed": false, "event": "idle_disarmed", "preset": "car_single", "single_auto": true, "ts": 1783055947.048}
{"armed": false, "event": "idle_disarmed", "preset": "car_single", "single_auto": true, "ts": 1783055948.05}
{"armed": false, "event": "idle_disarmed", "preset": "car_single", "single_auto": true, "ts": 1783055948.05}
{"armed": false, "event": "idle_disarmed", "preset": "car_single", "single_auto": true, "ts": 1783055949.053}
{"armed": false, "event": "idle_disarmed", "preset": "car_single", "single_auto": true, "ts": 1783055949.053}
{"armed": false, "event": "idle_disarmed", "preset": "car_single", "single_auto": true, "ts": 1783055950.055}
{"armed": false, "event": "idle_disarmed", "preset": "car_single", "single_auto": true, "ts": 1783055950.055}
{"armed": false, "event": "idle_disarmed", "preset": "car_single", "single_auto": true, "ts": 1783055951.058}
{"armed": false, "event": "idle_disarmed", "preset": "car_single", "single_auto": true, "ts": 1783055951.058}
{"armed": false, "event": "idle_disarmed", "preset": "car_single", "single_auto": true, "ts": 1783055952.061}
{"armed": false, "event": "idle_disarmed", "preset": "car_single", "single_auto": true, "ts": 1783055952.061}
{"armed": false, "event": "idle_disarmed", "preset": "car_single", "single_auto": true, "ts": 1783055953.064}
{"armed": false, "event": "idle_disarmed", "preset": "car_single", "single_auto": true, "ts": 1783055953.064}
{"armed": false, "event": "idle_disarmed", "preset": "car_single", "single_auto": true, "ts": 1783055954.067}
{"armed": false, "event": "idle_disarmed", "preset": "car_single", "single_auto": true, "ts": 1783055954.067}
{"armed": false, "event": "idle_disarmed", "preset": "car_single", "single_auto": true, "ts": 1783055955.069}
{"armed": false, "event": "idle_disarmed", "preset": "car_single", "single_auto": true, "ts": 1783055955.069}
{"armed": false, "event": "idle_disarmed", "preset": "car_single", "single_auto": true, "ts": 1783055956.072}
{"armed": false, "event": "idle_disarmed", "preset": "car_single", "single_auto": true, "ts": 1783055956.072}
{"armed": false, "event": "idle_disarmed", "preset": "car_single", "single_auto": true, "ts": 1783055957.074}
{"armed": false, "event": "idle_disarmed", "preset": "car_single", "single_auto": true, "ts": 1783055957.074}
{"armed": false, "event": "idle_disarmed", "preset": "car_single", "single_auto": true, "ts": 1783055958.077}
{"armed": false, "event": "idle_disarmed", "preset": "car_single", "single_auto": true, "ts": 1783055958.077}
{"armed": false, "event": "idle_disarmed", "preset": "car_single", "single_auto": true, "ts": 1783055959.08}
{"armed": false, "event": "idle_disarmed", "preset": "car_single", "single_auto": true, "ts": 1783055959.08}
{"armed": false, "event": "idle_disarmed", "preset": "car_single", "single_auto": true, "ts": 1783055960.083}
{"armed": false, "event": "idle_disarmed", "preset": "car_single", "single_auto": true, "ts": 1783055960.083}
{"armed": false, "event": "idle_disarmed", "preset": "car_single", "single_auto": true, "ts": 1783055961.085}
{"armed": false, "event": "idle_disarmed", "preset": "car_single", "single_auto": true, "ts": 1783055961.085}
{"armed": false, "event": "idle_disarmed", "preset": "car_single", "single_auto": true, "ts": 1783055962.088}
{"armed": false, "event": "idle_disarmed", "preset": "car_single", "single_auto": true, "ts": 1783055962.088}
{"armed": false, "event": "idle_disarmed", "preset": "car_single", "single_auto": true, "ts": 1783055963.091}
{"armed": false, "event": "idle_disarmed", "preset": "car_single", "single_auto": true, "ts": 1783055963.091}
{"armed": false, "event": "idle_disarmed", "preset": "car_single", "single_auto": true, "ts": 1783055964.093}
{"armed": false, "event": "idle_disarmed", "preset": "car_single", "single_auto": true, "ts": 1783055964.093}
{"armed": false, "event": "idle_disarmed", "preset": "car_single", "single_auto": true, "ts": 1783055965.096}
{"armed": false, "event": "idle_disarmed", "preset": "car_single", "single_auto": true, "ts": 1783055965.096}
{"armed": false, "event": "idle_disarmed", "preset": "car_single", "single_auto": true, "ts": 1783055966.099}
{"armed": false, "event": "idle_disarmed", "preset": "car_single", "single_auto": true, "ts": 1783055966.099}
{"armed": false, "event": "idle_disarmed", "preset": "car_single", "single_auto": true, "ts": 1783055967.102}
{"armed": false, "event": "idle_disarmed", "preset": "car_single", "single_auto": true, "ts": 1783055967.102}
{"armed": false, "event": "idle_disarmed", "preset": "car_single", "single_auto": true, "ts": 1783055968.105}
{"armed": false, "event": "idle_disarmed", "preset": "car_single", "single_auto": true, "ts": 1783055968.105}
{"armed": false, "event": "idle_disarmed", "preset": "car_single", "single_auto": true, "ts": 1783055969.107}
{"armed": false, "event": "idle_disarmed", "preset": "car_single", "single_auto": true, "ts": 1783055969.107}
{"armed": false, "event": "idle_disarmed", "preset": "car_single", "single_auto": true, "ts": 1783055970.11}
{"armed": false, "event": "idle_disarmed", "preset": "car_single", "single_auto": true, "ts": 1783055970.11}
{"armed": false, "event": "idle_disarmed", "preset": "car_single", "single_auto": true, "ts": 1783055971.113}
{"armed": false, "event": "idle_disarmed", "preset": "car_single", "single_auto": true, "ts": 1783055971.113}
{"armed": false, "event": "idle_disarmed", "preset": "car_single", "single_auto": true, "ts": 1783055972.115}
{"armed": false, "event": "idle_disarmed", "preset": "car_single", "single_auto": true, "ts": 1783055972.115}
{"armed": false, "event": "idle_disarmed", "preset": "car_single", "single_auto": true, "ts": 1783055973.119}
{"armed": false, "event": "idle_disarmed", "preset": "car_single", "single_auto": true, "ts": 1783055973.119}
{"armed": false, "event": "idle_disarmed", "preset": "car_single", "single_auto": true, "ts": 1783055974.122}
{"armed": false, "event": "idle_disarmed", "preset": "car_single", "single_auto": true, "ts": 1783055974.122}
{"armed": false, "event": "idle_disarmed", "preset": "car_single", "single_auto": true, "ts": 1783055975.125}
{"armed": false, "event": "idle_disarmed", "preset": "car_single", "single_auto": true, "ts": 1783055975.125}
{"armed": false, "event": "idle_disarmed", "preset": "car_single", "single_auto": true, "ts": 1783055976.128}
{"armed": false, "event": "idle_disarmed", "preset": "car_single", "single_auto": true, "ts": 1783055976.128}
{"armed": false, "event": "idle_disarmed", "preset": "car_single", "single_auto": true, "ts": 1783055977.13}
{"armed": false, "event": "idle_disarmed", "preset": "car_single", "single_auto": true, "ts": 1783055977.13}
{"armed": false, "event": "idle_disarmed", "preset": "car_single", "single_auto": true, "ts": 1783055978.133}
{"armed": false, "event": "idle_disarmed", "preset": "car_single", "single_auto": true, "ts": 1783055978.133}
{"armed": false, "event": "idle_disarmed", "preset": "car_single", "single_auto": true, "ts": 1783055979.136}
{"armed": false, "event": "idle_disarmed", "preset": "car_single", "single_auto": true, "ts": 1783055979.136}
{"armed": false, "event": "idle_disarmed", "preset": "car_single", "single_auto": true, "ts": 1783055980.139}
{"armed": false, "event": "idle_disarmed", "preset": "car_single", "single_auto": true, "ts": 1783055980.139}
{"armed": false, "event": "idle_disarmed", "preset": "car_single", "single_auto": true, "ts": 1783055981.141}
{"armed": false, "event": "idle_disarmed", "preset": "car_single", "single_auto": true, "ts": 1783055981.141}
{"armed": false, "event": "idle_disarmed", "preset": "car_single", "single_auto": true, "ts": 1783055982.144}
{"armed": false, "event": "idle_disarmed", "preset": "car_single", "single_auto": true, "ts": 1783055982.144}
{"armed": false, "event": "idle_disarmed", "preset": "car_single", "single_auto": true, "ts": 1783055983.147}
{"armed": false, "event": "idle_disarmed", "preset": "car_single", "single_auto": true, "ts": 1783055983.147}
{"armed": false, "event": "idle_disarmed", "preset": "car_single", "single_auto": true, "ts": 1783055984.15}
{"armed": false, "event": "idle_disarmed", "preset": "car_single", "single_auto": true, "ts": 1783055984.15}
{"armed": false, "event": "idle_disarmed", "preset": "car_single", "single_auto": true, "ts": 1783055985.153}
{"armed": false, "event": "idle_disarmed", "preset": "car_single", "single_auto": true, "ts": 1783055985.153}
{"armed": false, "event": "idle_disarmed", "preset": "car_single", "single_auto": true, "ts": 1783055986.155}
{"armed": false, "event": "idle_disarmed", "preset": "car_single", "single_auto": true, "ts": 1783055986.155}
{"armed": false, "event": "idle_disarmed", "preset": "car_single", "single_auto": true, "ts": 1783055987.158}
{"armed": false, "event": "idle_disarmed", "preset": "car_single", "single_auto": true, "ts": 1783055987.158}
{"armed": false, "event": "idle_disarmed", "preset": "car_single", "single_auto": true, "ts": 1783055988.16}
{"armed": false, "event": "idle_disarmed", "preset": "car_single", "single_auto": true, "ts": 1783055988.16}
{"armed": false, "event": "idle_disarmed", "preset": "car_single", "single_auto": true, "ts": 1783055989.163}
{"armed": false, "event": "idle_disarmed", "preset": "car_single", "single_auto": true, "ts": 1783055989.163}
{"armed": false, "event": "idle_disarmed", "preset": "car_single", "single_auto": true, "ts": 1783055990.166}
{"armed": false, "event": "idle_disarmed", "preset": "car_single", "single_auto": true, "ts": 1783055990.166}
{"armed": false, "event": "idle_disarmed", "preset": "car_single", "single_auto": true, "ts": 1783055991.168}
{"armed": false, "event": "idle_disarmed", "preset": "car_single", "single_auto": true, "ts": 1783055991.168}
{"armed": false, "event": "idle_disarmed", "preset": "car_single", "single_auto": true, "ts": 1783055992.171}
{"armed": false, "event": "idle_disarmed", "preset": "car_single", "single_auto": true, "ts": 1783055992.171}
{"armed": false, "event": "idle_disarmed", "preset": "car_single", "single_auto": true, "ts": 1783055993.174}
{"armed": false, "event": "idle_disarmed", "preset": "car_single", "single_auto": true, "ts": 1783055993.174}
{"armed": false, "event": "idle_disarmed", "preset": "car_single", "single_auto": true, "ts": 1783055994.176}
{"armed": false, "event": "idle_disarmed", "preset": "car_single", "single_auto": true, "ts": 1783055994.176}
{"armed": false, "event": "idle_disarmed", "preset": "car_single", "single_auto": true, "ts": 1783055995.179}
{"armed": false, "event": "idle_disarmed", "preset": "car_single", "single_auto": true, "ts": 1783055995.179}
{"armed": false, "event": "idle_disarmed", "preset": "car_single", "single_auto": true, "ts": 1783055996.182}
{"armed": false, "event": "idle_disarmed", "preset": "car_single", "single_auto": true, "ts": 1783055996.182}
{"armed": false, "event": "idle_disarmed", "preset": "car_single", "single_auto": true, "ts": 1783055997.184}
{"armed": false, "event": "idle_disarmed", "preset": "car_single", "single_auto": true, "ts": 1783055997.184}
{"armed": false, "event": "idle_disarmed", "preset": "car_single", "single_auto": true, "ts": 1783055998.187}
{"armed": false, "event": "idle_disarmed", "preset": "car_single", "single_auto": true, "ts": 1783055998.187}
{"armed": false, "event": "idle_disarmed", "preset": "car_single", "single_auto": true, "ts": 1783055999.19}
{"armed": false, "event": "idle_disarmed", "preset": "car_single", "single_auto": true, "ts": 1783055999.19}
{"armed": false, "event": "idle_disarmed", "preset": "car_single", "single_auto": true, "ts": 1783056000.192}
{"armed": false, "event": "idle_disarmed", "preset": "car_single", "single_auto": true, "ts": 1783056000.192}
{"armed": false, "event": "idle_disarmed", "preset": "car_single", "single_auto": true, "ts": 1783056001.195}
{"armed": false, "event": "idle_disarmed", "preset": "car_single", "single_auto": true, "ts": 1783056001.195}
{"armed": false, "event": "idle_disarmed", "preset": "car_single", "single_auto": true, "ts": 1783056002.197}
{"armed": false, "event": "idle_disarmed", "preset": "car_single", "single_auto": true, "ts": 1783056002.197}
{"armed": false, "event": "idle_disarmed", "preset": "car_single", "single_auto": true, "ts": 1783056003.2}
{"armed": false, "event": "idle_disarmed", "preset": "car_single", "single_auto": true, "ts": 1783056003.2}
{"armed": false, "event": "idle_disarmed", "preset": "car_single", "single_auto": true, "ts": 1783056004.203}
{"armed": false, "event": "idle_disarmed", "preset": "car_single", "single_auto": true, "ts": 1783056004.203}
{"armed": false, "event": "idle_disarmed", "preset": "car_single", "single_auto": true, "ts": 1783056005.206}
{"armed": false, "event": "idle_disarmed", "preset": "car_single", "single_auto": true, "ts": 1783056005.206}
{"armed": false, "event": "idle_disarmed", "preset": "car_single", "single_auto": true, "ts": 1783056006.209}
{"armed": false, "event": "idle_disarmed", "preset": "car_single", "single_auto": true, "ts": 1783056006.209}
{"armed": false, "event": "idle_disarmed", "preset": "car_single", "single_auto": true, "ts": 1783056007.212}
{"armed": false, "event": "idle_disarmed", "preset": "car_single", "single_auto": true, "ts": 1783056007.212}
{"armed": false, "event": "idle_disarmed", "preset": "car_single", "single_auto": true, "ts": 1783056008.215}
{"armed": false, "event": "idle_disarmed", "preset": "car_single", "single_auto": true, "ts": 1783056008.215}
{"armed": false, "event": "idle_disarmed", "preset": "car_single", "single_auto": true, "ts": 1783056009.218}
{"armed": false, "event": "idle_disarmed", "preset": "car_single", "single_auto": true, "ts": 1783056009.218}
{"armed": false, "event": "idle_disarmed", "preset": "car_single", "single_auto": true, "ts": 1783056010.221}
{"armed": false, "event": "idle_disarmed", "preset": "car_single", "single_auto": true, "ts": 1783056010.221}
{"armed": false, "event": "idle_disarmed", "preset": "car_single", "single_auto": true, "ts": 1783056011.223}
{"armed": false, "event": "idle_disarmed", "preset": "car_single", "single_auto": true, "ts": 1783056011.223}
{"armed": false, "event": "idle_disarmed", "preset": "car_single", "single_auto": true, "ts": 1783056012.226}
{"armed": false, "event": "idle_disarmed", "preset": "car_single", "single_auto": true, "ts": 1783056012.226}
{"armed": false, "event": "idle_disarmed", "preset": "car_single", "single_auto": true, "ts": 1783056013.229}
{"armed": false, "event": "idle_disarmed", "preset": "car_single", "single_auto": true, "ts": 1783056013.229}
{"armed": false, "event": "idle_disarmed", "preset": "car_single", "single_auto": true, "ts": 1783056014.231}
{"armed": false, "event": "idle_disarmed", "preset": "car_single", "single_auto": true, "ts": 1783056014.231}
{"armed": false, "event": "idle_disarmed", "preset": "car_single", "single_auto": true, "ts": 1783056015.234}
{"armed": false, "event": "idle_disarmed", "preset": "car_single", "single_auto": true, "ts": 1783056015.234}
{"armed": false, "event": "idle_disarmed", "preset": "car_single", "single_auto": true, "ts": 1783056016.237}
{"armed": false, "event": "idle_disarmed", "preset": "car_single", "single_auto": true, "ts": 1783056016.237}
{"armed": false, "event": "idle_disarmed", "preset": "car_single", "single_auto": true, "ts": 1783056017.239}
{"armed": false, "event": "idle_disarmed", "preset": "car_single", "single_auto": true, "ts": 1783056017.239}
{"armed": false, "event": "idle_disarmed", "preset": "car_single", "single_auto": true, "ts": 1783056018.242}
{"armed": false, "event": "idle_disarmed", "preset": "car_single", "single_auto": true, "ts": 1783056018.242}
{"armed": false, "event": "idle_disarmed", "preset": "car_single", "single_auto": true, "ts": 1783056019.245}
{"armed": false, "event": "idle_disarmed", "preset": "car_single", "single_auto": true, "ts": 1783056019.245}
{"armed": false, "event": "idle_disarmed", "preset": "car_single", "single_auto": true, "ts": 1783056020.247}
{"armed": false, "event": "idle_disarmed", "preset": "car_single", "single_auto": true, "ts": 1783056020.247}
{"armed": false, "event": "idle_disarmed", "preset": "car_single", "single_auto": true, "ts": 1783056021.25}
{"armed": false, "event": "idle_disarmed", "preset": "car_single", "single_auto": true, "ts": 1783056021.25}
{"armed": false, "event": "idle_disarmed", "preset": "car_single", "single_auto": true, "ts": 1783056022.252}
{"armed": false, "event": "idle_disarmed", "preset": "car_single", "single_auto": true, "ts": 1783056022.252}
{"armed": false, "event": "idle_disarmed", "preset": "car_single", "single_auto": true, "ts": 1783056023.255}
{"armed": false, "event": "idle_disarmed", "preset": "car_single", "single_auto": true, "ts": 1783056023.255}
{"armed": false, "event": "idle_disarmed", "preset": "car_single", "single_auto": true, "ts": 1783056024.258}
{"armed": false, "event": "idle_disarmed", "preset": "car_single", "single_auto": true, "ts": 1783056024.258}
{"armed": false, "event": "idle_disarmed", "preset": "car_single", "single_auto": true, "ts": 1783056025.26}
{"armed": false, "event": "idle_disarmed", "preset": "car_single", "single_auto": true, "ts": 1783056025.26}
{"armed": false, "event": "idle_disarmed", "preset": "car_single", "single_auto": true, "ts": 1783056026.263}
{"armed": false, "event": "idle_disarmed", "preset": "car_single", "single_auto": true, "ts": 1783056026.263}
{"armed": false, "event": "idle_disarmed", "preset": "car_single", "single_auto": true, "ts": 1783056027.266}
{"armed": false, "event": "idle_disarmed", "preset": "car_single", "single_auto": true, "ts": 1783056027.266}
{"armed": false, "event": "idle_disarmed", "preset": "car_single", "single_auto": true, "ts": 1783056028.268}
{"armed": false, "event": "idle_disarmed", "preset": "car_single", "single_auto": true, "ts": 1783056028.268}
{"armed": false, "event": "idle_disarmed", "preset": "car_single", "single_auto": true, "ts": 1783056029.271}
{"armed": false, "event": "idle_disarmed", "preset": "car_single", "single_auto": true, "ts": 1783056029.271}
{"armed": false, "event": "idle_disarmed", "preset": "car_single", "single_auto": true, "ts": 1783056030.274}
{"armed": false, "event": "idle_disarmed", "preset": "car_single", "single_auto": true, "ts": 1783056030.274}
{"armed": false, "event": "idle_disarmed", "preset": "car_single", "single_auto": true, "ts": 1783056031.276}
{"armed": false, "event": "idle_disarmed", "preset": "car_single", "single_auto": true, "ts": 1783056031.276}
{"armed": false, "event": "idle_disarmed", "preset": "car_single", "single_auto": true, "ts": 1783056032.279}
{"armed": false, "event": "idle_disarmed", "preset": "car_single", "single_auto": true, "ts": 1783056032.279}
{"armed": false, "event": "idle_disarmed", "preset": "car_single", "single_auto": true, "ts": 1783056033.281}
{"armed": false, "event": "idle_disarmed", "preset": "car_single", "single_auto": true, "ts": 1783056033.281}
{"armed": false, "event": "idle_disarmed", "preset": "car_single", "single_auto": true, "ts": 1783056034.284}
{"armed": false, "event": "idle_disarmed", "preset": "car_single", "single_auto": true, "ts": 1783056034.284}
{"armed": false, "event": "idle_disarmed", "preset": "car_single", "single_auto": true, "ts": 1783056035.287}
{"armed": false, "event": "idle_disarmed", "preset": "car_single", "single_auto": true, "ts": 1783056035.287}
{"armed": false, "event": "idle_disarmed", "preset": "bird_single", "single_auto": true, "ts": 1783056036.29}
{"armed": false, "event": "idle_disarmed", "preset": "bird_single", "single_auto": true, "ts": 1783056036.29}
{"armed": false, "event": "idle_disarmed", "preset": "bird_single", "single_auto": true, "ts": 1783056037.292}
{"armed": false, "event": "idle_disarmed", "preset": "bird_single", "single_auto": true, "ts": 1783056037.292}
{"armed": false, "event": "idle_disarmed", "preset": "bird_single", "single_auto": true, "ts": 1783056038.295}
{"armed": false, "event": "idle_disarmed", "preset": "bird_single", "single_auto": true, "ts": 1783056038.295}
{"armed": false, "event": "idle_disarmed", "preset": "bird_single", "single_auto": true, "ts": 1783056039.298}
{"armed": false, "event": "idle_disarmed", "preset": "bird_single", "single_auto": true, "ts": 1783056039.298}
{"armed": false, "event": "idle_disarmed", "preset": "bird_single", "single_auto": true, "ts": 1783056040.301}
{"armed": false, "event": "idle_disarmed", "preset": "bird_single", "single_auto": true, "ts": 1783056040.301}
{"armed": false, "event": "idle_disarmed", "preset": "bird_single", "single_auto": true, "ts": 1783056041.303}
{"armed": false, "event": "idle_disarmed", "preset": "bird_single", "single_auto": true, "ts": 1783056041.303}
{"armed": false, "event": "idle_disarmed", "preset": "bird_single", "single_auto": true, "ts": 1783056042.306}
{"armed": false, "event": "idle_disarmed", "preset": "bird_single", "single_auto": true, "ts": 1783056042.306}
{"armed": false, "event": "idle_disarmed", "preset": "bird_single", "single_auto": true, "ts": 1783056043.309}
{"armed": false, "event": "idle_disarmed", "preset": "bird_single", "single_auto": true, "ts": 1783056043.309}
{"armed": false, "event": "idle_disarmed", "preset": "bird_single", "single_auto": true, "ts": 1783056044.311}
{"armed": false, "event": "idle_disarmed", "preset": "bird_single", "single_auto": true, "ts": 1783056044.311}
{"armed": false, "event": "idle_disarmed", "preset": "bird_single", "single_auto": true, "ts": 1783056045.314}
{"armed": false, "event": "idle_disarmed", "preset": "bird_single", "single_auto": true, "ts": 1783056045.314}
{"armed": false, "event": "idle_disarmed", "preset": "bird_single", "single_auto": true, "ts": 1783056046.317}
{"armed": false, "event": "idle_disarmed", "preset": "bird_single", "single_auto": true, "ts": 1783056046.317}
{"armed": false, "event": "idle_disarmed", "preset": "bird_single", "single_auto": true, "ts": 1783056047.319}
{"armed": false, "event": "idle_disarmed", "preset": "bird_single", "single_auto": true, "ts": 1783056047.319}
{"armed": false, "event": "idle_disarmed", "preset": "bird_single", "single_auto": true, "ts": 1783056048.322}
{"armed": false, "event": "idle_disarmed", "preset": "bird_single", "single_auto": true, "ts": 1783056048.322}
{"armed": false, "event": "idle_disarmed", "preset": "bird_single", "single_auto": true, "ts": 1783056049.325}
{"armed": false, "event": "idle_disarmed", "preset": "bird_single", "single_auto": true, "ts": 1783056049.325}
{"armed": false, "event": "idle_disarmed", "preset": "bird_single", "single_auto": true, "ts": 1783056050.328}
{"armed": false, "event": "idle_disarmed", "preset": "bird_single", "single_auto": true, "ts": 1783056050.328}
{"armed": false, "event": "idle_disarmed", "preset": "bird_single", "single_auto": true, "ts": 1783056051.33}
{"armed": false, "event": "idle_disarmed", "preset": "bird_single", "single_auto": true, "ts": 1783056051.33}
{"armed": false, "event": "idle_disarmed", "preset": "bird_single", "single_auto": true, "ts": 1783056052.333}
{"armed": false, "event": "idle_disarmed", "preset": "bird_single", "single_auto": true, "ts": 1783056052.333}
{"armed": false, "event": "idle_disarmed", "preset": "bird_single", "single_auto": true, "ts": 1783056053.336}
{"armed": false, "event": "idle_disarmed", "preset": "bird_single", "single_auto": true, "ts": 1783056053.336}
{"armed": false, "event": "idle_disarmed", "preset": "bird_single", "single_auto": true, "ts": 1783056054.339}
{"armed": false, "event": "idle_disarmed", "preset": "bird_single", "single_auto": true, "ts": 1783056054.339}
{"armed": false, "event": "idle_disarmed", "preset": "bird_single", "single_auto": true, "ts": 1783056055.342}
{"armed": false, "event": "idle_disarmed", "preset": "bird_single", "single_auto": true, "ts": 1783056055.342}
{"armed": false, "event": "idle_disarmed", "preset": "bird_single", "single_auto": true, "ts": 1783056056.345}
{"armed": false, "event": "idle_disarmed", "preset": "bird_single", "single_auto": true, "ts": 1783056056.345}
{"armed": false, "event": "idle_disarmed", "preset": "bird_single", "single_auto": true, "ts": 1783056057.348}
{"armed": false, "event": "idle_disarmed", "preset": "bird_single", "single_auto": true, "ts": 1783056057.348}
{"armed": false, "event": "idle_disarmed", "preset": "bird_single", "single_auto": true, "ts": 1783056058.351}
{"armed": false, "event": "idle_disarmed", "preset": "bird_single", "single_auto": true, "ts": 1783056058.351}
{"armed": false, "event": "idle_disarmed", "preset": "bird_single", "single_auto": true, "ts": 1783056059.353}
{"armed": false, "event": "idle_disarmed", "preset": "bird_single", "single_auto": true, "ts": 1783056059.353}
{"armed": false, "event": "idle_disarmed", "preset": "bird_single", "single_auto": true, "ts": 1783056060.356}
{"armed": false, "event": "idle_disarmed", "preset": "bird_single", "single_auto": true, "ts": 1783056060.356}
{"armed": false, "event": "idle_disarmed", "preset": "bird_single", "single_auto": true, "ts": 1783056061.359}
{"armed": false, "event": "idle_disarmed", "preset": "bird_single", "single_auto": true, "ts": 1783056061.359}
{"armed": false, "event": "idle_disarmed", "preset": "bird_single", "single_auto": true, "ts": 1783056062.362}
{"armed": false, "event": "idle_disarmed", "preset": "bird_single", "single_auto": true, "ts": 1783056062.362}
{"armed": false, "event": "idle_disarmed", "preset": "bird_single", "single_auto": true, "ts": 1783056063.364}
{"armed": false, "event": "idle_disarmed", "preset": "bird_single", "single_auto": true, "ts": 1783056063.364}
{"armed": false, "event": "idle_disarmed", "preset": "bird_single", "single_auto": true, "ts": 1783056064.367}
{"armed": false, "event": "idle_disarmed", "preset": "bird_single", "single_auto": true, "ts": 1783056064.367}
{"armed": false, "event": "idle_disarmed", "preset": "bird_single", "single_auto": true, "ts": 1783056065.37}
{"armed": false, "event": "idle_disarmed", "preset": "bird_single", "single_auto": true, "ts": 1783056065.37}
{"armed": false, "event": "idle_disarmed", "preset": "bird_single", "single_auto": true, "ts": 1783056066.373}
{"armed": false, "event": "idle_disarmed", "preset": "bird_single", "single_auto": true, "ts": 1783056066.373}
{"armed": false, "event": "idle_disarmed", "preset": "bird_single", "single_auto": true, "ts": 1783056067.375}
{"armed": false, "event": "idle_disarmed", "preset": "bird_single", "single_auto": true, "ts": 1783056067.375}
{"armed": false, "event": "idle_disarmed", "preset": "bird_single", "single_auto": true, "ts": 1783056068.378}
{"armed": false, "event": "idle_disarmed", "preset": "bird_single", "single_auto": true, "ts": 1783056068.378}
{"armed": false, "event": "idle_disarmed", "preset": "bird_single", "single_auto": true, "ts": 1783056069.381}
{"armed": false, "event": "idle_disarmed", "preset": "bird_single", "single_auto": true, "ts": 1783056069.381}
{"armed": false, "event": "idle_disarmed", "preset": "bird_single", "single_auto": true, "ts": 1783056070.384}
{"armed": false, "event": "idle_disarmed", "preset": "bird_single", "single_auto": true, "ts": 1783056070.384}
{"armed": false, "event": "idle_disarmed", "preset": "bird_single", "single_auto": true, "ts": 1783056071.386}
{"armed": false, "event": "idle_disarmed", "preset": "bird_single", "single_auto": true, "ts": 1783056071.386}
{"armed": false, "event": "idle_disarmed", "preset": "bird_single", "single_auto": true, "ts": 1783056072.389}
{"armed": false, "event": "idle_disarmed", "preset": "bird_single", "single_auto": true, "ts": 1783056072.389}
{"armed": false, "event": "idle_disarmed", "preset": "bird_single", "single_auto": true, "ts": 1783056073.392}
{"armed": false, "event": "idle_disarmed", "preset": "bird_single", "single_auto": true, "ts": 1783056073.392}
{"armed": false, "event": "idle_disarmed", "preset": "bird_single", "single_auto": true, "ts": 1783056074.394}
{"armed": false, "event": "idle_disarmed", "preset": "bird_single", "single_auto": true, "ts": 1783056074.394}
{"armed": false, "event": "idle_disarmed", "preset": "bird_single", "single_auto": true, "ts": 1783056075.398}
{"armed": false, "event": "idle_disarmed", "preset": "bird_single", "single_auto": true, "ts": 1783056075.398}
{"armed": false, "event": "idle_disarmed", "preset": "bird_single", "single_auto": true, "ts": 1783056076.4}
{"armed": false, "event": "idle_disarmed", "preset": "bird_single", "single_auto": true, "ts": 1783056076.4}
{"armed": false, "event": "idle_disarmed", "preset": "bird_single", "single_auto": true, "ts": 1783056077.403}
{"armed": false, "event": "idle_disarmed", "preset": "bird_single", "single_auto": true, "ts": 1783056077.403}
{"armed": false, "event": "idle_disarmed", "preset": "bird_single", "single_auto": true, "ts": 1783056078.406}
{"armed": false, "event": "idle_disarmed", "preset": "bird_single", "single_auto": true, "ts": 1783056078.406}
{"armed": false, "event": "idle_disarmed", "preset": "bird_single", "single_auto": true, "ts": 1783056079.409}
{"armed": false, "event": "idle_disarmed", "preset": "bird_single", "single_auto": true, "ts": 1783056079.409}
{"armed": false, "event": "idle_disarmed", "preset": "bird_single", "single_auto": true, "ts": 1783056080.411}
{"armed": false, "event": "idle_disarmed", "preset": "bird_single", "single_auto": true, "ts": 1783056080.411}
{"armed": false, "event": "idle_disarmed", "preset": "bird_single", "single_auto": true, "ts": 1783056081.414}
{"armed": false, "event": "idle_disarmed", "preset": "bird_single", "single_auto": true, "ts": 1783056081.414}
{"armed": false, "event": "idle_disarmed", "preset": "bird_single", "single_auto": true, "ts": 1783056082.417}
{"armed": false, "event": "idle_disarmed", "preset": "bird_single", "single_auto": true, "ts": 1783056082.417}
{"armed": false, "event": "idle_disarmed", "preset": "bird_single", "single_auto": true, "ts": 1783056083.42}
{"armed": false, "event": "idle_disarmed", "preset": "bird_single", "single_auto": true, "ts": 1783056083.42}
{"armed": false, "event": "idle_disarmed", "preset": "bird_single", "single_auto": true, "ts": 1783056084.423}
{"armed": false, "event": "idle_disarmed", "preset": "bird_single", "single_auto": true, "ts": 1783056084.423}
{"armed": false, "event": "idle_disarmed", "preset": "bird_single", "single_auto": true, "ts": 1783056085.425}
{"armed": false, "event": "idle_disarmed", "preset": "bird_single", "single_auto": true, "ts": 1783056085.425}
{"armed": false, "event": "idle_disarmed", "preset": "bird_single", "single_auto": true, "ts": 1783056086.428}
{"armed": false, "event": "idle_disarmed", "preset": "bird_single", "single_auto": true, "ts": 1783056086.428}
{"armed": false, "event": "idle_disarmed", "preset": "bird_single", "single_auto": true, "ts": 1783056087.431}
{"armed": false, "event": "idle_disarmed", "preset": "bird_single", "single_auto": true, "ts": 1783056087.431}
{"armed": false, "event": "idle_disarmed", "preset": "bird_single", "single_auto": true, "ts": 1783056088.434}
{"armed": false, "event": "idle_disarmed", "preset": "bird_single", "single_auto": true, "ts": 1783056088.434}
{"armed": false, "event": "idle_disarmed", "preset": "bird_single", "single_auto": true, "ts": 1783056089.437}
{"armed": false, "event": "idle_disarmed", "preset": "bird_single", "single_auto": true, "ts": 1783056089.437}
{"armed": false, "event": "idle_disarmed", "preset": "bird_single", "single_auto": true, "ts": 1783056090.44}
{"armed": false, "event": "idle_disarmed", "preset": "bird_single", "single_auto": true, "ts": 1783056090.44}
{"armed": false, "event": "idle_disarmed", "preset": "bird_single", "single_auto": true, "ts": 1783056091.442}
{"armed": false, "event": "idle_disarmed", "preset": "bird_single", "single_auto": true, "ts": 1783056091.442}
{"armed": false, "event": "idle_disarmed", "preset": "bird_single", "single_auto": true, "ts": 1783056092.445}
{"armed": false, "event": "idle_disarmed", "preset": "bird_single", "single_auto": true, "ts": 1783056092.445}
{"armed": false, "event": "idle_disarmed", "preset": "bird_single", "single_auto": true, "ts": 1783056093.448}
{"armed": false, "event": "idle_disarmed", "preset": "bird_single", "single_auto": true, "ts": 1783056093.448}
{"armed": false, "event": "idle_disarmed", "preset": "bird_single", "single_auto": true, "ts": 1783056094.451}
{"armed": false, "event": "idle_disarmed", "preset": "bird_single", "single_auto": true, "ts": 1783056094.451}
{"armed": false, "event": "idle_disarmed", "preset": "bird_single", "single_auto": true, "ts": 1783056095.454}
{"armed": false, "event": "idle_disarmed", "preset": "bird_single", "single_auto": true, "ts": 1783056095.454}
{"armed": false, "event": "idle_disarmed", "preset": "bird_single", "single_auto": true, "ts": 1783056096.456}
{"armed": false, "event": "idle_disarmed", "preset": "bird_single", "single_auto": true, "ts": 1783056096.456}
{"armed": false, "event": "idle_disarmed", "preset": "bird_single", "single_auto": true, "ts": 1783056097.459}
{"armed": false, "event": "idle_disarmed", "preset": "bird_single", "single_auto": true, "ts": 1783056097.459}
{"armed": false, "event": "idle_disarmed", "preset": "bird_single", "single_auto": true, "ts": 1783056098.462}
{"armed": false, "event": "idle_disarmed", "preset": "bird_single", "single_auto": true, "ts": 1783056098.462}
{"armed": false, "event": "idle_disarmed", "preset": "bird_single", "single_auto": true, "ts": 1783056099.465}
{"armed": false, "event": "idle_disarmed", "preset": "bird_single", "single_auto": true, "ts": 1783056099.465}
{"armed": false, "event": "idle_disarmed", "preset": "bird_single", "single_auto": true, "ts": 1783056100.468}
{"armed": false, "event": "idle_disarmed", "preset": "bird_single", "single_auto": true, "ts": 1783056100.468}
{"armed": false, "event": "idle_disarmed", "preset": "bird_single", "single_auto": true, "ts": 1783056101.471}
{"armed": false, "event": "idle_disarmed", "preset": "bird_single", "single_auto": true, "ts": 1783056101.471}
{"armed": false, "event": "idle_disarmed", "preset": "bird_single", "single_auto": true, "ts": 1783056102.474}
{"armed": false, "event": "idle_disarmed", "preset": "bird_single", "single_auto": true, "ts": 1783056102.474}
{"armed": false, "event": "idle_disarmed", "preset": "bird_single", "single_auto": true, "ts": 1783056103.477}
{"armed": false, "event": "idle_disarmed", "preset": "bird_single", "single_auto": true, "ts": 1783056103.477}
{"armed": false, "event": "idle_disarmed", "preset": "bird_single", "single_auto": true, "ts": 1783056104.479}
{"armed": false, "event": "idle_disarmed", "preset": "bird_single", "single_auto": true, "ts": 1783056104.479}
{"armed": false, "event": "idle_disarmed", "preset": "bird_single", "single_auto": true, "ts": 1783056105.482}
{"armed": false, "event": "idle_disarmed", "preset": "bird_single", "single_auto": true, "ts": 1783056105.482}
{"armed": false, "event": "idle_disarmed", "preset": "bird_single", "single_auto": true, "ts": 1783056106.485}
{"armed": false, "event": "idle_disarmed", "preset": "bird_single", "single_auto": true, "ts": 1783056106.485}
{"armed": false, "event": "idle_disarmed", "preset": "bird_single", "single_auto": true, "ts": 1783056107.488}
{"armed": false, "event": "idle_disarmed", "preset": "bird_single", "single_auto": true, "ts": 1783056107.488}
{"armed": false, "event": "idle_disarmed", "preset": "bird_single", "single_auto": true, "ts": 1783056108.49}
{"armed": false, "event": "idle_disarmed", "preset": "bird_single", "single_auto": true, "ts": 1783056108.49}
{"armed": false, "event": "idle_disarmed", "preset": "bird_single", "single_auto": true, "ts": 1783056109.493}
{"armed": false, "event": "idle_disarmed", "preset": "bird_single", "single_auto": true, "ts": 1783056109.493}
{"armed": false, "event": "idle_disarmed", "preset": "bird_single", "single_auto": true, "ts": 1783056110.496}
{"armed": false, "event": "idle_disarmed", "preset": "bird_single", "single_auto": true, "ts": 1783056110.496}
{"armed": false, "event": "idle_disarmed", "preset": "bird_single", "single_auto": true, "ts": 1783056111.499}
{"armed": false, "event": "idle_disarmed", "preset": "bird_single", "single_auto": true, "ts": 1783056111.499}
{"armed": false, "event": "idle_disarmed", "preset": "bird_single", "single_auto": true, "ts": 1783056112.502}
{"armed": false, "event": "idle_disarmed", "preset": "bird_single", "single_auto": true, "ts": 1783056112.502}
{"armed": false, "event": "idle_disarmed", "preset": "bird_single", "single_auto": true, "ts": 1783056113.505}
{"armed": false, "event": "idle_disarmed", "preset": "bird_single", "single_auto": true, "ts": 1783056113.505}
{"armed": false, "event": "idle_disarmed", "preset": "bird_single", "single_auto": true, "ts": 1783056114.507}
{"armed": false, "event": "idle_disarmed", "preset": "bird_single", "single_auto": true, "ts": 1783056114.507}
{"armed": false, "event": "idle_disarmed", "preset": "bird_single", "single_auto": true, "ts": 1783056115.51}
{"armed": false, "event": "idle_disarmed", "preset": "bird_single", "single_auto": true, "ts": 1783056115.51}
{"armed": false, "event": "idle_disarmed", "preset": "bird_single", "single_auto": true, "ts": 1783056116.513}
{"armed": false, "event": "idle_disarmed", "preset": "bird_single", "single_auto": true, "ts": 1783056116.513}
{"armed": false, "event": "idle_disarmed", "preset": "bird_single", "single_auto": true, "ts": 1783056117.515}
{"armed": false, "event": "idle_disarmed", "preset": "bird_single", "single_auto": true, "ts": 1783056117.515}
{"armed": false, "event": "idle_disarmed", "preset": "bird_single", "single_auto": true, "ts": 1783056118.518}
{"armed": false, "event": "idle_disarmed", "preset": "bird_single", "single_auto": true, "ts": 1783056118.518}
{"armed": false, "event": "idle_disarmed", "preset": "bird_single", "single_auto": true, "ts": 1783056119.521}
{"armed": false, "event": "idle_disarmed", "preset": "bird_single", "single_auto": true, "ts": 1783056119.521}
{"armed": false, "event": "idle_disarmed", "preset": "bird_single", "single_auto": true, "ts": 1783056120.523}
{"armed": false, "event": "idle_disarmed", "preset": "bird_single", "single_auto": true, "ts": 1783056120.523}
{"armed": false, "event": "idle_disarmed", "preset": "bird_single", "single_auto": true, "ts": 1783056121.526}
{"armed": false, "event": "idle_disarmed", "preset": "bird_single", "single_auto": true, "ts": 1783056121.526}
{"armed": false, "event": "idle_disarmed", "preset": "bird_single", "single_auto": true, "ts": 1783056122.529}
{"armed": false, "event": "idle_disarmed", "preset": "bird_single", "single_auto": true, "ts": 1783056122.529}
{"armed": false, "event": "idle_disarmed", "preset": "bird_single", "single_auto": true, "ts": 1783056123.532}
{"armed": false, "event": "idle_disarmed", "preset": "bird_single", "single_auto": true, "ts": 1783056123.532}
{"armed": false, "event": "idle_disarmed", "preset": "bird_single", "single_auto": true, "ts": 1783056124.534}
{"armed": false, "event": "idle_disarmed", "preset": "bird_single", "single_auto": true, "ts": 1783056124.534}
{"armed": false, "event": "idle_disarmed", "preset": "bird_single", "single_auto": true, "ts": 1783056125.537}
{"armed": false, "event": "idle_disarmed", "preset": "bird_single", "single_auto": true, "ts": 1783056125.537}
{"armed": false, "event": "idle_disarmed", "preset": "bird_single", "single_auto": true, "ts": 1783056126.54}
{"armed": false, "event": "idle_disarmed", "preset": "bird_single", "single_auto": true, "ts": 1783056126.54}
{"armed": false, "event": "idle_disarmed", "preset": "bird_single", "single_auto": true, "ts": 1783056127.542}
{"armed": false, "event": "idle_disarmed", "preset": "bird_single", "single_auto": true, "ts": 1783056127.542}
{"armed": false, "event": "idle_disarmed", "preset": "bird_single", "single_auto": true, "ts": 1783056128.545}
{"armed": false, "event": "idle_disarmed", "preset": "bird_single", "single_auto": true, "ts": 1783056128.545}
{"armed": false, "event": "idle_disarmed", "preset": "bird_single", "single_auto": true, "ts": 1783056129.548}
{"armed": false, "event": "idle_disarmed", "preset": "bird_single", "single_auto": true, "ts": 1783056129.548}
{"armed": false, "event": "idle_disarmed", "preset": "bird_single", "single_auto": true, "ts": 1783056130.551}
{"armed": false, "event": "idle_disarmed", "preset": "bird_single", "single_auto": true, "ts": 1783056130.551}
{"armed": false, "event": "idle_disarmed", "preset": "bird_single", "single_auto": true, "ts": 1783056131.553}
{"armed": false, "event": "idle_disarmed", "preset": "bird_single", "single_auto": true, "ts": 1783056131.553}
{"armed": false, "event": "idle_disarmed", "preset": "bird_single", "single_auto": true, "ts": 1783056132.556}
{"armed": false, "event": "idle_disarmed", "preset": "bird_single", "single_auto": true, "ts": 1783056132.556}
{"armed": false, "event": "idle_disarmed", "preset": "bird_single", "single_auto": true, "ts": 1783056133.559}
{"armed": false, "event": "idle_disarmed", "preset": "bird_single", "single_auto": true, "ts": 1783056133.559}
{"armed": false, "event": "idle_disarmed", "preset": "bird_single", "single_auto": true, "ts": 1783056134.562}
{"armed": false, "event": "idle_disarmed", "preset": "bird_single", "single_auto": true, "ts": 1783056134.562}
{"armed": false, "event": "idle_disarmed", "preset": "bird_single", "single_auto": true, "ts": 1783056135.565}
{"armed": false, "event": "idle_disarmed", "preset": "bird_single", "single_auto": true, "ts": 1783056135.565}
{"armed": false, "event": "idle_disarmed", "preset": "bird_single", "single_auto": true, "ts": 1783056136.567}
{"armed": false, "event": "idle_disarmed", "preset": "bird_single", "single_auto": true, "ts": 1783056136.567}
{"armed": false, "event": "idle_disarmed", "preset": "bird_single", "single_auto": true, "ts": 1783056137.57}
{"armed": false, "event": "idle_disarmed", "preset": "bird_single", "single_auto": true, "ts": 1783056137.57}
{"armed": false, "event": "idle_disarmed", "preset": "bird_single", "single_auto": true, "ts": 1783056138.573}
{"armed": false, "event": "idle_disarmed", "preset": "bird_single", "single_auto": true, "ts": 1783056138.573}
{"armed": false, "event": "idle_disarmed", "preset": "bird_single", "single_auto": true, "ts": 1783056139.576}
{"armed": false, "event": "idle_disarmed", "preset": "bird_single", "single_auto": true, "ts": 1783056139.576}
{"armed": false, "event": "idle_disarmed", "preset": "bird_single", "single_auto": true, "ts": 1783056140.578}
{"armed": false, "event": "idle_disarmed", "preset": "bird_single", "single_auto": true, "ts": 1783056140.578}
{"armed": false, "event": "idle_disarmed", "preset": "bird_single", "single_auto": true, "ts": 1783056141.581}
{"armed": false, "event": "idle_disarmed", "preset": "bird_single", "single_auto": true, "ts": 1783056141.581}
{"armed": false, "event": "idle_disarmed", "preset": "bird_single", "single_auto": true, "ts": 1783056142.584}
{"armed": false, "event": "idle_disarmed", "preset": "bird_single", "single_auto": true, "ts": 1783056142.584}
{"armed": false, "event": "idle_disarmed", "preset": "bird_single", "single_auto": true, "ts": 1783056143.587}
{"armed": false, "event": "idle_disarmed", "preset": "bird_single", "single_auto": true, "ts": 1783056143.587}
{"armed": false, "event": "idle_disarmed", "preset": "bird_single", "single_auto": true, "ts": 1783056144.59}
{"armed": false, "event": "idle_disarmed", "preset": "bird_single", "single_auto": true, "ts": 1783056144.59}
{"armed": false, "event": "idle_disarmed", "preset": "bird_single", "single_auto": true, "ts": 1783056145.593}
{"armed": false, "event": "idle_disarmed", "preset": "bird_single", "single_auto": true, "ts": 1783056145.593}
{"armed": false, "event": "idle_disarmed", "preset": "bird_single", "single_auto": true, "ts": 1783056146.596}
{"armed": false, "event": "idle_disarmed", "preset": "bird_single", "single_auto": true, "ts": 1783056146.596}
{"armed": false, "event": "idle_disarmed", "preset": "bird_single", "single_auto": true, "ts": 1783056147.599}
{"armed": false, "event": "idle_disarmed", "preset": "bird_single", "single_auto": true, "ts": 1783056147.599}
{"armed": false, "event": "idle_disarmed", "preset": "bird_single", "single_auto": true, "ts": 1783056148.601}
{"armed": false, "event": "idle_disarmed", "preset": "bird_single", "single_auto": true, "ts": 1783056148.601}
{"armed": false, "event": "idle_disarmed", "preset": "bird_single", "single_auto": true, "ts": 1783056149.604}
{"armed": false, "event": "idle_disarmed", "preset": "bird_single", "single_auto": true, "ts": 1783056149.604}
{"armed": false, "event": "idle_disarmed", "preset": "bird_single", "single_auto": true, "ts": 1783056150.607}
{"armed": false, "event": "idle_disarmed", "preset": "bird_single", "single_auto": true, "ts": 1783056150.607}
{"armed": false, "event": "idle_disarmed", "preset": "bird_single", "single_auto": true, "ts": 1783056151.61}
{"armed": false, "event": "idle_disarmed", "preset": "bird_single", "single_auto": true, "ts": 1783056151.61}
{"armed": false, "event": "idle_disarmed", "preset": "bird_single", "single_auto": true, "ts": 1783056152.612}
{"armed": false, "event": "idle_disarmed", "preset": "bird_single", "single_auto": true, "ts": 1783056152.612}
{"armed": false, "event": "idle_disarmed", "preset": "bird_single", "single_auto": true, "ts": 1783056153.615}
{"armed": false, "event": "idle_disarmed", "preset": "bird_single", "single_auto": true, "ts": 1783056153.615}
{"armed": false, "event": "idle_disarmed", "preset": "bird_single", "single_auto": true, "ts": 1783056154.618}
{"armed": false, "event": "idle_disarmed", "preset": "bird_single", "single_auto": true, "ts": 1783056154.618}
{"armed": false, "event": "idle_disarmed", "preset": "bird_single", "single_auto": true, "ts": 1783056155.621}
{"armed": false, "event": "idle_disarmed", "preset": "bird_single", "single_auto": true, "ts": 1783056155.621}
{"armed": false, "event": "idle_disarmed", "preset": "bird_single", "single_auto": true, "ts": 1783056156.623}
{"armed": false, "event": "idle_disarmed", "preset": "bird_single", "single_auto": true, "ts": 1783056156.623}
{"armed": false, "event": "idle_disarmed", "preset": "bird_single", "single_auto": true, "ts": 1783056157.626}
{"armed": false, "event": "idle_disarmed", "preset": "bird_single", "single_auto": true, "ts": 1783056157.626}
{"armed": false, "event": "idle_disarmed", "preset": "bird_single", "single_auto": true, "ts": 1783056158.629}
{"armed": false, "event": "idle_disarmed", "preset": "bird_single", "single_auto": true, "ts": 1783056158.629}
{"armed": false, "event": "idle_disarmed", "preset": "bird_single", "single_auto": true, "ts": 1783056159.632}
{"armed": false, "event": "idle_disarmed", "preset": "bird_single", "single_auto": true, "ts": 1783056159.632}
{"armed": false, "event": "idle_disarmed", "preset": "bird_single", "single_auto": true, "ts": 1783056160.635}
{"armed": false, "event": "idle_disarmed", "preset": "bird_single", "single_auto": true, "ts": 1783056160.635}
{"armed": false, "event": "idle_disarmed", "preset": "bird_single", "single_auto": true, "ts": 1783056161.637}
{"armed": false, "event": "idle_disarmed", "preset": "bird_single", "single_auto": true, "ts": 1783056161.637}
{"armed": false, "event": "idle_disarmed", "preset": "bird_single", "single_auto": true, "ts": 1783056162.64}
{"armed": false, "event": "idle_disarmed", "preset": "bird_single", "single_auto": true, "ts": 1783056162.64}
{"armed": false, "event": "idle_disarmed", "preset": "bird_single", "single_auto": true, "ts": 1783056163.643}
{"armed": false, "event": "idle_disarmed", "preset": "bird_single", "single_auto": true, "ts": 1783056163.643}
{"armed": false, "event": "idle_disarmed", "preset": "bird_single", "single_auto": true, "ts": 1783056164.646}
{"armed": false, "event": "idle_disarmed", "preset": "bird_single", "single_auto": true, "ts": 1783056164.646}
{"armed": false, "event": "idle_disarmed", "preset": "bird_single", "single_auto": true, "ts": 1783056165.648}
{"armed": false, "event": "idle_disarmed", "preset": "bird_single", "single_auto": true, "ts": 1783056165.648}
{"armed": false, "event": "idle_disarmed", "preset": "bird_single", "single_auto": true, "ts": 1783056166.651}
{"armed": false, "event": "idle_disarmed", "preset": "bird_single", "single_auto": true, "ts": 1783056166.651}
{"armed": false, "event": "idle_disarmed", "preset": "bird_single", "single_auto": true, "ts": 1783056167.654}
{"armed": false, "event": "idle_disarmed", "preset": "bird_single", "single_auto": true, "ts": 1783056167.654}
{"armed": false, "event": "idle_disarmed", "preset": "bird_single", "single_auto": true, "ts": 1783056168.657}
{"armed": false, "event": "idle_disarmed", "preset": "bird_single", "single_auto": true, "ts": 1783056168.657}
{"armed": false, "event": "idle_disarmed", "preset": "bird_single", "single_auto": true, "ts": 1783056169.659}
{"armed": false, "event": "idle_disarmed", "preset": "bird_single", "single_auto": true, "ts": 1783056169.659}
{"armed": false, "event": "idle_disarmed", "preset": "bird_single", "single_auto": true, "ts": 1783056170.662}
{"armed": false, "event": "idle_disarmed", "preset": "bird_single", "single_auto": true, "ts": 1783056170.662}
{"armed": false, "event": "idle_disarmed", "preset": "bird_single", "single_auto": true, "ts": 1783056171.664}
{"armed": false, "event": "idle_disarmed", "preset": "bird_single", "single_auto": true, "ts": 1783056171.664}
{"armed": false, "event": "idle_disarmed", "preset": "bird_single", "single_auto": true, "ts": 1783056172.666}
{"armed": false, "event": "idle_disarmed", "preset": "bird_single", "single_auto": true, "ts": 1783056172.666}
{"armed": false, "event": "idle_disarmed", "preset": "bird_single", "single_auto": true, "ts": 1783056173.669}
{"armed": false, "event": "idle_disarmed", "preset": "bird_single", "single_auto": true, "ts": 1783056173.669}
{"armed": false, "event": "idle_disarmed", "preset": "bird_single", "single_auto": true, "ts": 1783056174.671}
{"armed": false, "event": "idle_disarmed", "preset": "bird_single", "single_auto": true, "ts": 1783056174.671}
{"armed": false, "event": "idle_disarmed", "preset": "bird_single", "single_auto": true, "ts": 1783056175.674}
{"armed": false, "event": "idle_disarmed", "preset": "bird_single", "single_auto": true, "ts": 1783056175.674}
{"armed": false, "event": "idle_disarmed", "preset": "bird_single", "single_auto": true, "ts": 1783056176.676}
{"armed": false, "event": "idle_disarmed", "preset": "bird_single", "single_auto": true, "ts": 1783056176.676}
{"armed": false, "event": "idle_disarmed", "preset": "bird_single", "single_auto": true, "ts": 1783056177.679}
{"armed": false, "event": "idle_disarmed", "preset": "bird_single", "single_auto": true, "ts": 1783056177.679}
{"armed": false, "event": "idle_disarmed", "preset": "bird_single", "single_auto": true, "ts": 1783056178.681}
{"armed": false, "event": "idle_disarmed", "preset": "bird_single", "single_auto": true, "ts": 1783056178.681}
{"armed": false, "event": "idle_disarmed", "preset": "bird_single", "single_auto": true, "ts": 1783056179.684}
{"armed": false, "event": "idle_disarmed", "preset": "bird_single", "single_auto": true, "ts": 1783056179.684}
{"armed": false, "event": "idle_disarmed", "preset": "bird_single", "single_auto": true, "ts": 1783056180.686}
{"armed": false, "event": "idle_disarmed", "preset": "bird_single", "single_auto": true, "ts": 1783056180.686}
{"armed": false, "event": "idle_disarmed", "preset": "bird_single", "single_auto": true, "ts": 1783056181.689}
{"armed": false, "event": "idle_disarmed", "preset": "bird_single", "single_auto": true, "ts": 1783056181.689}
{"armed": false, "event": "idle_disarmed", "preset": "bird_single", "single_auto": true, "ts": 1783056182.691}
{"armed": false, "event": "idle_disarmed", "preset": "bird_single", "single_auto": true, "ts": 1783056182.691}
{"armed": false, "event": "idle_disarmed", "preset": "bird_single", "single_auto": true, "ts": 1783056183.694}
{"armed": false, "event": "idle_disarmed", "preset": "bird_single", "single_auto": true, "ts": 1783056183.694}
{"armed": false, "event": "idle_disarmed", "preset": "bird_single", "single_auto": true, "ts": 1783056184.696}
{"armed": false, "event": "idle_disarmed", "preset": "bird_single", "single_auto": true, "ts": 1783056184.696}
{"armed": false, "event": "idle_disarmed", "preset": "bird_single", "single_auto": true, "ts": 1783056185.699}
{"armed": false, "event": "idle_disarmed", "preset": "bird_single", "single_auto": true, "ts": 1783056185.699}
{"armed": false, "event": "idle_disarmed", "preset": "bird_single", "single_auto": true, "ts": 1783056186.701}
{"armed": false, "event": "idle_disarmed", "preset": "bird_single", "single_auto": true, "ts": 1783056186.701}
{"armed": false, "event": "idle_disarmed", "preset": "bird_single", "single_auto": true, "ts": 1783056187.704}
{"armed": false, "event": "idle_disarmed", "preset": "bird_single", "single_auto": true, "ts": 1783056187.704}
{"armed": false, "event": "idle_disarmed", "preset": "bird_single", "single_auto": true, "ts": 1783056188.706}
{"armed": false, "event": "idle_disarmed", "preset": "bird_single", "single_auto": true, "ts": 1783056188.706}
{"armed": false, "event": "idle_disarmed", "preset": "bird_single", "single_auto": true, "ts": 1783056189.709}
{"armed": false, "event": "idle_disarmed", "preset": "bird_single", "single_auto": true, "ts": 1783056189.709}
{"armed": false, "event": "idle_disarmed", "preset": "bird_single", "single_auto": true, "ts": 1783056190.711}
{"armed": false, "event": "idle_disarmed", "preset": "bird_single", "single_auto": true, "ts": 1783056190.711}
{"armed": false, "event": "idle_disarmed", "preset": "bird_single", "single_auto": true, "ts": 1783056191.714}
{"armed": false, "event": "idle_disarmed", "preset": "bird_single", "single_auto": true, "ts": 1783056191.714}
{"armed": false, "event": "idle_disarmed", "preset": "bird_single", "single_auto": true, "ts": 1783056192.716}
{"armed": false, "event": "idle_disarmed", "preset": "bird_single", "single_auto": true, "ts": 1783056192.716}
{"armed": false, "event": "idle_disarmed", "preset": "bird_single", "single_auto": true, "ts": 1783056193.719}
{"armed": false, "event": "idle_disarmed", "preset": "bird_single", "single_auto": true, "ts": 1783056193.719}
{"armed": false, "event": "idle_disarmed", "preset": "bird_single", "single_auto": true, "ts": 1783056194.721}
{"armed": false, "event": "idle_disarmed", "preset": "bird_single", "single_auto": true, "ts": 1783056194.721}
{"armed": false, "event": "idle_disarmed", "preset": "bird_single", "single_auto": true, "ts": 1783056195.724}
{"armed": false, "event": "idle_disarmed", "preset": "bird_single", "single_auto": true, "ts": 1783056195.724}
{"armed": false, "event": "idle_disarmed", "preset": "bird_single", "single_auto": true, "ts": 1783056196.726}
{"armed": false, "event": "idle_disarmed", "preset": "bird_single", "single_auto": true, "ts": 1783056196.726}
{"armed": false, "event": "idle_disarmed", "preset": "bird_single", "single_auto": true, "ts": 1783056197.729}
{"armed": false, "event": "idle_disarmed", "preset": "bird_single", "single_auto": true, "ts": 1783056197.729}
{"armed": false, "event": "idle_disarmed", "preset": "bird_single", "single_auto": true, "ts": 1783056198.731}
{"armed": false, "event": "idle_disarmed", "preset": "bird_single", "single_auto": true, "ts": 1783056198.731}
{"armed": false, "event": "idle_disarmed", "preset": "bird_single", "single_auto": true, "ts": 1783056199.734}
{"armed": false, "event": "idle_disarmed", "preset": "bird_single", "single_auto": true, "ts": 1783056199.734}
{"armed": false, "event": "idle_disarmed", "preset": "bird_single", "single_auto": true, "ts": 1783056200.736}
{"armed": false, "event": "idle_disarmed", "preset": "bird_single", "single_auto": true, "ts": 1783056200.736}
{"armed": false, "event": "idle_disarmed", "preset": "bird_single", "single_auto": true, "ts": 1783056201.739}
{"armed": false, "event": "idle_disarmed", "preset": "bird_single", "single_auto": true, "ts": 1783056201.739}
{"armed": false, "event": "idle_disarmed", "preset": "bird_single", "single_auto": true, "ts": 1783056202.741}
{"armed": false, "event": "idle_disarmed", "preset": "bird_single", "single_auto": true, "ts": 1783056202.741}
{"armed": false, "event": "idle_disarmed", "preset": "bird_single", "single_auto": true, "ts": 1783056203.743}
{"armed": false, "event": "idle_disarmed", "preset": "bird_single", "single_auto": true, "ts": 1783056203.743}
{"armed": false, "event": "idle_disarmed", "preset": "bird_single", "single_auto": true, "ts": 1783056204.746}
{"armed": false, "event": "idle_disarmed", "preset": "bird_single", "single_auto": true, "ts": 1783056204.746}
{"armed": false, "event": "idle_disarmed", "preset": "bird_single", "single_auto": true, "ts": 1783056205.748}
{"armed": false, "event": "idle_disarmed", "preset": "bird_single", "single_auto": true, "ts": 1783056205.748}
{"armed": false, "event": "idle_disarmed", "preset": "bird_single", "single_auto": true, "ts": 1783056206.751}
{"armed": false, "event": "idle_disarmed", "preset": "bird_single", "single_auto": true, "ts": 1783056206.751}
{"armed": false, "event": "idle_disarmed", "preset": "bird_single", "single_auto": true, "ts": 1783056207.753}
{"armed": false, "event": "idle_disarmed", "preset": "bird_single", "single_auto": true, "ts": 1783056207.753}
{"armed": false, "event": "idle_disarmed", "preset": "bird_single", "single_auto": true, "ts": 1783056208.756}
{"armed": false, "event": "idle_disarmed", "preset": "bird_single", "single_auto": true, "ts": 1783056208.756}
{"armed": false, "event": "idle_disarmed", "preset": "bird_single", "single_auto": true, "ts": 1783056209.758}
{"armed": false, "event": "idle_disarmed", "preset": "bird_single", "single_auto": true, "ts": 1783056209.758}
{"armed": false, "event": "idle_disarmed", "preset": "bird_single", "single_auto": true, "ts": 1783056210.761}
{"armed": false, "event": "idle_disarmed", "preset": "bird_single", "single_auto": true, "ts": 1783056210.761}
{"armed": false, "event": "idle_disarmed", "preset": "bird_single", "single_auto": true, "ts": 1783056211.763}
{"armed": false, "event": "idle_disarmed", "preset": "bird_single", "single_auto": true, "ts": 1783056211.763}
{"armed": false, "event": "idle_disarmed", "preset": "bird_single", "single_auto": true, "ts": 1783056212.766}
{"armed": false, "event": "idle_disarmed", "preset": "bird_single", "single_auto": true, "ts": 1783056212.766}
{"armed": false, "event": "idle_disarmed", "preset": "bird_single", "single_auto": true, "ts": 1783056213.769}
{"armed": false, "event": "idle_disarmed", "preset": "bird_single", "single_auto": true, "ts": 1783056213.769}
{"armed": false, "event": "idle_disarmed", "preset": "bird_single", "single_auto": true, "ts": 1783056214.771}
{"armed": false, "event": "idle_disarmed", "preset": "bird_single", "single_auto": true, "ts": 1783056214.771}
{"armed": false, "event": "idle_disarmed", "preset": "bird_single", "single_auto": true, "ts": 1783056215.773}
{"armed": false, "event": "idle_disarmed", "preset": "bird_single", "single_auto": true, "ts": 1783056215.773}
{"armed": false, "event": "idle_disarmed", "preset": "bird_single", "single_auto": true, "ts": 1783056216.776}
{"armed": false, "event": "idle_disarmed", "preset": "bird_single", "single_auto": true, "ts": 1783056216.776}
{"armed": false, "event": "idle_disarmed", "preset": "bird_single", "single_auto": true, "ts": 1783056217.778}
{"armed": false, "event": "idle_disarmed", "preset": "bird_single", "single_auto": true, "ts": 1783056217.778}
{"armed": false, "event": "idle_disarmed", "preset": "bird_single", "single_auto": true, "ts": 1783056218.781}
{"armed": false, "event": "idle_disarmed", "preset": "bird_single", "single_auto": true, "ts": 1783056218.781}
{"armed": false, "event": "idle_disarmed", "preset": "bird_single", "single_auto": true, "ts": 1783056219.784}
{"armed": false, "event": "idle_disarmed", "preset": "bird_single", "single_auto": true, "ts": 1783056219.784}
{"armed": false, "event": "idle_disarmed", "preset": "bird_single", "single_auto": true, "ts": 1783056220.786}
{"armed": false, "event": "idle_disarmed", "preset": "bird_single", "single_auto": true, "ts": 1783056220.786}
{"armed": false, "event": "idle_disarmed", "preset": "bird_single", "single_auto": true, "ts": 1783056221.789}
{"armed": false, "event": "idle_disarmed", "preset": "bird_single", "single_auto": true, "ts": 1783056221.789}
{"armed": false, "event": "idle_disarmed", "preset": "bird_single", "single_auto": true, "ts": 1783056222.791}
{"armed": false, "event": "idle_disarmed", "preset": "bird_single", "single_auto": true, "ts": 1783056222.791}
{"armed": false, "event": "idle_disarmed", "preset": "bird_single", "single_auto": true, "ts": 1783056223.794}
{"armed": false, "event": "idle_disarmed", "preset": "bird_single", "single_auto": true, "ts": 1783056223.794}
{"armed": false, "event": "idle_disarmed", "preset": "bird_single", "single_auto": true, "ts": 1783056224.796}
{"armed": false, "event": "idle_disarmed", "preset": "bird_single", "single_auto": true, "ts": 1783056224.796}
{"armed": false, "event": "idle_disarmed", "preset": "bird_single", "single_auto": true, "ts": 1783056225.798}
{"armed": false, "event": "idle_disarmed", "preset": "bird_single", "single_auto": true, "ts": 1783056225.798}
{"armed": false, "event": "idle_disarmed", "preset": "bird_single", "single_auto": true, "ts": 1783056226.801}
{"armed": false, "event": "idle_disarmed", "preset": "bird_single", "single_auto": true, "ts": 1783056226.801}
{"armed": false, "event": "idle_disarmed", "preset": "bird_single", "single_auto": true, "ts": 1783056227.803}
{"armed": false, "event": "idle_disarmed", "preset": "bird_single", "single_auto": true, "ts": 1783056227.803}
{"armed": false, "event": "idle_disarmed", "preset": "bird_single", "single_auto": true, "ts": 1783056228.806}
{"armed": false, "event": "idle_disarmed", "preset": "bird_single", "single_auto": true, "ts": 1783056228.806}
{"armed": false, "event": "idle_disarmed", "preset": "bird_single", "single_auto": true, "ts": 1783056229.808}
{"armed": false, "event": "idle_disarmed", "preset": "bird_single", "single_auto": true, "ts": 1783056229.808}
{"armed": false, "event": "idle_disarmed", "preset": "bird_single", "single_auto": true, "ts": 1783056230.811}
{"armed": false, "event": "idle_disarmed", "preset": "bird_single", "single_auto": true, "ts": 1783056230.811}
{"armed": false, "event": "idle_disarmed", "preset": "bird_single", "single_auto": true, "ts": 1783056231.813}
{"armed": false, "event": "idle_disarmed", "preset": "bird_single", "single_auto": true, "ts": 1783056231.813}
{"armed": false, "event": "idle_disarmed", "preset": "bird_single", "single_auto": true, "ts": 1783056232.816}
{"armed": false, "event": "idle_disarmed", "preset": "bird_single", "single_auto": true, "ts": 1783056232.816}
{"armed": false, "event": "idle_disarmed", "preset": "bird_single", "single_auto": true, "ts": 1783056233.818}
{"armed": false, "event": "idle_disarmed", "preset": "bird_single", "single_auto": true, "ts": 1783056233.818}
{"armed": false, "event": "idle_disarmed", "preset": "bird_single", "single_auto": true, "ts": 1783056234.82}
{"armed": false, "event": "idle_disarmed", "preset": "bird_single", "single_auto": true, "ts": 1783056234.82}
{"armed": false, "event": "idle_disarmed", "preset": "car_single", "single_auto": true, "ts": 1783056235.823}
{"armed": false, "event": "idle_disarmed", "preset": "car_single", "single_auto": true, "ts": 1783056235.823}
{"armed": false, "event": "idle_disarmed", "preset": "car_single", "single_auto": true, "ts": 1783056236.825}
{"armed": false, "event": "idle_disarmed", "preset": "car_single", "single_auto": true, "ts": 1783056236.825}
{"armed": false, "event": "idle_disarmed", "preset": "car_single", "single_auto": true, "ts": 1783056237.828}
{"armed": false, "event": "idle_disarmed", "preset": "car_single", "single_auto": true, "ts": 1783056237.828}
{"cmd": ["/usr/bin/python3", "/root/rknpu2/examples/rknn_yolov8_demo_opencv_2_work_2/new_yolo8/apply_ptz_object_preset.py", "--preset", "car_single", "--arm", "force", "--strategy", "preset", "--watch"], "event": "child_start", "pid": 171397, "preset": "car_single", "search_preset": "lost_step_wait", "ts": 1783056238.831}
{"cmd": ["/usr/bin/python3", "/root/rknpu2/examples/rknn_yolov8_demo_opencv_2_work_2/new_yolo8/apply_ptz_object_preset.py", "--preset", "car_single", "--arm", "force", "--strategy", "preset", "--watch"], "event": "child_start", "pid": 171397, "preset": "car_single", "search_preset": "lost_step_wait", "ts": 1783056238.831}
{"event": "armed_running", "pid": 171397, "preset": "car_single", "search_preset": "lost_step_wait", "ts": 1783056239.833}
{"event": "armed_running", "pid": 171397, "preset": "car_single", "search_preset": "lost_step_wait", "ts": 1783056239.833}
{"event": "child_stop", "pid": 171397, "preset": "car_single::lost_step_wait", "reason": "ptzArmed_false", "ts": 1783056250.859}
{"event": "child_stop", "pid": 171397, "preset": "car_single::lost_step_wait", "reason": "ptzArmed_false", "ts": 1783056250.859}
{"archived": "/root/rknpu2/examples/rknn_yolov8_demo_opencv_2_work_2/new_yolo8/logs/session_20260703_052410_ptzArmed_false", "event": "logs_archived", "reason": "ptzArmed_false", "ts": 1783056252.091}
{"archived": "/root/rknpu2/examples/rknn_yolov8_demo_opencv_2_work_2/new_yolo8/logs/session_20260703_052410_ptzArmed_false", "event": "logs_archived", "reason": "ptzArmed_false", "ts": 1783056252.091}
{"armed": false, "event": "idle_disarmed", "preset": "car_single", "single_auto": true, "ts": 1783056252.092}
{"armed": false, "event": "idle_disarmed", "preset": "car_single", "single_auto": true, "ts": 1783056252.092}
{"armed": false, "event": "idle_disarmed", "preset": "car_single", "single_auto": true, "ts": 1783056253.093}
{"armed": false, "event": "idle_disarmed", "preset": "car_single", "single_auto": true, "ts": 1783056253.093}
{"armed": false, "event": "idle_disarmed", "preset": "car_single", "single_auto": true, "ts": 1783056254.094}
{"armed": false, "event": "idle_disarmed", "preset": "car_single", "single_auto": true, "ts": 1783056254.094}
{"armed": false, "event": "idle_disarmed", "preset": "bird_single", "single_auto": true, "ts": 1783056255.095}
{"armed": false, "event": "idle_disarmed", "preset": "bird_single", "single_auto": true, "ts": 1783056255.095}
{"armed": false, "event": "idle_disarmed", "preset": "bird_single", "single_auto": true, "ts": 1783056256.096}
{"armed": false, "event": "idle_disarmed", "preset": "bird_single", "single_auto": true, "ts": 1783056256.096}
{"armed": false, "event": "idle_disarmed", "preset": "bird_single", "single_auto": true, "ts": 1783056257.097}
{"armed": false, "event": "idle_disarmed", "preset": "bird_single", "single_auto": true, "ts": 1783056257.097}
{"armed": false, "event": "idle_disarmed", "preset": "bird_single", "single_auto": true, "ts": 1783056258.098}
{"armed": false, "event": "idle_disarmed", "preset": "bird_single", "single_auto": true, "ts": 1783056258.098}
{"armed": false, "event": "idle_disarmed", "preset": "bird_single", "single_auto": true, "ts": 1783056259.099}
{"armed": false, "event": "idle_disarmed", "preset": "bird_single", "single_auto": true, "ts": 1783056259.099}
{"armed": false, "event": "idle_disarmed", "preset": "bird_single", "single_auto": true, "ts": 1783056260.1}
{"armed": false, "event": "idle_disarmed", "preset": "bird_single", "single_auto": true, "ts": 1783056260.1}
{"armed": false, "event": "idle_disarmed", "preset": "bird_single", "single_auto": true, "ts": 1783056261.101}
{"armed": false, "event": "idle_disarmed", "preset": "bird_single", "single_auto": true, "ts": 1783056261.101}
{"armed": false, "event": "idle_disarmed", "preset": "bird_single", "single_auto": true, "ts": 1783056262.102}
{"armed": false, "event": "idle_disarmed", "preset": "bird_single", "single_auto": true, "ts": 1783056262.102}
{"armed": false, "event": "idle_disarmed", "preset": "bird_single", "single_auto": true, "ts": 1783056263.103}
{"armed": false, "event": "idle_disarmed", "preset": "bird_single", "single_auto": true, "ts": 1783056263.103}
{"armed": false, "event": "idle_disarmed", "preset": "bird_single", "single_auto": true, "ts": 1783056264.104}
{"armed": false, "event": "idle_disarmed", "preset": "bird_single", "single_auto": true, "ts": 1783056264.104}
{"armed": false, "event": "idle_disarmed", "preset": "bird_single", "single_auto": true, "ts": 1783056265.105}
{"armed": false, "event": "idle_disarmed", "preset": "bird_single", "single_auto": true, "ts": 1783056265.105}
{"armed": false, "event": "idle_disarmed", "preset": "bird_single", "single_auto": true, "ts": 1783056266.106}
{"armed": false, "event": "idle_disarmed", "preset": "bird_single", "single_auto": true, "ts": 1783056266.106}
{"armed": false, "event": "idle_disarmed", "preset": "bird_single", "single_auto": true, "ts": 1783056267.108}
{"armed": false, "event": "idle_disarmed", "preset": "bird_single", "single_auto": true, "ts": 1783056267.108}
{"armed": false, "event": "idle_disarmed", "preset": "bird_single", "single_auto": true, "ts": 1783056268.109}
{"armed": false, "event": "idle_disarmed", "preset": "bird_single", "single_auto": true, "ts": 1783056268.109}
{"armed": false, "event": "idle_disarmed", "preset": "bird_single", "single_auto": true, "ts": 1783056269.11}
{"armed": false, "event": "idle_disarmed", "preset": "bird_single", "single_auto": true, "ts": 1783056269.11}
{"armed": false, "event": "idle_disarmed", "preset": "bird_single", "single_auto": true, "ts": 1783056270.111}
{"armed": false, "event": "idle_disarmed", "preset": "bird_single", "single_auto": true, "ts": 1783056270.111}
{"armed": false, "event": "idle_disarmed", "preset": "bird_single", "single_auto": true, "ts": 1783056271.112}
{"armed": false, "event": "idle_disarmed", "preset": "bird_single", "single_auto": true, "ts": 1783056271.112}
{"armed": false, "event": "idle_disarmed", "preset": "bird_single", "single_auto": true, "ts": 1783056272.113}
{"armed": false, "event": "idle_disarmed", "preset": "bird_single", "single_auto": true, "ts": 1783056272.113}
{"armed": false, "event": "idle_disarmed", "preset": "bird_single", "single_auto": true, "ts": 1783056273.114}
{"armed": false, "event": "idle_disarmed", "preset": "bird_single", "single_auto": true, "ts": 1783056273.114}
{"armed": false, "event": "idle_disarmed", "preset": "bird_single", "single_auto": true, "ts": 1783056274.115}
{"armed": false, "event": "idle_disarmed", "preset": "bird_single", "single_auto": true, "ts": 1783056274.115}
{"armed": false, "event": "idle_disarmed", "preset": "bird_single", "single_auto": true, "ts": 1783056275.117}
{"armed": false, "event": "idle_disarmed", "preset": "bird_single", "single_auto": true, "ts": 1783056275.117}
{"armed": false, "event": "idle_disarmed", "preset": "bird_single", "single_auto": true, "ts": 1783056276.118}
{"armed": false, "event": "idle_disarmed", "preset": "bird_single", "single_auto": true, "ts": 1783056276.118}
{"armed": false, "event": "idle_disarmed", "preset": "bird_single", "single_auto": true, "ts": 1783056277.119}
{"armed": false, "event": "idle_disarmed", "preset": "bird_single", "single_auto": true, "ts": 1783056277.119}
{"armed": false, "event": "idle_disarmed", "preset": "bird_single", "single_auto": true, "ts": 1783056278.12}
{"armed": false, "event": "idle_disarmed", "preset": "bird_single", "single_auto": true, "ts": 1783056278.12}
{"armed": false, "event": "idle_disarmed", "preset": "bird_single", "single_auto": true, "ts": 1783056279.121}
{"armed": false, "event": "idle_disarmed", "preset": "bird_single", "single_auto": true, "ts": 1783056279.121}
{"armed": false, "event": "idle_disarmed", "preset": "bird_single", "single_auto": true, "ts": 1783056280.122}
{"armed": false, "event": "idle_disarmed", "preset": "bird_single", "single_auto": true, "ts": 1783056280.122}
{"armed": false, "event": "idle_disarmed", "preset": "bird_single", "single_auto": true, "ts": 1783056281.123}
{"armed": false, "event": "idle_disarmed", "preset": "bird_single", "single_auto": true, "ts": 1783056281.123}
{"armed": false, "event": "idle_disarmed", "preset": "bird_single", "single_auto": true, "ts": 1783056282.124}
{"armed": false, "event": "idle_disarmed", "preset": "bird_single", "single_auto": true, "ts": 1783056282.124}
{"armed": false, "event": "idle_disarmed", "preset": "bird_single", "single_auto": true, "ts": 1783056283.125}
{"armed": false, "event": "idle_disarmed", "preset": "bird_single", "single_auto": true, "ts": 1783056283.125}
{"armed": false, "event": "idle_disarmed", "preset": "bird_single", "single_auto": true, "ts": 1783056284.126}
{"armed": false, "event": "idle_disarmed", "preset": "bird_single", "single_auto": true, "ts": 1783056284.126}
{"armed": false, "event": "idle_disarmed", "preset": "bird_single", "single_auto": true, "ts": 1783056285.127}
{"armed": false, "event": "idle_disarmed", "preset": "bird_single", "single_auto": true, "ts": 1783056285.127}
{"armed": false, "event": "idle_disarmed", "preset": "bird_single", "single_auto": true, "ts": 1783056286.128}
{"armed": false, "event": "idle_disarmed", "preset": "bird_single", "single_auto": true, "ts": 1783056286.128}
{"armed": false, "event": "idle_disarmed", "preset": "bird_single", "single_auto": true, "ts": 1783056287.129}
{"armed": false, "event": "idle_disarmed", "preset": "bird_single", "single_auto": true, "ts": 1783056287.129}
{"armed": false, "event": "idle_disarmed", "preset": "bird_single", "single_auto": true, "ts": 1783056288.13}
{"armed": false, "event": "idle_disarmed", "preset": "bird_single", "single_auto": true, "ts": 1783056288.13}
{"armed": false, "event": "idle_disarmed", "preset": "bird_single", "single_auto": true, "ts": 1783056289.133}
{"armed": false, "event": "idle_disarmed", "preset": "bird_single", "single_auto": true, "ts": 1783056289.133}
{"armed": false, "event": "idle_disarmed", "preset": "bird_single", "single_auto": true, "ts": 1783056290.135}
{"armed": false, "event": "idle_disarmed", "preset": "bird_single", "single_auto": true, "ts": 1783056290.135}
{"armed": false, "event": "idle_disarmed", "preset": "bird_single", "single_auto": true, "ts": 1783056291.138}
{"armed": false, "event": "idle_disarmed", "preset": "bird_single", "single_auto": true, "ts": 1783056291.138}
{"armed": false, "event": "idle_disarmed", "preset": "bird_single", "single_auto": true, "ts": 1783056292.14}
{"armed": false, "event": "idle_disarmed", "preset": "bird_single", "single_auto": true, "ts": 1783056292.14}
{"armed": false, "event": "idle_disarmed", "preset": "bird_single", "single_auto": true, "ts": 1783056293.141}
{"armed": false, "event": "idle_disarmed", "preset": "bird_single", "single_auto": true, "ts": 1783056293.141}
{"armed": false, "event": "idle_disarmed", "preset": "bird_single", "single_auto": true, "ts": 1783056294.143}
{"armed": false, "event": "idle_disarmed", "preset": "bird_single", "single_auto": true, "ts": 1783056294.143}
{"armed": false, "event": "idle_disarmed", "preset": "bird_single", "single_auto": true, "ts": 1783056295.146}
{"armed": false, "event": "idle_disarmed", "preset": "bird_single", "single_auto": true, "ts": 1783056295.146}
{"armed": false, "event": "idle_disarmed", "preset": "bird_single", "single_auto": true, "ts": 1783056296.15}
{"armed": false, "event": "idle_disarmed", "preset": "bird_single", "single_auto": true, "ts": 1783056296.15}
{"armed": false, "event": "idle_disarmed", "preset": "bird_single", "single_auto": true, "ts": 1783056297.151}
{"armed": false, "event": "idle_disarmed", "preset": "bird_single", "single_auto": true, "ts": 1783056297.151}
{"armed": false, "event": "idle_disarmed", "preset": "bird_single", "single_auto": true, "ts": 1783056298.152}
{"armed": false, "event": "idle_disarmed", "preset": "bird_single", "single_auto": true, "ts": 1783056298.152}
{"armed": false, "event": "idle_disarmed", "preset": "bird_single", "single_auto": true, "ts": 1783056299.153}
{"armed": false, "event": "idle_disarmed", "preset": "bird_single", "single_auto": true, "ts": 1783056299.153}
{"armed": false, "event": "idle_disarmed", "preset": "bird_single", "single_auto": true, "ts": 1783056300.154}
{"armed": false, "event": "idle_disarmed", "preset": "bird_single", "single_auto": true, "ts": 1783056300.154}
{"armed": false, "event": "idle_disarmed", "preset": "bird_single", "single_auto": true, "ts": 1783056301.157}
{"armed": false, "event": "idle_disarmed", "preset": "bird_single", "single_auto": true, "ts": 1783056301.157}
{"armed": false, "event": "idle_disarmed", "preset": "bird_single", "single_auto": true, "ts": 1783056302.159}
{"armed": false, "event": "idle_disarmed", "preset": "bird_single", "single_auto": true, "ts": 1783056302.159}
{"armed": false, "event": "idle_disarmed", "preset": "bird_single", "single_auto": true, "ts": 1783056303.16}
{"armed": false, "event": "idle_disarmed", "preset": "bird_single", "single_auto": true, "ts": 1783056303.16}
{"armed": false, "event": "idle_disarmed", "preset": "bird_single", "single_auto": true, "ts": 1783056304.161}
{"armed": false, "event": "idle_disarmed", "preset": "bird_single", "single_auto": true, "ts": 1783056304.161}
{"armed": false, "event": "idle_disarmed", "preset": "bird_single", "single_auto": true, "ts": 1783056305.162}
{"armed": false, "event": "idle_disarmed", "preset": "bird_single", "single_auto": true, "ts": 1783056305.162}
{"armed": false, "event": "idle_disarmed", "preset": "bird_single", "single_auto": true, "ts": 1783056306.165}
{"armed": false, "event": "idle_disarmed", "preset": "bird_single", "single_auto": true, "ts": 1783056306.165}
{"armed": false, "event": "idle_disarmed", "preset": "bird_single", "single_auto": true, "ts": 1783056307.168}
{"armed": false, "event": "idle_disarmed", "preset": "bird_single", "single_auto": true, "ts": 1783056307.168}
{"armed": false, "event": "idle_disarmed", "preset": "bird_single", "single_auto": true, "ts": 1783056308.171}
{"armed": false, "event": "idle_disarmed", "preset": "bird_single", "single_auto": true, "ts": 1783056308.171}
{"armed": false, "event": "idle_disarmed", "preset": "bird_single", "single_auto": true, "ts": 1783056309.174}
{"armed": false, "event": "idle_disarmed", "preset": "bird_single", "single_auto": true, "ts": 1783056309.174}
{"armed": false, "event": "idle_disarmed", "preset": "bird_single", "single_auto": true, "ts": 1783056310.176}
{"armed": false, "event": "idle_disarmed", "preset": "bird_single", "single_auto": true, "ts": 1783056310.176}
{"armed": false, "event": "idle_disarmed", "preset": "bird_single", "single_auto": true, "ts": 1783056311.179}
{"armed": false, "event": "idle_disarmed", "preset": "bird_single", "single_auto": true, "ts": 1783056311.179}
{"armed": false, "event": "idle_disarmed", "preset": "bird_single", "single_auto": true, "ts": 1783056312.181}
{"armed": false, "event": "idle_disarmed", "preset": "bird_single", "single_auto": true, "ts": 1783056312.181}
{"armed": false, "event": "idle_disarmed", "preset": "bird_single", "single_auto": true, "ts": 1783056313.183}
{"armed": false, "event": "idle_disarmed", "preset": "bird_single", "single_auto": true, "ts": 1783056313.183}
{"armed": false, "event": "idle_disarmed", "preset": "bird_single", "single_auto": true, "ts": 1783056314.184}
{"armed": false, "event": "idle_disarmed", "preset": "bird_single", "single_auto": true, "ts": 1783056314.184}
{"armed": false, "event": "idle_disarmed", "preset": "bird_single", "single_auto": true, "ts": 1783056315.186}
{"armed": false, "event": "idle_disarmed", "preset": "bird_single", "single_auto": true, "ts": 1783056315.186}
{"armed": false, "event": "idle_disarmed", "preset": "bird_single", "single_auto": true, "ts": 1783056316.189}
{"armed": false, "event": "idle_disarmed", "preset": "bird_single", "single_auto": true, "ts": 1783056316.189}
{"armed": false, "event": "idle_disarmed", "preset": "bird_single", "single_auto": true, "ts": 1783056317.19}
{"armed": false, "event": "idle_disarmed", "preset": "bird_single", "single_auto": true, "ts": 1783056317.19}
{"armed": false, "event": "idle_disarmed", "preset": "bird_single", "single_auto": true, "ts": 1783056318.191}
{"armed": false, "event": "idle_disarmed", "preset": "bird_single", "single_auto": true, "ts": 1783056318.191}
{"armed": false, "event": "idle_disarmed", "preset": "bird_single", "single_auto": true, "ts": 1783056319.194}
{"armed": false, "event": "idle_disarmed", "preset": "bird_single", "single_auto": true, "ts": 1783056319.194}
{"armed": false, "event": "idle_disarmed", "preset": "bird_single", "single_auto": true, "ts": 1783056320.196}
{"armed": false, "event": "idle_disarmed", "preset": "bird_single", "single_auto": true, "ts": 1783056320.196}
{"armed": false, "event": "idle_disarmed", "preset": "bird_single", "single_auto": true, "ts": 1783056321.197}
{"armed": false, "event": "idle_disarmed", "preset": "bird_single", "single_auto": true, "ts": 1783056321.197}
{"armed": false, "event": "idle_disarmed", "preset": "bird_single", "single_auto": true, "ts": 1783056322.199}
{"armed": false, "event": "idle_disarmed", "preset": "bird_single", "single_auto": true, "ts": 1783056322.199}
{"armed": false, "event": "idle_disarmed", "preset": "bird_single", "single_auto": true, "ts": 1783056323.203}
{"armed": false, "event": "idle_disarmed", "preset": "bird_single", "single_auto": true, "ts": 1783056323.203}
{"armed": false, "event": "idle_disarmed", "preset": "bird_single", "single_auto": true, "ts": 1783056324.204}
{"armed": false, "event": "idle_disarmed", "preset": "bird_single", "single_auto": true, "ts": 1783056324.204}
{"armed": false, "event": "idle_disarmed", "preset": "bird_single", "single_auto": true, "ts": 1783056325.205}
{"armed": false, "event": "idle_disarmed", "preset": "bird_single", "single_auto": true, "ts": 1783056325.205}
{"armed": false, "event": "idle_disarmed", "preset": "bird_single", "single_auto": true, "ts": 1783056326.206}
{"armed": false, "event": "idle_disarmed", "preset": "bird_single", "single_auto": true, "ts": 1783056326.206}
{"armed": false, "event": "idle_disarmed", "preset": "bird_single", "single_auto": true, "ts": 1783056327.209}
{"armed": false, "event": "idle_disarmed", "preset": "bird_single", "single_auto": true, "ts": 1783056327.209}
{"armed": false, "event": "idle_disarmed", "preset": "bird_single", "single_auto": true, "ts": 1783056328.213}
{"armed": false, "event": "idle_disarmed", "preset": "bird_single", "single_auto": true, "ts": 1783056328.213}
{"armed": false, "event": "idle_disarmed", "preset": "bird_single", "single_auto": true, "ts": 1783056329.214}
{"armed": false, "event": "idle_disarmed", "preset": "bird_single", "single_auto": true, "ts": 1783056329.214}
{"armed": false, "event": "idle_disarmed", "preset": "bird_single", "single_auto": true, "ts": 1783056330.215}
{"armed": false, "event": "idle_disarmed", "preset": "bird_single", "single_auto": true, "ts": 1783056330.215}
{"armed": false, "event": "idle_disarmed", "preset": "bird_single", "single_auto": true, "ts": 1783056331.216}
{"armed": false, "event": "idle_disarmed", "preset": "bird_single", "single_auto": true, "ts": 1783056331.216}
{"armed": false, "event": "idle_disarmed", "preset": "bird_single", "single_auto": true, "ts": 1783056332.217}
{"armed": false, "event": "idle_disarmed", "preset": "bird_single", "single_auto": true, "ts": 1783056332.217}
{"armed": false, "event": "idle_disarmed", "preset": "bird_single", "single_auto": true, "ts": 1783056333.219}
{"armed": false, "event": "idle_disarmed", "preset": "bird_single", "single_auto": true, "ts": 1783056333.219}
{"armed": false, "event": "idle_disarmed", "preset": "bird_single", "single_auto": true, "ts": 1783056334.22}
{"armed": false, "event": "idle_disarmed", "preset": "bird_single", "single_auto": true, "ts": 1783056334.22}
{"armed": false, "event": "idle_disarmed", "preset": "bird_single", "single_auto": true, "ts": 1783056335.221}
{"armed": false, "event": "idle_disarmed", "preset": "bird_single", "single_auto": true, "ts": 1783056335.221}
{"armed": false, "event": "idle_disarmed", "preset": "bird_single", "single_auto": true, "ts": 1783056336.222}
{"armed": false, "event": "idle_disarmed", "preset": "bird_single", "single_auto": true, "ts": 1783056336.222}
{"armed": false, "event": "idle_disarmed", "preset": "bird_single", "single_auto": true, "ts": 1783056337.223}
{"armed": false, "event": "idle_disarmed", "preset": "bird_single", "single_auto": true, "ts": 1783056337.223}
{"armed": false, "event": "idle_disarmed", "preset": "bird_single", "single_auto": true, "ts": 1783056338.224}
{"armed": false, "event": "idle_disarmed", "preset": "bird_single", "single_auto": true, "ts": 1783056338.224}
{"armed": false, "event": "idle_disarmed", "preset": "bird_single", "single_auto": true, "ts": 1783056339.225}
{"armed": false, "event": "idle_disarmed", "preset": "bird_single", "single_auto": true, "ts": 1783056339.225}
{"armed": false, "event": "idle_disarmed", "preset": "bird_single", "single_auto": true, "ts": 1783056340.226}
{"armed": false, "event": "idle_disarmed", "preset": "bird_single", "single_auto": true, "ts": 1783056340.226}
{"armed": false, "event": "idle_disarmed", "preset": "bird_single", "single_auto": true, "ts": 1783056341.227}
{"armed": false, "event": "idle_disarmed", "preset": "bird_single", "single_auto": true, "ts": 1783056341.227}
{"armed": false, "event": "idle_disarmed", "preset": "bird_single", "single_auto": true, "ts": 1783056342.229}
{"armed": false, "event": "idle_disarmed", "preset": "bird_single", "single_auto": true, "ts": 1783056342.229}
{"armed": false, "event": "idle_disarmed", "preset": "bird_single", "single_auto": true, "ts": 1783056343.231}
{"armed": false, "event": "idle_disarmed", "preset": "bird_single", "single_auto": true, "ts": 1783056343.231}
{"armed": false, "event": "idle_disarmed", "preset": "bird_single", "single_auto": true, "ts": 1783056344.234}
{"armed": false, "event": "idle_disarmed", "preset": "bird_single", "single_auto": true, "ts": 1783056344.234}
{"armed": false, "event": "idle_disarmed", "preset": "bird_single", "single_auto": true, "ts": 1783056345.237}
{"armed": false, "event": "idle_disarmed", "preset": "bird_single", "single_auto": true, "ts": 1783056345.237}
{"armed": false, "event": "idle_disarmed", "preset": "bird_single", "single_auto": true, "ts": 1783056346.239}
{"armed": false, "event": "idle_disarmed", "preset": "bird_single", "single_auto": true, "ts": 1783056346.239}
{"armed": false, "event": "idle_disarmed", "preset": "bird_single", "single_auto": true, "ts": 1783056347.24}
{"armed": false, "event": "idle_disarmed", "preset": "bird_single", "single_auto": true, "ts": 1783056347.24}
{"armed": false, "event": "idle_disarmed", "preset": "bird_single", "single_auto": true, "ts": 1783056348.241}
{"armed": false, "event": "idle_disarmed", "preset": "bird_single", "single_auto": true, "ts": 1783056348.241}
{"armed": false, "event": "idle_disarmed", "preset": "bird_single", "single_auto": true, "ts": 1783056349.242}
{"armed": false, "event": "idle_disarmed", "preset": "bird_single", "single_auto": true, "ts": 1783056349.242}
{"armed": false, "event": "idle_disarmed", "preset": "bird_single", "single_auto": true, "ts": 1783056350.245}
{"armed": false, "event": "idle_disarmed", "preset": "bird_single", "single_auto": true, "ts": 1783056350.245}
{"armed": false, "event": "idle_disarmed", "preset": "bird_single", "single_auto": true, "ts": 1783056351.249}
{"armed": false, "event": "idle_disarmed", "preset": "bird_single", "single_auto": true, "ts": 1783056351.249}
{"armed": false, "event": "idle_disarmed", "preset": "bird_single", "single_auto": true, "ts": 1783056352.252}
{"armed": false, "event": "idle_disarmed", "preset": "bird_single", "single_auto": true, "ts": 1783056352.252}
{"armed": false, "event": "idle_disarmed", "preset": "bird_single", "single_auto": true, "ts": 1783056353.255}
{"armed": false, "event": "idle_disarmed", "preset": "bird_single", "single_auto": true, "ts": 1783056353.255}
{"armed": false, "event": "idle_disarmed", "preset": "bird_single", "single_auto": true, "ts": 1783056354.258}
{"armed": false, "event": "idle_disarmed", "preset": "bird_single", "single_auto": true, "ts": 1783056354.258}
{"armed": false, "event": "idle_disarmed", "preset": "bird_single", "single_auto": true, "ts": 1783056355.26}
{"armed": false, "event": "idle_disarmed", "preset": "bird_single", "single_auto": true, "ts": 1783056355.26}
{"armed": false, "event": "idle_disarmed", "preset": "bird_single", "single_auto": true, "ts": 1783056356.261}
{"armed": false, "event": "idle_disarmed", "preset": "bird_single", "single_auto": true, "ts": 1783056356.261}
{"armed": false, "event": "idle_disarmed", "preset": "bird_single", "single_auto": true, "ts": 1783056357.262}
{"armed": false, "event": "idle_disarmed", "preset": "bird_single", "single_auto": true, "ts": 1783056357.262}
{"armed": false, "event": "idle_disarmed", "preset": "bird_single", "single_auto": true, "ts": 1783056358.263}
{"armed": false, "event": "idle_disarmed", "preset": "bird_single", "single_auto": true, "ts": 1783056358.263}
{"armed": false, "event": "idle_disarmed", "preset": "bird_single", "single_auto": true, "ts": 1783056359.264}
{"armed": false, "event": "idle_disarmed", "preset": "bird_single", "single_auto": true, "ts": 1783056359.264}
{"armed": false, "event": "idle_disarmed", "preset": "bird_single", "single_auto": true, "ts": 1783056360.265}
{"armed": false, "event": "idle_disarmed", "preset": "bird_single", "single_auto": true, "ts": 1783056360.265}
{"armed": false, "event": "idle_disarmed", "preset": "bird_single", "single_auto": true, "ts": 1783056361.268}
{"armed": false, "event": "idle_disarmed", "preset": "bird_single", "single_auto": true, "ts": 1783056361.268}
{"armed": false, "event": "idle_disarmed", "preset": "bird_single", "single_auto": true, "ts": 1783056362.27}
{"armed": false, "event": "idle_disarmed", "preset": "bird_single", "single_auto": true, "ts": 1783056362.27}
{"armed": false, "event": "idle_disarmed", "preset": "bird_single", "single_auto": true, "ts": 1783056363.271}
{"armed": false, "event": "idle_disarmed", "preset": "bird_single", "single_auto": true, "ts": 1783056363.271}
{"armed": false, "event": "idle_disarmed", "preset": "bird_single", "single_auto": true, "ts": 1783056364.273}
{"armed": false, "event": "idle_disarmed", "preset": "bird_single", "single_auto": true, "ts": 1783056364.273}
{"armed": false, "event": "idle_disarmed", "preset": "bird_single", "single_auto": true, "ts": 1783056365.275}
{"armed": false, "event": "idle_disarmed", "preset": "bird_single", "single_auto": true, "ts": 1783056365.275}
{"armed": false, "event": "idle_disarmed", "preset": "bird_single", "single_auto": true, "ts": 1783056366.278}
{"armed": false, "event": "idle_disarmed", "preset": "bird_single", "single_auto": true, "ts": 1783056366.278}
{"armed": false, "event": "idle_disarmed", "preset": "bird_single", "single_auto": true, "ts": 1783056367.281}
{"armed": false, "event": "idle_disarmed", "preset": "bird_single", "single_auto": true, "ts": 1783056367.281}
{"armed": false, "event": "idle_disarmed", "preset": "bird_single", "single_auto": true, "ts": 1783056368.283}
{"armed": false, "event": "idle_disarmed", "preset": "bird_single", "single_auto": true, "ts": 1783056368.283}
{"armed": false, "event": "idle_disarmed", "preset": "bird_single", "single_auto": true, "ts": 1783056369.286}
{"armed": false, "event": "idle_disarmed", "preset": "bird_single", "single_auto": true, "ts": 1783056369.286}
{"armed": false, "event": "idle_disarmed", "preset": "bird_single", "single_auto": true, "ts": 1783056370.289}
{"armed": false, "event": "idle_disarmed", "preset": "bird_single", "single_auto": true, "ts": 1783056370.289}
{"armed": false, "event": "idle_disarmed", "preset": "bird_single", "single_auto": true, "ts": 1783056371.291}
{"armed": false, "event": "idle_disarmed", "preset": "bird_single", "single_auto": true, "ts": 1783056371.291}
{"armed": false, "event": "idle_disarmed", "preset": "bird_single", "single_auto": true, "ts": 1783056372.293}
{"armed": false, "event": "idle_disarmed", "preset": "bird_single", "single_auto": true, "ts": 1783056372.293}
{"armed": false, "event": "idle_disarmed", "preset": "bird_single", "single_auto": true, "ts": 1783056373.294}
{"armed": false, "event": "idle_disarmed", "preset": "bird_single", "single_auto": true, "ts": 1783056373.294}
{"armed": false, "event": "idle_disarmed", "preset": "bird_single", "single_auto": true, "ts": 1783056374.295}
{"armed": false, "event": "idle_disarmed", "preset": "bird_single", "single_auto": true, "ts": 1783056374.295}
{"armed": false, "event": "idle_disarmed", "preset": "bird_single", "single_auto": true, "ts": 1783056375.296}
{"armed": false, "event": "idle_disarmed", "preset": "bird_single", "single_auto": true, "ts": 1783056375.296}
{"armed": false, "event": "idle_disarmed", "preset": "bird_single", "single_auto": true, "ts": 1783056376.297}
{"armed": false, "event": "idle_disarmed", "preset": "bird_single", "single_auto": true, "ts": 1783056376.297}
{"armed": false, "event": "idle_disarmed", "preset": "bird_single", "single_auto": true, "ts": 1783056377.298}
{"armed": false, "event": "idle_disarmed", "preset": "bird_single", "single_auto": true, "ts": 1783056377.298}
{"armed": false, "event": "idle_disarmed", "preset": "bird_single", "single_auto": true, "ts": 1783056378.299}
{"armed": false, "event": "idle_disarmed", "preset": "bird_single", "single_auto": true, "ts": 1783056378.299}
{"armed": false, "event": "idle_disarmed", "preset": "bird_single", "single_auto": true, "ts": 1783056379.302}
{"armed": false, "event": "idle_disarmed", "preset": "bird_single", "single_auto": true, "ts": 1783056379.302}
{"armed": false, "event": "idle_disarmed", "preset": "bird_single", "single_auto": true, "ts": 1783056380.304}
{"armed": false, "event": "idle_disarmed", "preset": "bird_single", "single_auto": true, "ts": 1783056380.304}
{"armed": false, "event": "idle_disarmed", "preset": "bird_single", "single_auto": true, "ts": 1783056381.307}
{"armed": false, "event": "idle_disarmed", "preset": "bird_single", "single_auto": true, "ts": 1783056381.307}
{"armed": false, "event": "idle_disarmed", "preset": "bird_single", "single_auto": true, "ts": 1783056382.309}
{"armed": false, "event": "idle_disarmed", "preset": "bird_single", "single_auto": true, "ts": 1783056382.309}
{"armed": false, "event": "idle_disarmed", "preset": "bird_single", "single_auto": true, "ts": 1783056383.312}
{"armed": false, "event": "idle_disarmed", "preset": "bird_single", "single_auto": true, "ts": 1783056383.312}
{"armed": false, "event": "idle_disarmed", "preset": "bird_single", "single_auto": true, "ts": 1783056384.314}
{"armed": false, "event": "idle_disarmed", "preset": "bird_single", "single_auto": true, "ts": 1783056384.314}
{"armed": false, "event": "idle_disarmed", "preset": "bird_single", "single_auto": true, "ts": 1783056385.317}
{"armed": false, "event": "idle_disarmed", "preset": "bird_single", "single_auto": true, "ts": 1783056385.317}
{"armed": false, "event": "idle_disarmed", "preset": "bird_single", "single_auto": true, "ts": 1783056386.319}
{"armed": false, "event": "idle_disarmed", "preset": "bird_single", "single_auto": true, "ts": 1783056386.319}
{"armed": false, "event": "idle_disarmed", "preset": "bird_single", "single_auto": true, "ts": 1783056387.322}
{"armed": false, "event": "idle_disarmed", "preset": "bird_single", "single_auto": true, "ts": 1783056387.322}
{"armed": false, "event": "idle_disarmed", "preset": "bird_single", "single_auto": true, "ts": 1783056388.324}
{"armed": false, "event": "idle_disarmed", "preset": "bird_single", "single_auto": true, "ts": 1783056388.324}
{"armed": false, "event": "idle_disarmed", "preset": "bird_single", "single_auto": true, "ts": 1783056389.327}
{"armed": false, "event": "idle_disarmed", "preset": "bird_single", "single_auto": true, "ts": 1783056389.327}
{"armed": false, "event": "idle_disarmed", "preset": "bird_single", "single_auto": true, "ts": 1783056390.33}
{"armed": false, "event": "idle_disarmed", "preset": "bird_single", "single_auto": true, "ts": 1783056390.33}
{"armed": false, "event": "idle_disarmed", "preset": "bird_single", "single_auto": true, "ts": 1783056391.332}
{"armed": false, "event": "idle_disarmed", "preset": "bird_single", "single_auto": true, "ts": 1783056391.332}
{"armed": false, "event": "idle_disarmed", "preset": "bird_single", "single_auto": true, "ts": 1783056392.335}
{"armed": false, "event": "idle_disarmed", "preset": "bird_single", "single_auto": true, "ts": 1783056392.335}
{"armed": false, "event": "idle_disarmed", "preset": "bird_single", "single_auto": true, "ts": 1783056393.338}
{"armed": false, "event": "idle_disarmed", "preset": "bird_single", "single_auto": true, "ts": 1783056393.338}
{"armed": false, "event": "idle_disarmed", "preset": "bird_single", "single_auto": true, "ts": 1783056394.34}
{"armed": false, "event": "idle_disarmed", "preset": "bird_single", "single_auto": true, "ts": 1783056394.34}
{"armed": false, "event": "idle_disarmed", "preset": "bird_single", "single_auto": true, "ts": 1783056395.343}
{"armed": false, "event": "idle_disarmed", "preset": "bird_single", "single_auto": true, "ts": 1783056395.343}
{"armed": false, "event": "idle_disarmed", "preset": "bird_single", "single_auto": true, "ts": 1783056396.345}
{"armed": false, "event": "idle_disarmed", "preset": "bird_single", "single_auto": true, "ts": 1783056396.345}
{"armed": false, "event": "idle_disarmed", "preset": "bird_single", "single_auto": true, "ts": 1783056397.348}
{"armed": false, "event": "idle_disarmed", "preset": "bird_single", "single_auto": true, "ts": 1783056397.348}
{"armed": false, "event": "idle_disarmed", "preset": "bird_single", "single_auto": true, "ts": 1783056398.351}
{"armed": false, "event": "idle_disarmed", "preset": "bird_single", "single_auto": true, "ts": 1783056398.351}
{"armed": false, "event": "idle_disarmed", "preset": "bird_single", "single_auto": true, "ts": 1783056399.354}
{"armed": false, "event": "idle_disarmed", "preset": "bird_single", "single_auto": true, "ts": 1783056399.354}
{"armed": false, "event": "idle_disarmed", "preset": "bird_single", "single_auto": true, "ts": 1783056400.356}
{"armed": false, "event": "idle_disarmed", "preset": "bird_single", "single_auto": true, "ts": 1783056400.356}
{"armed": false, "event": "idle_disarmed", "preset": "bird_single", "single_auto": true, "ts": 1783056401.359}
{"armed": false, "event": "idle_disarmed", "preset": "bird_single", "single_auto": true, "ts": 1783056401.359}
{"armed": false, "event": "idle_disarmed", "preset": "bird_single", "single_auto": true, "ts": 1783056402.361}
{"armed": false, "event": "idle_disarmed", "preset": "bird_single", "single_auto": true, "ts": 1783056402.361}
{"armed": false, "event": "idle_disarmed", "preset": "bird_single", "single_auto": true, "ts": 1783056403.364}
{"armed": false, "event": "idle_disarmed", "preset": "bird_single", "single_auto": true, "ts": 1783056403.364}
{"armed": false, "event": "idle_disarmed", "preset": "bird_single", "single_auto": true, "ts": 1783056404.366}
{"armed": false, "event": "idle_disarmed", "preset": "bird_single", "single_auto": true, "ts": 1783056404.366}
{"armed": false, "event": "idle_disarmed", "preset": "bird_single", "single_auto": true, "ts": 1783056405.369}
{"armed": false, "event": "idle_disarmed", "preset": "bird_single", "single_auto": true, "ts": 1783056405.369}
{"armed": false, "event": "idle_disarmed", "preset": "bird_single", "single_auto": true, "ts": 1783056406.371}
{"armed": false, "event": "idle_disarmed", "preset": "bird_single", "single_auto": true, "ts": 1783056406.371}
{"armed": false, "event": "idle_disarmed", "preset": "bird_single", "single_auto": true, "ts": 1783056407.374}
{"armed": false, "event": "idle_disarmed", "preset": "bird_single", "single_auto": true, "ts": 1783056407.374}
{"armed": false, "event": "idle_disarmed", "preset": "bird_single", "single_auto": true, "ts": 1783056408.377}
{"armed": false, "event": "idle_disarmed", "preset": "bird_single", "single_auto": true, "ts": 1783056408.377}
{"armed": false, "event": "idle_disarmed", "preset": "bird_single", "single_auto": true, "ts": 1783056409.379}
{"armed": false, "event": "idle_disarmed", "preset": "bird_single", "single_auto": true, "ts": 1783056409.379}
{"armed": false, "event": "idle_disarmed", "preset": "bird_single", "single_auto": true, "ts": 1783056410.382}
{"armed": false, "event": "idle_disarmed", "preset": "bird_single", "single_auto": true, "ts": 1783056410.382}
{"armed": false, "event": "idle_disarmed", "preset": "bird_single", "single_auto": true, "ts": 1783056411.384}
{"armed": false, "event": "idle_disarmed", "preset": "bird_single", "single_auto": true, "ts": 1783056411.384}
{"armed": false, "event": "idle_disarmed", "preset": "bird_single", "single_auto": true, "ts": 1783056412.387}
{"armed": false, "event": "idle_disarmed", "preset": "bird_single", "single_auto": true, "ts": 1783056412.387}
{"armed": false, "event": "idle_disarmed", "preset": "bird_single", "single_auto": true, "ts": 1783056413.39}
{"armed": false, "event": "idle_disarmed", "preset": "bird_single", "single_auto": true, "ts": 1783056413.39}
{"armed": false, "event": "idle_disarmed", "preset": "bird_single", "single_auto": true, "ts": 1783056414.393}
{"armed": false, "event": "idle_disarmed", "preset": "bird_single", "single_auto": true, "ts": 1783056414.393}
{"armed": false, "event": "idle_disarmed", "preset": "bird_single", "single_auto": true, "ts": 1783056415.395}
{"armed": false, "event": "idle_disarmed", "preset": "bird_single", "single_auto": true, "ts": 1783056415.395}
{"armed": false, "event": "idle_disarmed", "preset": "car_single", "single_auto": true, "ts": 1783056416.398}
{"armed": false, "event": "idle_disarmed", "preset": "car_single", "single_auto": true, "ts": 1783056416.398}
{"armed": false, "event": "idle_disarmed", "preset": "car_single", "single_auto": true, "ts": 1783056417.4}
{"armed": false, "event": "idle_disarmed", "preset": "car_single", "single_auto": true, "ts": 1783056417.4}
{"armed": false, "event": "idle_disarmed", "preset": "car_single", "single_auto": true, "ts": 1783056418.403}
{"armed": false, "event": "idle_disarmed", "preset": "car_single", "single_auto": true, "ts": 1783056418.403}
{"cmd": ["/usr/bin/python3", "/root/rknpu2/examples/rknn_yolov8_demo_opencv_2_work_2/new_yolo8/apply_ptz_object_preset.py", "--preset", "car_single", "--arm", "force", "--strategy", "preset", "--watch"], "event": "child_start", "pid": 179756, "preset": "car_single", "search_preset": "lost_step_wait", "ts": 1783056419.406}
{"cmd": ["/usr/bin/python3", "/root/rknpu2/examples/rknn_yolov8_demo_opencv_2_work_2/new_yolo8/apply_ptz_object_preset.py", "--preset", "car_single", "--arm", "force", "--strategy", "preset", "--watch"], "event": "child_start", "pid": 179756, "preset": "car_single", "search_preset": "lost_step_wait", "ts": 1783056419.406}
{"event": "armed_running", "pid": 179756, "preset": "car_single", "search_preset": "lost_step_wait", "ts": 1783056420.41}
{"event": "armed_running", "pid": 179756, "preset": "car_single", "search_preset": "lost_step_wait", "ts": 1783056420.41}
{"event": "child_stop", "pid": 179756, "preset": "car_single::lost_step_wait", "reason": "ptzArmed_false", "ts": 1783056432.44}
{"event": "child_stop", "pid": 179756, "preset": "car_single::lost_step_wait", "reason": "ptzArmed_false", "ts": 1783056432.44}
{"archived": "/root/rknpu2/examples/rknn_yolov8_demo_opencv_2_work_2/new_yolo8/logs/session_20260703_052712_ptzArmed_false", "event": "logs_archived", "reason": "ptzArmed_false", "ts": 1783056432.741}
{"archived": "/root/rknpu2/examples/rknn_yolov8_demo_opencv_2_work_2/new_yolo8/logs/session_20260703_052712_ptzArmed_false", "event": "logs_archived", "reason": "ptzArmed_false", "ts": 1783056432.741}
{"armed": false, "event": "idle_disarmed", "preset": "car_single", "single_auto": true, "ts": 1783056432.742}
{"armed": false, "event": "idle_disarmed", "preset": "car_single", "single_auto": true, "ts": 1783056432.742}
{"armed": false, "event": "idle_disarmed", "preset": "car_single", "single_auto": true, "ts": 1783056433.743}
{"armed": false, "event": "idle_disarmed", "preset": "car_single", "single_auto": true, "ts": 1783056433.743}
{"armed": false, "event": "idle_disarmed", "preset": "car_single", "single_auto": true, "ts": 1783056434.744}
{"armed": false, "event": "idle_disarmed", "preset": "car_single", "single_auto": true, "ts": 1783056434.744}
{"armed": false, "event": "idle_disarmed", "preset": "bird_single", "single_auto": true, "ts": 1783056435.745}
{"armed": false, "event": "idle_disarmed", "preset": "bird_single", "single_auto": true, "ts": 1783056435.745}
{"armed": false, "event": "idle_disarmed", "preset": "bird_single", "single_auto": true, "ts": 1783056436.746}
{"armed": false, "event": "idle_disarmed", "preset": "bird_single", "single_auto": true, "ts": 1783056436.746}
{"armed": false, "event": "idle_disarmed", "preset": "bird_single", "single_auto": true, "ts": 1783056437.747}
{"armed": false, "event": "idle_disarmed", "preset": "bird_single", "single_auto": true, "ts": 1783056437.747}
{"armed": false, "event": "idle_disarmed", "preset": "bird_single", "single_auto": true, "ts": 1783056438.748}
{"armed": false, "event": "idle_disarmed", "preset": "bird_single", "single_auto": true, "ts": 1783056438.748}
{"armed": false, "event": "idle_disarmed", "preset": "bird_single", "single_auto": true, "ts": 1783056439.749}
{"armed": false, "event": "idle_disarmed", "preset": "bird_single", "single_auto": true, "ts": 1783056439.749}
{"armed": false, "event": "idle_disarmed", "preset": "bird_single", "single_auto": true, "ts": 1783056440.75}
{"armed": false, "event": "idle_disarmed", "preset": "bird_single", "single_auto": true, "ts": 1783056440.75}
{"armed": false, "event": "idle_disarmed", "preset": "bird_single", "single_auto": true, "ts": 1783056441.751}
{"armed": false, "event": "idle_disarmed", "preset": "bird_single", "single_auto": true, "ts": 1783056441.751}
{"armed": false, "event": "idle_disarmed", "preset": "bird_single", "single_auto": true, "ts": 1783056442.753}
{"armed": false, "event": "idle_disarmed", "preset": "bird_single", "single_auto": true, "ts": 1783056442.753}
{"armed": false, "event": "idle_disarmed", "preset": "bird_single", "single_auto": true, "ts": 1783056443.756}
{"armed": false, "event": "idle_disarmed", "preset": "bird_single", "single_auto": true, "ts": 1783056443.756}
{"armed": false, "event": "idle_disarmed", "preset": "bird_single", "single_auto": true, "ts": 1783056444.759}
{"armed": false, "event": "idle_disarmed", "preset": "bird_single", "single_auto": true, "ts": 1783056444.759}
{"armed": false, "event": "idle_disarmed", "preset": "bird_single", "single_auto": true, "ts": 1783056445.761}
{"armed": false, "event": "idle_disarmed", "preset": "bird_single", "single_auto": true, "ts": 1783056445.761}
{"armed": false, "event": "idle_disarmed", "preset": "bird_single", "single_auto": true, "ts": 1783056446.764}
{"armed": false, "event": "idle_disarmed", "preset": "bird_single", "single_auto": true, "ts": 1783056446.764}
{"armed": false, "event": "idle_disarmed", "preset": "bird_single", "single_auto": true, "ts": 1783056447.766}
{"armed": false, "event": "idle_disarmed", "preset": "bird_single", "single_auto": true, "ts": 1783056447.766}
{"armed": false, "event": "idle_disarmed", "preset": "bird_single", "single_auto": true, "ts": 1783056448.769}
{"armed": false, "event": "idle_disarmed", "preset": "bird_single", "single_auto": true, "ts": 1783056448.769}
{"armed": false, "event": "idle_disarmed", "preset": "bird_single", "single_auto": true, "ts": 1783056449.772}
{"armed": false, "event": "idle_disarmed", "preset": "bird_single", "single_auto": true, "ts": 1783056449.772}
{"armed": false, "event": "idle_disarmed", "preset": "bird_single", "single_auto": true, "ts": 1783056450.774}
{"armed": false, "event": "idle_disarmed", "preset": "bird_single", "single_auto": true, "ts": 1783056450.774}
{"armed": false, "event": "idle_disarmed", "preset": "bird_single", "single_auto": true, "ts": 1783056451.777}
{"armed": false, "event": "idle_disarmed", "preset": "bird_single", "single_auto": true, "ts": 1783056451.777}
{"armed": false, "event": "idle_disarmed", "preset": "bird_single", "single_auto": true, "ts": 1783056452.779}
{"armed": false, "event": "idle_disarmed", "preset": "bird_single", "single_auto": true, "ts": 1783056452.779}
{"armed": false, "event": "idle_disarmed", "preset": "bird_single", "single_auto": true, "ts": 1783056453.782}
{"armed": false, "event": "idle_disarmed", "preset": "bird_single", "single_auto": true, "ts": 1783056453.782}
{"armed": false, "event": "idle_disarmed", "preset": "bird_single", "single_auto": true, "ts": 1783056454.785}
{"armed": false, "event": "idle_disarmed", "preset": "bird_single", "single_auto": true, "ts": 1783056454.785}
{"armed": false, "event": "idle_disarmed", "preset": "bird_single", "single_auto": true, "ts": 1783056455.787}
{"armed": false, "event": "idle_disarmed", "preset": "bird_single", "single_auto": true, "ts": 1783056455.787}
{"armed": false, "event": "idle_disarmed", "preset": "bird_single", "single_auto": true, "ts": 1783056456.79}
{"armed": false, "event": "idle_disarmed", "preset": "bird_single", "single_auto": true, "ts": 1783056456.79}
{"armed": false, "event": "idle_disarmed", "preset": "bird_single", "single_auto": true, "ts": 1783056457.793}
{"armed": false, "event": "idle_disarmed", "preset": "bird_single", "single_auto": true, "ts": 1783056457.793}
{"armed": false, "event": "idle_disarmed", "preset": "bird_single", "single_auto": true, "ts": 1783056458.796}
{"armed": false, "event": "idle_disarmed", "preset": "bird_single", "single_auto": true, "ts": 1783056458.796}
{"armed": false, "event": "idle_disarmed", "preset": "bird_single", "single_auto": true, "ts": 1783056459.798}
{"armed": false, "event": "idle_disarmed", "preset": "bird_single", "single_auto": true, "ts": 1783056459.798}
{"armed": false, "event": "idle_disarmed", "preset": "bird_single", "single_auto": true, "ts": 1783056460.801}
{"armed": false, "event": "idle_disarmed", "preset": "bird_single", "single_auto": true, "ts": 1783056460.801}
{"armed": false, "event": "idle_disarmed", "preset": "bird_single", "single_auto": true, "ts": 1783056461.804}
{"armed": false, "event": "idle_disarmed", "preset": "bird_single", "single_auto": true, "ts": 1783056461.804}
{"armed": false, "event": "idle_disarmed", "preset": "bird_single", "single_auto": true, "ts": 1783056462.806}
{"armed": false, "event": "idle_disarmed", "preset": "bird_single", "single_auto": true, "ts": 1783056462.806}
{"armed": false, "event": "idle_disarmed", "preset": "bird_single", "single_auto": true, "ts": 1783056463.809}
{"armed": false, "event": "idle_disarmed", "preset": "bird_single", "single_auto": true, "ts": 1783056463.809}
{"armed": false, "event": "idle_disarmed", "preset": "bird_single", "single_auto": true, "ts": 1783056464.812}
{"armed": false, "event": "idle_disarmed", "preset": "bird_single", "single_auto": true, "ts": 1783056464.812}
{"armed": false, "event": "idle_disarmed", "preset": "bird_single", "single_auto": true, "ts": 1783056465.815}
{"armed": false, "event": "idle_disarmed", "preset": "bird_single", "single_auto": true, "ts": 1783056465.815}
{"armed": false, "event": "idle_disarmed", "preset": "bird_single", "single_auto": true, "ts": 1783056466.817}
{"armed": false, "event": "idle_disarmed", "preset": "bird_single", "single_auto": true, "ts": 1783056466.817}
{"armed": false, "event": "idle_disarmed", "preset": "bird_single", "single_auto": true, "ts": 1783056467.82}
{"armed": false, "event": "idle_disarmed", "preset": "bird_single", "single_auto": true, "ts": 1783056467.82}
{"armed": false, "event": "idle_disarmed", "preset": "bird_single", "single_auto": true, "ts": 1783056468.823}
{"armed": false, "event": "idle_disarmed", "preset": "bird_single", "single_auto": true, "ts": 1783056468.823}
{"armed": false, "event": "idle_disarmed", "preset": "bird_single", "single_auto": true, "ts": 1783056469.825}
{"armed": false, "event": "idle_disarmed", "preset": "bird_single", "single_auto": true, "ts": 1783056469.825}
{"armed": false, "event": "idle_disarmed", "preset": "bird_single", "single_auto": true, "ts": 1783056470.828}
{"armed": false, "event": "idle_disarmed", "preset": "bird_single", "single_auto": true, "ts": 1783056470.828}
{"armed": false, "event": "idle_disarmed", "preset": "bird_single", "single_auto": true, "ts": 1783056471.83}
{"armed": false, "event": "idle_disarmed", "preset": "bird_single", "single_auto": true, "ts": 1783056471.83}
{"armed": false, "event": "idle_disarmed", "preset": "bird_single", "single_auto": true, "ts": 1783056472.833}
{"armed": false, "event": "idle_disarmed", "preset": "bird_single", "single_auto": true, "ts": 1783056472.833}
{"armed": false, "event": "idle_disarmed", "preset": "bird_single", "single_auto": true, "ts": 1783056473.836}
{"armed": false, "event": "idle_disarmed", "preset": "bird_single", "single_auto": true, "ts": 1783056473.836}
{"armed": false, "event": "idle_disarmed", "preset": "bird_single", "single_auto": true, "ts": 1783056474.838}
{"armed": false, "event": "idle_disarmed", "preset": "bird_single", "single_auto": true, "ts": 1783056474.838}
{"armed": false, "event": "idle_disarmed", "preset": "bird_single", "single_auto": true, "ts": 1783056475.841}
{"armed": false, "event": "idle_disarmed", "preset": "bird_single", "single_auto": true, "ts": 1783056475.841}
{"armed": false, "event": "idle_disarmed", "preset": "bird_single", "single_auto": true, "ts": 1783056476.842}
{"armed": false, "event": "idle_disarmed", "preset": "bird_single", "single_auto": true, "ts": 1783056476.842}
{"armed": false, "event": "idle_disarmed", "preset": "bird_single", "single_auto": true, "ts": 1783056477.843}
{"armed": false, "event": "idle_disarmed", "preset": "bird_single", "single_auto": true, "ts": 1783056477.843}
{"armed": false, "event": "idle_disarmed", "preset": "car_single", "single_auto": true, "ts": 1783056478.844}
{"armed": false, "event": "idle_disarmed", "preset": "car_single", "single_auto": true, "ts": 1783056478.844}
{"armed": false, "event": "idle_disarmed", "preset": "car_single", "single_auto": true, "ts": 1783056479.845}
{"armed": false, "event": "idle_disarmed", "preset": "car_single", "single_auto": true, "ts": 1783056479.845}
{"armed": false, "event": "idle_disarmed", "preset": "car_single", "single_auto": true, "ts": 1783056480.846}
{"armed": false, "event": "idle_disarmed", "preset": "car_single", "single_auto": true, "ts": 1783056480.846}
{"cmd": ["/usr/bin/python3", "/root/rknpu2/examples/rknn_yolov8_demo_opencv_2_work_2/new_yolo8/apply_ptz_object_preset.py", "--preset", "car_single", "--arm", "force", "--strategy", "preset", "--watch"], "event": "child_start", "pid": 183150, "preset": "car_single", "search_preset": "lost_step_wait", "ts": 1783056481.848}
{"cmd": ["/usr/bin/python3", "/root/rknpu2/examples/rknn_yolov8_demo_opencv_2_work_2/new_yolo8/apply_ptz_object_preset.py", "--preset", "car_single", "--arm", "force", "--strategy", "preset", "--watch"], "event": "child_start", "pid": 183150, "preset": "car_single", "search_preset": "lost_step_wait", "ts": 1783056481.848}
{"event": "armed_running", "pid": 183150, "preset": "car_single", "search_preset": "lost_step_wait", "ts": 1783056482.849}
{"event": "armed_running", "pid": 183150, "preset": "car_single", "search_preset": "lost_step_wait", "ts": 1783056482.849}
{"event": "child_stop", "pid": 183150, "preset": "car_single::lost_step_wait", "reason": "ptzArmed_false", "ts": 1783056494.874}
{"event": "child_stop", "pid": 183150, "preset": "car_single::lost_step_wait", "reason": "ptzArmed_false", "ts": 1783056494.874}
