{"event": "armed_running", "pid": 985615, "preset": "car_single", "search_preset": "lost_step_wait", "ts": 1783072891.612}
{"event": "armed_running", "pid": 985615, "preset": "car_single", "search_preset": "lost_step_wait", "ts": 1783072891.612}
{"event": "armed_running", "pid": 985615, "preset": "car_single", "search_preset": "lost_step_wait", "ts": 1783072906.653}
{"event": "armed_running", "pid": 985615, "preset": "car_single", "search_preset": "lost_step_wait", "ts": 1783072906.653}
{"event": "armed_running", "pid": 985615, "preset": "car_single", "search_preset": "lost_step_wait", "ts": 1783072921.693}
{"event": "armed_running", "pid": 985615, "preset": "car_single", "search_preset": "lost_step_wait", "ts": 1783072921.693}
{"event": "armed_running", "pid": 985615, "preset": "car_single", "search_preset": "lost_step_wait", "ts": 1783072936.734}
{"event": "armed_running", "pid": 985615, "preset": "car_single", "search_preset": "lost_step_wait", "ts": 1783072936.734}
{"event": "armed_running", "pid": 985615, "preset": "car_single", "search_preset": "lost_step_wait", "ts": 1783072951.773}
{"event": "armed_running", "pid": 985615, "preset": "car_single", "search_preset": "lost_step_wait", "ts": 1783072951.773}
{"event": "armed_running", "pid": 985615, "preset": "car_single", "search_preset": "lost_step_wait", "ts": 1783072966.812}
{"event": "armed_running", "pid": 985615, "preset": "car_single", "search_preset": "lost_step_wait", "ts": 1783072966.812}
{"event": "armed_running", "pid": 985615, "preset": "car_single", "search_preset": "lost_step_wait", "ts": 1783072981.851}
{"event": "armed_running", "pid": 985615, "preset": "car_single", "search_preset": "lost_step_wait", "ts": 1783072981.851}
{"event": "armed_running", "pid": 985615, "preset": "car_single", "search_preset": "lost_step_wait", "ts": 1783072996.891}
{"event": "armed_running", "pid": 985615, "preset": "car_single", "search_preset": "lost_step_wait", "ts": 1783072996.891}
{"event": "armed_running", "pid": 985615, "preset": "car_single", "search_preset": "lost_step_wait", "ts": 1783073011.931}
{"event": "armed_running", "pid": 985615, "preset": "car_single", "search_preset": "lost_step_wait", "ts": 1783073011.931}
{"event": "armed_running", "pid": 985615, "preset": "car_single", "search_preset": "lost_step_wait", "ts": 1783073026.972}
{"event": "armed_running", "pid": 985615, "preset": "car_single", "search_preset": "lost_step_wait", "ts": 1783073026.972}
{"event": "armed_running", "pid": 985615, "preset": "car_single", "search_preset": "lost_step_wait", "ts": 1783073042.011}
{"event": "armed_running", "pid": 985615, "preset": "car_single", "search_preset": "lost_step_wait", "ts": 1783073042.011}
{"event": "armed_running", "pid": 985615, "preset": "car_single", "search_preset": "lost_step_wait", "ts": 1783073057.052}
{"event": "armed_running", "pid": 985615, "preset": "car_single", "search_preset": "lost_step_wait", "ts": 1783073057.052}
{"event": "armed_running", "pid": 985615, "preset": "car_single", "search_preset": "lost_step_wait", "ts": 1783073072.092}
{"event": "armed_running", "pid": 985615, "preset": "car_single", "search_preset": "lost_step_wait", "ts": 1783073072.092}
{"event": "armed_running", "pid": 985615, "preset": "car_single", "search_preset": "lost_step_wait", "ts": 1783073087.131}
{"event": "armed_running", "pid": 985615, "preset": "car_single", "search_preset": "lost_step_wait", "ts": 1783073087.131}
{"event": "armed_running", "pid": 985615, "preset": "car_single", "search_preset": "lost_step_wait", "ts": 1783073102.171}
{"event": "armed_running", "pid": 985615, "preset": "car_single", "search_preset": "lost_step_wait", "ts": 1783073102.171}
{"event": "armed_running", "pid": 985615, "preset": "car_single", "search_preset": "lost_step_wait", "ts": 1783073117.211}
{"event": "armed_running", "pid": 985615, "preset": "car_single", "search_preset": "lost_step_wait", "ts": 1783073117.211}
{"event": "armed_running", "pid": 985615, "preset": "car_single", "search_preset": "lost_step_wait", "ts": 1783073132.251}
{"event": "armed_running", "pid": 985615, "preset": "car_single", "search_preset": "lost_step_wait", "ts": 1783073132.251}
{"event": "armed_running", "pid": 985615, "preset": "car_single", "search_preset": "lost_step_wait", "ts": 1783073147.289}
{"event": "armed_running", "pid": 985615, "preset": "car_single", "search_preset": "lost_step_wait", "ts": 1783073147.289}
{"event": "armed_running", "pid": 985615, "preset": "car_single", "search_preset": "lost_step_wait", "ts": 1783073162.329}
{"event": "armed_running", "pid": 985615, "preset": "car_single", "search_preset": "lost_step_wait", "ts": 1783073162.329}
{"event": "armed_running", "pid": 985615, "preset": "car_single", "search_preset": "lost_step_wait", "ts": 1783073177.371}
{"event": "armed_running", "pid": 985615, "preset": "car_single", "search_preset": "lost_step_wait", "ts": 1783073177.371}
{"event": "armed_running", "pid": 985615, "preset": "car_single", "search_preset": "lost_step_wait", "ts": 1783073192.414}
{"event": "armed_running", "pid": 985615, "preset": "car_single", "search_preset": "lost_step_wait", "ts": 1783073192.414}
{"event": "armed_running", "pid": 985615, "preset": "car_single", "search_preset": "lost_step_wait", "ts": 1783073207.456}
{"event": "armed_running", "pid": 985615, "preset": "car_single", "search_preset": "lost_step_wait", "ts": 1783073207.456}
{"event": "armed_running", "pid": 985615, "preset": "car_single", "search_preset": "lost_step_wait", "ts": 1783073222.496}
{"event": "armed_running", "pid": 985615, "preset": "car_single", "search_preset": "lost_step_wait", "ts": 1783073222.496}
{"event": "armed_running", "pid": 985615, "preset": "car_single", "search_preset": "lost_step_wait", "ts": 1783073237.535}
{"event": "armed_running", "pid": 985615, "preset": "car_single", "search_preset": "lost_step_wait", "ts": 1783073237.535}
{"event": "armed_running", "pid": 985615, "preset": "car_single", "search_preset": "lost_step_wait", "ts": 1783073252.574}
{"event": "armed_running", "pid": 985615, "preset": "car_single", "search_preset": "lost_step_wait", "ts": 1783073252.574}
{"event": "armed_running", "pid": 985615, "preset": "car_single", "search_preset": "lost_step_wait", "ts": 1783073267.614}
{"event": "armed_running", "pid": 985615, "preset": "car_single", "search_preset": "lost_step_wait", "ts": 1783073267.614}
{"event": "armed_running", "pid": 985615, "preset": "car_single", "search_preset": "lost_step_wait", "ts": 1783073282.654}
{"event": "armed_running", "pid": 985615, "preset": "car_single", "search_preset": "lost_step_wait", "ts": 1783073282.654}
{"event": "armed_running", "pid": 985615, "preset": "car_single", "search_preset": "lost_step_wait", "ts": 1783073297.693}
{"event": "armed_running", "pid": 985615, "preset": "car_single", "search_preset": "lost_step_wait", "ts": 1783073297.693}
{"event": "armed_running", "pid": 985615, "preset": "car_single", "search_preset": "lost_step_wait", "ts": 1783073312.734}
{"event": "armed_running", "pid": 985615, "preset": "car_single", "search_preset": "lost_step_wait", "ts": 1783073312.734}
{"event": "armed_running", "pid": 985615, "preset": "car_single", "search_preset": "lost_step_wait", "ts": 1783073327.774}
{"event": "armed_running", "pid": 985615, "preset": "car_single", "search_preset": "lost_step_wait", "ts": 1783073327.774}
{"event": "armed_running", "pid": 985615, "preset": "car_single", "search_preset": "lost_step_wait", "ts": 1783073342.812}
{"event": "armed_running", "pid": 985615, "preset": "car_single", "search_preset": "lost_step_wait", "ts": 1783073342.812}
{"event": "armed_running", "pid": 985615, "preset": "car_single", "search_preset": "lost_step_wait", "ts": 1783073357.85}
{"event": "armed_running", "pid": 985615, "preset": "car_single", "search_preset": "lost_step_wait", "ts": 1783073357.85}
{"event": "armed_running", "pid": 985615, "preset": "car_single", "search_preset": "lost_step_wait", "ts": 1783073372.889}
{"event": "armed_running", "pid": 985615, "preset": "car_single", "search_preset": "lost_step_wait", "ts": 1783073372.889}
{"event": "armed_running", "pid": 985615, "preset": "car_single", "search_preset": "lost_step_wait", "ts": 1783073387.929}
{"event": "armed_running", "pid": 985615, "preset": "car_single", "search_preset": "lost_step_wait", "ts": 1783073387.929}
{"event": "armed_running", "pid": 985615, "preset": "car_single", "search_preset": "lost_step_wait", "ts": 1783073402.968}
{"event": "armed_running", "pid": 985615, "preset": "car_single", "search_preset": "lost_step_wait", "ts": 1783073402.968}
{"event": "armed_running", "pid": 985615, "preset": "car_single", "search_preset": "lost_step_wait", "ts": 1783073418.007}
{"event": "armed_running", "pid": 985615, "preset": "car_single", "search_preset": "lost_step_wait", "ts": 1783073418.007}
{"event": "armed_running", "pid": 985615, "preset": "car_single", "search_preset": "lost_step_wait", "ts": 1783073433.048}
{"event": "armed_running", "pid": 985615, "preset": "car_single", "search_preset": "lost_step_wait", "ts": 1783073433.048}
{"event": "armed_running", "pid": 985615, "preset": "car_single", "search_preset": "lost_step_wait", "ts": 1783073448.089}
{"event": "armed_running", "pid": 985615, "preset": "car_single", "search_preset": "lost_step_wait", "ts": 1783073448.089}
{"event": "armed_running", "pid": 985615, "preset": "car_single", "search_preset": "lost_step_wait", "ts": 1783073463.129}
{"event": "armed_running", "pid": 985615, "preset": "car_single", "search_preset": "lost_step_wait", "ts": 1783073463.129}
{"event": "armed_running", "pid": 985615, "preset": "car_single", "search_preset": "lost_step_wait", "ts": 1783073478.171}
{"event": "armed_running", "pid": 985615, "preset": "car_single", "search_preset": "lost_step_wait", "ts": 1783073478.171}
{"event": "armed_running", "pid": 985615, "preset": "car_single", "search_preset": "lost_step_wait", "ts": 1783073493.209}
{"event": "armed_running", "pid": 985615, "preset": "car_single", "search_preset": "lost_step_wait", "ts": 1783073493.209}
{"event": "armed_running", "pid": 985615, "preset": "car_single", "search_preset": "lost_step_wait", "ts": 1783073508.25}
{"event": "armed_running", "pid": 985615, "preset": "car_single", "search_preset": "lost_step_wait", "ts": 1783073508.25}
{"event": "armed_running", "pid": 985615, "preset": "car_single", "search_preset": "lost_step_wait", "ts": 1783073523.29}
{"event": "armed_running", "pid": 985615, "preset": "car_single", "search_preset": "lost_step_wait", "ts": 1783073523.29}
{"event": "armed_running", "pid": 985615, "preset": "car_single", "search_preset": "lost_step_wait", "ts": 1783073538.33}
{"event": "armed_running", "pid": 985615, "preset": "car_single", "search_preset": "lost_step_wait", "ts": 1783073538.33}
{"event": "armed_running", "pid": 985615, "preset": "car_single", "search_preset": "lost_step_wait", "ts": 1783073553.369}
{"event": "armed_running", "pid": 985615, "preset": "car_single", "search_preset": "lost_step_wait", "ts": 1783073553.369}
{"event": "armed_running", "pid": 985615, "preset": "car_single", "search_preset": "lost_step_wait", "ts": 1783073568.408}
{"event": "armed_running", "pid": 985615, "preset": "car_single", "search_preset": "lost_step_wait", "ts": 1783073568.408}
{"event": "armed_running", "pid": 985615, "preset": "car_single", "search_preset": "lost_step_wait", "ts": 1783073583.452}
{"event": "armed_running", "pid": 985615, "preset": "car_single", "search_preset": "lost_step_wait", "ts": 1783073583.452}
{"event": "armed_running", "pid": 985615, "preset": "car_single", "search_preset": "lost_step_wait", "ts": 1783073598.492}
{"event": "armed_running", "pid": 985615, "preset": "car_single", "search_preset": "lost_step_wait", "ts": 1783073598.492}
{"event": "armed_running", "pid": 985615, "preset": "car_single", "search_preset": "lost_step_wait", "ts": 1783073613.533}
{"event": "armed_running", "pid": 985615, "preset": "car_single", "search_preset": "lost_step_wait", "ts": 1783073613.533}
{"event": "armed_running", "pid": 985615, "preset": "car_single", "search_preset": "lost_step_wait", "ts": 1783073628.572}
{"event": "armed_running", "pid": 985615, "preset": "car_single", "search_preset": "lost_step_wait", "ts": 1783073628.572}
{"event": "armed_running", "pid": 985615, "preset": "car_single", "search_preset": "lost_step_wait", "ts": 1783073643.613}
{"event": "armed_running", "pid": 985615, "preset": "car_single", "search_preset": "lost_step_wait", "ts": 1783073643.613}
{"event": "armed_running", "pid": 985615, "preset": "car_single", "search_preset": "lost_step_wait", "ts": 1783073658.652}
{"event": "armed_running", "pid": 985615, "preset": "car_single", "search_preset": "lost_step_wait", "ts": 1783073658.652}
{"event": "armed_running", "pid": 985615, "preset": "car_single", "search_preset": "lost_step_wait", "ts": 1783073673.691}
{"event": "armed_running", "pid": 985615, "preset": "car_single", "search_preset": "lost_step_wait", "ts": 1783073673.691}
{"event": "armed_running", "pid": 985615, "preset": "car_single", "search_preset": "lost_step_wait", "ts": 1783073688.732}
{"event": "armed_running", "pid": 985615, "preset": "car_single", "search_preset": "lost_step_wait", "ts": 1783073688.732}
{"event": "armed_running", "pid": 985615, "preset": "car_single", "search_preset": "lost_step_wait", "ts": 1783073703.77}
{"event": "armed_running", "pid": 985615, "preset": "car_single", "search_preset": "lost_step_wait", "ts": 1783073703.77}
{"event": "armed_running", "pid": 985615, "preset": "car_single", "search_preset": "lost_step_wait", "ts": 1783073718.81}
{"event": "armed_running", "pid": 985615, "preset": "car_single", "search_preset": "lost_step_wait", "ts": 1783073718.81}
{"event": "armed_running", "pid": 985615, "preset": "car_single", "search_preset": "lost_step_wait", "ts": 1783073733.85}
{"event": "armed_running", "pid": 985615, "preset": "car_single", "search_preset": "lost_step_wait", "ts": 1783073733.85}
{"event": "armed_running", "pid": 985615, "preset": "car_single", "search_preset": "lost_step_wait", "ts": 1783073748.888}
{"event": "armed_running", "pid": 985615, "preset": "car_single", "search_preset": "lost_step_wait", "ts": 1783073748.888}
{"event": "armed_running", "pid": 985615, "preset": "car_single", "search_preset": "lost_step_wait", "ts": 1783073763.928}
{"event": "armed_running", "pid": 985615, "preset": "car_single", "search_preset": "lost_step_wait", "ts": 1783073763.928}
{"event": "armed_running", "pid": 985615, "preset": "car_single", "search_preset": "lost_step_wait", "ts": 1783073778.968}
{"event": "armed_running", "pid": 985615, "preset": "car_single", "search_preset": "lost_step_wait", "ts": 1783073778.968}
{"event": "armed_running", "pid": 985615, "preset": "car_single", "search_preset": "lost_step_wait", "ts": 1783073794.007}
{"event": "armed_running", "pid": 985615, "preset": "car_single", "search_preset": "lost_step_wait", "ts": 1783073794.007}
{"event": "armed_running", "pid": 985615, "preset": "car_single", "search_preset": "lost_step_wait", "ts": 1783073809.047}
{"event": "armed_running", "pid": 985615, "preset": "car_single", "search_preset": "lost_step_wait", "ts": 1783073809.047}
{"event": "armed_running", "pid": 985615, "preset": "car_single", "search_preset": "lost_step_wait", "ts": 1783073824.087}
{"event": "armed_running", "pid": 985615, "preset": "car_single", "search_preset": "lost_step_wait", "ts": 1783073824.087}
{"event": "armed_running", "pid": 985615, "preset": "car_single", "search_preset": "lost_step_wait", "ts": 1783073839.125}
{"event": "armed_running", "pid": 985615, "preset": "car_single", "search_preset": "lost_step_wait", "ts": 1783073839.125}
{"event": "armed_running", "pid": 985615, "preset": "car_single", "search_preset": "lost_step_wait", "ts": 1783073854.165}
{"event": "armed_running", "pid": 985615, "preset": "car_single", "search_preset": "lost_step_wait", "ts": 1783073854.165}
{"event": "armed_running", "pid": 985615, "preset": "car_single", "search_preset": "lost_step_wait", "ts": 1783073869.204}
{"event": "armed_running", "pid": 985615, "preset": "car_single", "search_preset": "lost_step_wait", "ts": 1783073869.204}
{"event": "armed_running", "pid": 985615, "preset": "car_single", "search_preset": "lost_step_wait", "ts": 1783073884.245}
{"event": "armed_running", "pid": 985615, "preset": "car_single", "search_preset": "lost_step_wait", "ts": 1783073884.245}
{"event": "armed_running", "pid": 985615, "preset": "car_single", "search_preset": "lost_step_wait", "ts": 1783073899.286}
{"event": "armed_running", "pid": 985615, "preset": "car_single", "search_preset": "lost_step_wait", "ts": 1783073899.286}
{"event": "armed_running", "pid": 985615, "preset": "car_single", "search_preset": "lost_step_wait", "ts": 1783073914.326}
{"event": "armed_running", "pid": 985615, "preset": "car_single", "search_preset": "lost_step_wait", "ts": 1783073914.326}
{"event": "armed_running", "pid": 985615, "preset": "car_single", "search_preset": "lost_step_wait", "ts": 1783073929.365}
{"event": "armed_running", "pid": 985615, "preset": "car_single", "search_preset": "lost_step_wait", "ts": 1783073929.365}
{"event": "armed_running", "pid": 985615, "preset": "car_single", "search_preset": "lost_step_wait", "ts": 1783073944.405}
{"event": "armed_running", "pid": 985615, "preset": "car_single", "search_preset": "lost_step_wait", "ts": 1783073944.405}
{"event": "armed_running", "pid": 985615, "preset": "car_single", "search_preset": "lost_step_wait", "ts": 1783073959.444}
{"event": "armed_running", "pid": 985615, "preset": "car_single", "search_preset": "lost_step_wait", "ts": 1783073959.444}
{"event": "child_stop", "pid": 985615, "preset": "car_single::lost_step_wait", "reason": "ptzArmed_false", "ts": 1783073967.466}
{"event": "child_stop", "pid": 985615, "preset": "car_single::lost_step_wait", "reason": "ptzArmed_false", "ts": 1783073967.466}
{"archived": "/root/rknpu2/examples/rknn_yolov8_demo_opencv_2_work_2/new_yolo8/logs/session_20260703_101927_ptzArmed_false", "event": "logs_archived", "reason": "ptzArmed_false", "ts": 1783073968.878}
{"archived": "/root/rknpu2/examples/rknn_yolov8_demo_opencv_2_work_2/new_yolo8/logs/session_20260703_101927_ptzArmed_false", "event": "logs_archived", "reason": "ptzArmed_false", "ts": 1783073968.878}
{"armed": false, "event": "idle_disarmed", "preset": "car_single", "single_auto": true, "ts": 1783073968.879}
{"armed": false, "event": "idle_disarmed", "preset": "car_single", "single_auto": true, "ts": 1783073968.879}
{"armed": false, "event": "idle_disarmed", "preset": "car_single", "single_auto": true, "ts": 1783073969.882}
{"armed": false, "event": "idle_disarmed", "preset": "car_single", "single_auto": true, "ts": 1783073969.882}
{"armed": false, "event": "idle_disarmed", "preset": "car_single", "single_auto": true, "ts": 1783073970.884}
{"armed": false, "event": "idle_disarmed", "preset": "car_single", "single_auto": true, "ts": 1783073970.884}
{"armed": false, "event": "idle_disarmed", "preset": "car_single", "single_auto": true, "ts": 1783073971.887}
{"armed": false, "event": "idle_disarmed", "preset": "car_single", "single_auto": true, "ts": 1783073971.887}
{"armed": false, "event": "idle_disarmed", "preset": "car_single", "single_auto": true, "ts": 1783073972.89}
{"armed": false, "event": "idle_disarmed", "preset": "car_single", "single_auto": true, "ts": 1783073972.89}
{"armed": false, "event": "idle_disarmed", "preset": "car_single", "single_auto": true, "ts": 1783073973.893}
{"armed": false, "event": "idle_disarmed", "preset": "car_single", "single_auto": true, "ts": 1783073973.893}
{"armed": false, "event": "idle_disarmed", "preset": "car_single", "single_auto": true, "ts": 1783073974.896}
{"armed": false, "event": "idle_disarmed", "preset": "car_single", "single_auto": true, "ts": 1783073974.896}
{"armed": false, "event": "idle_disarmed", "preset": "car_single", "single_auto": true, "ts": 1783073975.899}
{"armed": false, "event": "idle_disarmed", "preset": "car_single", "single_auto": true, "ts": 1783073975.899}
{"armed": false, "event": "idle_disarmed", "preset": "car_single", "single_auto": true, "ts": 1783073976.902}
{"armed": false, "event": "idle_disarmed", "preset": "car_single", "single_auto": true, "ts": 1783073976.902}
{"armed": false, "event": "idle_disarmed", "preset": "car_single", "single_auto": true, "ts": 1783073977.905}
{"armed": false, "event": "idle_disarmed", "preset": "car_single", "single_auto": true, "ts": 1783073977.905}
{"armed": false, "event": "idle_disarmed", "preset": "car_single", "single_auto": true, "ts": 1783073978.907}
{"armed": false, "event": "idle_disarmed", "preset": "car_single", "single_auto": true, "ts": 1783073978.907}
{"armed": false, "event": "idle_disarmed", "preset": "car_single", "single_auto": true, "ts": 1783073979.91}
{"armed": false, "event": "idle_disarmed", "preset": "car_single", "single_auto": true, "ts": 1783073979.91}
{"armed": false, "event": "idle_disarmed", "preset": "car_single", "single_auto": true, "ts": 1783073980.913}
{"armed": false, "event": "idle_disarmed", "preset": "car_single", "single_auto": true, "ts": 1783073980.913}
{"armed": false, "event": "idle_disarmed", "preset": "car_single", "single_auto": true, "ts": 1783073981.916}
{"armed": false, "event": "idle_disarmed", "preset": "car_single", "single_auto": true, "ts": 1783073981.916}
{"armed": false, "event": "idle_disarmed", "preset": "car_single", "single_auto": true, "ts": 1783073982.919}
{"armed": false, "event": "idle_disarmed", "preset": "car_single", "single_auto": true, "ts": 1783073982.919}
{"armed": false, "event": "idle_disarmed", "preset": "car_single", "single_auto": true, "ts": 1783073983.922}
{"armed": false, "event": "idle_disarmed", "preset": "car_single", "single_auto": true, "ts": 1783073983.922}
{"armed": false, "event": "idle_disarmed", "preset": "car_single", "single_auto": true, "ts": 1783073984.925}
{"armed": false, "event": "idle_disarmed", "preset": "car_single", "single_auto": true, "ts": 1783073984.925}
{"armed": false, "event": "idle_disarmed", "preset": "car_single", "single_auto": true, "ts": 1783073985.928}
{"armed": false, "event": "idle_disarmed", "preset": "car_single", "single_auto": true, "ts": 1783073985.928}
{"armed": false, "event": "idle_disarmed", "preset": "car_single", "single_auto": true, "ts": 1783073986.93}
{"armed": false, "event": "idle_disarmed", "preset": "car_single", "single_auto": true, "ts": 1783073986.93}
{"armed": false, "event": "idle_disarmed", "preset": "car_single", "single_auto": true, "ts": 1783073987.933}
{"armed": false, "event": "idle_disarmed", "preset": "car_single", "single_auto": true, "ts": 1783073987.933}
{"armed": false, "event": "idle_disarmed", "preset": "car_single", "single_auto": true, "ts": 1783073988.937}
{"armed": false, "event": "idle_disarmed", "preset": "car_single", "single_auto": true, "ts": 1783073988.937}
{"armed": false, "event": "idle_disarmed", "preset": "car_single", "single_auto": true, "ts": 1783073989.94}
{"armed": false, "event": "idle_disarmed", "preset": "car_single", "single_auto": true, "ts": 1783073989.94}
{"armed": false, "event": "idle_disarmed", "preset": "car_single", "single_auto": true, "ts": 1783073990.943}
{"armed": false, "event": "idle_disarmed", "preset": "car_single", "single_auto": true, "ts": 1783073990.943}
{"armed": false, "event": "idle_disarmed", "preset": "car_single", "single_auto": true, "ts": 1783073991.945}
{"armed": false, "event": "idle_disarmed", "preset": "car_single", "single_auto": true, "ts": 1783073991.945}
{"armed": false, "event": "idle_disarmed", "preset": "car_single", "single_auto": true, "ts": 1783073992.948}
{"armed": false, "event": "idle_disarmed", "preset": "car_single", "single_auto": true, "ts": 1783073992.948}
{"armed": false, "event": "idle_disarmed", "preset": "car_single", "single_auto": true, "ts": 1783073993.951}
{"armed": false, "event": "idle_disarmed", "preset": "car_single", "single_auto": true, "ts": 1783073993.951}
{"armed": false, "event": "idle_disarmed", "preset": "car_single", "single_auto": true, "ts": 1783073994.954}
{"armed": false, "event": "idle_disarmed", "preset": "car_single", "single_auto": true, "ts": 1783073994.954}
{"armed": false, "event": "idle_disarmed", "preset": "car_single", "single_auto": true, "ts": 1783073995.957}
{"armed": false, "event": "idle_disarmed", "preset": "car_single", "single_auto": true, "ts": 1783073995.957}
{"armed": false, "event": "idle_disarmed", "preset": "car_single", "single_auto": true, "ts": 1783073996.96}
{"armed": false, "event": "idle_disarmed", "preset": "car_single", "single_auto": true, "ts": 1783073996.96}
{"armed": false, "event": "idle_disarmed", "preset": "car_single", "single_auto": true, "ts": 1783073997.963}
{"armed": false, "event": "idle_disarmed", "preset": "car_single", "single_auto": true, "ts": 1783073997.963}
{"error": "Expecting value: line 1 column 1 (char 0)", "event": "json_read_error", "path": "/root/rknpu2/examples/rknn_yolov8_demo_opencv_2_work_2/new_yolo8/ui_settings.json", "ts": 1783073998.964}
{"error": "Expecting value: line 1 column 1 (char 0)", "event": "json_read_error", "path": "/root/rknpu2/examples/rknn_yolov8_demo_opencv_2_work_2/new_yolo8/ui_settings.json", "ts": 1783073998.964}
{"armed": false, "event": "idle_disarmed", "preset": "car_single", "single_auto": true, "ts": 1783073998.966}
{"armed": false, "event": "idle_disarmed", "preset": "car_single", "single_auto": true, "ts": 1783073998.966}
{"armed": false, "event": "idle_disarmed", "preset": "car_single", "single_auto": true, "ts": 1783073999.968}
{"armed": false, "event": "idle_disarmed", "preset": "car_single", "single_auto": true, "ts": 1783073999.968}
{"armed": false, "event": "idle_disarmed", "preset": "car_single", "single_auto": true, "ts": 1783074000.971}
{"armed": false, "event": "idle_disarmed", "preset": "car_single", "single_auto": true, "ts": 1783074000.971}
{"armed": false, "event": "idle_disarmed", "preset": "car_single", "single_auto": true, "ts": 1783074001.974}
{"armed": false, "event": "idle_disarmed", "preset": "car_single", "single_auto": true, "ts": 1783074001.974}
{"armed": false, "event": "idle_disarmed", "preset": "car_single", "single_auto": true, "ts": 1783074002.977}
{"armed": false, "event": "idle_disarmed", "preset": "car_single", "single_auto": true, "ts": 1783074002.977}
{"armed": false, "event": "idle_disarmed", "preset": "car_single", "single_auto": true, "ts": 1783074003.979}
{"armed": false, "event": "idle_disarmed", "preset": "car_single", "single_auto": true, "ts": 1783074003.979}
{"armed": false, "event": "idle_disarmed", "preset": "car_single", "single_auto": true, "ts": 1783074004.982}
{"armed": false, "event": "idle_disarmed", "preset": "car_single", "single_auto": true, "ts": 1783074004.982}
{"armed": false, "event": "idle_disarmed", "preset": "car_single", "single_auto": true, "ts": 1783074005.985}
{"armed": false, "event": "idle_disarmed", "preset": "car_single", "single_auto": true, "ts": 1783074005.985}
{"armed": false, "event": "idle_disarmed", "preset": "car_single", "single_auto": true, "ts": 1783074006.988}
{"armed": false, "event": "idle_disarmed", "preset": "car_single", "single_auto": true, "ts": 1783074006.988}
{"armed": false, "event": "idle_disarmed", "preset": "car_single", "single_auto": true, "ts": 1783074007.99}
{"armed": false, "event": "idle_disarmed", "preset": "car_single", "single_auto": true, "ts": 1783074007.99}
{"armed": false, "event": "idle_disarmed", "preset": "car_single", "single_auto": true, "ts": 1783074008.993}
{"armed": false, "event": "idle_disarmed", "preset": "car_single", "single_auto": true, "ts": 1783074008.993}
{"armed": false, "event": "idle_disarmed", "preset": "car_single", "single_auto": true, "ts": 1783074009.996}
{"armed": false, "event": "idle_disarmed", "preset": "car_single", "single_auto": true, "ts": 1783074009.996}
{"armed": false, "event": "idle_disarmed", "preset": "car_single", "single_auto": true, "ts": 1783074010.998}
{"armed": false, "event": "idle_disarmed", "preset": "car_single", "single_auto": true, "ts": 1783074010.998}
{"armed": false, "event": "idle_disarmed", "preset": "car_single", "single_auto": true, "ts": 1783074012.002}
{"armed": false, "event": "idle_disarmed", "preset": "car_single", "single_auto": true, "ts": 1783074012.002}
{"armed": false, "event": "idle_disarmed", "preset": "car_single", "single_auto": true, "ts": 1783074013.004}
{"armed": false, "event": "idle_disarmed", "preset": "car_single", "single_auto": true, "ts": 1783074013.004}
{"armed": false, "event": "idle_disarmed", "preset": "car_single", "single_auto": true, "ts": 1783074014.007}
{"armed": false, "event": "idle_disarmed", "preset": "car_single", "single_auto": true, "ts": 1783074014.007}
{"armed": false, "event": "idle_disarmed", "preset": "car_single", "single_auto": true, "ts": 1783074015.01}
{"armed": false, "event": "idle_disarmed", "preset": "car_single", "single_auto": true, "ts": 1783074015.01}
{"armed": false, "event": "idle_disarmed", "preset": "car_single", "single_auto": true, "ts": 1783074016.012}
{"armed": false, "event": "idle_disarmed", "preset": "car_single", "single_auto": true, "ts": 1783074016.012}
{"armed": false, "event": "idle_disarmed", "preset": "car_single", "single_auto": true, "ts": 1783074017.015}
{"armed": false, "event": "idle_disarmed", "preset": "car_single", "single_auto": true, "ts": 1783074017.015}
{"armed": false, "event": "idle_disarmed", "preset": "car_single", "single_auto": true, "ts": 1783074018.018}
{"armed": false, "event": "idle_disarmed", "preset": "car_single", "single_auto": true, "ts": 1783074018.018}
{"armed": false, "event": "idle_disarmed", "preset": "car_single", "single_auto": true, "ts": 1783074019.021}
{"armed": false, "event": "idle_disarmed", "preset": "car_single", "single_auto": true, "ts": 1783074019.021}
{"armed": false, "event": "idle_disarmed", "preset": "car_single", "single_auto": true, "ts": 1783074020.024}
{"armed": false, "event": "idle_disarmed", "preset": "car_single", "single_auto": true, "ts": 1783074020.024}
{"armed": false, "event": "idle_disarmed", "preset": "car_single", "single_auto": true, "ts": 1783074021.028}
{"armed": false, "event": "idle_disarmed", "preset": "car_single", "single_auto": true, "ts": 1783074021.028}
{"armed": false, "event": "idle_disarmed", "preset": "car_single", "single_auto": true, "ts": 1783074022.031}
{"armed": false, "event": "idle_disarmed", "preset": "car_single", "single_auto": true, "ts": 1783074022.031}
{"armed": false, "event": "idle_disarmed", "preset": "car_single", "single_auto": true, "ts": 1783074023.035}
{"armed": false, "event": "idle_disarmed", "preset": "car_single", "single_auto": true, "ts": 1783074023.035}
{"armed": false, "event": "idle_disarmed", "preset": "car_single", "single_auto": true, "ts": 1783074024.037}
{"armed": false, "event": "idle_disarmed", "preset": "car_single", "single_auto": true, "ts": 1783074024.037}
{"armed": false, "event": "idle_disarmed", "preset": "car_single", "single_auto": true, "ts": 1783074025.04}
{"armed": false, "event": "idle_disarmed", "preset": "car_single", "single_auto": true, "ts": 1783074025.04}
{"armed": false, "event": "idle_disarmed", "preset": "car_single", "single_auto": true, "ts": 1783074026.043}
{"armed": false, "event": "idle_disarmed", "preset": "car_single", "single_auto": true, "ts": 1783074026.043}
{"armed": false, "event": "idle_disarmed", "preset": "car_single", "single_auto": true, "ts": 1783074027.045}
{"armed": false, "event": "idle_disarmed", "preset": "car_single", "single_auto": true, "ts": 1783074027.045}
{"armed": false, "event": "idle_disarmed", "preset": "car_single", "single_auto": true, "ts": 1783074028.048}
{"armed": false, "event": "idle_disarmed", "preset": "car_single", "single_auto": true, "ts": 1783074028.048}
{"armed": false, "event": "idle_disarmed", "preset": "car_single", "single_auto": true, "ts": 1783074029.051}
{"armed": false, "event": "idle_disarmed", "preset": "car_single", "single_auto": true, "ts": 1783074029.051}
{"armed": false, "event": "idle_disarmed", "preset": "car_single", "single_auto": true, "ts": 1783074030.053}
{"armed": false, "event": "idle_disarmed", "preset": "car_single", "single_auto": true, "ts": 1783074030.053}
{"armed": false, "event": "idle_disarmed", "preset": "car_single", "single_auto": true, "ts": 1783074031.056}
{"armed": false, "event": "idle_disarmed", "preset": "car_single", "single_auto": true, "ts": 1783074031.056}
{"armed": false, "event": "idle_disarmed", "preset": "car_single", "single_auto": true, "ts": 1783074032.059}
{"armed": false, "event": "idle_disarmed", "preset": "car_single", "single_auto": true, "ts": 1783074032.059}
{"armed": false, "event": "idle_disarmed", "preset": "car_single", "single_auto": true, "ts": 1783074033.062}
{"armed": false, "event": "idle_disarmed", "preset": "car_single", "single_auto": true, "ts": 1783074033.062}
{"armed": false, "event": "idle_disarmed", "preset": "car_single", "single_auto": true, "ts": 1783074034.066}
{"armed": false, "event": "idle_disarmed", "preset": "car_single", "single_auto": true, "ts": 1783074034.066}
{"armed": false, "event": "idle_disarmed", "preset": "car_single", "single_auto": true, "ts": 1783074035.07}
{"armed": false, "event": "idle_disarmed", "preset": "car_single", "single_auto": true, "ts": 1783074035.07}
{"armed": false, "event": "idle_disarmed", "preset": "car_single", "single_auto": true, "ts": 1783074036.073}
{"armed": false, "event": "idle_disarmed", "preset": "car_single", "single_auto": true, "ts": 1783074036.073}
{"armed": false, "event": "idle_disarmed", "preset": "car_single", "single_auto": true, "ts": 1783074037.075}
{"armed": false, "event": "idle_disarmed", "preset": "car_single", "single_auto": true, "ts": 1783074037.075}
{"armed": false, "event": "idle_disarmed", "preset": "car_single", "single_auto": true, "ts": 1783074038.078}
{"armed": false, "event": "idle_disarmed", "preset": "car_single", "single_auto": true, "ts": 1783074038.078}
{"armed": false, "event": "idle_disarmed", "preset": "car_single", "single_auto": true, "ts": 1783074039.081}
{"armed": false, "event": "idle_disarmed", "preset": "car_single", "single_auto": true, "ts": 1783074039.081}
{"armed": false, "event": "idle_disarmed", "preset": "car_single", "single_auto": true, "ts": 1783074040.083}
{"armed": false, "event": "idle_disarmed", "preset": "car_single", "single_auto": true, "ts": 1783074040.083}
{"armed": false, "event": "idle_disarmed", "preset": "car_single", "single_auto": true, "ts": 1783074041.086}
{"armed": false, "event": "idle_disarmed", "preset": "car_single", "single_auto": true, "ts": 1783074041.086}
{"armed": false, "event": "idle_disarmed", "preset": "car_single", "single_auto": true, "ts": 1783074042.089}
{"armed": false, "event": "idle_disarmed", "preset": "car_single", "single_auto": true, "ts": 1783074042.089}
{"armed": false, "event": "idle_disarmed", "preset": "car_single", "single_auto": true, "ts": 1783074043.091}
{"armed": false, "event": "idle_disarmed", "preset": "car_single", "single_auto": true, "ts": 1783074043.091}
{"armed": false, "event": "idle_disarmed", "preset": "car_single", "single_auto": true, "ts": 1783074044.094}
{"armed": false, "event": "idle_disarmed", "preset": "car_single", "single_auto": true, "ts": 1783074044.094}
{"armed": false, "event": "idle_disarmed", "preset": "car_single", "single_auto": true, "ts": 1783074045.097}
{"armed": false, "event": "idle_disarmed", "preset": "car_single", "single_auto": true, "ts": 1783074045.097}
{"armed": false, "event": "idle_disarmed", "preset": "car_single", "single_auto": true, "ts": 1783074046.099}
{"armed": false, "event": "idle_disarmed", "preset": "car_single", "single_auto": true, "ts": 1783074046.099}
{"armed": false, "event": "idle_disarmed", "preset": "car_single", "single_auto": true, "ts": 1783074047.102}
{"armed": false, "event": "idle_disarmed", "preset": "car_single", "single_auto": true, "ts": 1783074047.102}
{"armed": false, "event": "idle_disarmed", "preset": "car_single", "single_auto": true, "ts": 1783074048.105}
{"armed": false, "event": "idle_disarmed", "preset": "car_single", "single_auto": true, "ts": 1783074048.105}
{"armed": false, "event": "idle_disarmed", "preset": "car_single", "single_auto": true, "ts": 1783074049.107}
{"armed": false, "event": "idle_disarmed", "preset": "car_single", "single_auto": true, "ts": 1783074049.107}
{"armed": false, "event": "idle_disarmed", "preset": "car_single", "single_auto": true, "ts": 1783074050.11}
{"armed": false, "event": "idle_disarmed", "preset": "car_single", "single_auto": true, "ts": 1783074050.11}
{"armed": false, "event": "idle_disarmed", "preset": "car_single", "single_auto": true, "ts": 1783074051.113}
{"armed": false, "event": "idle_disarmed", "preset": "car_single", "single_auto": true, "ts": 1783074051.113}
{"armed": false, "event": "idle_disarmed", "preset": "car_single", "single_auto": true, "ts": 1783074052.116}
{"armed": false, "event": "idle_disarmed", "preset": "car_single", "single_auto": true, "ts": 1783074052.116}
{"armed": false, "event": "idle_disarmed", "preset": "car_single", "single_auto": true, "ts": 1783074053.118}
{"armed": false, "event": "idle_disarmed", "preset": "car_single", "single_auto": true, "ts": 1783074053.118}
{"armed": false, "event": "idle_disarmed", "preset": "car_single", "single_auto": true, "ts": 1783074054.121}
{"armed": false, "event": "idle_disarmed", "preset": "car_single", "single_auto": true, "ts": 1783074054.121}
{"armed": false, "event": "idle_disarmed", "preset": "car_single", "single_auto": true, "ts": 1783074055.124}
{"armed": false, "event": "idle_disarmed", "preset": "car_single", "single_auto": true, "ts": 1783074055.124}
{"armed": false, "event": "idle_disarmed", "preset": "car_single", "single_auto": true, "ts": 1783074056.126}
{"armed": false, "event": "idle_disarmed", "preset": "car_single", "single_auto": true, "ts": 1783074056.126}
{"armed": false, "event": "idle_disarmed", "preset": "car_single", "single_auto": true, "ts": 1783074057.129}
{"armed": false, "event": "idle_disarmed", "preset": "car_single", "single_auto": true, "ts": 1783074057.129}
{"armed": false, "event": "idle_disarmed", "preset": "car_single", "single_auto": true, "ts": 1783074058.132}
{"armed": false, "event": "idle_disarmed", "preset": "car_single", "single_auto": true, "ts": 1783074058.132}
{"armed": false, "event": "idle_disarmed", "preset": "car_single", "single_auto": true, "ts": 1783074059.135}
{"armed": false, "event": "idle_disarmed", "preset": "car_single", "single_auto": true, "ts": 1783074059.135}
{"armed": false, "event": "idle_disarmed", "preset": "car_single", "single_auto": true, "ts": 1783074060.138}
{"armed": false, "event": "idle_disarmed", "preset": "car_single", "single_auto": true, "ts": 1783074060.138}
{"armed": false, "event": "idle_disarmed", "preset": "car_single", "single_auto": true, "ts": 1783074061.14}
{"armed": false, "event": "idle_disarmed", "preset": "car_single", "single_auto": true, "ts": 1783074061.14}
{"armed": false, "event": "idle_disarmed", "preset": "car_single", "single_auto": true, "ts": 1783074062.143}
{"armed": false, "event": "idle_disarmed", "preset": "car_single", "single_auto": true, "ts": 1783074062.143}
{"armed": false, "event": "idle_disarmed", "preset": "car_single", "single_auto": true, "ts": 1783074063.146}
{"armed": false, "event": "idle_disarmed", "preset": "car_single", "single_auto": true, "ts": 1783074063.146}
{"armed": false, "event": "idle_disarmed", "preset": "car_single", "single_auto": true, "ts": 1783074064.149}
{"armed": false, "event": "idle_disarmed", "preset": "car_single", "single_auto": true, "ts": 1783074064.149}
{"cmd": ["/usr/bin/python3", "/root/rknpu2/examples/rknn_yolov8_demo_opencv_2_work_2/new_yolo8/apply_ptz_object_preset.py", "--preset", "car_single", "--arm", "force", "--strategy", "preset", "--watch"], "event": "child_start", "pid": 1046735, "preset": "car_single", "search_preset": "lost_step_wait", "ts": 1783074065.152}
{"cmd": ["/usr/bin/python3", "/root/rknpu2/examples/rknn_yolov8_demo_opencv_2_work_2/new_yolo8/apply_ptz_object_preset.py", "--preset", "car_single", "--arm", "force", "--strategy", "preset", "--watch"], "event": "child_start", "pid": 1046735, "preset": "car_single", "search_preset": "lost_step_wait", "ts": 1783074065.152}
{"event": "armed_running", "pid": 1046735, "preset": "car_single", "search_preset": "lost_step_wait", "ts": 1783074066.155}
{"event": "armed_running", "pid": 1046735, "preset": "car_single", "search_preset": "lost_step_wait", "ts": 1783074066.155}
{"event": "armed_running", "pid": 1046735, "preset": "car_single", "search_preset": "lost_step_wait", "ts": 1783074081.194}
{"event": "armed_running", "pid": 1046735, "preset": "car_single", "search_preset": "lost_step_wait", "ts": 1783074081.194}
{"event": "armed_running", "pid": 1046735, "preset": "car_single", "search_preset": "lost_step_wait", "ts": 1783074096.233}
{"event": "armed_running", "pid": 1046735, "preset": "car_single", "search_preset": "lost_step_wait", "ts": 1783074096.233}
{"event": "armed_running", "pid": 1046735, "preset": "car_single", "search_preset": "lost_step_wait", "ts": 1783074111.273}
{"event": "armed_running", "pid": 1046735, "preset": "car_single", "search_preset": "lost_step_wait", "ts": 1783074111.273}
{"event": "armed_running", "pid": 1046735, "preset": "car_single", "search_preset": "lost_step_wait", "ts": 1783074126.312}
{"event": "armed_running", "pid": 1046735, "preset": "car_single", "search_preset": "lost_step_wait", "ts": 1783074126.312}
{"event": "armed_running", "pid": 1046735, "preset": "car_single", "search_preset": "lost_step_wait", "ts": 1783074141.352}
{"event": "armed_running", "pid": 1046735, "preset": "car_single", "search_preset": "lost_step_wait", "ts": 1783074141.352}
{"event": "armed_running", "pid": 1046735, "preset": "car_single", "search_preset": "lost_step_wait", "ts": 1783074156.389}
{"event": "armed_running", "pid": 1046735, "preset": "car_single", "search_preset": "lost_step_wait", "ts": 1783074156.389}
{"event": "armed_running", "pid": 1046735, "preset": "car_single", "search_preset": "lost_step_wait", "ts": 1783074171.427}
{"event": "armed_running", "pid": 1046735, "preset": "car_single", "search_preset": "lost_step_wait", "ts": 1783074171.427}
{"event": "armed_running", "pid": 1046735, "preset": "car_single", "search_preset": "lost_step_wait", "ts": 1783074186.468}
{"event": "armed_running", "pid": 1046735, "preset": "car_single", "search_preset": "lost_step_wait", "ts": 1783074186.468}
{"event": "armed_running", "pid": 1046735, "preset": "car_single", "search_preset": "lost_step_wait", "ts": 1783074201.507}
{"event": "armed_running", "pid": 1046735, "preset": "car_single", "search_preset": "lost_step_wait", "ts": 1783074201.507}
{"event": "armed_running", "pid": 1046735, "preset": "car_single", "search_preset": "lost_step_wait", "ts": 1783074216.546}
{"event": "armed_running", "pid": 1046735, "preset": "car_single", "search_preset": "lost_step_wait", "ts": 1783074216.546}
{"event": "armed_running", "pid": 1046735, "preset": "car_single", "search_preset": "lost_step_wait", "ts": 1783074231.588}
{"event": "armed_running", "pid": 1046735, "preset": "car_single", "search_preset": "lost_step_wait", "ts": 1783074231.588}
{"event": "armed_running", "pid": 1046735, "preset": "car_single", "search_preset": "lost_step_wait", "ts": 1783074246.628}
{"event": "armed_running", "pid": 1046735, "preset": "car_single", "search_preset": "lost_step_wait", "ts": 1783074246.628}
{"event": "armed_running", "pid": 1046735, "preset": "car_single", "search_preset": "lost_step_wait", "ts": 1783074261.671}
{"event": "armed_running", "pid": 1046735, "preset": "car_single", "search_preset": "lost_step_wait", "ts": 1783074261.671}
{"event": "armed_running", "pid": 1046735, "preset": "car_single", "search_preset": "lost_step_wait", "ts": 1783074276.712}
{"event": "armed_running", "pid": 1046735, "preset": "car_single", "search_preset": "lost_step_wait", "ts": 1783074276.712}
{"event": "armed_running", "pid": 1046735, "preset": "car_single", "search_preset": "lost_step_wait", "ts": 1783074291.753}
{"event": "armed_running", "pid": 1046735, "preset": "car_single", "search_preset": "lost_step_wait", "ts": 1783074291.753}
{"event": "armed_running", "pid": 1046735, "preset": "car_single", "search_preset": "lost_step_wait", "ts": 1783074306.794}
{"event": "armed_running", "pid": 1046735, "preset": "car_single", "search_preset": "lost_step_wait", "ts": 1783074306.794}
{"event": "armed_running", "pid": 1046735, "preset": "car_single", "search_preset": "lost_step_wait", "ts": 1783074321.837}
{"event": "armed_running", "pid": 1046735, "preset": "car_single", "search_preset": "lost_step_wait", "ts": 1783074321.837}
{"event": "armed_running", "pid": 1046735, "preset": "car_single", "search_preset": "lost_step_wait", "ts": 1783074336.879}
{"event": "armed_running", "pid": 1046735, "preset": "car_single", "search_preset": "lost_step_wait", "ts": 1783074336.879}
{"event": "armed_running", "pid": 1046735, "preset": "car_single", "search_preset": "lost_step_wait", "ts": 1783074351.921}
{"event": "armed_running", "pid": 1046735, "preset": "car_single", "search_preset": "lost_step_wait", "ts": 1783074351.921}
{"event": "armed_running", "pid": 1046735, "preset": "car_single", "search_preset": "lost_step_wait", "ts": 1783074366.961}
{"event": "armed_running", "pid": 1046735, "preset": "car_single", "search_preset": "lost_step_wait", "ts": 1783074366.961}
{"event": "armed_running", "pid": 1046735, "preset": "car_single", "search_preset": "lost_step_wait", "ts": 1783074382.001}
{"event": "armed_running", "pid": 1046735, "preset": "car_single", "search_preset": "lost_step_wait", "ts": 1783074382.001}
{"event": "armed_running", "pid": 1046735, "preset": "car_single", "search_preset": "lost_step_wait", "ts": 1783074397.04}
{"event": "armed_running", "pid": 1046735, "preset": "car_single", "search_preset": "lost_step_wait", "ts": 1783074397.04}
{"event": "armed_running", "pid": 1046735, "preset": "car_single", "search_preset": "lost_step_wait", "ts": 1783074412.08}
{"event": "armed_running", "pid": 1046735, "preset": "car_single", "search_preset": "lost_step_wait", "ts": 1783074412.08}
{"event": "armed_running", "pid": 1046735, "preset": "car_single", "search_preset": "lost_step_wait", "ts": 1783074427.119}
{"event": "armed_running", "pid": 1046735, "preset": "car_single", "search_preset": "lost_step_wait", "ts": 1783074427.119}
{"event": "armed_running", "pid": 1046735, "preset": "car_single", "search_preset": "lost_step_wait", "ts": 1783074442.16}
{"event": "armed_running", "pid": 1046735, "preset": "car_single", "search_preset": "lost_step_wait", "ts": 1783074442.16}
{"event": "armed_running", "pid": 1046735, "preset": "car_single", "search_preset": "lost_step_wait", "ts": 1783074457.202}
{"event": "armed_running", "pid": 1046735, "preset": "car_single", "search_preset": "lost_step_wait", "ts": 1783074457.202}
{"event": "armed_running", "pid": 1046735, "preset": "car_single", "search_preset": "lost_step_wait", "ts": 1783074472.242}
{"event": "armed_running", "pid": 1046735, "preset": "car_single", "search_preset": "lost_step_wait", "ts": 1783074472.242}
{"event": "armed_running", "pid": 1046735, "preset": "car_single", "search_preset": "lost_step_wait", "ts": 1783074487.282}
{"event": "armed_running", "pid": 1046735, "preset": "car_single", "search_preset": "lost_step_wait", "ts": 1783074487.282}
{"event": "armed_running", "pid": 1046735, "preset": "car_single", "search_preset": "lost_step_wait", "ts": 1783074502.321}
{"event": "armed_running", "pid": 1046735, "preset": "car_single", "search_preset": "lost_step_wait", "ts": 1783074502.321}
{"event": "armed_running", "pid": 1046735, "preset": "car_single", "search_preset": "lost_step_wait", "ts": 1783074517.361}
{"event": "armed_running", "pid": 1046735, "preset": "car_single", "search_preset": "lost_step_wait", "ts": 1783074517.361}
{"event": "armed_running", "pid": 1046735, "preset": "car_single", "search_preset": "lost_step_wait", "ts": 1783074532.401}
{"event": "armed_running", "pid": 1046735, "preset": "car_single", "search_preset": "lost_step_wait", "ts": 1783074532.401}
{"event": "armed_running", "pid": 1046735, "preset": "car_single", "search_preset": "lost_step_wait", "ts": 1783074547.427}
{"event": "armed_running", "pid": 1046735, "preset": "car_single", "search_preset": "lost_step_wait", "ts": 1783074547.427}
{"event": "armed_running", "pid": 1046735, "preset": "car_single", "search_preset": "lost_step_wait", "ts": 1783074562.452}
{"event": "armed_running", "pid": 1046735, "preset": "car_single", "search_preset": "lost_step_wait", "ts": 1783074562.452}
{"event": "armed_running", "pid": 1046735, "preset": "car_single", "search_preset": "lost_step_wait", "ts": 1783074577.474}
{"event": "armed_running", "pid": 1046735, "preset": "car_single", "search_preset": "lost_step_wait", "ts": 1783074577.474}
{"event": "armed_running", "pid": 1046735, "preset": "car_single", "search_preset": "lost_step_wait", "ts": 1783074592.492}
{"event": "armed_running", "pid": 1046735, "preset": "car_single", "search_preset": "lost_step_wait", "ts": 1783074592.492}
{"event": "armed_running", "pid": 1046735, "preset": "car_single", "search_preset": "lost_step_wait", "ts": 1783074607.516}
{"event": "armed_running", "pid": 1046735, "preset": "car_single", "search_preset": "lost_step_wait", "ts": 1783074607.516}
{"event": "armed_running", "pid": 1046735, "preset": "car_single", "search_preset": "lost_step_wait", "ts": 1783074622.545}
{"event": "armed_running", "pid": 1046735, "preset": "car_single", "search_preset": "lost_step_wait", "ts": 1783074622.545}
{"event": "armed_running", "pid": 1046735, "preset": "car_single", "search_preset": "lost_step_wait", "ts": 1783074637.578}
{"event": "armed_running", "pid": 1046735, "preset": "car_single", "search_preset": "lost_step_wait", "ts": 1783074637.578}
{"event": "armed_running", "pid": 1046735, "preset": "car_single", "search_preset": "lost_step_wait", "ts": 1783074652.613}
{"event": "armed_running", "pid": 1046735, "preset": "car_single", "search_preset": "lost_step_wait", "ts": 1783074652.613}
{"event": "armed_running", "pid": 1046735, "preset": "car_single", "search_preset": "lost_step_wait", "ts": 1783074667.652}
{"event": "armed_running", "pid": 1046735, "preset": "car_single", "search_preset": "lost_step_wait", "ts": 1783074667.652}
{"event": "armed_running", "pid": 1046735, "preset": "car_single", "search_preset": "lost_step_wait", "ts": 1783074682.682}
{"event": "armed_running", "pid": 1046735, "preset": "car_single", "search_preset": "lost_step_wait", "ts": 1783074682.682}
{"event": "armed_running", "pid": 1046735, "preset": "car_single", "search_preset": "lost_step_wait", "ts": 1783074697.726}
{"event": "armed_running", "pid": 1046735, "preset": "car_single", "search_preset": "lost_step_wait", "ts": 1783074697.726}
{"event": "armed_running", "pid": 1046735, "preset": "car_single", "search_preset": "lost_step_wait", "ts": 1783074712.764}
{"event": "armed_running", "pid": 1046735, "preset": "car_single", "search_preset": "lost_step_wait", "ts": 1783074712.764}
{"event": "armed_running", "pid": 1046735, "preset": "car_single", "search_preset": "lost_step_wait", "ts": 1783074727.803}
{"event": "armed_running", "pid": 1046735, "preset": "car_single", "search_preset": "lost_step_wait", "ts": 1783074727.803}
{"event": "armed_running", "pid": 1046735, "preset": "car_single", "search_preset": "lost_step_wait", "ts": 1783074742.84}
{"event": "armed_running", "pid": 1046735, "preset": "car_single", "search_preset": "lost_step_wait", "ts": 1783074742.84}
{"event": "armed_running", "pid": 1046735, "preset": "car_single", "search_preset": "lost_step_wait", "ts": 1783074757.878}
{"event": "armed_running", "pid": 1046735, "preset": "car_single", "search_preset": "lost_step_wait", "ts": 1783074757.878}
{"event": "armed_running", "pid": 1046735, "preset": "car_single", "search_preset": "lost_step_wait", "ts": 1783074772.916}
{"event": "armed_running", "pid": 1046735, "preset": "car_single", "search_preset": "lost_step_wait", "ts": 1783074772.916}
{"event": "armed_running", "pid": 1046735, "preset": "car_single", "search_preset": "lost_step_wait", "ts": 1783074787.956}
{"event": "armed_running", "pid": 1046735, "preset": "car_single", "search_preset": "lost_step_wait", "ts": 1783074787.956}
{"event": "armed_running", "pid": 1046735, "preset": "car_single", "search_preset": "lost_step_wait", "ts": 1783074802.994}
{"event": "armed_running", "pid": 1046735, "preset": "car_single", "search_preset": "lost_step_wait", "ts": 1783074802.994}
{"event": "armed_running", "pid": 1046735, "preset": "car_single", "search_preset": "lost_step_wait", "ts": 1783074818.034}
{"event": "armed_running", "pid": 1046735, "preset": "car_single", "search_preset": "lost_step_wait", "ts": 1783074818.034}
{"event": "armed_running", "pid": 1046735, "preset": "car_single", "search_preset": "lost_step_wait", "ts": 1783074833.073}
{"event": "armed_running", "pid": 1046735, "preset": "car_single", "search_preset": "lost_step_wait", "ts": 1783074833.073}
{"event": "armed_running", "pid": 1046735, "preset": "car_single", "search_preset": "lost_step_wait", "ts": 1783074848.114}
{"event": "armed_running", "pid": 1046735, "preset": "car_single", "search_preset": "lost_step_wait", "ts": 1783074848.114}
{"event": "armed_running", "pid": 1046735, "preset": "car_single", "search_preset": "lost_step_wait", "ts": 1783074863.154}
{"event": "armed_running", "pid": 1046735, "preset": "car_single", "search_preset": "lost_step_wait", "ts": 1783074863.154}
{"event": "armed_running", "pid": 1046735, "preset": "car_single", "search_preset": "lost_step_wait", "ts": 1783074878.195}
{"event": "armed_running", "pid": 1046735, "preset": "car_single", "search_preset": "lost_step_wait", "ts": 1783074878.195}
{"event": "armed_running", "pid": 1046735, "preset": "car_single", "search_preset": "lost_step_wait", "ts": 1783074893.236}
{"event": "armed_running", "pid": 1046735, "preset": "car_single", "search_preset": "lost_step_wait", "ts": 1783074893.236}
{"event": "armed_running", "pid": 1046735, "preset": "car_single", "search_preset": "lost_step_wait", "ts": 1783074908.275}
{"event": "armed_running", "pid": 1046735, "preset": "car_single", "search_preset": "lost_step_wait", "ts": 1783074908.275}
{"event": "armed_running", "pid": 1046735, "preset": "car_single", "search_preset": "lost_step_wait", "ts": 1783074923.315}
{"event": "armed_running", "pid": 1046735, "preset": "car_single", "search_preset": "lost_step_wait", "ts": 1783074923.315}
{"event": "armed_running", "pid": 1046735, "preset": "car_single", "search_preset": "lost_step_wait", "ts": 1783074938.354}
{"event": "armed_running", "pid": 1046735, "preset": "car_single", "search_preset": "lost_step_wait", "ts": 1783074938.354}
{"event": "armed_running", "pid": 1046735, "preset": "car_single", "search_preset": "lost_step_wait", "ts": 1783074953.391}
{"event": "armed_running", "pid": 1046735, "preset": "car_single", "search_preset": "lost_step_wait", "ts": 1783074953.391}
{"event": "armed_running", "pid": 1046735, "preset": "car_single", "search_preset": "lost_step_wait", "ts": 1783074968.43}
{"event": "armed_running", "pid": 1046735, "preset": "car_single", "search_preset": "lost_step_wait", "ts": 1783074968.43}
{"event": "armed_running", "pid": 1046735, "preset": "car_single", "search_preset": "lost_step_wait", "ts": 1783074983.468}
{"event": "armed_running", "pid": 1046735, "preset": "car_single", "search_preset": "lost_step_wait", "ts": 1783074983.468}
{"event": "armed_running", "pid": 1046735, "preset": "car_single", "search_preset": "lost_step_wait", "ts": 1783074998.506}
{"event": "armed_running", "pid": 1046735, "preset": "car_single", "search_preset": "lost_step_wait", "ts": 1783074998.506}
{"event": "armed_running", "pid": 1046735, "preset": "car_single", "search_preset": "lost_step_wait", "ts": 1783075013.543}
{"event": "armed_running", "pid": 1046735, "preset": "car_single", "search_preset": "lost_step_wait", "ts": 1783075013.543}
{"event": "armed_running", "pid": 1046735, "preset": "car_single", "search_preset": "lost_step_wait", "ts": 1783075028.58}
{"event": "armed_running", "pid": 1046735, "preset": "car_single", "search_preset": "lost_step_wait", "ts": 1783075028.58}
{"event": "armed_running", "pid": 1046735, "preset": "car_single", "search_preset": "lost_step_wait", "ts": 1783075043.617}
{"event": "armed_running", "pid": 1046735, "preset": "car_single", "search_preset": "lost_step_wait", "ts": 1783075043.617}
{"event": "armed_running", "pid": 1046735, "preset": "car_single", "search_preset": "lost_step_wait", "ts": 1783075058.653}
{"event": "armed_running", "pid": 1046735, "preset": "car_single", "search_preset": "lost_step_wait", "ts": 1783075058.653}
{"event": "armed_running", "pid": 1046735, "preset": "car_single", "search_preset": "lost_step_wait", "ts": 1783075073.692}
{"event": "armed_running", "pid": 1046735, "preset": "car_single", "search_preset": "lost_step_wait", "ts": 1783075073.692}
{"event": "armed_running", "pid": 1046735, "preset": "car_single", "search_preset": "lost_step_wait", "ts": 1783075088.73}
{"event": "armed_running", "pid": 1046735, "preset": "car_single", "search_preset": "lost_step_wait", "ts": 1783075088.73}
{"event": "armed_running", "pid": 1046735, "preset": "car_single", "search_preset": "lost_step_wait", "ts": 1783075103.768}
{"event": "armed_running", "pid": 1046735, "preset": "car_single", "search_preset": "lost_step_wait", "ts": 1783075103.768}
{"event": "armed_running", "pid": 1046735, "preset": "car_single", "search_preset": "lost_step_wait", "ts": 1783075118.807}
{"event": "armed_running", "pid": 1046735, "preset": "car_single", "search_preset": "lost_step_wait", "ts": 1783075118.807}
{"event": "armed_running", "pid": 1046735, "preset": "car_single", "search_preset": "lost_step_wait", "ts": 1783075133.845}
{"event": "armed_running", "pid": 1046735, "preset": "car_single", "search_preset": "lost_step_wait", "ts": 1783075133.845}
{"event": "armed_running", "pid": 1046735, "preset": "car_single", "search_preset": "lost_step_wait", "ts": 1783075148.885}
{"event": "armed_running", "pid": 1046735, "preset": "car_single", "search_preset": "lost_step_wait", "ts": 1783075148.885}
{"event": "armed_running", "pid": 1046735, "preset": "car_single", "search_preset": "lost_step_wait", "ts": 1783075163.925}
{"event": "armed_running", "pid": 1046735, "preset": "car_single", "search_preset": "lost_step_wait", "ts": 1783075163.925}
{"event": "armed_running", "pid": 1046735, "preset": "car_single", "search_preset": "lost_step_wait", "ts": 1783075178.962}
{"event": "armed_running", "pid": 1046735, "preset": "car_single", "search_preset": "lost_step_wait", "ts": 1783075178.962}
{"event": "armed_running", "pid": 1046735, "preset": "car_single", "search_preset": "lost_step_wait", "ts": 1783075194.002}
{"event": "armed_running", "pid": 1046735, "preset": "car_single", "search_preset": "lost_step_wait", "ts": 1783075194.002}
{"event": "armed_running", "pid": 1046735, "preset": "car_single", "search_preset": "lost_step_wait", "ts": 1783075209.04}
{"event": "armed_running", "pid": 1046735, "preset": "car_single", "search_preset": "lost_step_wait", "ts": 1783075209.04}
{"event": "armed_running", "pid": 1046735, "preset": "car_single", "search_preset": "lost_step_wait", "ts": 1783075224.081}
{"event": "armed_running", "pid": 1046735, "preset": "car_single", "search_preset": "lost_step_wait", "ts": 1783075224.081}
{"event": "armed_running", "pid": 1046735, "preset": "car_single", "search_preset": "lost_step_wait", "ts": 1783075239.119}
{"event": "armed_running", "pid": 1046735, "preset": "car_single", "search_preset": "lost_step_wait", "ts": 1783075239.119}
{"event": "armed_running", "pid": 1046735, "preset": "car_single", "search_preset": "lost_step_wait", "ts": 1783075254.156}
{"event": "armed_running", "pid": 1046735, "preset": "car_single", "search_preset": "lost_step_wait", "ts": 1783075254.156}
{"event": "armed_running", "pid": 1046735, "preset": "car_single", "search_preset": "lost_step_wait", "ts": 1783075269.196}
{"event": "armed_running", "pid": 1046735, "preset": "car_single", "search_preset": "lost_step_wait", "ts": 1783075269.196}
{"event": "armed_running", "pid": 1046735, "preset": "car_single", "search_preset": "lost_step_wait", "ts": 1783075284.239}
{"event": "armed_running", "pid": 1046735, "preset": "car_single", "search_preset": "lost_step_wait", "ts": 1783075284.239}
{"event": "armed_running", "pid": 1046735, "preset": "car_single", "search_preset": "lost_step_wait", "ts": 1783075299.277}
{"event": "armed_running", "pid": 1046735, "preset": "car_single", "search_preset": "lost_step_wait", "ts": 1783075299.277}
{"event": "armed_running", "pid": 1046735, "preset": "car_single", "search_preset": "lost_step_wait", "ts": 1783075314.317}
{"event": "armed_running", "pid": 1046735, "preset": "car_single", "search_preset": "lost_step_wait", "ts": 1783075314.317}
{"event": "armed_running", "pid": 1046735, "preset": "car_single", "search_preset": "lost_step_wait", "ts": 1783075329.359}
{"event": "armed_running", "pid": 1046735, "preset": "car_single", "search_preset": "lost_step_wait", "ts": 1783075329.359}
{"event": "armed_running", "pid": 1046735, "preset": "car_single", "search_preset": "lost_step_wait", "ts": 1783075344.4}
{"event": "armed_running", "pid": 1046735, "preset": "car_single", "search_preset": "lost_step_wait", "ts": 1783075344.4}
{"event": "armed_running", "pid": 1046735, "preset": "car_single", "search_preset": "lost_step_wait", "ts": 1783075359.439}
{"event": "armed_running", "pid": 1046735, "preset": "car_single", "search_preset": "lost_step_wait", "ts": 1783075359.439}
{"event": "armed_running", "pid": 1046735, "preset": "car_single", "search_preset": "lost_step_wait", "ts": 1783075374.479}
{"event": "armed_running", "pid": 1046735, "preset": "car_single", "search_preset": "lost_step_wait", "ts": 1783075374.479}
{"event": "armed_running", "pid": 1046735, "preset": "car_single", "search_preset": "lost_step_wait", "ts": 1783075389.52}
{"event": "armed_running", "pid": 1046735, "preset": "car_single", "search_preset": "lost_step_wait", "ts": 1783075389.52}
{"event": "armed_running", "pid": 1046735, "preset": "car_single", "search_preset": "lost_step_wait", "ts": 1783075404.56}
{"event": "armed_running", "pid": 1046735, "preset": "car_single", "search_preset": "lost_step_wait", "ts": 1783075404.56}
{"event": "armed_running", "pid": 1046735, "preset": "car_single", "search_preset": "lost_step_wait", "ts": 1783075419.601}
{"event": "armed_running", "pid": 1046735, "preset": "car_single", "search_preset": "lost_step_wait", "ts": 1783075419.601}
{"event": "armed_running", "pid": 1046735, "preset": "car_single", "search_preset": "lost_step_wait", "ts": 1783075434.641}
{"event": "armed_running", "pid": 1046735, "preset": "car_single", "search_preset": "lost_step_wait", "ts": 1783075434.641}
{"event": "armed_running", "pid": 1046735, "preset": "car_single", "search_preset": "lost_step_wait", "ts": 1783075449.681}
{"event": "armed_running", "pid": 1046735, "preset": "car_single", "search_preset": "lost_step_wait", "ts": 1783075449.681}
{"event": "armed_running", "pid": 1046735, "preset": "car_single", "search_preset": "lost_step_wait", "ts": 1783075464.718}
{"event": "armed_running", "pid": 1046735, "preset": "car_single", "search_preset": "lost_step_wait", "ts": 1783075464.718}
{"event": "armed_running", "pid": 1046735, "preset": "car_single", "search_preset": "lost_step_wait", "ts": 1783075479.75}
{"event": "armed_running", "pid": 1046735, "preset": "car_single", "search_preset": "lost_step_wait", "ts": 1783075479.75}
{"event": "armed_running", "pid": 1046735, "preset": "car_single", "search_preset": "lost_step_wait", "ts": 1783075494.776}
{"event": "armed_running", "pid": 1046735, "preset": "car_single", "search_preset": "lost_step_wait", "ts": 1783075494.776}
{"event": "armed_running", "pid": 1046735, "preset": "car_single", "search_preset": "lost_step_wait", "ts": 1783075509.809}
{"event": "armed_running", "pid": 1046735, "preset": "car_single", "search_preset": "lost_step_wait", "ts": 1783075509.809}
{"event": "armed_running", "pid": 1046735, "preset": "car_single", "search_preset": "lost_step_wait", "ts": 1783075524.845}
{"event": "armed_running", "pid": 1046735, "preset": "car_single", "search_preset": "lost_step_wait", "ts": 1783075524.845}
{"event": "armed_running", "pid": 1046735, "preset": "car_single", "search_preset": "lost_step_wait", "ts": 1783075539.874}
{"event": "armed_running", "pid": 1046735, "preset": "car_single", "search_preset": "lost_step_wait", "ts": 1783075539.874}
{"event": "armed_running", "pid": 1046735, "preset": "car_single", "search_preset": "lost_step_wait", "ts": 1783075554.905}
{"event": "armed_running", "pid": 1046735, "preset": "car_single", "search_preset": "lost_step_wait", "ts": 1783075554.905}
{"event": "armed_running", "pid": 1046735, "preset": "car_single", "search_preset": "lost_step_wait", "ts": 1783075569.943}
{"event": "armed_running", "pid": 1046735, "preset": "car_single", "search_preset": "lost_step_wait", "ts": 1783075569.943}
{"event": "armed_running", "pid": 1046735, "preset": "car_single", "search_preset": "lost_step_wait", "ts": 1783075584.979}
{"event": "armed_running", "pid": 1046735, "preset": "car_single", "search_preset": "lost_step_wait", "ts": 1783075584.979}
{"event": "armed_running", "pid": 1046735, "preset": "car_single", "search_preset": "lost_step_wait", "ts": 1783075600.017}
{"event": "armed_running", "pid": 1046735, "preset": "car_single", "search_preset": "lost_step_wait", "ts": 1783075600.017}
{"event": "armed_running", "pid": 1046735, "preset": "car_single", "search_preset": "lost_step_wait", "ts": 1783075615.056}
{"event": "armed_running", "pid": 1046735, "preset": "car_single", "search_preset": "lost_step_wait", "ts": 1783075615.056}
{"event": "armed_running", "pid": 1046735, "preset": "car_single", "search_preset": "lost_step_wait", "ts": 1783075630.094}
{"event": "armed_running", "pid": 1046735, "preset": "car_single", "search_preset": "lost_step_wait", "ts": 1783075630.094}
{"event": "armed_running", "pid": 1046735, "preset": "car_single", "search_preset": "lost_step_wait", "ts": 1783075645.13}
{"event": "armed_running", "pid": 1046735, "preset": "car_single", "search_preset": "lost_step_wait", "ts": 1783075645.13}
{"event": "armed_running", "pid": 1046735, "preset": "car_single", "search_preset": "lost_step_wait", "ts": 1783075660.167}
{"event": "armed_running", "pid": 1046735, "preset": "car_single", "search_preset": "lost_step_wait", "ts": 1783075660.167}
{"event": "armed_running", "pid": 1046735, "preset": "car_single", "search_preset": "lost_step_wait", "ts": 1783075675.206}
{"event": "armed_running", "pid": 1046735, "preset": "car_single", "search_preset": "lost_step_wait", "ts": 1783075675.206}
{"event": "armed_running", "pid": 1046735, "preset": "car_single", "search_preset": "lost_step_wait", "ts": 1783075690.246}
{"event": "armed_running", "pid": 1046735, "preset": "car_single", "search_preset": "lost_step_wait", "ts": 1783075690.246}
{"event": "armed_running", "pid": 1046735, "preset": "car_single", "search_preset": "lost_step_wait", "ts": 1783075705.285}
{"event": "armed_running", "pid": 1046735, "preset": "car_single", "search_preset": "lost_step_wait", "ts": 1783075705.285}
{"event": "armed_running", "pid": 1046735, "preset": "car_single", "search_preset": "lost_step_wait", "ts": 1783075720.311}
{"event": "armed_running", "pid": 1046735, "preset": "car_single", "search_preset": "lost_step_wait", "ts": 1783075720.311}
{"event": "armed_running", "pid": 1046735, "preset": "car_single", "search_preset": "lost_step_wait", "ts": 1783075735.35}
{"event": "armed_running", "pid": 1046735, "preset": "car_single", "search_preset": "lost_step_wait", "ts": 1783075735.35}
{"event": "armed_running", "pid": 1046735, "preset": "car_single", "search_preset": "lost_step_wait", "ts": 1783075750.389}
{"event": "armed_running", "pid": 1046735, "preset": "car_single", "search_preset": "lost_step_wait", "ts": 1783075750.389}
{"event": "armed_running", "pid": 1046735, "preset": "car_single", "search_preset": "lost_step_wait", "ts": 1783075765.414}
{"event": "armed_running", "pid": 1046735, "preset": "car_single", "search_preset": "lost_step_wait", "ts": 1783075765.414}
{"event": "armed_running", "pid": 1046735, "preset": "car_single", "search_preset": "lost_step_wait", "ts": 1783075780.447}
{"event": "armed_running", "pid": 1046735, "preset": "car_single", "search_preset": "lost_step_wait", "ts": 1783075780.447}
{"event": "armed_running", "pid": 1046735, "preset": "car_single", "search_preset": "lost_step_wait", "ts": 1783075795.477}
{"event": "armed_running", "pid": 1046735, "preset": "car_single", "search_preset": "lost_step_wait", "ts": 1783075795.477}
{"event": "armed_running", "pid": 1046735, "preset": "car_single", "search_preset": "lost_step_wait", "ts": 1783075810.512}
{"event": "armed_running", "pid": 1046735, "preset": "car_single", "search_preset": "lost_step_wait", "ts": 1783075810.512}
{"event": "armed_running", "pid": 1046735, "preset": "car_single", "search_preset": "lost_step_wait", "ts": 1783075825.54}
{"event": "armed_running", "pid": 1046735, "preset": "car_single", "search_preset": "lost_step_wait", "ts": 1783075825.54}
{"event": "armed_running", "pid": 1046735, "preset": "car_single", "search_preset": "lost_step_wait", "ts": 1783075840.577}
{"event": "armed_running", "pid": 1046735, "preset": "car_single", "search_preset": "lost_step_wait", "ts": 1783075840.577}
{"event": "armed_running", "pid": 1046735, "preset": "car_single", "search_preset": "lost_step_wait", "ts": 1783075855.613}
{"event": "armed_running", "pid": 1046735, "preset": "car_single", "search_preset": "lost_step_wait", "ts": 1783075855.613}
{"event": "armed_running", "pid": 1046735, "preset": "car_single", "search_preset": "lost_step_wait", "ts": 1783075870.632}
{"event": "armed_running", "pid": 1046735, "preset": "car_single", "search_preset": "lost_step_wait", "ts": 1783075870.632}
{"event": "armed_running", "pid": 1046735, "preset": "car_single", "search_preset": "lost_step_wait", "ts": 1783075885.667}
{"event": "armed_running", "pid": 1046735, "preset": "car_single", "search_preset": "lost_step_wait", "ts": 1783075885.667}
{"event": "armed_running", "pid": 1046735, "preset": "car_single", "search_preset": "lost_step_wait", "ts": 1783075900.707}
{"event": "armed_running", "pid": 1046735, "preset": "car_single", "search_preset": "lost_step_wait", "ts": 1783075900.707}
{"event": "armed_running", "pid": 1046735, "preset": "car_single", "search_preset": "lost_step_wait", "ts": 1783075915.747}
{"event": "armed_running", "pid": 1046735, "preset": "car_single", "search_preset": "lost_step_wait", "ts": 1783075915.747}
{"event": "armed_running", "pid": 1046735, "preset": "car_single", "search_preset": "lost_step_wait", "ts": 1783075930.785}
{"event": "armed_running", "pid": 1046735, "preset": "car_single", "search_preset": "lost_step_wait", "ts": 1783075930.785}
{"event": "armed_running", "pid": 1046735, "preset": "car_single", "search_preset": "lost_step_wait", "ts": 1783075945.825}
{"event": "armed_running", "pid": 1046735, "preset": "car_single", "search_preset": "lost_step_wait", "ts": 1783075945.825}
{"event": "armed_running", "pid": 1046735, "preset": "car_single", "search_preset": "lost_step_wait", "ts": 1783075960.864}
{"event": "armed_running", "pid": 1046735, "preset": "car_single", "search_preset": "lost_step_wait", "ts": 1783075960.864}
{"event": "armed_running", "pid": 1046735, "preset": "car_single", "search_preset": "lost_step_wait", "ts": 1783075975.893}
{"event": "armed_running", "pid": 1046735, "preset": "car_single", "search_preset": "lost_step_wait", "ts": 1783075975.893}
{"event": "armed_running", "pid": 1046735, "preset": "car_single", "search_preset": "lost_step_wait", "ts": 1783075990.932}
{"event": "armed_running", "pid": 1046735, "preset": "car_single", "search_preset": "lost_step_wait", "ts": 1783075990.932}
{"event": "armed_running", "pid": 1046735, "preset": "car_single", "search_preset": "lost_step_wait", "ts": 1783076005.97}
{"event": "armed_running", "pid": 1046735, "preset": "car_single", "search_preset": "lost_step_wait", "ts": 1783076005.97}
{"event": "armed_running", "pid": 1046735, "preset": "car_single", "search_preset": "lost_step_wait", "ts": 1783076021.006}
{"event": "armed_running", "pid": 1046735, "preset": "car_single", "search_preset": "lost_step_wait", "ts": 1783076021.006}
{"event": "armed_running", "pid": 1046735, "preset": "car_single", "search_preset": "lost_step_wait", "ts": 1783076036.042}
{"event": "armed_running", "pid": 1046735, "preset": "car_single", "search_preset": "lost_step_wait", "ts": 1783076036.042}
{"event": "armed_running", "pid": 1046735, "preset": "car_single", "search_preset": "lost_step_wait", "ts": 1783076051.079}
{"event": "armed_running", "pid": 1046735, "preset": "car_single", "search_preset": "lost_step_wait", "ts": 1783076051.079}
{"event": "armed_running", "pid": 1046735, "preset": "car_single", "search_preset": "lost_step_wait", "ts": 1783076066.117}
{"event": "armed_running", "pid": 1046735, "preset": "car_single", "search_preset": "lost_step_wait", "ts": 1783076066.117}
{"event": "armed_running", "pid": 1046735, "preset": "car_single", "search_preset": "lost_step_wait", "ts": 1783076081.155}
{"event": "armed_running", "pid": 1046735, "preset": "car_single", "search_preset": "lost_step_wait", "ts": 1783076081.155}
{"event": "armed_running", "pid": 1046735, "preset": "car_single", "search_preset": "lost_step_wait", "ts": 1783076096.191}
{"event": "armed_running", "pid": 1046735, "preset": "car_single", "search_preset": "lost_step_wait", "ts": 1783076096.191}
{"event": "armed_running", "pid": 1046735, "preset": "car_single", "search_preset": "lost_step_wait", "ts": 1783076111.225}
{"event": "armed_running", "pid": 1046735, "preset": "car_single", "search_preset": "lost_step_wait", "ts": 1783076111.225}
{"event": "armed_running", "pid": 1046735, "preset": "car_single", "search_preset": "lost_step_wait", "ts": 1783076126.262}
{"event": "armed_running", "pid": 1046735, "preset": "car_single", "search_preset": "lost_step_wait", "ts": 1783076126.262}
{"event": "armed_running", "pid": 1046735, "preset": "car_single", "search_preset": "lost_step_wait", "ts": 1783076141.301}
{"event": "armed_running", "pid": 1046735, "preset": "car_single", "search_preset": "lost_step_wait", "ts": 1783076141.301}
{"event": "armed_running", "pid": 1046735, "preset": "car_single", "search_preset": "lost_step_wait", "ts": 1783076156.328}
{"event": "armed_running", "pid": 1046735, "preset": "car_single", "search_preset": "lost_step_wait", "ts": 1783076156.328}
{"event": "armed_running", "pid": 1046735, "preset": "car_single", "search_preset": "lost_step_wait", "ts": 1783076171.368}
{"event": "armed_running", "pid": 1046735, "preset": "car_single", "search_preset": "lost_step_wait", "ts": 1783076171.368}
{"event": "armed_running", "pid": 1046735, "preset": "car_single", "search_preset": "lost_step_wait", "ts": 1783076186.408}
{"event": "armed_running", "pid": 1046735, "preset": "car_single", "search_preset": "lost_step_wait", "ts": 1783076186.408}
{"event": "armed_running", "pid": 1046735, "preset": "car_single", "search_preset": "lost_step_wait", "ts": 1783076201.447}
{"event": "armed_running", "pid": 1046735, "preset": "car_single", "search_preset": "lost_step_wait", "ts": 1783076201.447}
{"event": "armed_running", "pid": 1046735, "preset": "car_single", "search_preset": "lost_step_wait", "ts": 1783076216.483}
{"event": "armed_running", "pid": 1046735, "preset": "car_single", "search_preset": "lost_step_wait", "ts": 1783076216.483}
{"event": "armed_running", "pid": 1046735, "preset": "car_single", "search_preset": "lost_step_wait", "ts": 1783076231.52}
{"event": "armed_running", "pid": 1046735, "preset": "car_single", "search_preset": "lost_step_wait", "ts": 1783076231.52}
{"event": "armed_running", "pid": 1046735, "preset": "car_single", "search_preset": "lost_step_wait", "ts": 1783076246.549}
{"event": "armed_running", "pid": 1046735, "preset": "car_single", "search_preset": "lost_step_wait", "ts": 1783076246.549}
{"event": "armed_running", "pid": 1046735, "preset": "car_single", "search_preset": "lost_step_wait", "ts": 1783076261.581}
{"event": "armed_running", "pid": 1046735, "preset": "car_single", "search_preset": "lost_step_wait", "ts": 1783076261.581}
{"event": "armed_running", "pid": 1046735, "preset": "car_single", "search_preset": "lost_step_wait", "ts": 1783076276.614}
{"event": "armed_running", "pid": 1046735, "preset": "car_single", "search_preset": "lost_step_wait", "ts": 1783076276.614}
{"event": "armed_running", "pid": 1046735, "preset": "car_single", "search_preset": "lost_step_wait", "ts": 1783076291.653}
{"event": "armed_running", "pid": 1046735, "preset": "car_single", "search_preset": "lost_step_wait", "ts": 1783076291.653}
{"event": "armed_running", "pid": 1046735, "preset": "car_single", "search_preset": "lost_step_wait", "ts": 1783076306.693}
{"event": "armed_running", "pid": 1046735, "preset": "car_single", "search_preset": "lost_step_wait", "ts": 1783076306.693}
{"event": "armed_running", "pid": 1046735, "preset": "car_single", "search_preset": "lost_step_wait", "ts": 1783076321.723}
{"event": "armed_running", "pid": 1046735, "preset": "car_single", "search_preset": "lost_step_wait", "ts": 1783076321.723}
{"event": "armed_running", "pid": 1046735, "preset": "car_single", "search_preset": "lost_step_wait", "ts": 1783076336.753}
{"event": "armed_running", "pid": 1046735, "preset": "car_single", "search_preset": "lost_step_wait", "ts": 1783076336.753}
{"event": "armed_running", "pid": 1046735, "preset": "car_single", "search_preset": "lost_step_wait", "ts": 1783076351.791}
{"event": "armed_running", "pid": 1046735, "preset": "car_single", "search_preset": "lost_step_wait", "ts": 1783076351.791}
{"event": "armed_running", "pid": 1046735, "preset": "car_single", "search_preset": "lost_step_wait", "ts": 1783076366.831}
{"event": "armed_running", "pid": 1046735, "preset": "car_single", "search_preset": "lost_step_wait", "ts": 1783076366.831}
{"event": "armed_running", "pid": 1046735, "preset": "car_single", "search_preset": "lost_step_wait", "ts": 1783076381.869}
{"event": "armed_running", "pid": 1046735, "preset": "car_single", "search_preset": "lost_step_wait", "ts": 1783076381.869}
{"event": "armed_running", "pid": 1046735, "preset": "car_single", "search_preset": "lost_step_wait", "ts": 1783076396.907}
{"event": "armed_running", "pid": 1046735, "preset": "car_single", "search_preset": "lost_step_wait", "ts": 1783076396.907}
{"event": "armed_running", "pid": 1046735, "preset": "car_single", "search_preset": "lost_step_wait", "ts": 1783076411.946}
{"event": "armed_running", "pid": 1046735, "preset": "car_single", "search_preset": "lost_step_wait", "ts": 1783076411.946}
{"event": "armed_running", "pid": 1046735, "preset": "car_single", "search_preset": "lost_step_wait", "ts": 1783076426.978}
{"event": "armed_running", "pid": 1046735, "preset": "car_single", "search_preset": "lost_step_wait", "ts": 1783076426.978}
{"event": "armed_running", "pid": 1046735, "preset": "car_single", "search_preset": "lost_step_wait", "ts": 1783076442.015}
{"event": "armed_running", "pid": 1046735, "preset": "car_single", "search_preset": "lost_step_wait", "ts": 1783076442.015}
{"event": "armed_running", "pid": 1046735, "preset": "car_single", "search_preset": "lost_step_wait", "ts": 1783076457.055}
{"event": "armed_running", "pid": 1046735, "preset": "car_single", "search_preset": "lost_step_wait", "ts": 1783076457.055}
{"event": "armed_running", "pid": 1046735, "preset": "car_single", "search_preset": "lost_step_wait", "ts": 1783076472.094}
{"event": "armed_running", "pid": 1046735, "preset": "car_single", "search_preset": "lost_step_wait", "ts": 1783076472.094}
{"event": "armed_running", "pid": 1046735, "preset": "car_single", "search_preset": "lost_step_wait", "ts": 1783076487.133}
{"event": "armed_running", "pid": 1046735, "preset": "car_single", "search_preset": "lost_step_wait", "ts": 1783076487.133}
{"event": "armed_running", "pid": 1046735, "preset": "car_single", "search_preset": "lost_step_wait", "ts": 1783076502.172}
{"event": "armed_running", "pid": 1046735, "preset": "car_single", "search_preset": "lost_step_wait", "ts": 1783076502.172}
{"event": "armed_running", "pid": 1046735, "preset": "car_single", "search_preset": "lost_step_wait", "ts": 1783076517.21}
{"event": "armed_running", "pid": 1046735, "preset": "car_single", "search_preset": "lost_step_wait", "ts": 1783076517.21}
{"event": "armed_running", "pid": 1046735, "preset": "car_single", "search_preset": "lost_step_wait", "ts": 1783076532.233}
{"event": "armed_running", "pid": 1046735, "preset": "car_single", "search_preset": "lost_step_wait", "ts": 1783076532.233}
{"event": "armed_running", "pid": 1046735, "preset": "car_single", "search_preset": "lost_step_wait", "ts": 1783076547.251}
{"event": "armed_running", "pid": 1046735, "preset": "car_single", "search_preset": "lost_step_wait", "ts": 1783076547.251}
{"event": "armed_running", "pid": 1046735, "preset": "car_single", "search_preset": "lost_step_wait", "ts": 1783076562.267}
{"event": "armed_running", "pid": 1046735, "preset": "car_single", "search_preset": "lost_step_wait", "ts": 1783076562.267}
{"event": "armed_running", "pid": 1046735, "preset": "car_single", "search_preset": "lost_step_wait", "ts": 1783076577.285}
{"event": "armed_running", "pid": 1046735, "preset": "car_single", "search_preset": "lost_step_wait", "ts": 1783076577.285}
{"event": "armed_running", "pid": 1046735, "preset": "car_single", "search_preset": "lost_step_wait", "ts": 1783076592.307}
{"event": "armed_running", "pid": 1046735, "preset": "car_single", "search_preset": "lost_step_wait", "ts": 1783076592.307}
{"event": "armed_running", "pid": 1046735, "preset": "car_single", "search_preset": "lost_step_wait", "ts": 1783076607.328}
{"event": "armed_running", "pid": 1046735, "preset": "car_single", "search_preset": "lost_step_wait", "ts": 1783076607.328}
{"event": "armed_running", "pid": 1046735, "preset": "car_single", "search_preset": "lost_step_wait", "ts": 1783076622.355}
{"event": "armed_running", "pid": 1046735, "preset": "car_single", "search_preset": "lost_step_wait", "ts": 1783076622.355}
{"event": "armed_running", "pid": 1046735, "preset": "car_single", "search_preset": "lost_step_wait", "ts": 1783076637.381}
{"event": "armed_running", "pid": 1046735, "preset": "car_single", "search_preset": "lost_step_wait", "ts": 1783076637.381}
{"event": "armed_running", "pid": 1046735, "preset": "car_single", "search_preset": "lost_step_wait", "ts": 1783076652.406}
{"event": "armed_running", "pid": 1046735, "preset": "car_single", "search_preset": "lost_step_wait", "ts": 1783076652.406}
{"event": "armed_running", "pid": 1046735, "preset": "car_single", "search_preset": "lost_step_wait", "ts": 1783076667.421}
{"event": "armed_running", "pid": 1046735, "preset": "car_single", "search_preset": "lost_step_wait", "ts": 1783076667.421}
{"event": "armed_running", "pid": 1046735, "preset": "car_single", "search_preset": "lost_step_wait", "ts": 1783076682.44}
{"event": "armed_running", "pid": 1046735, "preset": "car_single", "search_preset": "lost_step_wait", "ts": 1783076682.44}
{"event": "armed_running", "pid": 1046735, "preset": "car_single", "search_preset": "lost_step_wait", "ts": 1783076697.46}
{"event": "armed_running", "pid": 1046735, "preset": "car_single", "search_preset": "lost_step_wait", "ts": 1783076697.46}
{"event": "armed_running", "pid": 1046735, "preset": "car_single", "search_preset": "lost_step_wait", "ts": 1783076712.487}
{"event": "armed_running", "pid": 1046735, "preset": "car_single", "search_preset": "lost_step_wait", "ts": 1783076712.487}
{"event": "armed_running", "pid": 1046735, "preset": "car_single", "search_preset": "lost_step_wait", "ts": 1783076727.515}
{"event": "armed_running", "pid": 1046735, "preset": "car_single", "search_preset": "lost_step_wait", "ts": 1783076727.515}
{"event": "armed_running", "pid": 1046735, "preset": "car_single", "search_preset": "lost_step_wait", "ts": 1783076742.534}
{"event": "armed_running", "pid": 1046735, "preset": "car_single", "search_preset": "lost_step_wait", "ts": 1783076742.534}
{"event": "armed_running", "pid": 1046735, "preset": "car_single", "search_preset": "lost_step_wait", "ts": 1783076757.56}
{"event": "armed_running", "pid": 1046735, "preset": "car_single", "search_preset": "lost_step_wait", "ts": 1783076757.56}
{"event": "armed_running", "pid": 1046735, "preset": "car_single", "search_preset": "lost_step_wait", "ts": 1783076772.584}
{"event": "armed_running", "pid": 1046735, "preset": "car_single", "search_preset": "lost_step_wait", "ts": 1783076772.584}
{"event": "armed_running", "pid": 1046735, "preset": "car_single", "search_preset": "lost_step_wait", "ts": 1783076787.607}
{"event": "armed_running", "pid": 1046735, "preset": "car_single", "search_preset": "lost_step_wait", "ts": 1783076787.607}
{"event": "armed_running", "pid": 1046735, "preset": "car_single", "search_preset": "lost_step_wait", "ts": 1783076802.625}
{"event": "armed_running", "pid": 1046735, "preset": "car_single", "search_preset": "lost_step_wait", "ts": 1783076802.625}
{"event": "armed_running", "pid": 1046735, "preset": "car_single", "search_preset": "lost_step_wait", "ts": 1783076817.649}
{"event": "armed_running", "pid": 1046735, "preset": "car_single", "search_preset": "lost_step_wait", "ts": 1783076817.649}
{"event": "armed_running", "pid": 1046735, "preset": "car_single", "search_preset": "lost_step_wait", "ts": 1783076832.677}
{"event": "armed_running", "pid": 1046735, "preset": "car_single", "search_preset": "lost_step_wait", "ts": 1783076832.677}
{"event": "armed_running", "pid": 1046735, "preset": "car_single", "search_preset": "lost_step_wait", "ts": 1783076847.704}
{"event": "armed_running", "pid": 1046735, "preset": "car_single", "search_preset": "lost_step_wait", "ts": 1783076847.704}
{"event": "armed_running", "pid": 1046735, "preset": "car_single", "search_preset": "lost_step_wait", "ts": 1783076862.746}
{"event": "armed_running", "pid": 1046735, "preset": "car_single", "search_preset": "lost_step_wait", "ts": 1783076862.746}
{"event": "armed_running", "pid": 1046735, "preset": "car_single", "search_preset": "lost_step_wait", "ts": 1783076877.773}
{"event": "armed_running", "pid": 1046735, "preset": "car_single", "search_preset": "lost_step_wait", "ts": 1783076877.773}
{"event": "armed_running", "pid": 1046735, "preset": "car_single", "search_preset": "lost_step_wait", "ts": 1783076892.789}
{"event": "armed_running", "pid": 1046735, "preset": "car_single", "search_preset": "lost_step_wait", "ts": 1783076892.789}
{"event": "armed_running", "pid": 1046735, "preset": "car_single", "search_preset": "lost_step_wait", "ts": 1783076907.807}
{"event": "armed_running", "pid": 1046735, "preset": "car_single", "search_preset": "lost_step_wait", "ts": 1783076907.807}
{"event": "armed_running", "pid": 1046735, "preset": "car_single", "search_preset": "lost_step_wait", "ts": 1783076922.826}
{"event": "armed_running", "pid": 1046735, "preset": "car_single", "search_preset": "lost_step_wait", "ts": 1783076922.826}
{"event": "armed_running", "pid": 1046735, "preset": "car_single", "search_preset": "lost_step_wait", "ts": 1783076937.862}
{"event": "armed_running", "pid": 1046735, "preset": "car_single", "search_preset": "lost_step_wait", "ts": 1783076937.862}
{"event": "armed_running", "pid": 1046735, "preset": "car_single", "search_preset": "lost_step_wait", "ts": 1783076952.881}
{"event": "armed_running", "pid": 1046735, "preset": "car_single", "search_preset": "lost_step_wait", "ts": 1783076952.881}
{"event": "armed_running", "pid": 1046735, "preset": "car_single", "search_preset": "lost_step_wait", "ts": 1783076967.901}
{"event": "armed_running", "pid": 1046735, "preset": "car_single", "search_preset": "lost_step_wait", "ts": 1783076967.901}
{"event": "armed_running", "pid": 1046735, "preset": "car_single", "search_preset": "lost_step_wait", "ts": 1783076982.941}
{"event": "armed_running", "pid": 1046735, "preset": "car_single", "search_preset": "lost_step_wait", "ts": 1783076982.941}
{"event": "armed_running", "pid": 1046735, "preset": "car_single", "search_preset": "lost_step_wait", "ts": 1783076997.981}
{"event": "armed_running", "pid": 1046735, "preset": "car_single", "search_preset": "lost_step_wait", "ts": 1783076997.981}
{"event": "armed_running", "pid": 1046735, "preset": "car_single", "search_preset": "lost_step_wait", "ts": 1783077013.02}
{"event": "armed_running", "pid": 1046735, "preset": "car_single", "search_preset": "lost_step_wait", "ts": 1783077013.02}
{"event": "armed_running", "pid": 1046735, "preset": "car_single", "search_preset": "lost_step_wait", "ts": 1783077028.06}
{"event": "armed_running", "pid": 1046735, "preset": "car_single", "search_preset": "lost_step_wait", "ts": 1783077028.06}
{"event": "armed_running", "pid": 1046735, "preset": "car_single", "search_preset": "lost_step_wait", "ts": 1783077043.101}
{"event": "armed_running", "pid": 1046735, "preset": "car_single", "search_preset": "lost_step_wait", "ts": 1783077043.101}
{"event": "armed_running", "pid": 1046735, "preset": "car_single", "search_preset": "lost_step_wait", "ts": 1783077058.141}
{"event": "armed_running", "pid": 1046735, "preset": "car_single", "search_preset": "lost_step_wait", "ts": 1783077058.141}
{"event": "armed_running", "pid": 1046735, "preset": "car_single", "search_preset": "lost_step_wait", "ts": 1783077073.18}
{"event": "armed_running", "pid": 1046735, "preset": "car_single", "search_preset": "lost_step_wait", "ts": 1783077073.18}
{"event": "armed_running", "pid": 1046735, "preset": "car_single", "search_preset": "lost_step_wait", "ts": 1783077088.214}
{"event": "armed_running", "pid": 1046735, "preset": "car_single", "search_preset": "lost_step_wait", "ts": 1783077088.214}
{"event": "armed_running", "pid": 1046735, "preset": "car_single", "search_preset": "lost_step_wait", "ts": 1783077103.237}
{"event": "armed_running", "pid": 1046735, "preset": "car_single", "search_preset": "lost_step_wait", "ts": 1783077103.237}
{"event": "armed_running", "pid": 1046735, "preset": "car_single", "search_preset": "lost_step_wait", "ts": 1783077118.275}
{"event": "armed_running", "pid": 1046735, "preset": "car_single", "search_preset": "lost_step_wait", "ts": 1783077118.275}
{"event": "armed_running", "pid": 1046735, "preset": "car_single", "search_preset": "lost_step_wait", "ts": 1783077133.314}
{"event": "armed_running", "pid": 1046735, "preset": "car_single", "search_preset": "lost_step_wait", "ts": 1783077133.314}
{"event": "armed_running", "pid": 1046735, "preset": "car_single", "search_preset": "lost_step_wait", "ts": 1783077148.355}
{"event": "armed_running", "pid": 1046735, "preset": "car_single", "search_preset": "lost_step_wait", "ts": 1783077148.355}
{"event": "armed_running", "pid": 1046735, "preset": "car_single", "search_preset": "lost_step_wait", "ts": 1783077163.394}
{"event": "armed_running", "pid": 1046735, "preset": "car_single", "search_preset": "lost_step_wait", "ts": 1783077163.394}
{"event": "armed_running", "pid": 1046735, "preset": "car_single", "search_preset": "lost_step_wait", "ts": 1783077178.432}
{"event": "armed_running", "pid": 1046735, "preset": "car_single", "search_preset": "lost_step_wait", "ts": 1783077178.432}
{"event": "armed_running", "pid": 1046735, "preset": "car_single", "search_preset": "lost_step_wait", "ts": 1783077193.472}
{"event": "armed_running", "pid": 1046735, "preset": "car_single", "search_preset": "lost_step_wait", "ts": 1783077193.472}
{"event": "armed_running", "pid": 1046735, "preset": "car_single", "search_preset": "lost_step_wait", "ts": 1783077208.511}
{"event": "armed_running", "pid": 1046735, "preset": "car_single", "search_preset": "lost_step_wait", "ts": 1783077208.511}
{"event": "armed_running", "pid": 1046735, "preset": "car_single", "search_preset": "lost_step_wait", "ts": 1783077223.55}
{"event": "armed_running", "pid": 1046735, "preset": "car_single", "search_preset": "lost_step_wait", "ts": 1783077223.55}
{"event": "armed_running", "pid": 1046735, "preset": "car_single", "search_preset": "lost_step_wait", "ts": 1783077238.591}
{"event": "armed_running", "pid": 1046735, "preset": "car_single", "search_preset": "lost_step_wait", "ts": 1783077238.591}
{"event": "armed_running", "pid": 1046735, "preset": "car_single", "search_preset": "lost_step_wait", "ts": 1783077253.63}
{"event": "armed_running", "pid": 1046735, "preset": "car_single", "search_preset": "lost_step_wait", "ts": 1783077253.63}
{"event": "armed_running", "pid": 1046735, "preset": "car_single", "search_preset": "lost_step_wait", "ts": 1783077268.67}
{"event": "armed_running", "pid": 1046735, "preset": "car_single", "search_preset": "lost_step_wait", "ts": 1783077268.67}
{"event": "armed_running", "pid": 1046735, "preset": "car_single", "search_preset": "lost_step_wait", "ts": 1783077283.71}
{"event": "armed_running", "pid": 1046735, "preset": "car_single", "search_preset": "lost_step_wait", "ts": 1783077283.71}
{"event": "armed_running", "pid": 1046735, "preset": "car_single", "search_preset": "lost_step_wait", "ts": 1783077298.749}
{"event": "armed_running", "pid": 1046735, "preset": "car_single", "search_preset": "lost_step_wait", "ts": 1783077298.749}
{"event": "armed_running", "pid": 1046735, "preset": "car_single", "search_preset": "lost_step_wait", "ts": 1783077313.787}
{"event": "armed_running", "pid": 1046735, "preset": "car_single", "search_preset": "lost_step_wait", "ts": 1783077313.787}
{"event": "armed_running", "pid": 1046735, "preset": "car_single", "search_preset": "lost_step_wait", "ts": 1783077328.827}
{"event": "armed_running", "pid": 1046735, "preset": "car_single", "search_preset": "lost_step_wait", "ts": 1783077328.827}
{"event": "armed_running", "pid": 1046735, "preset": "car_single", "search_preset": "lost_step_wait", "ts": 1783077343.865}
{"event": "armed_running", "pid": 1046735, "preset": "car_single", "search_preset": "lost_step_wait", "ts": 1783077343.865}
{"event": "armed_running", "pid": 1046735, "preset": "car_single", "search_preset": "lost_step_wait", "ts": 1783077358.905}
{"event": "armed_running", "pid": 1046735, "preset": "car_single", "search_preset": "lost_step_wait", "ts": 1783077358.905}
{"event": "armed_running", "pid": 1046735, "preset": "car_single", "search_preset": "lost_step_wait", "ts": 1783077373.944}
{"event": "armed_running", "pid": 1046735, "preset": "car_single", "search_preset": "lost_step_wait", "ts": 1783077373.944}
{"event": "armed_running", "pid": 1046735, "preset": "car_single", "search_preset": "lost_step_wait", "ts": 1783077388.983}
{"event": "armed_running", "pid": 1046735, "preset": "car_single", "search_preset": "lost_step_wait", "ts": 1783077388.983}
{"event": "armed_running", "pid": 1046735, "preset": "car_single", "search_preset": "lost_step_wait", "ts": 1783077404.023}
{"event": "armed_running", "pid": 1046735, "preset": "car_single", "search_preset": "lost_step_wait", "ts": 1783077404.023}
{"event": "armed_running", "pid": 1046735, "preset": "car_single", "search_preset": "lost_step_wait", "ts": 1783077419.062}
{"event": "armed_running", "pid": 1046735, "preset": "car_single", "search_preset": "lost_step_wait", "ts": 1783077419.062}
{"event": "armed_running", "pid": 1046735, "preset": "car_single", "search_preset": "lost_step_wait", "ts": 1783077434.102}
{"event": "armed_running", "pid": 1046735, "preset": "car_single", "search_preset": "lost_step_wait", "ts": 1783077434.102}
{"event": "armed_running", "pid": 1046735, "preset": "car_single", "search_preset": "lost_step_wait", "ts": 1783077449.142}
{"event": "armed_running", "pid": 1046735, "preset": "car_single", "search_preset": "lost_step_wait", "ts": 1783077449.142}
{"event": "armed_running", "pid": 1046735, "preset": "car_single", "search_preset": "lost_step_wait", "ts": 1783077464.181}
{"event": "armed_running", "pid": 1046735, "preset": "car_single", "search_preset": "lost_step_wait", "ts": 1783077464.181}
{"event": "armed_running", "pid": 1046735, "preset": "car_single", "search_preset": "lost_step_wait", "ts": 1783077479.222}
{"event": "armed_running", "pid": 1046735, "preset": "car_single", "search_preset": "lost_step_wait", "ts": 1783077479.222}
{"event": "armed_running", "pid": 1046735, "preset": "car_single", "search_preset": "lost_step_wait", "ts": 1783077494.261}
{"event": "armed_running", "pid": 1046735, "preset": "car_single", "search_preset": "lost_step_wait", "ts": 1783077494.261}
{"event": "armed_running", "pid": 1046735, "preset": "car_single", "search_preset": "lost_step_wait", "ts": 1783077509.3}
{"event": "armed_running", "pid": 1046735, "preset": "car_single", "search_preset": "lost_step_wait", "ts": 1783077509.3}
{"event": "armed_running", "pid": 1046735, "preset": "car_single", "search_preset": "lost_step_wait", "ts": 1783077524.339}
{"event": "armed_running", "pid": 1046735, "preset": "car_single", "search_preset": "lost_step_wait", "ts": 1783077524.339}
{"event": "armed_running", "pid": 1046735, "preset": "car_single", "search_preset": "lost_step_wait", "ts": 1783077539.38}
{"event": "armed_running", "pid": 1046735, "preset": "car_single", "search_preset": "lost_step_wait", "ts": 1783077539.38}
{"event": "armed_running", "pid": 1046735, "preset": "car_single", "search_preset": "lost_step_wait", "ts": 1783077554.42}
{"event": "armed_running", "pid": 1046735, "preset": "car_single", "search_preset": "lost_step_wait", "ts": 1783077554.42}
{"event": "armed_running", "pid": 1046735, "preset": "car_single", "search_preset": "lost_step_wait", "ts": 1783077569.46}
{"event": "armed_running", "pid": 1046735, "preset": "car_single", "search_preset": "lost_step_wait", "ts": 1783077569.46}
{"event": "armed_running", "pid": 1046735, "preset": "car_single", "search_preset": "lost_step_wait", "ts": 1783077584.502}
{"event": "armed_running", "pid": 1046735, "preset": "car_single", "search_preset": "lost_step_wait", "ts": 1783077584.502}
{"event": "armed_running", "pid": 1046735, "preset": "car_single", "search_preset": "lost_step_wait", "ts": 1783077599.541}
{"event": "armed_running", "pid": 1046735, "preset": "car_single", "search_preset": "lost_step_wait", "ts": 1783077599.541}
{"event": "armed_running", "pid": 1046735, "preset": "car_single", "search_preset": "lost_step_wait", "ts": 1783077614.58}
{"event": "armed_running", "pid": 1046735, "preset": "car_single", "search_preset": "lost_step_wait", "ts": 1783077614.58}
{"event": "armed_running", "pid": 1046735, "preset": "car_single", "search_preset": "lost_step_wait", "ts": 1783077629.62}
{"event": "armed_running", "pid": 1046735, "preset": "car_single", "search_preset": "lost_step_wait", "ts": 1783077629.62}
{"event": "armed_running", "pid": 1046735, "preset": "car_single", "search_preset": "lost_step_wait", "ts": 1783077644.66}
{"event": "armed_running", "pid": 1046735, "preset": "car_single", "search_preset": "lost_step_wait", "ts": 1783077644.66}
{"event": "armed_running", "pid": 1046735, "preset": "car_single", "search_preset": "lost_step_wait", "ts": 1783077659.702}
{"event": "armed_running", "pid": 1046735, "preset": "car_single", "search_preset": "lost_step_wait", "ts": 1783077659.702}
{"event": "armed_running", "pid": 1046735, "preset": "car_single", "search_preset": "lost_step_wait", "ts": 1783077674.741}
{"event": "armed_running", "pid": 1046735, "preset": "car_single", "search_preset": "lost_step_wait", "ts": 1783077674.741}
{"event": "armed_running", "pid": 1046735, "preset": "car_single", "search_preset": "lost_step_wait", "ts": 1783077689.781}
{"event": "armed_running", "pid": 1046735, "preset": "car_single", "search_preset": "lost_step_wait", "ts": 1783077689.781}
{"event": "armed_running", "pid": 1046735, "preset": "car_single", "search_preset": "lost_step_wait", "ts": 1783077704.819}
{"event": "armed_running", "pid": 1046735, "preset": "car_single", "search_preset": "lost_step_wait", "ts": 1783077704.819}
{"event": "armed_running", "pid": 1046735, "preset": "car_single", "search_preset": "lost_step_wait", "ts": 1783077719.858}
{"event": "armed_running", "pid": 1046735, "preset": "car_single", "search_preset": "lost_step_wait", "ts": 1783077719.858}
{"event": "armed_running", "pid": 1046735, "preset": "car_single", "search_preset": "lost_step_wait", "ts": 1783077734.898}
{"event": "armed_running", "pid": 1046735, "preset": "car_single", "search_preset": "lost_step_wait", "ts": 1783077734.898}
{"event": "armed_running", "pid": 1046735, "preset": "car_single", "search_preset": "lost_step_wait", "ts": 1783077749.938}
{"event": "armed_running", "pid": 1046735, "preset": "car_single", "search_preset": "lost_step_wait", "ts": 1783077749.938}
{"event": "armed_running", "pid": 1046735, "preset": "car_single", "search_preset": "lost_step_wait", "ts": 1783077764.978}
{"event": "armed_running", "pid": 1046735, "preset": "car_single", "search_preset": "lost_step_wait", "ts": 1783077764.978}
{"event": "armed_running", "pid": 1046735, "preset": "car_single", "search_preset": "lost_step_wait", "ts": 1783077780.018}
{"event": "armed_running", "pid": 1046735, "preset": "car_single", "search_preset": "lost_step_wait", "ts": 1783077780.018}
{"event": "armed_running", "pid": 1046735, "preset": "car_single", "search_preset": "lost_step_wait", "ts": 1783077795.058}
{"event": "armed_running", "pid": 1046735, "preset": "car_single", "search_preset": "lost_step_wait", "ts": 1783077795.058}
{"event": "armed_running", "pid": 1046735, "preset": "car_single", "search_preset": "lost_step_wait", "ts": 1783077810.098}
{"event": "armed_running", "pid": 1046735, "preset": "car_single", "search_preset": "lost_step_wait", "ts": 1783077810.098}
{"event": "armed_running", "pid": 1046735, "preset": "car_single", "search_preset": "lost_step_wait", "ts": 1783077825.136}
{"event": "armed_running", "pid": 1046735, "preset": "car_single", "search_preset": "lost_step_wait", "ts": 1783077825.136}
{"event": "armed_running", "pid": 1046735, "preset": "car_single", "search_preset": "lost_step_wait", "ts": 1783077840.174}
{"event": "armed_running", "pid": 1046735, "preset": "car_single", "search_preset": "lost_step_wait", "ts": 1783077840.174}
{"event": "armed_running", "pid": 1046735, "preset": "car_single", "search_preset": "lost_step_wait", "ts": 1783077855.214}
{"event": "armed_running", "pid": 1046735, "preset": "car_single", "search_preset": "lost_step_wait", "ts": 1783077855.214}
{"event": "armed_running", "pid": 1046735, "preset": "car_single", "search_preset": "lost_step_wait", "ts": 1783077870.253}
{"event": "armed_running", "pid": 1046735, "preset": "car_single", "search_preset": "lost_step_wait", "ts": 1783077870.253}
{"event": "armed_running", "pid": 1046735, "preset": "car_single", "search_preset": "lost_step_wait", "ts": 1783077885.292}
{"event": "armed_running", "pid": 1046735, "preset": "car_single", "search_preset": "lost_step_wait", "ts": 1783077885.292}
{"event": "armed_running", "pid": 1046735, "preset": "car_single", "search_preset": "lost_step_wait", "ts": 1783077900.331}
{"event": "armed_running", "pid": 1046735, "preset": "car_single", "search_preset": "lost_step_wait", "ts": 1783077900.331}
{"event": "armed_running", "pid": 1046735, "preset": "car_single", "search_preset": "lost_step_wait", "ts": 1783077915.371}
{"event": "armed_running", "pid": 1046735, "preset": "car_single", "search_preset": "lost_step_wait", "ts": 1783077915.371}
{"event": "armed_running", "pid": 1046735, "preset": "car_single", "search_preset": "lost_step_wait", "ts": 1783077930.41}
{"event": "armed_running", "pid": 1046735, "preset": "car_single", "search_preset": "lost_step_wait", "ts": 1783077930.41}
{"event": "armed_running", "pid": 1046735, "preset": "car_single", "search_preset": "lost_step_wait", "ts": 1783077945.452}
{"event": "armed_running", "pid": 1046735, "preset": "car_single", "search_preset": "lost_step_wait", "ts": 1783077945.452}
{"event": "armed_running", "pid": 1046735, "preset": "car_single", "search_preset": "lost_step_wait", "ts": 1783077960.491}
{"event": "armed_running", "pid": 1046735, "preset": "car_single", "search_preset": "lost_step_wait", "ts": 1783077960.491}
{"event": "armed_running", "pid": 1046735, "preset": "car_single", "search_preset": "lost_step_wait", "ts": 1783077975.531}
{"event": "armed_running", "pid": 1046735, "preset": "car_single", "search_preset": "lost_step_wait", "ts": 1783077975.531}
{"event": "armed_running", "pid": 1046735, "preset": "car_single", "search_preset": "lost_step_wait", "ts": 1783077990.571}
{"event": "armed_running", "pid": 1046735, "preset": "car_single", "search_preset": "lost_step_wait", "ts": 1783077990.571}
{"event": "armed_running", "pid": 1046735, "preset": "car_single", "search_preset": "lost_step_wait", "ts": 1783078005.607}
{"event": "armed_running", "pid": 1046735, "preset": "car_single", "search_preset": "lost_step_wait", "ts": 1783078005.607}
{"event": "armed_running", "pid": 1046735, "preset": "car_single", "search_preset": "lost_step_wait", "ts": 1783078020.647}
{"event": "armed_running", "pid": 1046735, "preset": "car_single", "search_preset": "lost_step_wait", "ts": 1783078020.647}
{"event": "armed_running", "pid": 1046735, "preset": "car_single", "search_preset": "lost_step_wait", "ts": 1783078035.686}
{"event": "armed_running", "pid": 1046735, "preset": "car_single", "search_preset": "lost_step_wait", "ts": 1783078035.686}
{"event": "armed_running", "pid": 1046735, "preset": "car_single", "search_preset": "lost_step_wait", "ts": 1783078050.726}
{"event": "armed_running", "pid": 1046735, "preset": "car_single", "search_preset": "lost_step_wait", "ts": 1783078050.726}
{"event": "armed_running", "pid": 1046735, "preset": "car_single", "search_preset": "lost_step_wait", "ts": 1783078065.765}
{"event": "armed_running", "pid": 1046735, "preset": "car_single", "search_preset": "lost_step_wait", "ts": 1783078065.765}
{"event": "armed_running", "pid": 1046735, "preset": "car_single", "search_preset": "lost_step_wait", "ts": 1783078080.805}
{"event": "armed_running", "pid": 1046735, "preset": "car_single", "search_preset": "lost_step_wait", "ts": 1783078080.805}
{"event": "armed_running", "pid": 1046735, "preset": "car_single", "search_preset": "lost_step_wait", "ts": 1783078095.845}
{"event": "armed_running", "pid": 1046735, "preset": "car_single", "search_preset": "lost_step_wait", "ts": 1783078095.845}
{"event": "armed_running", "pid": 1046735, "preset": "car_single", "search_preset": "lost_step_wait", "ts": 1783078110.886}
{"event": "armed_running", "pid": 1046735, "preset": "car_single", "search_preset": "lost_step_wait", "ts": 1783078110.886}
{"event": "armed_running", "pid": 1046735, "preset": "car_single", "search_preset": "lost_step_wait", "ts": 1783078125.926}
{"event": "armed_running", "pid": 1046735, "preset": "car_single", "search_preset": "lost_step_wait", "ts": 1783078125.926}
{"event": "armed_running", "pid": 1046735, "preset": "car_single", "search_preset": "lost_step_wait", "ts": 1783078140.965}
{"event": "armed_running", "pid": 1046735, "preset": "car_single", "search_preset": "lost_step_wait", "ts": 1783078140.965}
{"event": "armed_running", "pid": 1046735, "preset": "car_single", "search_preset": "lost_step_wait", "ts": 1783078156.007}
{"event": "armed_running", "pid": 1046735, "preset": "car_single", "search_preset": "lost_step_wait", "ts": 1783078156.007}
{"event": "armed_running", "pid": 1046735, "preset": "car_single", "search_preset": "lost_step_wait", "ts": 1783078171.047}
{"event": "armed_running", "pid": 1046735, "preset": "car_single", "search_preset": "lost_step_wait", "ts": 1783078171.047}
{"event": "armed_running", "pid": 1046735, "preset": "car_single", "search_preset": "lost_step_wait", "ts": 1783078186.087}
{"event": "armed_running", "pid": 1046735, "preset": "car_single", "search_preset": "lost_step_wait", "ts": 1783078186.087}
{"event": "armed_running", "pid": 1046735, "preset": "car_single", "search_preset": "lost_step_wait", "ts": 1783078201.127}
{"event": "armed_running", "pid": 1046735, "preset": "car_single", "search_preset": "lost_step_wait", "ts": 1783078201.127}
{"event": "armed_running", "pid": 1046735, "preset": "car_single", "search_preset": "lost_step_wait", "ts": 1783078216.165}
{"event": "armed_running", "pid": 1046735, "preset": "car_single", "search_preset": "lost_step_wait", "ts": 1783078216.165}
{"event": "armed_running", "pid": 1046735, "preset": "car_single", "search_preset": "lost_step_wait", "ts": 1783078231.204}
{"event": "armed_running", "pid": 1046735, "preset": "car_single", "search_preset": "lost_step_wait", "ts": 1783078231.204}
{"event": "armed_running", "pid": 1046735, "preset": "car_single", "search_preset": "lost_step_wait", "ts": 1783078246.246}
{"event": "armed_running", "pid": 1046735, "preset": "car_single", "search_preset": "lost_step_wait", "ts": 1783078246.246}
{"event": "armed_running", "pid": 1046735, "preset": "car_single", "search_preset": "lost_step_wait", "ts": 1783078261.284}
{"event": "armed_running", "pid": 1046735, "preset": "car_single", "search_preset": "lost_step_wait", "ts": 1783078261.284}
{"event": "armed_running", "pid": 1046735, "preset": "car_single", "search_preset": "lost_step_wait", "ts": 1783078276.324}
{"event": "armed_running", "pid": 1046735, "preset": "car_single", "search_preset": "lost_step_wait", "ts": 1783078276.324}
{"event": "armed_running", "pid": 1046735, "preset": "car_single", "search_preset": "lost_step_wait", "ts": 1783078291.363}
{"event": "armed_running", "pid": 1046735, "preset": "car_single", "search_preset": "lost_step_wait", "ts": 1783078291.363}
{"event": "armed_running", "pid": 1046735, "preset": "car_single", "search_preset": "lost_step_wait", "ts": 1783078306.403}
{"event": "armed_running", "pid": 1046735, "preset": "car_single", "search_preset": "lost_step_wait", "ts": 1783078306.403}
{"event": "armed_running", "pid": 1046735, "preset": "car_single", "search_preset": "lost_step_wait", "ts": 1783078321.441}
{"event": "armed_running", "pid": 1046735, "preset": "car_single", "search_preset": "lost_step_wait", "ts": 1783078321.441}
{"event": "armed_running", "pid": 1046735, "preset": "car_single", "search_preset": "lost_step_wait", "ts": 1783078336.48}
{"event": "armed_running", "pid": 1046735, "preset": "car_single", "search_preset": "lost_step_wait", "ts": 1783078336.48}
{"event": "armed_running", "pid": 1046735, "preset": "car_single", "search_preset": "lost_step_wait", "ts": 1783078351.52}
{"event": "armed_running", "pid": 1046735, "preset": "car_single", "search_preset": "lost_step_wait", "ts": 1783078351.52}
{"event": "armed_running", "pid": 1046735, "preset": "car_single", "search_preset": "lost_step_wait", "ts": 1783078366.559}
{"event": "armed_running", "pid": 1046735, "preset": "car_single", "search_preset": "lost_step_wait", "ts": 1783078366.559}
{"event": "armed_running", "pid": 1046735, "preset": "car_single", "search_preset": "lost_step_wait", "ts": 1783078381.597}
{"event": "armed_running", "pid": 1046735, "preset": "car_single", "search_preset": "lost_step_wait", "ts": 1783078381.597}
{"event": "armed_running", "pid": 1046735, "preset": "car_single", "search_preset": "lost_step_wait", "ts": 1783078396.636}
{"event": "armed_running", "pid": 1046735, "preset": "car_single", "search_preset": "lost_step_wait", "ts": 1783078396.636}
{"event": "armed_running", "pid": 1046735, "preset": "car_single", "search_preset": "lost_step_wait", "ts": 1783078411.676}
{"event": "armed_running", "pid": 1046735, "preset": "car_single", "search_preset": "lost_step_wait", "ts": 1783078411.676}
{"event": "armed_running", "pid": 1046735, "preset": "car_single", "search_preset": "lost_step_wait", "ts": 1783078426.715}
{"event": "armed_running", "pid": 1046735, "preset": "car_single", "search_preset": "lost_step_wait", "ts": 1783078426.715}
{"event": "armed_running", "pid": 1046735, "preset": "car_single", "search_preset": "lost_step_wait", "ts": 1783078441.754}
{"event": "armed_running", "pid": 1046735, "preset": "car_single", "search_preset": "lost_step_wait", "ts": 1783078441.754}
{"event": "armed_running", "pid": 1046735, "preset": "car_single", "search_preset": "lost_step_wait", "ts": 1783078456.794}
{"event": "armed_running", "pid": 1046735, "preset": "car_single", "search_preset": "lost_step_wait", "ts": 1783078456.794}
{"event": "armed_running", "pid": 1046735, "preset": "car_single", "search_preset": "lost_step_wait", "ts": 1783078471.833}
{"event": "armed_running", "pid": 1046735, "preset": "car_single", "search_preset": "lost_step_wait", "ts": 1783078471.833}
{"event": "armed_running", "pid": 1046735, "preset": "car_single", "search_preset": "lost_step_wait", "ts": 1783078486.875}
{"event": "armed_running", "pid": 1046735, "preset": "car_single", "search_preset": "lost_step_wait", "ts": 1783078486.875}
{"event": "armed_running", "pid": 1046735, "preset": "car_single", "search_preset": "lost_step_wait", "ts": 1783078501.915}
{"event": "armed_running", "pid": 1046735, "preset": "car_single", "search_preset": "lost_step_wait", "ts": 1783078501.915}
{"event": "armed_running", "pid": 1046735, "preset": "car_single", "search_preset": "lost_step_wait", "ts": 1783078516.956}
{"event": "armed_running", "pid": 1046735, "preset": "car_single", "search_preset": "lost_step_wait", "ts": 1783078516.956}
{"event": "armed_running", "pid": 1046735, "preset": "car_single", "search_preset": "lost_step_wait", "ts": 1783078531.995}
{"event": "armed_running", "pid": 1046735, "preset": "car_single", "search_preset": "lost_step_wait", "ts": 1783078531.995}
{"event": "armed_running", "pid": 1046735, "preset": "car_single", "search_preset": "lost_step_wait", "ts": 1783078547.034}
{"event": "armed_running", "pid": 1046735, "preset": "car_single", "search_preset": "lost_step_wait", "ts": 1783078547.034}
{"event": "armed_running", "pid": 1046735, "preset": "car_single", "search_preset": "lost_step_wait", "ts": 1783078562.077}
{"event": "armed_running", "pid": 1046735, "preset": "car_single", "search_preset": "lost_step_wait", "ts": 1783078562.077}
{"event": "armed_running", "pid": 1046735, "preset": "car_single", "search_preset": "lost_step_wait", "ts": 1783078577.121}
{"event": "armed_running", "pid": 1046735, "preset": "car_single", "search_preset": "lost_step_wait", "ts": 1783078577.121}
{"event": "armed_running", "pid": 1046735, "preset": "car_single", "search_preset": "lost_step_wait", "ts": 1783078592.163}
{"event": "armed_running", "pid": 1046735, "preset": "car_single", "search_preset": "lost_step_wait", "ts": 1783078592.163}
{"event": "armed_running", "pid": 1046735, "preset": "car_single", "search_preset": "lost_step_wait", "ts": 1783078607.203}
{"event": "armed_running", "pid": 1046735, "preset": "car_single", "search_preset": "lost_step_wait", "ts": 1783078607.203}
{"event": "armed_running", "pid": 1046735, "preset": "car_single", "search_preset": "lost_step_wait", "ts": 1783078622.241}
{"event": "armed_running", "pid": 1046735, "preset": "car_single", "search_preset": "lost_step_wait", "ts": 1783078622.241}
{"event": "armed_running", "pid": 1046735, "preset": "car_single", "search_preset": "lost_step_wait", "ts": 1783078637.282}
{"event": "armed_running", "pid": 1046735, "preset": "car_single", "search_preset": "lost_step_wait", "ts": 1783078637.282}
{"event": "armed_running", "pid": 1046735, "preset": "car_single", "search_preset": "lost_step_wait", "ts": 1783078652.322}
{"event": "armed_running", "pid": 1046735, "preset": "car_single", "search_preset": "lost_step_wait", "ts": 1783078652.322}
{"event": "armed_running", "pid": 1046735, "preset": "car_single", "search_preset": "lost_step_wait", "ts": 1783078667.362}
{"event": "armed_running", "pid": 1046735, "preset": "car_single", "search_preset": "lost_step_wait", "ts": 1783078667.362}
{"event": "armed_running", "pid": 1046735, "preset": "car_single", "search_preset": "lost_step_wait", "ts": 1783078682.403}
{"event": "armed_running", "pid": 1046735, "preset": "car_single", "search_preset": "lost_step_wait", "ts": 1783078682.403}
{"event": "armed_running", "pid": 1046735, "preset": "car_single", "search_preset": "lost_step_wait", "ts": 1783078697.443}
{"event": "armed_running", "pid": 1046735, "preset": "car_single", "search_preset": "lost_step_wait", "ts": 1783078697.443}
{"event": "armed_running", "pid": 1046735, "preset": "car_single", "search_preset": "lost_step_wait", "ts": 1783078712.482}
{"event": "armed_running", "pid": 1046735, "preset": "car_single", "search_preset": "lost_step_wait", "ts": 1783078712.482}
{"event": "armed_running", "pid": 1046735, "preset": "car_single", "search_preset": "lost_step_wait", "ts": 1783078727.521}
{"event": "armed_running", "pid": 1046735, "preset": "car_single", "search_preset": "lost_step_wait", "ts": 1783078727.521}
{"event": "armed_running", "pid": 1046735, "preset": "car_single", "search_preset": "lost_step_wait", "ts": 1783078742.557}
{"event": "armed_running", "pid": 1046735, "preset": "car_single", "search_preset": "lost_step_wait", "ts": 1783078742.557}
{"event": "armed_running", "pid": 1046735, "preset": "car_single", "search_preset": "lost_step_wait", "ts": 1783078757.595}
{"event": "armed_running", "pid": 1046735, "preset": "car_single", "search_preset": "lost_step_wait", "ts": 1783078757.595}
{"event": "armed_running", "pid": 1046735, "preset": "car_single", "search_preset": "lost_step_wait", "ts": 1783078772.633}
{"event": "armed_running", "pid": 1046735, "preset": "car_single", "search_preset": "lost_step_wait", "ts": 1783078772.633}
{"event": "armed_running", "pid": 1046735, "preset": "car_single", "search_preset": "lost_step_wait", "ts": 1783078787.673}
{"event": "armed_running", "pid": 1046735, "preset": "car_single", "search_preset": "lost_step_wait", "ts": 1783078787.673}
{"event": "armed_running", "pid": 1046735, "preset": "car_single", "search_preset": "lost_step_wait", "ts": 1783078802.711}
{"event": "armed_running", "pid": 1046735, "preset": "car_single", "search_preset": "lost_step_wait", "ts": 1783078802.711}
{"event": "armed_running", "pid": 1046735, "preset": "car_single", "search_preset": "lost_step_wait", "ts": 1783078817.751}
{"event": "armed_running", "pid": 1046735, "preset": "car_single", "search_preset": "lost_step_wait", "ts": 1783078817.751}
{"event": "armed_running", "pid": 1046735, "preset": "car_single", "search_preset": "lost_step_wait", "ts": 1783078832.79}
{"event": "armed_running", "pid": 1046735, "preset": "car_single", "search_preset": "lost_step_wait", "ts": 1783078832.79}
{"event": "armed_running", "pid": 1046735, "preset": "car_single", "search_preset": "lost_step_wait", "ts": 1783078847.829}
{"event": "armed_running", "pid": 1046735, "preset": "car_single", "search_preset": "lost_step_wait", "ts": 1783078847.829}
{"event": "armed_running", "pid": 1046735, "preset": "car_single", "search_preset": "lost_step_wait", "ts": 1783078862.866}
{"event": "armed_running", "pid": 1046735, "preset": "car_single", "search_preset": "lost_step_wait", "ts": 1783078862.866}
{"event": "armed_running", "pid": 1046735, "preset": "car_single", "search_preset": "lost_step_wait", "ts": 1783078877.903}
{"event": "armed_running", "pid": 1046735, "preset": "car_single", "search_preset": "lost_step_wait", "ts": 1783078877.903}
{"event": "armed_running", "pid": 1046735, "preset": "car_single", "search_preset": "lost_step_wait", "ts": 1783078892.942}
{"event": "armed_running", "pid": 1046735, "preset": "car_single", "search_preset": "lost_step_wait", "ts": 1783078892.942}
{"event": "armed_running", "pid": 1046735, "preset": "car_single", "search_preset": "lost_step_wait", "ts": 1783078907.981}
{"event": "armed_running", "pid": 1046735, "preset": "car_single", "search_preset": "lost_step_wait", "ts": 1783078907.981}
{"event": "armed_running", "pid": 1046735, "preset": "car_single", "search_preset": "lost_step_wait", "ts": 1783078923.021}
{"event": "armed_running", "pid": 1046735, "preset": "car_single", "search_preset": "lost_step_wait", "ts": 1783078923.021}
{"event": "armed_running", "pid": 1046735, "preset": "car_single", "search_preset": "lost_step_wait", "ts": 1783078938.06}
{"event": "armed_running", "pid": 1046735, "preset": "car_single", "search_preset": "lost_step_wait", "ts": 1783078938.06}
{"event": "armed_running", "pid": 1046735, "preset": "car_single", "search_preset": "lost_step_wait", "ts": 1783078953.099}
{"event": "armed_running", "pid": 1046735, "preset": "car_single", "search_preset": "lost_step_wait", "ts": 1783078953.099}
{"event": "armed_running", "pid": 1046735, "preset": "car_single", "search_preset": "lost_step_wait", "ts": 1783078968.137}
{"event": "armed_running", "pid": 1046735, "preset": "car_single", "search_preset": "lost_step_wait", "ts": 1783078968.137}
{"event": "armed_running", "pid": 1046735, "preset": "car_single", "search_preset": "lost_step_wait", "ts": 1783078983.177}
{"event": "armed_running", "pid": 1046735, "preset": "car_single", "search_preset": "lost_step_wait", "ts": 1783078983.177}
{"event": "armed_running", "pid": 1046735, "preset": "car_single", "search_preset": "lost_step_wait", "ts": 1783078998.216}
{"event": "armed_running", "pid": 1046735, "preset": "car_single", "search_preset": "lost_step_wait", "ts": 1783078998.216}
{"event": "armed_running", "pid": 1046735, "preset": "car_single", "search_preset": "lost_step_wait", "ts": 1783079013.255}
{"event": "armed_running", "pid": 1046735, "preset": "car_single", "search_preset": "lost_step_wait", "ts": 1783079013.255}
{"event": "armed_running", "pid": 1046735, "preset": "car_single", "search_preset": "lost_step_wait", "ts": 1783079028.294}
{"event": "armed_running", "pid": 1046735, "preset": "car_single", "search_preset": "lost_step_wait", "ts": 1783079028.294}
{"event": "armed_running", "pid": 1046735, "preset": "car_single", "search_preset": "lost_step_wait", "ts": 1783079043.333}
{"event": "armed_running", "pid": 1046735, "preset": "car_single", "search_preset": "lost_step_wait", "ts": 1783079043.333}
{"event": "armed_running", "pid": 1046735, "preset": "car_single", "search_preset": "lost_step_wait", "ts": 1783079058.372}
{"event": "armed_running", "pid": 1046735, "preset": "car_single", "search_preset": "lost_step_wait", "ts": 1783079058.372}
{"event": "armed_running", "pid": 1046735, "preset": "car_single", "search_preset": "lost_step_wait", "ts": 1783079073.41}
{"event": "armed_running", "pid": 1046735, "preset": "car_single", "search_preset": "lost_step_wait", "ts": 1783079073.41}
{"event": "armed_running", "pid": 1046735, "preset": "car_single", "search_preset": "lost_step_wait", "ts": 1783079088.448}
{"event": "armed_running", "pid": 1046735, "preset": "car_single", "search_preset": "lost_step_wait", "ts": 1783079088.448}
{"event": "armed_running", "pid": 1046735, "preset": "car_single", "search_preset": "lost_step_wait", "ts": 1783079103.487}
{"event": "armed_running", "pid": 1046735, "preset": "car_single", "search_preset": "lost_step_wait", "ts": 1783079103.487}
{"event": "armed_running", "pid": 1046735, "preset": "car_single", "search_preset": "lost_step_wait", "ts": 1783079118.525}
{"event": "armed_running", "pid": 1046735, "preset": "car_single", "search_preset": "lost_step_wait", "ts": 1783079118.525}
{"event": "armed_running", "pid": 1046735, "preset": "car_single", "search_preset": "lost_step_wait", "ts": 1783079133.563}
{"event": "armed_running", "pid": 1046735, "preset": "car_single", "search_preset": "lost_step_wait", "ts": 1783079133.563}
{"event": "armed_running", "pid": 1046735, "preset": "car_single", "search_preset": "lost_step_wait", "ts": 1783079148.599}
{"event": "armed_running", "pid": 1046735, "preset": "car_single", "search_preset": "lost_step_wait", "ts": 1783079148.599}
{"event": "armed_running", "pid": 1046735, "preset": "car_single", "search_preset": "lost_step_wait", "ts": 1783079163.64}
{"event": "armed_running", "pid": 1046735, "preset": "car_single", "search_preset": "lost_step_wait", "ts": 1783079163.64}
{"event": "armed_running", "pid": 1046735, "preset": "car_single", "search_preset": "lost_step_wait", "ts": 1783079178.68}
{"event": "armed_running", "pid": 1046735, "preset": "car_single", "search_preset": "lost_step_wait", "ts": 1783079178.68}
{"event": "armed_running", "pid": 1046735, "preset": "car_single", "search_preset": "lost_step_wait", "ts": 1783079193.723}
{"event": "armed_running", "pid": 1046735, "preset": "car_single", "search_preset": "lost_step_wait", "ts": 1783079193.723}
{"event": "armed_running", "pid": 1046735, "preset": "car_single", "search_preset": "lost_step_wait", "ts": 1783079208.764}
{"event": "armed_running", "pid": 1046735, "preset": "car_single", "search_preset": "lost_step_wait", "ts": 1783079208.764}
{"event": "armed_running", "pid": 1046735, "preset": "car_single", "search_preset": "lost_step_wait", "ts": 1783079223.805}
{"event": "armed_running", "pid": 1046735, "preset": "car_single", "search_preset": "lost_step_wait", "ts": 1783079223.805}
{"event": "armed_running", "pid": 1046735, "preset": "car_single", "search_preset": "lost_step_wait", "ts": 1783079238.845}
{"event": "armed_running", "pid": 1046735, "preset": "car_single", "search_preset": "lost_step_wait", "ts": 1783079238.845}
{"event": "armed_running", "pid": 1046735, "preset": "car_single", "search_preset": "lost_step_wait", "ts": 1783079253.885}
{"event": "armed_running", "pid": 1046735, "preset": "car_single", "search_preset": "lost_step_wait", "ts": 1783079253.885}
{"event": "armed_running", "pid": 1046735, "preset": "car_single", "search_preset": "lost_step_wait", "ts": 1783079268.926}
{"event": "armed_running", "pid": 1046735, "preset": "car_single", "search_preset": "lost_step_wait", "ts": 1783079268.926}
{"event": "armed_running", "pid": 1046735, "preset": "car_single", "search_preset": "lost_step_wait", "ts": 1783079283.965}
{"event": "armed_running", "pid": 1046735, "preset": "car_single", "search_preset": "lost_step_wait", "ts": 1783079283.965}
{"event": "armed_running", "pid": 1046735, "preset": "car_single", "search_preset": "lost_step_wait", "ts": 1783079299.006}
{"event": "armed_running", "pid": 1046735, "preset": "car_single", "search_preset": "lost_step_wait", "ts": 1783079299.006}
{"event": "armed_running", "pid": 1046735, "preset": "car_single", "search_preset": "lost_step_wait", "ts": 1783079314.045}
{"event": "armed_running", "pid": 1046735, "preset": "car_single", "search_preset": "lost_step_wait", "ts": 1783079314.045}
{"event": "armed_running", "pid": 1046735, "preset": "car_single", "search_preset": "lost_step_wait", "ts": 1783079329.083}
{"event": "armed_running", "pid": 1046735, "preset": "car_single", "search_preset": "lost_step_wait", "ts": 1783079329.083}
{"event": "armed_running", "pid": 1046735, "preset": "car_single", "search_preset": "lost_step_wait", "ts": 1783079344.12}
{"event": "armed_running", "pid": 1046735, "preset": "car_single", "search_preset": "lost_step_wait", "ts": 1783079344.12}
{"event": "armed_running", "pid": 1046735, "preset": "car_single", "search_preset": "lost_step_wait", "ts": 1783079359.159}
{"event": "armed_running", "pid": 1046735, "preset": "car_single", "search_preset": "lost_step_wait", "ts": 1783079359.159}
{"event": "armed_running", "pid": 1046735, "preset": "car_single", "search_preset": "lost_step_wait", "ts": 1783079374.199}
{"event": "armed_running", "pid": 1046735, "preset": "car_single", "search_preset": "lost_step_wait", "ts": 1783079374.199}
{"event": "armed_running", "pid": 1046735, "preset": "car_single", "search_preset": "lost_step_wait", "ts": 1783079389.238}
{"event": "armed_running", "pid": 1046735, "preset": "car_single", "search_preset": "lost_step_wait", "ts": 1783079389.238}
{"event": "armed_running", "pid": 1046735, "preset": "car_single", "search_preset": "lost_step_wait", "ts": 1783079404.279}
{"event": "armed_running", "pid": 1046735, "preset": "car_single", "search_preset": "lost_step_wait", "ts": 1783079404.279}
{"event": "armed_running", "pid": 1046735, "preset": "car_single", "search_preset": "lost_step_wait", "ts": 1783079419.32}
{"event": "armed_running", "pid": 1046735, "preset": "car_single", "search_preset": "lost_step_wait", "ts": 1783079419.32}
{"event": "armed_running", "pid": 1046735, "preset": "car_single", "search_preset": "lost_step_wait", "ts": 1783079434.36}
{"event": "armed_running", "pid": 1046735, "preset": "car_single", "search_preset": "lost_step_wait", "ts": 1783079434.36}
{"event": "armed_running", "pid": 1046735, "preset": "car_single", "search_preset": "lost_step_wait", "ts": 1783079449.4}
{"event": "armed_running", "pid": 1046735, "preset": "car_single", "search_preset": "lost_step_wait", "ts": 1783079449.4}
{"event": "armed_running", "pid": 1046735, "preset": "car_single", "search_preset": "lost_step_wait", "ts": 1783079464.44}
{"event": "armed_running", "pid": 1046735, "preset": "car_single", "search_preset": "lost_step_wait", "ts": 1783079464.44}
{"event": "armed_running", "pid": 1046735, "preset": "car_single", "search_preset": "lost_step_wait", "ts": 1783079479.48}
{"event": "armed_running", "pid": 1046735, "preset": "car_single", "search_preset": "lost_step_wait", "ts": 1783079479.48}
{"event": "armed_running", "pid": 1046735, "preset": "car_single", "search_preset": "lost_step_wait", "ts": 1783079494.518}
{"event": "armed_running", "pid": 1046735, "preset": "car_single", "search_preset": "lost_step_wait", "ts": 1783079494.518}
{"event": "armed_running", "pid": 1046735, "preset": "car_single", "search_preset": "lost_step_wait", "ts": 1783079509.558}
{"event": "armed_running", "pid": 1046735, "preset": "car_single", "search_preset": "lost_step_wait", "ts": 1783079509.558}
{"event": "armed_running", "pid": 1046735, "preset": "car_single", "search_preset": "lost_step_wait", "ts": 1783079524.597}
{"event": "armed_running", "pid": 1046735, "preset": "car_single", "search_preset": "lost_step_wait", "ts": 1783079524.597}
{"event": "armed_running", "pid": 1046735, "preset": "car_single", "search_preset": "lost_step_wait", "ts": 1783079539.637}
{"event": "armed_running", "pid": 1046735, "preset": "car_single", "search_preset": "lost_step_wait", "ts": 1783079539.637}
{"event": "armed_running", "pid": 1046735, "preset": "car_single", "search_preset": "lost_step_wait", "ts": 1783079554.676}
{"event": "armed_running", "pid": 1046735, "preset": "car_single", "search_preset": "lost_step_wait", "ts": 1783079554.676}
{"event": "armed_running", "pid": 1046735, "preset": "car_single", "search_preset": "lost_step_wait", "ts": 1783079569.715}
{"event": "armed_running", "pid": 1046735, "preset": "car_single", "search_preset": "lost_step_wait", "ts": 1783079569.715}
{"event": "armed_running", "pid": 1046735, "preset": "car_single", "search_preset": "lost_step_wait", "ts": 1783079584.754}
{"event": "armed_running", "pid": 1046735, "preset": "car_single", "search_preset": "lost_step_wait", "ts": 1783079584.754}
{"event": "armed_running", "pid": 1046735, "preset": "car_single", "search_preset": "lost_step_wait", "ts": 1783079599.793}
{"event": "armed_running", "pid": 1046735, "preset": "car_single", "search_preset": "lost_step_wait", "ts": 1783079599.793}
{"event": "armed_running", "pid": 1046735, "preset": "car_single", "search_preset": "lost_step_wait", "ts": 1783079614.834}
{"event": "armed_running", "pid": 1046735, "preset": "car_single", "search_preset": "lost_step_wait", "ts": 1783079614.834}
{"event": "armed_running", "pid": 1046735, "preset": "car_single", "search_preset": "lost_step_wait", "ts": 1783079629.876}
{"event": "armed_running", "pid": 1046735, "preset": "car_single", "search_preset": "lost_step_wait", "ts": 1783079629.876}
{"event": "armed_running", "pid": 1046735, "preset": "car_single", "search_preset": "lost_step_wait", "ts": 1783079644.916}
{"event": "armed_running", "pid": 1046735, "preset": "car_single", "search_preset": "lost_step_wait", "ts": 1783079644.916}
{"event": "armed_running", "pid": 1046735, "preset": "car_single", "search_preset": "lost_step_wait", "ts": 1783079659.958}
{"event": "armed_running", "pid": 1046735, "preset": "car_single", "search_preset": "lost_step_wait", "ts": 1783079659.958}
{"event": "armed_running", "pid": 1046735, "preset": "car_single", "search_preset": "lost_step_wait", "ts": 1783079674.997}
{"event": "armed_running", "pid": 1046735, "preset": "car_single", "search_preset": "lost_step_wait", "ts": 1783079674.997}
{"event": "armed_running", "pid": 1046735, "preset": "car_single", "search_preset": "lost_step_wait", "ts": 1783079690.033}
{"event": "armed_running", "pid": 1046735, "preset": "car_single", "search_preset": "lost_step_wait", "ts": 1783079690.033}
{"event": "armed_running", "pid": 1046735, "preset": "car_single", "search_preset": "lost_step_wait", "ts": 1783079705.072}
{"event": "armed_running", "pid": 1046735, "preset": "car_single", "search_preset": "lost_step_wait", "ts": 1783079705.072}
{"event": "armed_running", "pid": 1046735, "preset": "car_single", "search_preset": "lost_step_wait", "ts": 1783079720.11}
{"event": "armed_running", "pid": 1046735, "preset": "car_single", "search_preset": "lost_step_wait", "ts": 1783079720.11}
{"event": "armed_running", "pid": 1046735, "preset": "car_single", "search_preset": "lost_step_wait", "ts": 1783079735.151}
{"event": "armed_running", "pid": 1046735, "preset": "car_single", "search_preset": "lost_step_wait", "ts": 1783079735.151}
{"event": "armed_running", "pid": 1046735, "preset": "car_single", "search_preset": "lost_step_wait", "ts": 1783079750.189}
{"event": "armed_running", "pid": 1046735, "preset": "car_single", "search_preset": "lost_step_wait", "ts": 1783079750.189}
{"event": "armed_running", "pid": 1046735, "preset": "car_single", "search_preset": "lost_step_wait", "ts": 1783079765.229}
{"event": "armed_running", "pid": 1046735, "preset": "car_single", "search_preset": "lost_step_wait", "ts": 1783079765.229}
{"event": "armed_running", "pid": 1046735, "preset": "car_single", "search_preset": "lost_step_wait", "ts": 1783079780.27}
{"event": "armed_running", "pid": 1046735, "preset": "car_single", "search_preset": "lost_step_wait", "ts": 1783079780.27}
{"event": "armed_running", "pid": 1046735, "preset": "car_single", "search_preset": "lost_step_wait", "ts": 1783079795.308}
{"event": "armed_running", "pid": 1046735, "preset": "car_single", "search_preset": "lost_step_wait", "ts": 1783079795.308}
{"event": "armed_running", "pid": 1046735, "preset": "car_single", "search_preset": "lost_step_wait", "ts": 1783079810.347}
{"event": "armed_running", "pid": 1046735, "preset": "car_single", "search_preset": "lost_step_wait", "ts": 1783079810.347}
{"event": "armed_running", "pid": 1046735, "preset": "car_single", "search_preset": "lost_step_wait", "ts": 1783079825.387}
{"event": "armed_running", "pid": 1046735, "preset": "car_single", "search_preset": "lost_step_wait", "ts": 1783079825.387}
{"event": "armed_running", "pid": 1046735, "preset": "car_single", "search_preset": "lost_step_wait", "ts": 1783079840.425}
{"event": "armed_running", "pid": 1046735, "preset": "car_single", "search_preset": "lost_step_wait", "ts": 1783079840.425}
{"event": "armed_running", "pid": 1046735, "preset": "car_single", "search_preset": "lost_step_wait", "ts": 1783079855.476}
{"event": "armed_running", "pid": 1046735, "preset": "car_single", "search_preset": "lost_step_wait", "ts": 1783079855.476}
{"event": "armed_running", "pid": 1046735, "preset": "car_single", "search_preset": "lost_step_wait", "ts": 1783079870.514}
{"event": "armed_running", "pid": 1046735, "preset": "car_single", "search_preset": "lost_step_wait", "ts": 1783079870.514}
{"event": "armed_running", "pid": 1046735, "preset": "car_single", "search_preset": "lost_step_wait", "ts": 1783079885.555}
{"event": "armed_running", "pid": 1046735, "preset": "car_single", "search_preset": "lost_step_wait", "ts": 1783079885.555}
{"event": "armed_running", "pid": 1046735, "preset": "car_single", "search_preset": "lost_step_wait", "ts": 1783079900.596}
{"event": "armed_running", "pid": 1046735, "preset": "car_single", "search_preset": "lost_step_wait", "ts": 1783079900.596}
{"event": "armed_running", "pid": 1046735, "preset": "car_single", "search_preset": "lost_step_wait", "ts": 1783079915.639}
{"event": "armed_running", "pid": 1046735, "preset": "car_single", "search_preset": "lost_step_wait", "ts": 1783079915.639}
{"event": "armed_running", "pid": 1046735, "preset": "car_single", "search_preset": "lost_step_wait", "ts": 1783079930.68}
{"event": "armed_running", "pid": 1046735, "preset": "car_single", "search_preset": "lost_step_wait", "ts": 1783079930.68}
{"event": "armed_running", "pid": 1046735, "preset": "car_single", "search_preset": "lost_step_wait", "ts": 1783079945.721}
{"event": "armed_running", "pid": 1046735, "preset": "car_single", "search_preset": "lost_step_wait", "ts": 1783079945.721}
{"event": "armed_running", "pid": 1046735, "preset": "car_single", "search_preset": "lost_step_wait", "ts": 1783079960.761}
{"event": "armed_running", "pid": 1046735, "preset": "car_single", "search_preset": "lost_step_wait", "ts": 1783079960.761}
{"event": "armed_running", "pid": 1046735, "preset": "car_single", "search_preset": "lost_step_wait", "ts": 1783079975.797}
{"event": "armed_running", "pid": 1046735, "preset": "car_single", "search_preset": "lost_step_wait", "ts": 1783079975.797}
{"event": "armed_running", "pid": 1046735, "preset": "car_single", "search_preset": "lost_step_wait", "ts": 1783079990.827}
{"event": "armed_running", "pid": 1046735, "preset": "car_single", "search_preset": "lost_step_wait", "ts": 1783079990.827}
{"event": "armed_running", "pid": 1046735, "preset": "car_single", "search_preset": "lost_step_wait", "ts": 1783080005.865}
{"event": "armed_running", "pid": 1046735, "preset": "car_single", "search_preset": "lost_step_wait", "ts": 1783080005.865}
{"event": "armed_running", "pid": 1046735, "preset": "car_single", "search_preset": "lost_step_wait", "ts": 1783080020.902}
{"event": "armed_running", "pid": 1046735, "preset": "car_single", "search_preset": "lost_step_wait", "ts": 1783080020.902}
{"event": "armed_running", "pid": 1046735, "preset": "car_single", "search_preset": "lost_step_wait", "ts": 1783080035.94}
{"event": "armed_running", "pid": 1046735, "preset": "car_single", "search_preset": "lost_step_wait", "ts": 1783080035.94}
{"event": "armed_running", "pid": 1046735, "preset": "car_single", "search_preset": "lost_step_wait", "ts": 1783080050.98}
{"event": "armed_running", "pid": 1046735, "preset": "car_single", "search_preset": "lost_step_wait", "ts": 1783080050.98}
{"event": "armed_running", "pid": 1046735, "preset": "car_single", "search_preset": "lost_step_wait", "ts": 1783080066.016}
{"event": "armed_running", "pid": 1046735, "preset": "car_single", "search_preset": "lost_step_wait", "ts": 1783080066.016}
{"event": "armed_running", "pid": 1046735, "preset": "car_single", "search_preset": "lost_step_wait", "ts": 1783080081.053}
{"event": "armed_running", "pid": 1046735, "preset": "car_single", "search_preset": "lost_step_wait", "ts": 1783080081.053}
{"event": "armed_running", "pid": 1046735, "preset": "car_single", "search_preset": "lost_step_wait", "ts": 1783080096.091}
{"event": "armed_running", "pid": 1046735, "preset": "car_single", "search_preset": "lost_step_wait", "ts": 1783080096.091}
{"event": "armed_running", "pid": 1046735, "preset": "car_single", "search_preset": "lost_step_wait", "ts": 1783080111.129}
{"event": "armed_running", "pid": 1046735, "preset": "car_single", "search_preset": "lost_step_wait", "ts": 1783080111.129}
{"event": "armed_running", "pid": 1046735, "preset": "car_single", "search_preset": "lost_step_wait", "ts": 1783080126.169}
{"event": "armed_running", "pid": 1046735, "preset": "car_single", "search_preset": "lost_step_wait", "ts": 1783080126.169}
{"event": "armed_running", "pid": 1046735, "preset": "car_single", "search_preset": "lost_step_wait", "ts": 1783080141.206}
{"event": "armed_running", "pid": 1046735, "preset": "car_single", "search_preset": "lost_step_wait", "ts": 1783080141.206}
{"event": "armed_running", "pid": 1046735, "preset": "car_single", "search_preset": "lost_step_wait", "ts": 1783080156.245}
{"event": "armed_running", "pid": 1046735, "preset": "car_single", "search_preset": "lost_step_wait", "ts": 1783080156.245}
{"event": "armed_running", "pid": 1046735, "preset": "car_single", "search_preset": "lost_step_wait", "ts": 1783080171.284}
{"event": "armed_running", "pid": 1046735, "preset": "car_single", "search_preset": "lost_step_wait", "ts": 1783080171.284}
{"event": "armed_running", "pid": 1046735, "preset": "car_single", "search_preset": "lost_step_wait", "ts": 1783080186.324}
{"event": "armed_running", "pid": 1046735, "preset": "car_single", "search_preset": "lost_step_wait", "ts": 1783080186.324}
{"event": "armed_running", "pid": 1046735, "preset": "car_single", "search_preset": "lost_step_wait", "ts": 1783080201.363}
{"event": "armed_running", "pid": 1046735, "preset": "car_single", "search_preset": "lost_step_wait", "ts": 1783080201.363}
{"event": "armed_running", "pid": 1046735, "preset": "car_single", "search_preset": "lost_step_wait", "ts": 1783080216.401}
{"event": "armed_running", "pid": 1046735, "preset": "car_single", "search_preset": "lost_step_wait", "ts": 1783080216.401}
{"event": "armed_running", "pid": 1046735, "preset": "car_single", "search_preset": "lost_step_wait", "ts": 1783080231.439}
{"event": "armed_running", "pid": 1046735, "preset": "car_single", "search_preset": "lost_step_wait", "ts": 1783080231.439}
{"event": "armed_running", "pid": 1046735, "preset": "car_single", "search_preset": "lost_step_wait", "ts": 1783080246.468}
{"event": "armed_running", "pid": 1046735, "preset": "car_single", "search_preset": "lost_step_wait", "ts": 1783080246.468}
{"event": "armed_running", "pid": 1046735, "preset": "car_single", "search_preset": "lost_step_wait", "ts": 1783080261.507}
{"event": "armed_running", "pid": 1046735, "preset": "car_single", "search_preset": "lost_step_wait", "ts": 1783080261.507}
{"event": "armed_running", "pid": 1046735, "preset": "car_single", "search_preset": "lost_step_wait", "ts": 1783080276.542}
{"event": "armed_running", "pid": 1046735, "preset": "car_single", "search_preset": "lost_step_wait", "ts": 1783080276.542}
{"event": "armed_running", "pid": 1046735, "preset": "car_single", "search_preset": "lost_step_wait", "ts": 1783080291.579}
{"event": "armed_running", "pid": 1046735, "preset": "car_single", "search_preset": "lost_step_wait", "ts": 1783080291.579}
{"event": "armed_running", "pid": 1046735, "preset": "car_single", "search_preset": "lost_step_wait", "ts": 1783080306.617}
{"event": "armed_running", "pid": 1046735, "preset": "car_single", "search_preset": "lost_step_wait", "ts": 1783080306.617}
{"event": "armed_running", "pid": 1046735, "preset": "car_single", "search_preset": "lost_step_wait", "ts": 1783080321.643}
{"event": "armed_running", "pid": 1046735, "preset": "car_single", "search_preset": "lost_step_wait", "ts": 1783080321.643}
{"event": "armed_running", "pid": 1046735, "preset": "car_single", "search_preset": "lost_step_wait", "ts": 1783080336.683}
{"event": "armed_running", "pid": 1046735, "preset": "car_single", "search_preset": "lost_step_wait", "ts": 1783080336.683}
{"event": "armed_running", "pid": 1046735, "preset": "car_single", "search_preset": "lost_step_wait", "ts": 1783080351.721}
{"event": "armed_running", "pid": 1046735, "preset": "car_single", "search_preset": "lost_step_wait", "ts": 1783080351.721}
{"event": "armed_running", "pid": 1046735, "preset": "car_single", "search_preset": "lost_step_wait", "ts": 1783080366.761}
{"event": "armed_running", "pid": 1046735, "preset": "car_single", "search_preset": "lost_step_wait", "ts": 1783080366.761}
{"event": "armed_running", "pid": 1046735, "preset": "car_single", "search_preset": "lost_step_wait", "ts": 1783080381.799}
{"event": "armed_running", "pid": 1046735, "preset": "car_single", "search_preset": "lost_step_wait", "ts": 1783080381.799}
{"event": "armed_running", "pid": 1046735, "preset": "car_single", "search_preset": "lost_step_wait", "ts": 1783080396.833}
{"event": "armed_running", "pid": 1046735, "preset": "car_single", "search_preset": "lost_step_wait", "ts": 1783080396.833}
{"event": "armed_running", "pid": 1046735, "preset": "car_single", "search_preset": "lost_step_wait", "ts": 1783080411.858}
{"event": "armed_running", "pid": 1046735, "preset": "car_single", "search_preset": "lost_step_wait", "ts": 1783080411.858}
{"event": "armed_running", "pid": 1046735, "preset": "car_single", "search_preset": "lost_step_wait", "ts": 1783080426.881}
{"event": "armed_running", "pid": 1046735, "preset": "car_single", "search_preset": "lost_step_wait", "ts": 1783080426.881}
{"event": "armed_running", "pid": 1046735, "preset": "car_single", "search_preset": "lost_step_wait", "ts": 1783080441.916}
{"event": "armed_running", "pid": 1046735, "preset": "car_single", "search_preset": "lost_step_wait", "ts": 1783080441.916}
{"event": "armed_running", "pid": 1046735, "preset": "car_single", "search_preset": "lost_step_wait", "ts": 1783080456.954}
{"event": "armed_running", "pid": 1046735, "preset": "car_single", "search_preset": "lost_step_wait", "ts": 1783080456.954}
{"event": "armed_running", "pid": 1046735, "preset": "car_single", "search_preset": "lost_step_wait", "ts": 1783080471.992}
{"event": "armed_running", "pid": 1046735, "preset": "car_single", "search_preset": "lost_step_wait", "ts": 1783080471.992}
{"event": "armed_running", "pid": 1046735, "preset": "car_single", "search_preset": "lost_step_wait", "ts": 1783080487.03}
{"event": "armed_running", "pid": 1046735, "preset": "car_single", "search_preset": "lost_step_wait", "ts": 1783080487.03}
{"event": "armed_running", "pid": 1046735, "preset": "car_single", "search_preset": "lost_step_wait", "ts": 1783080502.067}
{"event": "armed_running", "pid": 1046735, "preset": "car_single", "search_preset": "lost_step_wait", "ts": 1783080502.067}
{"event": "armed_running", "pid": 1046735, "preset": "car_single", "search_preset": "lost_step_wait", "ts": 1783080517.103}
{"event": "armed_running", "pid": 1046735, "preset": "car_single", "search_preset": "lost_step_wait", "ts": 1783080517.103}
{"event": "armed_running", "pid": 1046735, "preset": "car_single", "search_preset": "lost_step_wait", "ts": 1783080532.14}
{"event": "armed_running", "pid": 1046735, "preset": "car_single", "search_preset": "lost_step_wait", "ts": 1783080532.14}
{"event": "armed_running", "pid": 1046735, "preset": "car_single", "search_preset": "lost_step_wait", "ts": 1783080547.179}
{"event": "armed_running", "pid": 1046735, "preset": "car_single", "search_preset": "lost_step_wait", "ts": 1783080547.179}
{"event": "armed_running", "pid": 1046735, "preset": "car_single", "search_preset": "lost_step_wait", "ts": 1783080562.219}
{"event": "armed_running", "pid": 1046735, "preset": "car_single", "search_preset": "lost_step_wait", "ts": 1783080562.219}
{"event": "armed_running", "pid": 1046735, "preset": "car_single", "search_preset": "lost_step_wait", "ts": 1783080577.257}
{"event": "armed_running", "pid": 1046735, "preset": "car_single", "search_preset": "lost_step_wait", "ts": 1783080577.257}
{"event": "armed_running", "pid": 1046735, "preset": "car_single", "search_preset": "lost_step_wait", "ts": 1783080592.296}
{"event": "armed_running", "pid": 1046735, "preset": "car_single", "search_preset": "lost_step_wait", "ts": 1783080592.296}
{"event": "armed_running", "pid": 1046735, "preset": "car_single", "search_preset": "lost_step_wait", "ts": 1783080607.333}
{"event": "armed_running", "pid": 1046735, "preset": "car_single", "search_preset": "lost_step_wait", "ts": 1783080607.333}
{"event": "armed_running", "pid": 1046735, "preset": "car_single", "search_preset": "lost_step_wait", "ts": 1783080622.371}
{"event": "armed_running", "pid": 1046735, "preset": "car_single", "search_preset": "lost_step_wait", "ts": 1783080622.371}
{"event": "armed_running", "pid": 1046735, "preset": "car_single", "search_preset": "lost_step_wait", "ts": 1783080637.41}
{"event": "armed_running", "pid": 1046735, "preset": "car_single", "search_preset": "lost_step_wait", "ts": 1783080637.41}
{"event": "armed_running", "pid": 1046735, "preset": "car_single", "search_preset": "lost_step_wait", "ts": 1783080652.447}
{"event": "armed_running", "pid": 1046735, "preset": "car_single", "search_preset": "lost_step_wait", "ts": 1783080652.447}
{"event": "armed_running", "pid": 1046735, "preset": "car_single", "search_preset": "lost_step_wait", "ts": 1783080667.477}
{"event": "armed_running", "pid": 1046735, "preset": "car_single", "search_preset": "lost_step_wait", "ts": 1783080667.477}
{"event": "armed_running", "pid": 1046735, "preset": "car_single", "search_preset": "lost_step_wait", "ts": 1783080682.503}
{"event": "armed_running", "pid": 1046735, "preset": "car_single", "search_preset": "lost_step_wait", "ts": 1783080682.503}
{"event": "armed_running", "pid": 1046735, "preset": "car_single", "search_preset": "lost_step_wait", "ts": 1783080697.54}
{"event": "armed_running", "pid": 1046735, "preset": "car_single", "search_preset": "lost_step_wait", "ts": 1783080697.54}
{"event": "armed_running", "pid": 1046735, "preset": "car_single", "search_preset": "lost_step_wait", "ts": 1783080712.58}
{"event": "armed_running", "pid": 1046735, "preset": "car_single", "search_preset": "lost_step_wait", "ts": 1783080712.58}
{"event": "armed_running", "pid": 1046735, "preset": "car_single", "search_preset": "lost_step_wait", "ts": 1783080727.616}
{"event": "armed_running", "pid": 1046735, "preset": "car_single", "search_preset": "lost_step_wait", "ts": 1783080727.616}
{"event": "armed_running", "pid": 1046735, "preset": "car_single", "search_preset": "lost_step_wait", "ts": 1783080742.649}
{"event": "armed_running", "pid": 1046735, "preset": "car_single", "search_preset": "lost_step_wait", "ts": 1783080742.649}
{"event": "armed_running", "pid": 1046735, "preset": "car_single", "search_preset": "lost_step_wait", "ts": 1783080757.672}
{"event": "armed_running", "pid": 1046735, "preset": "car_single", "search_preset": "lost_step_wait", "ts": 1783080757.672}
{"event": "armed_running", "pid": 1046735, "preset": "car_single", "search_preset": "lost_step_wait", "ts": 1783080772.703}
{"event": "armed_running", "pid": 1046735, "preset": "car_single", "search_preset": "lost_step_wait", "ts": 1783080772.703}
{"event": "armed_running", "pid": 1046735, "preset": "car_single", "search_preset": "lost_step_wait", "ts": 1783080787.739}
{"event": "armed_running", "pid": 1046735, "preset": "car_single", "search_preset": "lost_step_wait", "ts": 1783080787.739}
{"event": "armed_running", "pid": 1046735, "preset": "car_single", "search_preset": "lost_step_wait", "ts": 1783080802.777}
{"event": "armed_running", "pid": 1046735, "preset": "car_single", "search_preset": "lost_step_wait", "ts": 1783080802.777}
{"event": "armed_running", "pid": 1046735, "preset": "car_single", "search_preset": "lost_step_wait", "ts": 1783080817.815}
{"event": "armed_running", "pid": 1046735, "preset": "car_single", "search_preset": "lost_step_wait", "ts": 1783080817.815}
{"event": "armed_running", "pid": 1046735, "preset": "car_single", "search_preset": "lost_step_wait", "ts": 1783080832.854}
{"event": "armed_running", "pid": 1046735, "preset": "car_single", "search_preset": "lost_step_wait", "ts": 1783080832.854}
{"event": "armed_running", "pid": 1046735, "preset": "car_single", "search_preset": "lost_step_wait", "ts": 1783080847.893}
{"event": "armed_running", "pid": 1046735, "preset": "car_single", "search_preset": "lost_step_wait", "ts": 1783080847.893}
{"event": "armed_running", "pid": 1046735, "preset": "car_single", "search_preset": "lost_step_wait", "ts": 1783080862.929}
{"event": "armed_running", "pid": 1046735, "preset": "car_single", "search_preset": "lost_step_wait", "ts": 1783080862.929}
{"event": "armed_running", "pid": 1046735, "preset": "car_single", "search_preset": "lost_step_wait", "ts": 1783080877.959}
{"event": "armed_running", "pid": 1046735, "preset": "car_single", "search_preset": "lost_step_wait", "ts": 1783080877.959}
{"event": "armed_running", "pid": 1046735, "preset": "car_single", "search_preset": "lost_step_wait", "ts": 1783080892.987}
{"event": "armed_running", "pid": 1046735, "preset": "car_single", "search_preset": "lost_step_wait", "ts": 1783080892.987}
{"event": "armed_running", "pid": 1046735, "preset": "car_single", "search_preset": "lost_step_wait", "ts": 1783080908.024}
{"event": "armed_running", "pid": 1046735, "preset": "car_single", "search_preset": "lost_step_wait", "ts": 1783080908.024}
{"event": "armed_running", "pid": 1046735, "preset": "car_single", "search_preset": "lost_step_wait", "ts": 1783080923.061}
{"event": "armed_running", "pid": 1046735, "preset": "car_single", "search_preset": "lost_step_wait", "ts": 1783080923.061}
{"event": "armed_running", "pid": 1046735, "preset": "car_single", "search_preset": "lost_step_wait", "ts": 1783080938.097}
{"event": "armed_running", "pid": 1046735, "preset": "car_single", "search_preset": "lost_step_wait", "ts": 1783080938.097}
{"event": "armed_running", "pid": 1046735, "preset": "car_single", "search_preset": "lost_step_wait", "ts": 1783080953.134}
{"event": "armed_running", "pid": 1046735, "preset": "car_single", "search_preset": "lost_step_wait", "ts": 1783080953.134}
{"event": "armed_running", "pid": 1046735, "preset": "car_single", "search_preset": "lost_step_wait", "ts": 1783080968.171}
{"event": "armed_running", "pid": 1046735, "preset": "car_single", "search_preset": "lost_step_wait", "ts": 1783080968.171}
{"event": "armed_running", "pid": 1046735, "preset": "car_single", "search_preset": "lost_step_wait", "ts": 1783080983.206}
{"event": "armed_running", "pid": 1046735, "preset": "car_single", "search_preset": "lost_step_wait", "ts": 1783080983.206}
{"event": "armed_running", "pid": 1046735, "preset": "car_single", "search_preset": "lost_step_wait", "ts": 1783080998.242}
{"event": "armed_running", "pid": 1046735, "preset": "car_single", "search_preset": "lost_step_wait", "ts": 1783080998.242}
{"event": "armed_running", "pid": 1046735, "preset": "car_single", "search_preset": "lost_step_wait", "ts": 1783081013.281}
{"event": "armed_running", "pid": 1046735, "preset": "car_single", "search_preset": "lost_step_wait", "ts": 1783081013.281}
{"event": "armed_running", "pid": 1046735, "preset": "car_single", "search_preset": "lost_step_wait", "ts": 1783081028.321}
{"event": "armed_running", "pid": 1046735, "preset": "car_single", "search_preset": "lost_step_wait", "ts": 1783081028.321}
{"event": "armed_running", "pid": 1046735, "preset": "car_single", "search_preset": "lost_step_wait", "ts": 1783081043.36}
{"event": "armed_running", "pid": 1046735, "preset": "car_single", "search_preset": "lost_step_wait", "ts": 1783081043.36}
{"event": "armed_running", "pid": 1046735, "preset": "car_single", "search_preset": "lost_step_wait", "ts": 1783081058.398}
{"event": "armed_running", "pid": 1046735, "preset": "car_single", "search_preset": "lost_step_wait", "ts": 1783081058.398}
{"event": "armed_running", "pid": 1046735, "preset": "car_single", "search_preset": "lost_step_wait", "ts": 1783081073.426}
{"event": "armed_running", "pid": 1046735, "preset": "car_single", "search_preset": "lost_step_wait", "ts": 1783081073.426}
{"event": "armed_running", "pid": 1046735, "preset": "car_single", "search_preset": "lost_step_wait", "ts": 1783081088.459}
{"event": "armed_running", "pid": 1046735, "preset": "car_single", "search_preset": "lost_step_wait", "ts": 1783081088.459}
{"event": "armed_running", "pid": 1046735, "preset": "car_single", "search_preset": "lost_step_wait", "ts": 1783081103.478}
{"event": "armed_running", "pid": 1046735, "preset": "car_single", "search_preset": "lost_step_wait", "ts": 1783081103.478}
{"event": "armed_running", "pid": 1046735, "preset": "car_single", "search_preset": "lost_step_wait", "ts": 1783081118.494}
{"event": "armed_running", "pid": 1046735, "preset": "car_single", "search_preset": "lost_step_wait", "ts": 1783081118.494}
{"event": "armed_running", "pid": 1046735, "preset": "car_single", "search_preset": "lost_step_wait", "ts": 1783081133.523}
{"event": "armed_running", "pid": 1046735, "preset": "car_single", "search_preset": "lost_step_wait", "ts": 1783081133.523}
{"event": "armed_running", "pid": 1046735, "preset": "car_single", "search_preset": "lost_step_wait", "ts": 1783081148.539}
{"event": "armed_running", "pid": 1046735, "preset": "car_single", "search_preset": "lost_step_wait", "ts": 1783081148.539}
{"event": "armed_running", "pid": 1046735, "preset": "car_single", "search_preset": "lost_step_wait", "ts": 1783081163.555}
{"event": "armed_running", "pid": 1046735, "preset": "car_single", "search_preset": "lost_step_wait", "ts": 1783081163.555}
{"event": "armed_running", "pid": 1046735, "preset": "car_single", "search_preset": "lost_step_wait", "ts": 1783081178.571}
{"event": "armed_running", "pid": 1046735, "preset": "car_single", "search_preset": "lost_step_wait", "ts": 1783081178.571}
{"event": "armed_running", "pid": 1046735, "preset": "car_single", "search_preset": "lost_step_wait", "ts": 1783081193.589}
{"event": "armed_running", "pid": 1046735, "preset": "car_single", "search_preset": "lost_step_wait", "ts": 1783081193.589}
{"event": "armed_running", "pid": 1046735, "preset": "car_single", "search_preset": "lost_step_wait", "ts": 1783081208.607}
{"event": "armed_running", "pid": 1046735, "preset": "car_single", "search_preset": "lost_step_wait", "ts": 1783081208.607}
{"event": "armed_running", "pid": 1046735, "preset": "car_single", "search_preset": "lost_step_wait", "ts": 1783081223.629}
{"event": "armed_running", "pid": 1046735, "preset": "car_single", "search_preset": "lost_step_wait", "ts": 1783081223.629}
{"event": "armed_running", "pid": 1046735, "preset": "car_single", "search_preset": "lost_step_wait", "ts": 1783081238.647}
{"event": "armed_running", "pid": 1046735, "preset": "car_single", "search_preset": "lost_step_wait", "ts": 1783081238.647}
{"event": "armed_running", "pid": 1046735, "preset": "car_single", "search_preset": "lost_step_wait", "ts": 1783081253.687}
{"event": "armed_running", "pid": 1046735, "preset": "car_single", "search_preset": "lost_step_wait", "ts": 1783081253.687}
{"event": "armed_running", "pid": 1046735, "preset": "car_single", "search_preset": "lost_step_wait", "ts": 1783081268.715}
{"event": "armed_running", "pid": 1046735, "preset": "car_single", "search_preset": "lost_step_wait", "ts": 1783081268.715}
{"event": "armed_running", "pid": 1046735, "preset": "car_single", "search_preset": "lost_step_wait", "ts": 1783081283.753}
{"event": "armed_running", "pid": 1046735, "preset": "car_single", "search_preset": "lost_step_wait", "ts": 1783081283.753}
{"event": "armed_running", "pid": 1046735, "preset": "car_single", "search_preset": "lost_step_wait", "ts": 1783081298.793}
{"event": "armed_running", "pid": 1046735, "preset": "car_single", "search_preset": "lost_step_wait", "ts": 1783081298.793}
{"event": "armed_running", "pid": 1046735, "preset": "car_single", "search_preset": "lost_step_wait", "ts": 1783081313.832}
{"event": "armed_running", "pid": 1046735, "preset": "car_single", "search_preset": "lost_step_wait", "ts": 1783081313.832}
{"event": "armed_running", "pid": 1046735, "preset": "car_single", "search_preset": "lost_step_wait", "ts": 1783081328.868}
{"event": "armed_running", "pid": 1046735, "preset": "car_single", "search_preset": "lost_step_wait", "ts": 1783081328.868}
{"event": "armed_running", "pid": 1046735, "preset": "car_single", "search_preset": "lost_step_wait", "ts": 1783081343.907}
{"event": "armed_running", "pid": 1046735, "preset": "car_single", "search_preset": "lost_step_wait", "ts": 1783081343.907}
{"event": "armed_running", "pid": 1046735, "preset": "car_single", "search_preset": "lost_step_wait", "ts": 1783081358.946}
{"event": "armed_running", "pid": 1046735, "preset": "car_single", "search_preset": "lost_step_wait", "ts": 1783081358.946}
{"event": "armed_running", "pid": 1046735, "preset": "car_single", "search_preset": "lost_step_wait", "ts": 1783081373.985}
{"event": "armed_running", "pid": 1046735, "preset": "car_single", "search_preset": "lost_step_wait", "ts": 1783081373.985}
{"event": "armed_running", "pid": 1046735, "preset": "car_single", "search_preset": "lost_step_wait", "ts": 1783081389.021}
{"event": "armed_running", "pid": 1046735, "preset": "car_single", "search_preset": "lost_step_wait", "ts": 1783081389.021}
{"event": "armed_running", "pid": 1046735, "preset": "car_single", "search_preset": "lost_step_wait", "ts": 1783081404.043}
{"event": "armed_running", "pid": 1046735, "preset": "car_single", "search_preset": "lost_step_wait", "ts": 1783081404.043}
{"event": "armed_running", "pid": 1046735, "preset": "car_single", "search_preset": "lost_step_wait", "ts": 1783081419.078}
{"event": "armed_running", "pid": 1046735, "preset": "car_single", "search_preset": "lost_step_wait", "ts": 1783081419.078}
{"event": "armed_running", "pid": 1046735, "preset": "car_single", "search_preset": "lost_step_wait", "ts": 1783081434.102}
{"event": "armed_running", "pid": 1046735, "preset": "car_single", "search_preset": "lost_step_wait", "ts": 1783081434.102}
{"event": "armed_running", "pid": 1046735, "preset": "car_single", "search_preset": "lost_step_wait", "ts": 1783081449.128}
{"event": "armed_running", "pid": 1046735, "preset": "car_single", "search_preset": "lost_step_wait", "ts": 1783081449.128}
{"event": "armed_running", "pid": 1046735, "preset": "car_single", "search_preset": "lost_step_wait", "ts": 1783081464.151}
{"event": "armed_running", "pid": 1046735, "preset": "car_single", "search_preset": "lost_step_wait", "ts": 1783081464.151}
{"event": "armed_running", "pid": 1046735, "preset": "car_single", "search_preset": "lost_step_wait", "ts": 1783081479.172}
{"event": "armed_running", "pid": 1046735, "preset": "car_single", "search_preset": "lost_step_wait", "ts": 1783081479.172}
{"event": "armed_running", "pid": 1046735, "preset": "car_single", "search_preset": "lost_step_wait", "ts": 1783081494.211}
{"event": "armed_running", "pid": 1046735, "preset": "car_single", "search_preset": "lost_step_wait", "ts": 1783081494.211}
{"event": "armed_running", "pid": 1046735, "preset": "car_single", "search_preset": "lost_step_wait", "ts": 1783081509.25}
{"event": "armed_running", "pid": 1046735, "preset": "car_single", "search_preset": "lost_step_wait", "ts": 1783081509.25}
{"event": "armed_running", "pid": 1046735, "preset": "car_single", "search_preset": "lost_step_wait", "ts": 1783081524.287}
{"event": "armed_running", "pid": 1046735, "preset": "car_single", "search_preset": "lost_step_wait", "ts": 1783081524.287}
{"event": "armed_running", "pid": 1046735, "preset": "car_single", "search_preset": "lost_step_wait", "ts": 1783081539.327}
{"event": "armed_running", "pid": 1046735, "preset": "car_single", "search_preset": "lost_step_wait", "ts": 1783081539.327}
{"event": "armed_running", "pid": 1046735, "preset": "car_single", "search_preset": "lost_step_wait", "ts": 1783081554.368}
{"event": "armed_running", "pid": 1046735, "preset": "car_single", "search_preset": "lost_step_wait", "ts": 1783081554.368}
{"event": "armed_running", "pid": 1046735, "preset": "car_single", "search_preset": "lost_step_wait", "ts": 1783081569.4}
{"event": "armed_running", "pid": 1046735, "preset": "car_single", "search_preset": "lost_step_wait", "ts": 1783081569.4}
{"event": "armed_running", "pid": 1046735, "preset": "car_single", "search_preset": "lost_step_wait", "ts": 1783081584.435}
{"event": "armed_running", "pid": 1046735, "preset": "car_single", "search_preset": "lost_step_wait", "ts": 1783081584.435}
{"event": "armed_running", "pid": 1046735, "preset": "car_single", "search_preset": "lost_step_wait", "ts": 1783081599.475}
{"event": "armed_running", "pid": 1046735, "preset": "car_single", "search_preset": "lost_step_wait", "ts": 1783081599.475}
{"event": "armed_running", "pid": 1046735, "preset": "car_single", "search_preset": "lost_step_wait", "ts": 1783081614.498}
{"event": "armed_running", "pid": 1046735, "preset": "car_single", "search_preset": "lost_step_wait", "ts": 1783081614.498}
{"event": "armed_running", "pid": 1046735, "preset": "car_single", "search_preset": "lost_step_wait", "ts": 1783081629.532}
{"event": "armed_running", "pid": 1046735, "preset": "car_single", "search_preset": "lost_step_wait", "ts": 1783081629.532}
{"event": "armed_running", "pid": 1046735, "preset": "car_single", "search_preset": "lost_step_wait", "ts": 1783081644.572}
{"event": "armed_running", "pid": 1046735, "preset": "car_single", "search_preset": "lost_step_wait", "ts": 1783081644.572}
{"event": "armed_running", "pid": 1046735, "preset": "car_single", "search_preset": "lost_step_wait", "ts": 1783081659.611}
{"event": "armed_running", "pid": 1046735, "preset": "car_single", "search_preset": "lost_step_wait", "ts": 1783081659.611}
{"event": "armed_running", "pid": 1046735, "preset": "car_single", "search_preset": "lost_step_wait", "ts": 1783081674.65}
{"event": "armed_running", "pid": 1046735, "preset": "car_single", "search_preset": "lost_step_wait", "ts": 1783081674.65}
{"event": "armed_running", "pid": 1046735, "preset": "car_single", "search_preset": "lost_step_wait", "ts": 1783081689.69}
{"event": "armed_running", "pid": 1046735, "preset": "car_single", "search_preset": "lost_step_wait", "ts": 1783081689.69}
{"event": "armed_running", "pid": 1046735, "preset": "car_single", "search_preset": "lost_step_wait", "ts": 1783081704.73}
{"event": "armed_running", "pid": 1046735, "preset": "car_single", "search_preset": "lost_step_wait", "ts": 1783081704.73}
{"event": "armed_running", "pid": 1046735, "preset": "car_single", "search_preset": "lost_step_wait", "ts": 1783081719.768}
{"event": "armed_running", "pid": 1046735, "preset": "car_single", "search_preset": "lost_step_wait", "ts": 1783081719.768}
{"event": "armed_running", "pid": 1046735, "preset": "car_single", "search_preset": "lost_step_wait", "ts": 1783081734.802}
{"event": "armed_running", "pid": 1046735, "preset": "car_single", "search_preset": "lost_step_wait", "ts": 1783081734.802}
{"event": "armed_running", "pid": 1046735, "preset": "car_single", "search_preset": "lost_step_wait", "ts": 1783081749.833}
{"event": "armed_running", "pid": 1046735, "preset": "car_single", "search_preset": "lost_step_wait", "ts": 1783081749.833}
{"event": "armed_running", "pid": 1046735, "preset": "car_single", "search_preset": "lost_step_wait", "ts": 1783081764.872}
{"event": "armed_running", "pid": 1046735, "preset": "car_single", "search_preset": "lost_step_wait", "ts": 1783081764.872}
{"event": "armed_running", "pid": 1046735, "preset": "car_single", "search_preset": "lost_step_wait", "ts": 1783081779.892}
{"event": "armed_running", "pid": 1046735, "preset": "car_single", "search_preset": "lost_step_wait", "ts": 1783081779.892}
{"event": "armed_running", "pid": 1046735, "preset": "car_single", "search_preset": "lost_step_wait", "ts": 1783081794.926}
{"event": "armed_running", "pid": 1046735, "preset": "car_single", "search_preset": "lost_step_wait", "ts": 1783081794.926}
{"event": "armed_running", "pid": 1046735, "preset": "car_single", "search_preset": "lost_step_wait", "ts": 1783081809.965}
{"event": "armed_running", "pid": 1046735, "preset": "car_single", "search_preset": "lost_step_wait", "ts": 1783081809.965}
{"event": "armed_running", "pid": 1046735, "preset": "car_single", "search_preset": "lost_step_wait", "ts": 1783081825.004}
{"event": "armed_running", "pid": 1046735, "preset": "car_single", "search_preset": "lost_step_wait", "ts": 1783081825.004}
{"event": "armed_running", "pid": 1046735, "preset": "car_single", "search_preset": "lost_step_wait", "ts": 1783081840.042}
{"event": "armed_running", "pid": 1046735, "preset": "car_single", "search_preset": "lost_step_wait", "ts": 1783081840.042}
{"event": "armed_running", "pid": 1046735, "preset": "car_single", "search_preset": "lost_step_wait", "ts": 1783081855.072}
{"event": "armed_running", "pid": 1046735, "preset": "car_single", "search_preset": "lost_step_wait", "ts": 1783081855.072}
{"event": "armed_running", "pid": 1046735, "preset": "car_single", "search_preset": "lost_step_wait", "ts": 1783081870.094}
{"event": "armed_running", "pid": 1046735, "preset": "car_single", "search_preset": "lost_step_wait", "ts": 1783081870.094}
{"event": "armed_running", "pid": 1046735, "preset": "car_single", "search_preset": "lost_step_wait", "ts": 1783081885.122}
{"event": "armed_running", "pid": 1046735, "preset": "car_single", "search_preset": "lost_step_wait", "ts": 1783081885.122}
{"event": "armed_running", "pid": 1046735, "preset": "car_single", "search_preset": "lost_step_wait", "ts": 1783081900.16}
{"event": "armed_running", "pid": 1046735, "preset": "car_single", "search_preset": "lost_step_wait", "ts": 1783081900.16}
{"event": "armed_running", "pid": 1046735, "preset": "car_single", "search_preset": "lost_step_wait", "ts": 1783081915.191}
{"event": "armed_running", "pid": 1046735, "preset": "car_single", "search_preset": "lost_step_wait", "ts": 1783081915.191}
{"event": "armed_running", "pid": 1046735, "preset": "car_single", "search_preset": "lost_step_wait", "ts": 1783081930.23}
{"event": "armed_running", "pid": 1046735, "preset": "car_single", "search_preset": "lost_step_wait", "ts": 1783081930.23}
{"event": "armed_running", "pid": 1046735, "preset": "car_single", "search_preset": "lost_step_wait", "ts": 1783081945.268}
{"event": "armed_running", "pid": 1046735, "preset": "car_single", "search_preset": "lost_step_wait", "ts": 1783081945.268}
{"event": "armed_running", "pid": 1046735, "preset": "car_single", "search_preset": "lost_step_wait", "ts": 1783081960.307}
{"event": "armed_running", "pid": 1046735, "preset": "car_single", "search_preset": "lost_step_wait", "ts": 1783081960.307}
{"event": "armed_running", "pid": 1046735, "preset": "car_single", "search_preset": "lost_step_wait", "ts": 1783081975.346}
{"event": "armed_running", "pid": 1046735, "preset": "car_single", "search_preset": "lost_step_wait", "ts": 1783081975.346}
{"event": "armed_running", "pid": 1046735, "preset": "car_single", "search_preset": "lost_step_wait", "ts": 1783081990.388}
{"event": "armed_running", "pid": 1046735, "preset": "car_single", "search_preset": "lost_step_wait", "ts": 1783081990.388}
{"event": "armed_running", "pid": 1046735, "preset": "car_single", "search_preset": "lost_step_wait", "ts": 1783082005.428}
{"event": "armed_running", "pid": 1046735, "preset": "car_single", "search_preset": "lost_step_wait", "ts": 1783082005.428}
{"event": "armed_running", "pid": 1046735, "preset": "car_single", "search_preset": "lost_step_wait", "ts": 1783082020.466}
{"event": "armed_running", "pid": 1046735, "preset": "car_single", "search_preset": "lost_step_wait", "ts": 1783082020.466}
{"event": "armed_running", "pid": 1046735, "preset": "car_single", "search_preset": "lost_step_wait", "ts": 1783082035.505}
{"event": "armed_running", "pid": 1046735, "preset": "car_single", "search_preset": "lost_step_wait", "ts": 1783082035.505}
{"event": "armed_running", "pid": 1046735, "preset": "car_single", "search_preset": "lost_step_wait", "ts": 1783082050.546}
{"event": "armed_running", "pid": 1046735, "preset": "car_single", "search_preset": "lost_step_wait", "ts": 1783082050.546}
{"event": "armed_running", "pid": 1046735, "preset": "car_single", "search_preset": "lost_step_wait", "ts": 1783082065.585}
{"event": "armed_running", "pid": 1046735, "preset": "car_single", "search_preset": "lost_step_wait", "ts": 1783082065.585}
{"event": "armed_running", "pid": 1046735, "preset": "car_single", "search_preset": "lost_step_wait", "ts": 1783082080.625}
{"event": "armed_running", "pid": 1046735, "preset": "car_single", "search_preset": "lost_step_wait", "ts": 1783082080.625}
{"event": "armed_running", "pid": 1046735, "preset": "car_single", "search_preset": "lost_step_wait", "ts": 1783082095.665}
{"event": "armed_running", "pid": 1046735, "preset": "car_single", "search_preset": "lost_step_wait", "ts": 1783082095.665}
{"event": "armed_running", "pid": 1046735, "preset": "car_single", "search_preset": "lost_step_wait", "ts": 1783082110.704}
{"event": "armed_running", "pid": 1046735, "preset": "car_single", "search_preset": "lost_step_wait", "ts": 1783082110.704}
{"event": "armed_running", "pid": 1046735, "preset": "car_single", "search_preset": "lost_step_wait", "ts": 1783082125.743}
{"event": "armed_running", "pid": 1046735, "preset": "car_single", "search_preset": "lost_step_wait", "ts": 1783082125.743}
{"event": "armed_running", "pid": 1046735, "preset": "car_single", "search_preset": "lost_step_wait", "ts": 1783082140.782}
{"event": "armed_running", "pid": 1046735, "preset": "car_single", "search_preset": "lost_step_wait", "ts": 1783082140.782}
{"event": "armed_running", "pid": 1046735, "preset": "car_single", "search_preset": "lost_step_wait", "ts": 1783082155.82}
{"event": "armed_running", "pid": 1046735, "preset": "car_single", "search_preset": "lost_step_wait", "ts": 1783082155.82}
{"event": "armed_running", "pid": 1046735, "preset": "car_single", "search_preset": "lost_step_wait", "ts": 1783082170.86}
{"event": "armed_running", "pid": 1046735, "preset": "car_single", "search_preset": "lost_step_wait", "ts": 1783082170.86}
{"event": "armed_running", "pid": 1046735, "preset": "car_single", "search_preset": "lost_step_wait", "ts": 1783082185.899}
{"event": "armed_running", "pid": 1046735, "preset": "car_single", "search_preset": "lost_step_wait", "ts": 1783082185.899}
{"event": "armed_running", "pid": 1046735, "preset": "car_single", "search_preset": "lost_step_wait", "ts": 1783082200.94}
{"event": "armed_running", "pid": 1046735, "preset": "car_single", "search_preset": "lost_step_wait", "ts": 1783082200.94}
{"event": "armed_running", "pid": 1046735, "preset": "car_single", "search_preset": "lost_step_wait", "ts": 1783082215.979}
{"event": "armed_running", "pid": 1046735, "preset": "car_single", "search_preset": "lost_step_wait", "ts": 1783082215.979}
{"event": "armed_running", "pid": 1046735, "preset": "car_single", "search_preset": "lost_step_wait", "ts": 1783082231.019}
{"event": "armed_running", "pid": 1046735, "preset": "car_single", "search_preset": "lost_step_wait", "ts": 1783082231.019}
{"event": "armed_running", "pid": 1046735, "preset": "car_single", "search_preset": "lost_step_wait", "ts": 1783082246.058}
{"event": "armed_running", "pid": 1046735, "preset": "car_single", "search_preset": "lost_step_wait", "ts": 1783082246.058}
{"event": "armed_running", "pid": 1046735, "preset": "car_single", "search_preset": "lost_step_wait", "ts": 1783082261.097}
{"event": "armed_running", "pid": 1046735, "preset": "car_single", "search_preset": "lost_step_wait", "ts": 1783082261.097}
{"event": "armed_running", "pid": 1046735, "preset": "car_single", "search_preset": "lost_step_wait", "ts": 1783082276.136}
{"event": "armed_running", "pid": 1046735, "preset": "car_single", "search_preset": "lost_step_wait", "ts": 1783082276.136}
{"event": "armed_running", "pid": 1046735, "preset": "car_single", "search_preset": "lost_step_wait", "ts": 1783082291.176}
{"event": "armed_running", "pid": 1046735, "preset": "car_single", "search_preset": "lost_step_wait", "ts": 1783082291.176}
{"event": "armed_running", "pid": 1046735, "preset": "car_single", "search_preset": "lost_step_wait", "ts": 1783082306.215}
{"event": "armed_running", "pid": 1046735, "preset": "car_single", "search_preset": "lost_step_wait", "ts": 1783082306.215}
{"event": "armed_running", "pid": 1046735, "preset": "car_single", "search_preset": "lost_step_wait", "ts": 1783082321.254}
{"event": "armed_running", "pid": 1046735, "preset": "car_single", "search_preset": "lost_step_wait", "ts": 1783082321.254}
{"event": "armed_running", "pid": 1046735, "preset": "car_single", "search_preset": "lost_step_wait", "ts": 1783082336.296}
{"event": "armed_running", "pid": 1046735, "preset": "car_single", "search_preset": "lost_step_wait", "ts": 1783082336.296}
{"event": "armed_running", "pid": 1046735, "preset": "car_single", "search_preset": "lost_step_wait", "ts": 1783082351.335}
{"event": "armed_running", "pid": 1046735, "preset": "car_single", "search_preset": "lost_step_wait", "ts": 1783082351.335}
{"event": "armed_running", "pid": 1046735, "preset": "car_single", "search_preset": "lost_step_wait", "ts": 1783082366.374}
{"event": "armed_running", "pid": 1046735, "preset": "car_single", "search_preset": "lost_step_wait", "ts": 1783082366.374}
{"event": "armed_running", "pid": 1046735, "preset": "car_single", "search_preset": "lost_step_wait", "ts": 1783082381.412}
{"event": "armed_running", "pid": 1046735, "preset": "car_single", "search_preset": "lost_step_wait", "ts": 1783082381.412}
{"event": "armed_running", "pid": 1046735, "preset": "car_single", "search_preset": "lost_step_wait", "ts": 1783082396.449}
{"event": "armed_running", "pid": 1046735, "preset": "car_single", "search_preset": "lost_step_wait", "ts": 1783082396.449}
{"event": "armed_running", "pid": 1046735, "preset": "car_single", "search_preset": "lost_step_wait", "ts": 1783082411.486}
{"event": "armed_running", "pid": 1046735, "preset": "car_single", "search_preset": "lost_step_wait", "ts": 1783082411.486}
{"event": "armed_running", "pid": 1046735, "preset": "car_single", "search_preset": "lost_step_wait", "ts": 1783082426.525}
{"event": "armed_running", "pid": 1046735, "preset": "car_single", "search_preset": "lost_step_wait", "ts": 1783082426.525}
{"event": "armed_running", "pid": 1046735, "preset": "car_single", "search_preset": "lost_step_wait", "ts": 1783082441.564}
{"event": "armed_running", "pid": 1046735, "preset": "car_single", "search_preset": "lost_step_wait", "ts": 1783082441.564}
{"event": "armed_running", "pid": 1046735, "preset": "car_single", "search_preset": "lost_step_wait", "ts": 1783082456.603}
{"event": "armed_running", "pid": 1046735, "preset": "car_single", "search_preset": "lost_step_wait", "ts": 1783082456.603}
{"event": "armed_running", "pid": 1046735, "preset": "car_single", "search_preset": "lost_step_wait", "ts": 1783082471.642}
{"event": "armed_running", "pid": 1046735, "preset": "car_single", "search_preset": "lost_step_wait", "ts": 1783082471.642}
{"event": "armed_running", "pid": 1046735, "preset": "car_single", "search_preset": "lost_step_wait", "ts": 1783082486.683}
{"event": "armed_running", "pid": 1046735, "preset": "car_single", "search_preset": "lost_step_wait", "ts": 1783082486.683}
{"event": "armed_running", "pid": 1046735, "preset": "car_single", "search_preset": "lost_step_wait", "ts": 1783082501.722}
{"event": "armed_running", "pid": 1046735, "preset": "car_single", "search_preset": "lost_step_wait", "ts": 1783082501.722}
{"event": "armed_running", "pid": 1046735, "preset": "car_single", "search_preset": "lost_step_wait", "ts": 1783082516.759}
{"event": "armed_running", "pid": 1046735, "preset": "car_single", "search_preset": "lost_step_wait", "ts": 1783082516.759}
{"event": "armed_running", "pid": 1046735, "preset": "car_single", "search_preset": "lost_step_wait", "ts": 1783082531.796}
{"event": "armed_running", "pid": 1046735, "preset": "car_single", "search_preset": "lost_step_wait", "ts": 1783082531.796}
{"event": "armed_running", "pid": 1046735, "preset": "car_single", "search_preset": "lost_step_wait", "ts": 1783082546.836}
{"event": "armed_running", "pid": 1046735, "preset": "car_single", "search_preset": "lost_step_wait", "ts": 1783082546.836}
{"event": "armed_running", "pid": 1046735, "preset": "car_single", "search_preset": "lost_step_wait", "ts": 1783082561.875}
{"event": "armed_running", "pid": 1046735, "preset": "car_single", "search_preset": "lost_step_wait", "ts": 1783082561.875}
{"event": "armed_running", "pid": 1046735, "preset": "car_single", "search_preset": "lost_step_wait", "ts": 1783082576.914}
{"event": "armed_running", "pid": 1046735, "preset": "car_single", "search_preset": "lost_step_wait", "ts": 1783082576.914}
{"event": "armed_running", "pid": 1046735, "preset": "car_single", "search_preset": "lost_step_wait", "ts": 1783082591.953}
{"event": "armed_running", "pid": 1046735, "preset": "car_single", "search_preset": "lost_step_wait", "ts": 1783082591.953}
{"event": "armed_running", "pid": 1046735, "preset": "car_single", "search_preset": "lost_step_wait", "ts": 1783082606.991}
{"event": "armed_running", "pid": 1046735, "preset": "car_single", "search_preset": "lost_step_wait", "ts": 1783082606.991}
{"event": "armed_running", "pid": 1046735, "preset": "car_single", "search_preset": "lost_step_wait", "ts": 1783082622.027}
{"event": "armed_running", "pid": 1046735, "preset": "car_single", "search_preset": "lost_step_wait", "ts": 1783082622.027}
{"event": "armed_running", "pid": 1046735, "preset": "car_single", "search_preset": "lost_step_wait", "ts": 1783082637.065}
{"event": "armed_running", "pid": 1046735, "preset": "car_single", "search_preset": "lost_step_wait", "ts": 1783082637.065}
{"event": "armed_running", "pid": 1046735, "preset": "car_single", "search_preset": "lost_step_wait", "ts": 1783082652.101}
{"event": "armed_running", "pid": 1046735, "preset": "car_single", "search_preset": "lost_step_wait", "ts": 1783082652.101}
{"event": "armed_running", "pid": 1046735, "preset": "car_single", "search_preset": "lost_step_wait", "ts": 1783082667.137}
{"event": "armed_running", "pid": 1046735, "preset": "car_single", "search_preset": "lost_step_wait", "ts": 1783082667.137}
{"event": "armed_running", "pid": 1046735, "preset": "car_single", "search_preset": "lost_step_wait", "ts": 1783082682.176}
{"event": "armed_running", "pid": 1046735, "preset": "car_single", "search_preset": "lost_step_wait", "ts": 1783082682.176}
{"event": "armed_running", "pid": 1046735, "preset": "car_single", "search_preset": "lost_step_wait", "ts": 1783082697.214}
{"event": "armed_running", "pid": 1046735, "preset": "car_single", "search_preset": "lost_step_wait", "ts": 1783082697.214}
{"event": "armed_running", "pid": 1046735, "preset": "car_single", "search_preset": "lost_step_wait", "ts": 1783082712.252}
{"event": "armed_running", "pid": 1046735, "preset": "car_single", "search_preset": "lost_step_wait", "ts": 1783082712.252}
{"event": "armed_running", "pid": 1046735, "preset": "car_single", "search_preset": "lost_step_wait", "ts": 1783082727.289}
{"event": "armed_running", "pid": 1046735, "preset": "car_single", "search_preset": "lost_step_wait", "ts": 1783082727.289}
{"event": "armed_running", "pid": 1046735, "preset": "car_single", "search_preset": "lost_step_wait", "ts": 1783082742.328}
{"event": "armed_running", "pid": 1046735, "preset": "car_single", "search_preset": "lost_step_wait", "ts": 1783082742.328}
{"event": "armed_running", "pid": 1046735, "preset": "car_single", "search_preset": "lost_step_wait", "ts": 1783082757.368}
{"event": "armed_running", "pid": 1046735, "preset": "car_single", "search_preset": "lost_step_wait", "ts": 1783082757.368}
{"event": "armed_running", "pid": 1046735, "preset": "car_single", "search_preset": "lost_step_wait", "ts": 1783082772.406}
{"event": "armed_running", "pid": 1046735, "preset": "car_single", "search_preset": "lost_step_wait", "ts": 1783082772.406}
{"event": "armed_running", "pid": 1046735, "preset": "car_single", "search_preset": "lost_step_wait", "ts": 1783082787.445}
{"event": "armed_running", "pid": 1046735, "preset": "car_single", "search_preset": "lost_step_wait", "ts": 1783082787.445}
{"event": "armed_running", "pid": 1046735, "preset": "car_single", "search_preset": "lost_step_wait", "ts": 1783082802.484}
{"event": "armed_running", "pid": 1046735, "preset": "car_single", "search_preset": "lost_step_wait", "ts": 1783082802.484}
{"event": "armed_running", "pid": 1046735, "preset": "car_single", "search_preset": "lost_step_wait", "ts": 1783082817.523}
{"event": "armed_running", "pid": 1046735, "preset": "car_single", "search_preset": "lost_step_wait", "ts": 1783082817.523}
{"event": "armed_running", "pid": 1046735, "preset": "car_single", "search_preset": "lost_step_wait", "ts": 1783082832.563}
{"event": "armed_running", "pid": 1046735, "preset": "car_single", "search_preset": "lost_step_wait", "ts": 1783082832.563}
{"event": "armed_running", "pid": 1046735, "preset": "car_single", "search_preset": "lost_step_wait", "ts": 1783082847.604}
{"event": "armed_running", "pid": 1046735, "preset": "car_single", "search_preset": "lost_step_wait", "ts": 1783082847.604}
{"event": "armed_running", "pid": 1046735, "preset": "car_single", "search_preset": "lost_step_wait", "ts": 1783082862.642}
{"event": "armed_running", "pid": 1046735, "preset": "car_single", "search_preset": "lost_step_wait", "ts": 1783082862.642}
{"event": "armed_running", "pid": 1046735, "preset": "car_single", "search_preset": "lost_step_wait", "ts": 1783082877.681}
{"event": "armed_running", "pid": 1046735, "preset": "car_single", "search_preset": "lost_step_wait", "ts": 1783082877.681}
{"event": "armed_running", "pid": 1046735, "preset": "car_single", "search_preset": "lost_step_wait", "ts": 1783082892.719}
{"event": "armed_running", "pid": 1046735, "preset": "car_single", "search_preset": "lost_step_wait", "ts": 1783082892.719}
{"event": "armed_running", "pid": 1046735, "preset": "car_single", "search_preset": "lost_step_wait", "ts": 1783082907.76}
{"event": "armed_running", "pid": 1046735, "preset": "car_single", "search_preset": "lost_step_wait", "ts": 1783082907.76}
{"event": "armed_running", "pid": 1046735, "preset": "car_single", "search_preset": "lost_step_wait", "ts": 1783082922.799}
{"event": "armed_running", "pid": 1046735, "preset": "car_single", "search_preset": "lost_step_wait", "ts": 1783082922.799}
{"event": "armed_running", "pid": 1046735, "preset": "car_single", "search_preset": "lost_step_wait", "ts": 1783082937.838}
{"event": "armed_running", "pid": 1046735, "preset": "car_single", "search_preset": "lost_step_wait", "ts": 1783082937.838}
{"event": "armed_running", "pid": 1046735, "preset": "car_single", "search_preset": "lost_step_wait", "ts": 1783082952.877}
{"event": "armed_running", "pid": 1046735, "preset": "car_single", "search_preset": "lost_step_wait", "ts": 1783082952.877}
{"event": "armed_running", "pid": 1046735, "preset": "car_single", "search_preset": "lost_step_wait", "ts": 1783082967.916}
{"event": "armed_running", "pid": 1046735, "preset": "car_single", "search_preset": "lost_step_wait", "ts": 1783082967.916}
{"event": "armed_running", "pid": 1046735, "preset": "car_single", "search_preset": "lost_step_wait", "ts": 1783082982.954}
{"event": "armed_running", "pid": 1046735, "preset": "car_single", "search_preset": "lost_step_wait", "ts": 1783082982.954}
{"event": "armed_running", "pid": 1046735, "preset": "car_single", "search_preset": "lost_step_wait", "ts": 1783082997.993}
{"event": "armed_running", "pid": 1046735, "preset": "car_single", "search_preset": "lost_step_wait", "ts": 1783082997.993}
{"event": "armed_running", "pid": 1046735, "preset": "car_single", "search_preset": "lost_step_wait", "ts": 1783083013.033}
{"event": "armed_running", "pid": 1046735, "preset": "car_single", "search_preset": "lost_step_wait", "ts": 1783083013.033}
{"event": "armed_running", "pid": 1046735, "preset": "car_single", "search_preset": "lost_step_wait", "ts": 1783083028.073}
{"event": "armed_running", "pid": 1046735, "preset": "car_single", "search_preset": "lost_step_wait", "ts": 1783083028.073}
{"event": "armed_running", "pid": 1046735, "preset": "car_single", "search_preset": "lost_step_wait", "ts": 1783083043.112}
{"event": "armed_running", "pid": 1046735, "preset": "car_single", "search_preset": "lost_step_wait", "ts": 1783083043.112}
{"event": "armed_running", "pid": 1046735, "preset": "car_single", "search_preset": "lost_step_wait", "ts": 1783083058.151}
{"event": "armed_running", "pid": 1046735, "preset": "car_single", "search_preset": "lost_step_wait", "ts": 1783083058.151}
{"event": "armed_running", "pid": 1046735, "preset": "car_single", "search_preset": "lost_step_wait", "ts": 1783083073.19}
{"event": "armed_running", "pid": 1046735, "preset": "car_single", "search_preset": "lost_step_wait", "ts": 1783083073.19}
{"event": "armed_running", "pid": 1046735, "preset": "car_single", "search_preset": "lost_step_wait", "ts": 1783083088.228}
{"event": "armed_running", "pid": 1046735, "preset": "car_single", "search_preset": "lost_step_wait", "ts": 1783083088.228}
{"event": "armed_running", "pid": 1046735, "preset": "car_single", "search_preset": "lost_step_wait", "ts": 1783083103.266}
{"event": "armed_running", "pid": 1046735, "preset": "car_single", "search_preset": "lost_step_wait", "ts": 1783083103.266}
{"event": "armed_running", "pid": 1046735, "preset": "car_single", "search_preset": "lost_step_wait", "ts": 1783083118.306}
{"event": "armed_running", "pid": 1046735, "preset": "car_single", "search_preset": "lost_step_wait", "ts": 1783083118.306}
{"event": "armed_running", "pid": 1046735, "preset": "car_single", "search_preset": "lost_step_wait", "ts": 1783083133.345}
{"event": "armed_running", "pid": 1046735, "preset": "car_single", "search_preset": "lost_step_wait", "ts": 1783083133.345}
{"event": "armed_running", "pid": 1046735, "preset": "car_single", "search_preset": "lost_step_wait", "ts": 1783083148.383}
{"event": "armed_running", "pid": 1046735, "preset": "car_single", "search_preset": "lost_step_wait", "ts": 1783083148.383}
{"event": "armed_running", "pid": 1046735, "preset": "car_single", "search_preset": "lost_step_wait", "ts": 1783083163.422}
{"event": "armed_running", "pid": 1046735, "preset": "car_single", "search_preset": "lost_step_wait", "ts": 1783083163.422}
{"event": "armed_running", "pid": 1046735, "preset": "car_single", "search_preset": "lost_step_wait", "ts": 1783083178.461}
{"event": "armed_running", "pid": 1046735, "preset": "car_single", "search_preset": "lost_step_wait", "ts": 1783083178.461}
{"event": "armed_running", "pid": 1046735, "preset": "car_single", "search_preset": "lost_step_wait", "ts": 1783083193.499}
{"event": "armed_running", "pid": 1046735, "preset": "car_single", "search_preset": "lost_step_wait", "ts": 1783083193.499}
{"event": "armed_running", "pid": 1046735, "preset": "car_single", "search_preset": "lost_step_wait", "ts": 1783083208.539}
{"event": "armed_running", "pid": 1046735, "preset": "car_single", "search_preset": "lost_step_wait", "ts": 1783083208.539}
{"event": "armed_running", "pid": 1046735, "preset": "car_single", "search_preset": "lost_step_wait", "ts": 1783083223.578}
{"event": "armed_running", "pid": 1046735, "preset": "car_single", "search_preset": "lost_step_wait", "ts": 1783083223.578}
{"event": "armed_running", "pid": 1046735, "preset": "car_single", "search_preset": "lost_step_wait", "ts": 1783083238.616}
{"event": "armed_running", "pid": 1046735, "preset": "car_single", "search_preset": "lost_step_wait", "ts": 1783083238.616}
{"event": "armed_running", "pid": 1046735, "preset": "car_single", "search_preset": "lost_step_wait", "ts": 1783083253.656}
{"event": "armed_running", "pid": 1046735, "preset": "car_single", "search_preset": "lost_step_wait", "ts": 1783083253.656}
{"event": "armed_running", "pid": 1046735, "preset": "car_single", "search_preset": "lost_step_wait", "ts": 1783083268.694}
{"event": "armed_running", "pid": 1046735, "preset": "car_single", "search_preset": "lost_step_wait", "ts": 1783083268.694}
{"event": "armed_running", "pid": 1046735, "preset": "car_single", "search_preset": "lost_step_wait", "ts": 1783083283.733}
{"event": "armed_running", "pid": 1046735, "preset": "car_single", "search_preset": "lost_step_wait", "ts": 1783083283.733}
{"event": "armed_running", "pid": 1046735, "preset": "car_single", "search_preset": "lost_step_wait", "ts": 1783083298.772}
{"event": "armed_running", "pid": 1046735, "preset": "car_single", "search_preset": "lost_step_wait", "ts": 1783083298.772}
{"event": "armed_running", "pid": 1046735, "preset": "car_single", "search_preset": "lost_step_wait", "ts": 1783083313.811}
{"event": "armed_running", "pid": 1046735, "preset": "car_single", "search_preset": "lost_step_wait", "ts": 1783083313.811}
{"event": "armed_running", "pid": 1046735, "preset": "car_single", "search_preset": "lost_step_wait", "ts": 1783083328.85}
{"event": "armed_running", "pid": 1046735, "preset": "car_single", "search_preset": "lost_step_wait", "ts": 1783083328.85}
{"event": "armed_running", "pid": 1046735, "preset": "car_single", "search_preset": "lost_step_wait", "ts": 1783083343.89}
{"event": "armed_running", "pid": 1046735, "preset": "car_single", "search_preset": "lost_step_wait", "ts": 1783083343.89}
{"event": "armed_running", "pid": 1046735, "preset": "car_single", "search_preset": "lost_step_wait", "ts": 1783083358.929}
{"event": "armed_running", "pid": 1046735, "preset": "car_single", "search_preset": "lost_step_wait", "ts": 1783083358.929}
{"event": "armed_running", "pid": 1046735, "preset": "car_single", "search_preset": "lost_step_wait", "ts": 1783083373.966}
{"event": "armed_running", "pid": 1046735, "preset": "car_single", "search_preset": "lost_step_wait", "ts": 1783083373.966}
{"event": "armed_running", "pid": 1046735, "preset": "car_single", "search_preset": "lost_step_wait", "ts": 1783083389.006}
{"event": "armed_running", "pid": 1046735, "preset": "car_single", "search_preset": "lost_step_wait", "ts": 1783083389.006}
{"event": "armed_running", "pid": 1046735, "preset": "car_single", "search_preset": "lost_step_wait", "ts": 1783083404.045}
{"event": "armed_running", "pid": 1046735, "preset": "car_single", "search_preset": "lost_step_wait", "ts": 1783083404.045}
{"event": "armed_running", "pid": 1046735, "preset": "car_single", "search_preset": "lost_step_wait", "ts": 1783083419.082}
{"event": "armed_running", "pid": 1046735, "preset": "car_single", "search_preset": "lost_step_wait", "ts": 1783083419.082}
{"event": "armed_running", "pid": 1046735, "preset": "car_single", "search_preset": "lost_step_wait", "ts": 1783083434.121}
{"event": "armed_running", "pid": 1046735, "preset": "car_single", "search_preset": "lost_step_wait", "ts": 1783083434.121}
{"event": "armed_running", "pid": 1046735, "preset": "car_single", "search_preset": "lost_step_wait", "ts": 1783083449.16}
{"event": "armed_running", "pid": 1046735, "preset": "car_single", "search_preset": "lost_step_wait", "ts": 1783083449.16}
{"event": "armed_running", "pid": 1046735, "preset": "car_single", "search_preset": "lost_step_wait", "ts": 1783083464.199}
{"event": "armed_running", "pid": 1046735, "preset": "car_single", "search_preset": "lost_step_wait", "ts": 1783083464.199}
{"event": "armed_running", "pid": 1046735, "preset": "car_single", "search_preset": "lost_step_wait", "ts": 1783083479.237}
{"event": "armed_running", "pid": 1046735, "preset": "car_single", "search_preset": "lost_step_wait", "ts": 1783083479.237}
{"event": "armed_running", "pid": 1046735, "preset": "car_single", "search_preset": "lost_step_wait", "ts": 1783083494.276}
{"event": "armed_running", "pid": 1046735, "preset": "car_single", "search_preset": "lost_step_wait", "ts": 1783083494.276}
{"event": "armed_running", "pid": 1046735, "preset": "car_single", "search_preset": "lost_step_wait", "ts": 1783083509.315}
{"event": "armed_running", "pid": 1046735, "preset": "car_single", "search_preset": "lost_step_wait", "ts": 1783083509.315}
{"event": "armed_running", "pid": 1046735, "preset": "car_single", "search_preset": "lost_step_wait", "ts": 1783083524.354}
{"event": "armed_running", "pid": 1046735, "preset": "car_single", "search_preset": "lost_step_wait", "ts": 1783083524.354}
{"event": "armed_running", "pid": 1046735, "preset": "car_single", "search_preset": "lost_step_wait", "ts": 1783083539.393}
{"event": "armed_running", "pid": 1046735, "preset": "car_single", "search_preset": "lost_step_wait", "ts": 1783083539.393}
{"event": "armed_running", "pid": 1046735, "preset": "car_single", "search_preset": "lost_step_wait", "ts": 1783083554.429}
{"event": "armed_running", "pid": 1046735, "preset": "car_single", "search_preset": "lost_step_wait", "ts": 1783083554.429}
{"event": "armed_running", "pid": 1046735, "preset": "car_single", "search_preset": "lost_step_wait", "ts": 1783083569.465}
{"event": "armed_running", "pid": 1046735, "preset": "car_single", "search_preset": "lost_step_wait", "ts": 1783083569.465}
{"event": "armed_running", "pid": 1046735, "preset": "car_single", "search_preset": "lost_step_wait", "ts": 1783083584.504}
{"event": "armed_running", "pid": 1046735, "preset": "car_single", "search_preset": "lost_step_wait", "ts": 1783083584.504}
{"event": "armed_running", "pid": 1046735, "preset": "car_single", "search_preset": "lost_step_wait", "ts": 1783083599.542}
{"event": "armed_running", "pid": 1046735, "preset": "car_single", "search_preset": "lost_step_wait", "ts": 1783083599.542}
{"event": "armed_running", "pid": 1046735, "preset": "car_single", "search_preset": "lost_step_wait", "ts": 1783083614.581}
{"event": "armed_running", "pid": 1046735, "preset": "car_single", "search_preset": "lost_step_wait", "ts": 1783083614.581}
{"event": "armed_running", "pid": 1046735, "preset": "car_single", "search_preset": "lost_step_wait", "ts": 1783083629.62}
{"event": "armed_running", "pid": 1046735, "preset": "car_single", "search_preset": "lost_step_wait", "ts": 1783083629.62}
{"event": "armed_running", "pid": 1046735, "preset": "car_single", "search_preset": "lost_step_wait", "ts": 1783083644.659}
{"event": "armed_running", "pid": 1046735, "preset": "car_single", "search_preset": "lost_step_wait", "ts": 1783083644.659}
{"event": "armed_running", "pid": 1046735, "preset": "car_single", "search_preset": "lost_step_wait", "ts": 1783083659.698}
{"event": "armed_running", "pid": 1046735, "preset": "car_single", "search_preset": "lost_step_wait", "ts": 1783083659.698}
{"event": "armed_running", "pid": 1046735, "preset": "car_single", "search_preset": "lost_step_wait", "ts": 1783083674.736}
{"event": "armed_running", "pid": 1046735, "preset": "car_single", "search_preset": "lost_step_wait", "ts": 1783083674.736}
{"event": "armed_running", "pid": 1046735, "preset": "car_single", "search_preset": "lost_step_wait", "ts": 1783083689.774}
{"event": "armed_running", "pid": 1046735, "preset": "car_single", "search_preset": "lost_step_wait", "ts": 1783083689.774}
{"event": "armed_running", "pid": 1046735, "preset": "car_single", "search_preset": "lost_step_wait", "ts": 1783083704.814}
{"event": "armed_running", "pid": 1046735, "preset": "car_single", "search_preset": "lost_step_wait", "ts": 1783083704.814}
{"event": "armed_running", "pid": 1046735, "preset": "car_single", "search_preset": "lost_step_wait", "ts": 1783083719.853}
{"event": "armed_running", "pid": 1046735, "preset": "car_single", "search_preset": "lost_step_wait", "ts": 1783083719.853}
{"event": "armed_running", "pid": 1046735, "preset": "car_single", "search_preset": "lost_step_wait", "ts": 1783083734.891}
{"event": "armed_running", "pid": 1046735, "preset": "car_single", "search_preset": "lost_step_wait", "ts": 1783083734.891}
{"event": "armed_running", "pid": 1046735, "preset": "car_single", "search_preset": "lost_step_wait", "ts": 1783083749.929}
{"event": "armed_running", "pid": 1046735, "preset": "car_single", "search_preset": "lost_step_wait", "ts": 1783083749.929}
{"event": "armed_running", "pid": 1046735, "preset": "car_single", "search_preset": "lost_step_wait", "ts": 1783083764.967}
{"event": "armed_running", "pid": 1046735, "preset": "car_single", "search_preset": "lost_step_wait", "ts": 1783083764.967}
{"event": "armed_running", "pid": 1046735, "preset": "car_single", "search_preset": "lost_step_wait", "ts": 1783083780.006}
{"event": "armed_running", "pid": 1046735, "preset": "car_single", "search_preset": "lost_step_wait", "ts": 1783083780.006}
{"event": "armed_running", "pid": 1046735, "preset": "car_single", "search_preset": "lost_step_wait", "ts": 1783083795.045}
{"event": "armed_running", "pid": 1046735, "preset": "car_single", "search_preset": "lost_step_wait", "ts": 1783083795.045}
{"event": "armed_running", "pid": 1046735, "preset": "car_single", "search_preset": "lost_step_wait", "ts": 1783083810.084}
{"event": "armed_running", "pid": 1046735, "preset": "car_single", "search_preset": "lost_step_wait", "ts": 1783083810.084}
{"event": "armed_running", "pid": 1046735, "preset": "car_single", "search_preset": "lost_step_wait", "ts": 1783083825.123}
{"event": "armed_running", "pid": 1046735, "preset": "car_single", "search_preset": "lost_step_wait", "ts": 1783083825.123}
{"event": "armed_running", "pid": 1046735, "preset": "car_single", "search_preset": "lost_step_wait", "ts": 1783083840.161}
{"event": "armed_running", "pid": 1046735, "preset": "car_single", "search_preset": "lost_step_wait", "ts": 1783083840.161}
{"event": "armed_running", "pid": 1046735, "preset": "car_single", "search_preset": "lost_step_wait", "ts": 1783083855.199}
{"event": "armed_running", "pid": 1046735, "preset": "car_single", "search_preset": "lost_step_wait", "ts": 1783083855.199}
{"event": "armed_running", "pid": 1046735, "preset": "car_single", "search_preset": "lost_step_wait", "ts": 1783083870.238}
{"event": "armed_running", "pid": 1046735, "preset": "car_single", "search_preset": "lost_step_wait", "ts": 1783083870.238}
{"event": "armed_running", "pid": 1046735, "preset": "car_single", "search_preset": "lost_step_wait", "ts": 1783083885.276}
{"event": "armed_running", "pid": 1046735, "preset": "car_single", "search_preset": "lost_step_wait", "ts": 1783083885.276}
{"event": "armed_running", "pid": 1046735, "preset": "car_single", "search_preset": "lost_step_wait", "ts": 1783083900.314}
{"event": "armed_running", "pid": 1046735, "preset": "car_single", "search_preset": "lost_step_wait", "ts": 1783083900.314}
{"event": "armed_running", "pid": 1046735, "preset": "car_single", "search_preset": "lost_step_wait", "ts": 1783083915.353}
{"event": "armed_running", "pid": 1046735, "preset": "car_single", "search_preset": "lost_step_wait", "ts": 1783083915.353}
{"event": "armed_running", "pid": 1046735, "preset": "car_single", "search_preset": "lost_step_wait", "ts": 1783083930.392}
{"event": "armed_running", "pid": 1046735, "preset": "car_single", "search_preset": "lost_step_wait", "ts": 1783083930.392}
{"event": "armed_running", "pid": 1046735, "preset": "car_single", "search_preset": "lost_step_wait", "ts": 1783083945.431}
{"event": "armed_running", "pid": 1046735, "preset": "car_single", "search_preset": "lost_step_wait", "ts": 1783083945.431}
{"event": "armed_running", "pid": 1046735, "preset": "car_single", "search_preset": "lost_step_wait", "ts": 1783083960.47}
{"event": "armed_running", "pid": 1046735, "preset": "car_single", "search_preset": "lost_step_wait", "ts": 1783083960.47}
{"event": "armed_running", "pid": 1046735, "preset": "car_single", "search_preset": "lost_step_wait", "ts": 1783083975.508}
{"event": "armed_running", "pid": 1046735, "preset": "car_single", "search_preset": "lost_step_wait", "ts": 1783083975.508}
{"event": "armed_running", "pid": 1046735, "preset": "car_single", "search_preset": "lost_step_wait", "ts": 1783083990.545}
{"event": "armed_running", "pid": 1046735, "preset": "car_single", "search_preset": "lost_step_wait", "ts": 1783083990.545}
{"event": "armed_running", "pid": 1046735, "preset": "car_single", "search_preset": "lost_step_wait", "ts": 1783084005.582}
{"event": "armed_running", "pid": 1046735, "preset": "car_single", "search_preset": "lost_step_wait", "ts": 1783084005.582}
{"event": "armed_running", "pid": 1046735, "preset": "car_single", "search_preset": "lost_step_wait", "ts": 1783084020.619}
{"event": "armed_running", "pid": 1046735, "preset": "car_single", "search_preset": "lost_step_wait", "ts": 1783084020.619}
{"event": "armed_running", "pid": 1046735, "preset": "car_single", "search_preset": "lost_step_wait", "ts": 1783084035.658}
{"event": "armed_running", "pid": 1046735, "preset": "car_single", "search_preset": "lost_step_wait", "ts": 1783084035.658}
{"event": "armed_running", "pid": 1046735, "preset": "car_single", "search_preset": "lost_step_wait", "ts": 1783084050.697}
{"event": "armed_running", "pid": 1046735, "preset": "car_single", "search_preset": "lost_step_wait", "ts": 1783084050.697}
{"event": "armed_running", "pid": 1046735, "preset": "car_single", "search_preset": "lost_step_wait", "ts": 1783084065.736}
{"event": "armed_running", "pid": 1046735, "preset": "car_single", "search_preset": "lost_step_wait", "ts": 1783084065.736}
{"event": "armed_running", "pid": 1046735, "preset": "car_single", "search_preset": "lost_step_wait", "ts": 1783084080.776}
{"event": "armed_running", "pid": 1046735, "preset": "car_single", "search_preset": "lost_step_wait", "ts": 1783084080.776}
{"event": "armed_running", "pid": 1046735, "preset": "car_single", "search_preset": "lost_step_wait", "ts": 1783084095.814}
{"event": "armed_running", "pid": 1046735, "preset": "car_single", "search_preset": "lost_step_wait", "ts": 1783084095.814}
{"event": "armed_running", "pid": 1046735, "preset": "car_single", "search_preset": "lost_step_wait", "ts": 1783084110.852}
{"event": "armed_running", "pid": 1046735, "preset": "car_single", "search_preset": "lost_step_wait", "ts": 1783084110.852}
{"event": "armed_running", "pid": 1046735, "preset": "car_single", "search_preset": "lost_step_wait", "ts": 1783084125.892}
{"event": "armed_running", "pid": 1046735, "preset": "car_single", "search_preset": "lost_step_wait", "ts": 1783084125.892}
{"event": "armed_running", "pid": 1046735, "preset": "car_single", "search_preset": "lost_step_wait", "ts": 1783084140.932}
{"event": "armed_running", "pid": 1046735, "preset": "car_single", "search_preset": "lost_step_wait", "ts": 1783084140.932}
{"event": "armed_running", "pid": 1046735, "preset": "car_single", "search_preset": "lost_step_wait", "ts": 1783084155.97}
{"event": "armed_running", "pid": 1046735, "preset": "car_single", "search_preset": "lost_step_wait", "ts": 1783084155.97}
{"event": "armed_running", "pid": 1046735, "preset": "car_single", "search_preset": "lost_step_wait", "ts": 1783084171.011}
{"event": "armed_running", "pid": 1046735, "preset": "car_single", "search_preset": "lost_step_wait", "ts": 1783084171.011}
{"event": "armed_running", "pid": 1046735, "preset": "car_single", "search_preset": "lost_step_wait", "ts": 1783084186.049}
{"event": "armed_running", "pid": 1046735, "preset": "car_single", "search_preset": "lost_step_wait", "ts": 1783084186.049}
{"event": "armed_running", "pid": 1046735, "preset": "car_single", "search_preset": "lost_step_wait", "ts": 1783084201.089}
{"event": "armed_running", "pid": 1046735, "preset": "car_single", "search_preset": "lost_step_wait", "ts": 1783084201.089}
{"event": "armed_running", "pid": 1046735, "preset": "car_single", "search_preset": "lost_step_wait", "ts": 1783084216.127}
{"event": "armed_running", "pid": 1046735, "preset": "car_single", "search_preset": "lost_step_wait", "ts": 1783084216.127}
{"event": "armed_running", "pid": 1046735, "preset": "car_single", "search_preset": "lost_step_wait", "ts": 1783084231.164}
{"event": "armed_running", "pid": 1046735, "preset": "car_single", "search_preset": "lost_step_wait", "ts": 1783084231.164}
{"event": "armed_running", "pid": 1046735, "preset": "car_single", "search_preset": "lost_step_wait", "ts": 1783084246.203}
{"event": "armed_running", "pid": 1046735, "preset": "car_single", "search_preset": "lost_step_wait", "ts": 1783084246.203}
{"event": "armed_running", "pid": 1046735, "preset": "car_single", "search_preset": "lost_step_wait", "ts": 1783084261.241}
{"event": "armed_running", "pid": 1046735, "preset": "car_single", "search_preset": "lost_step_wait", "ts": 1783084261.241}
{"event": "armed_running", "pid": 1046735, "preset": "car_single", "search_preset": "lost_step_wait", "ts": 1783084276.28}
{"event": "armed_running", "pid": 1046735, "preset": "car_single", "search_preset": "lost_step_wait", "ts": 1783084276.28}
{"event": "armed_running", "pid": 1046735, "preset": "car_single", "search_preset": "lost_step_wait", "ts": 1783084291.318}
{"event": "armed_running", "pid": 1046735, "preset": "car_single", "search_preset": "lost_step_wait", "ts": 1783084291.318}
{"event": "armed_running", "pid": 1046735, "preset": "car_single", "search_preset": "lost_step_wait", "ts": 1783084306.357}
{"event": "armed_running", "pid": 1046735, "preset": "car_single", "search_preset": "lost_step_wait", "ts": 1783084306.357}
{"event": "armed_running", "pid": 1046735, "preset": "car_single", "search_preset": "lost_step_wait", "ts": 1783084321.394}
{"event": "armed_running", "pid": 1046735, "preset": "car_single", "search_preset": "lost_step_wait", "ts": 1783084321.394}
{"event": "armed_running", "pid": 1046735, "preset": "car_single", "search_preset": "lost_step_wait", "ts": 1783084336.433}
{"event": "armed_running", "pid": 1046735, "preset": "car_single", "search_preset": "lost_step_wait", "ts": 1783084336.433}
{"event": "armed_running", "pid": 1046735, "preset": "car_single", "search_preset": "lost_step_wait", "ts": 1783084351.47}
{"event": "armed_running", "pid": 1046735, "preset": "car_single", "search_preset": "lost_step_wait", "ts": 1783084351.47}
{"event": "armed_running", "pid": 1046735, "preset": "car_single", "search_preset": "lost_step_wait", "ts": 1783084366.509}
{"event": "armed_running", "pid": 1046735, "preset": "car_single", "search_preset": "lost_step_wait", "ts": 1783084366.509}
{"event": "armed_running", "pid": 1046735, "preset": "car_single", "search_preset": "lost_step_wait", "ts": 1783084381.548}
{"event": "armed_running", "pid": 1046735, "preset": "car_single", "search_preset": "lost_step_wait", "ts": 1783084381.548}
{"event": "armed_running", "pid": 1046735, "preset": "car_single", "search_preset": "lost_step_wait", "ts": 1783084396.587}
{"event": "armed_running", "pid": 1046735, "preset": "car_single", "search_preset": "lost_step_wait", "ts": 1783084396.587}
{"event": "armed_running", "pid": 1046735, "preset": "car_single", "search_preset": "lost_step_wait", "ts": 1783084411.627}
{"event": "armed_running", "pid": 1046735, "preset": "car_single", "search_preset": "lost_step_wait", "ts": 1783084411.627}
{"event": "armed_running", "pid": 1046735, "preset": "car_single", "search_preset": "lost_step_wait", "ts": 1783084426.666}
{"event": "armed_running", "pid": 1046735, "preset": "car_single", "search_preset": "lost_step_wait", "ts": 1783084426.666}
{"event": "armed_running", "pid": 1046735, "preset": "car_single", "search_preset": "lost_step_wait", "ts": 1783084441.702}
{"event": "armed_running", "pid": 1046735, "preset": "car_single", "search_preset": "lost_step_wait", "ts": 1783084441.702}
{"event": "armed_running", "pid": 1046735, "preset": "car_single", "search_preset": "lost_step_wait", "ts": 1783084456.738}
{"event": "armed_running", "pid": 1046735, "preset": "car_single", "search_preset": "lost_step_wait", "ts": 1783084456.738}
{"event": "armed_running", "pid": 1046735, "preset": "car_single", "search_preset": "lost_step_wait", "ts": 1783084471.776}
{"event": "armed_running", "pid": 1046735, "preset": "car_single", "search_preset": "lost_step_wait", "ts": 1783084471.776}
{"event": "armed_running", "pid": 1046735, "preset": "car_single", "search_preset": "lost_step_wait", "ts": 1783084486.814}
{"event": "armed_running", "pid": 1046735, "preset": "car_single", "search_preset": "lost_step_wait", "ts": 1783084486.814}
{"event": "armed_running", "pid": 1046735, "preset": "car_single", "search_preset": "lost_step_wait", "ts": 1783084501.85}
{"event": "armed_running", "pid": 1046735, "preset": "car_single", "search_preset": "lost_step_wait", "ts": 1783084501.85}
{"event": "armed_running", "pid": 1046735, "preset": "car_single", "search_preset": "lost_step_wait", "ts": 1783084516.888}
{"event": "armed_running", "pid": 1046735, "preset": "car_single", "search_preset": "lost_step_wait", "ts": 1783084516.888}
{"event": "armed_running", "pid": 1046735, "preset": "car_single", "search_preset": "lost_step_wait", "ts": 1783084531.927}
{"event": "armed_running", "pid": 1046735, "preset": "car_single", "search_preset": "lost_step_wait", "ts": 1783084531.927}
{"event": "armed_running", "pid": 1046735, "preset": "car_single", "search_preset": "lost_step_wait", "ts": 1783084546.966}
{"event": "armed_running", "pid": 1046735, "preset": "car_single", "search_preset": "lost_step_wait", "ts": 1783084546.966}
{"event": "armed_running", "pid": 1046735, "preset": "car_single", "search_preset": "lost_step_wait", "ts": 1783084562.005}
{"event": "armed_running", "pid": 1046735, "preset": "car_single", "search_preset": "lost_step_wait", "ts": 1783084562.005}
{"event": "armed_running", "pid": 1046735, "preset": "car_single", "search_preset": "lost_step_wait", "ts": 1783084577.045}
{"event": "armed_running", "pid": 1046735, "preset": "car_single", "search_preset": "lost_step_wait", "ts": 1783084577.045}
{"event": "armed_running", "pid": 1046735, "preset": "car_single", "search_preset": "lost_step_wait", "ts": 1783084592.084}
{"event": "armed_running", "pid": 1046735, "preset": "car_single", "search_preset": "lost_step_wait", "ts": 1783084592.084}
{"event": "armed_running", "pid": 1046735, "preset": "car_single", "search_preset": "lost_step_wait", "ts": 1783084607.122}
{"event": "armed_running", "pid": 1046735, "preset": "car_single", "search_preset": "lost_step_wait", "ts": 1783084607.122}
{"event": "armed_running", "pid": 1046735, "preset": "car_single", "search_preset": "lost_step_wait", "ts": 1783084622.161}
{"event": "armed_running", "pid": 1046735, "preset": "car_single", "search_preset": "lost_step_wait", "ts": 1783084622.161}
{"event": "armed_running", "pid": 1046735, "preset": "car_single", "search_preset": "lost_step_wait", "ts": 1783084637.2}
{"event": "armed_running", "pid": 1046735, "preset": "car_single", "search_preset": "lost_step_wait", "ts": 1783084637.2}
{"event": "armed_running", "pid": 1046735, "preset": "car_single", "search_preset": "lost_step_wait", "ts": 1783084652.239}
{"event": "armed_running", "pid": 1046735, "preset": "car_single", "search_preset": "lost_step_wait", "ts": 1783084652.239}
{"event": "armed_running", "pid": 1046735, "preset": "car_single", "search_preset": "lost_step_wait", "ts": 1783084667.279}
{"event": "armed_running", "pid": 1046735, "preset": "car_single", "search_preset": "lost_step_wait", "ts": 1783084667.279}
{"event": "armed_running", "pid": 1046735, "preset": "car_single", "search_preset": "lost_step_wait", "ts": 1783084682.318}
{"event": "armed_running", "pid": 1046735, "preset": "car_single", "search_preset": "lost_step_wait", "ts": 1783084682.318}
{"event": "armed_running", "pid": 1046735, "preset": "car_single", "search_preset": "lost_step_wait", "ts": 1783084697.357}
{"event": "armed_running", "pid": 1046735, "preset": "car_single", "search_preset": "lost_step_wait", "ts": 1783084697.357}
{"event": "armed_running", "pid": 1046735, "preset": "car_single", "search_preset": "lost_step_wait", "ts": 1783084712.396}
{"event": "armed_running", "pid": 1046735, "preset": "car_single", "search_preset": "lost_step_wait", "ts": 1783084712.396}
{"event": "armed_running", "pid": 1046735, "preset": "car_single", "search_preset": "lost_step_wait", "ts": 1783084727.435}
{"event": "armed_running", "pid": 1046735, "preset": "car_single", "search_preset": "lost_step_wait", "ts": 1783084727.435}
{"event": "armed_running", "pid": 1046735, "preset": "car_single", "search_preset": "lost_step_wait", "ts": 1783084742.476}
{"event": "armed_running", "pid": 1046735, "preset": "car_single", "search_preset": "lost_step_wait", "ts": 1783084742.476}
{"event": "armed_running", "pid": 1046735, "preset": "car_single", "search_preset": "lost_step_wait", "ts": 1783084757.517}
{"event": "armed_running", "pid": 1046735, "preset": "car_single", "search_preset": "lost_step_wait", "ts": 1783084757.517}
{"event": "armed_running", "pid": 1046735, "preset": "car_single", "search_preset": "lost_step_wait", "ts": 1783084772.557}
{"event": "armed_running", "pid": 1046735, "preset": "car_single", "search_preset": "lost_step_wait", "ts": 1783084772.557}
{"event": "armed_running", "pid": 1046735, "preset": "car_single", "search_preset": "lost_step_wait", "ts": 1783084787.598}
{"event": "armed_running", "pid": 1046735, "preset": "car_single", "search_preset": "lost_step_wait", "ts": 1783084787.598}
{"event": "armed_running", "pid": 1046735, "preset": "car_single", "search_preset": "lost_step_wait", "ts": 1783084802.639}
{"event": "armed_running", "pid": 1046735, "preset": "car_single", "search_preset": "lost_step_wait", "ts": 1783084802.639}
{"event": "armed_running", "pid": 1046735, "preset": "car_single", "search_preset": "lost_step_wait", "ts": 1783084817.68}
{"event": "armed_running", "pid": 1046735, "preset": "car_single", "search_preset": "lost_step_wait", "ts": 1783084817.68}
{"event": "armed_running", "pid": 1046735, "preset": "car_single", "search_preset": "lost_step_wait", "ts": 1783084832.719}
{"event": "armed_running", "pid": 1046735, "preset": "car_single", "search_preset": "lost_step_wait", "ts": 1783084832.719}
{"event": "armed_running", "pid": 1046735, "preset": "car_single", "search_preset": "lost_step_wait", "ts": 1783084847.759}
{"event": "armed_running", "pid": 1046735, "preset": "car_single", "search_preset": "lost_step_wait", "ts": 1783084847.759}
{"event": "armed_running", "pid": 1046735, "preset": "car_single", "search_preset": "lost_step_wait", "ts": 1783084862.8}
{"event": "armed_running", "pid": 1046735, "preset": "car_single", "search_preset": "lost_step_wait", "ts": 1783084862.8}
{"event": "armed_running", "pid": 1046735, "preset": "car_single", "search_preset": "lost_step_wait", "ts": 1783084877.84}
{"event": "armed_running", "pid": 1046735, "preset": "car_single", "search_preset": "lost_step_wait", "ts": 1783084877.84}
{"event": "armed_running", "pid": 1046735, "preset": "car_single", "search_preset": "lost_step_wait", "ts": 1783084892.879}
{"event": "armed_running", "pid": 1046735, "preset": "car_single", "search_preset": "lost_step_wait", "ts": 1783084892.879}
{"event": "armed_running", "pid": 1046735, "preset": "car_single", "search_preset": "lost_step_wait", "ts": 1783084907.918}
{"event": "armed_running", "pid": 1046735, "preset": "car_single", "search_preset": "lost_step_wait", "ts": 1783084907.918}
{"event": "armed_running", "pid": 1046735, "preset": "car_single", "search_preset": "lost_step_wait", "ts": 1783084922.957}
{"event": "armed_running", "pid": 1046735, "preset": "car_single", "search_preset": "lost_step_wait", "ts": 1783084922.957}
{"event": "armed_running", "pid": 1046735, "preset": "car_single", "search_preset": "lost_step_wait", "ts": 1783084937.995}
{"event": "armed_running", "pid": 1046735, "preset": "car_single", "search_preset": "lost_step_wait", "ts": 1783084937.995}
{"event": "armed_running", "pid": 1046735, "preset": "car_single", "search_preset": "lost_step_wait", "ts": 1783084953.033}
{"event": "armed_running", "pid": 1046735, "preset": "car_single", "search_preset": "lost_step_wait", "ts": 1783084953.033}
{"event": "armed_running", "pid": 1046735, "preset": "car_single", "search_preset": "lost_step_wait", "ts": 1783084968.072}
{"event": "armed_running", "pid": 1046735, "preset": "car_single", "search_preset": "lost_step_wait", "ts": 1783084968.072}
{"event": "armed_running", "pid": 1046735, "preset": "car_single", "search_preset": "lost_step_wait", "ts": 1783084983.11}
{"event": "armed_running", "pid": 1046735, "preset": "car_single", "search_preset": "lost_step_wait", "ts": 1783084983.11}
{"event": "armed_running", "pid": 1046735, "preset": "car_single", "search_preset": "lost_step_wait", "ts": 1783084998.151}
{"event": "armed_running", "pid": 1046735, "preset": "car_single", "search_preset": "lost_step_wait", "ts": 1783084998.151}
{"event": "armed_running", "pid": 1046735, "preset": "car_single", "search_preset": "lost_step_wait", "ts": 1783085013.189}
{"event": "armed_running", "pid": 1046735, "preset": "car_single", "search_preset": "lost_step_wait", "ts": 1783085013.189}
{"event": "armed_running", "pid": 1046735, "preset": "car_single", "search_preset": "lost_step_wait", "ts": 1783085028.227}
{"event": "armed_running", "pid": 1046735, "preset": "car_single", "search_preset": "lost_step_wait", "ts": 1783085028.227}
{"event": "armed_running", "pid": 1046735, "preset": "car_single", "search_preset": "lost_step_wait", "ts": 1783085043.269}
{"event": "armed_running", "pid": 1046735, "preset": "car_single", "search_preset": "lost_step_wait", "ts": 1783085043.269}
{"event": "armed_running", "pid": 1046735, "preset": "car_single", "search_preset": "lost_step_wait", "ts": 1783085058.309}
{"event": "armed_running", "pid": 1046735, "preset": "car_single", "search_preset": "lost_step_wait", "ts": 1783085058.309}
{"event": "armed_running", "pid": 1046735, "preset": "car_single", "search_preset": "lost_step_wait", "ts": 1783085073.347}
{"event": "armed_running", "pid": 1046735, "preset": "car_single", "search_preset": "lost_step_wait", "ts": 1783085073.347}
{"event": "armed_running", "pid": 1046735, "preset": "car_single", "search_preset": "lost_step_wait", "ts": 1783085088.386}
{"event": "armed_running", "pid": 1046735, "preset": "car_single", "search_preset": "lost_step_wait", "ts": 1783085088.386}
{"event": "armed_running", "pid": 1046735, "preset": "car_single", "search_preset": "lost_step_wait", "ts": 1783085103.425}
{"event": "armed_running", "pid": 1046735, "preset": "car_single", "search_preset": "lost_step_wait", "ts": 1783085103.425}
{"event": "armed_running", "pid": 1046735, "preset": "car_single", "search_preset": "lost_step_wait", "ts": 1783085118.465}
{"event": "armed_running", "pid": 1046735, "preset": "car_single", "search_preset": "lost_step_wait", "ts": 1783085118.465}
{"event": "armed_running", "pid": 1046735, "preset": "car_single", "search_preset": "lost_step_wait", "ts": 1783085133.503}
{"event": "armed_running", "pid": 1046735, "preset": "car_single", "search_preset": "lost_step_wait", "ts": 1783085133.503}
{"event": "armed_running", "pid": 1046735, "preset": "car_single", "search_preset": "lost_step_wait", "ts": 1783085148.542}
{"event": "armed_running", "pid": 1046735, "preset": "car_single", "search_preset": "lost_step_wait", "ts": 1783085148.542}
{"event": "armed_running", "pid": 1046735, "preset": "car_single", "search_preset": "lost_step_wait", "ts": 1783085163.583}
{"event": "armed_running", "pid": 1046735, "preset": "car_single", "search_preset": "lost_step_wait", "ts": 1783085163.583}
{"event": "armed_running", "pid": 1046735, "preset": "car_single", "search_preset": "lost_step_wait", "ts": 1783085178.623}
{"event": "armed_running", "pid": 1046735, "preset": "car_single", "search_preset": "lost_step_wait", "ts": 1783085178.623}
{"event": "armed_running", "pid": 1046735, "preset": "car_single", "search_preset": "lost_step_wait", "ts": 1783085193.661}
{"event": "armed_running", "pid": 1046735, "preset": "car_single", "search_preset": "lost_step_wait", "ts": 1783085193.661}
{"event": "armed_running", "pid": 1046735, "preset": "car_single", "search_preset": "lost_step_wait", "ts": 1783085208.701}
{"event": "armed_running", "pid": 1046735, "preset": "car_single", "search_preset": "lost_step_wait", "ts": 1783085208.701}
{"event": "armed_running", "pid": 1046735, "preset": "car_single", "search_preset": "lost_step_wait", "ts": 1783085223.741}
{"event": "armed_running", "pid": 1046735, "preset": "car_single", "search_preset": "lost_step_wait", "ts": 1783085223.741}
{"event": "armed_running", "pid": 1046735, "preset": "car_single", "search_preset": "lost_step_wait", "ts": 1783085238.78}
{"event": "armed_running", "pid": 1046735, "preset": "car_single", "search_preset": "lost_step_wait", "ts": 1783085238.78}
{"event": "armed_running", "pid": 1046735, "preset": "car_single", "search_preset": "lost_step_wait", "ts": 1783085253.819}
{"event": "armed_running", "pid": 1046735, "preset": "car_single", "search_preset": "lost_step_wait", "ts": 1783085253.819}
{"event": "armed_running", "pid": 1046735, "preset": "car_single", "search_preset": "lost_step_wait", "ts": 1783085268.86}
{"event": "armed_running", "pid": 1046735, "preset": "car_single", "search_preset": "lost_step_wait", "ts": 1783085268.86}
{"event": "armed_running", "pid": 1046735, "preset": "car_single", "search_preset": "lost_step_wait", "ts": 1783085283.899}
{"event": "armed_running", "pid": 1046735, "preset": "car_single", "search_preset": "lost_step_wait", "ts": 1783085283.899}
{"event": "armed_running", "pid": 1046735, "preset": "car_single", "search_preset": "lost_step_wait", "ts": 1783085298.938}
{"event": "armed_running", "pid": 1046735, "preset": "car_single", "search_preset": "lost_step_wait", "ts": 1783085298.938}
{"event": "armed_running", "pid": 1046735, "preset": "car_single", "search_preset": "lost_step_wait", "ts": 1783085313.979}
{"event": "armed_running", "pid": 1046735, "preset": "car_single", "search_preset": "lost_step_wait", "ts": 1783085313.979}
{"event": "armed_running", "pid": 1046735, "preset": "car_single", "search_preset": "lost_step_wait", "ts": 1783085329.019}
{"event": "armed_running", "pid": 1046735, "preset": "car_single", "search_preset": "lost_step_wait", "ts": 1783085329.019}
{"event": "armed_running", "pid": 1046735, "preset": "car_single", "search_preset": "lost_step_wait", "ts": 1783085344.06}
{"event": "armed_running", "pid": 1046735, "preset": "car_single", "search_preset": "lost_step_wait", "ts": 1783085344.06}
{"event": "armed_running", "pid": 1046735, "preset": "car_single", "search_preset": "lost_step_wait", "ts": 1783085359.099}
{"event": "armed_running", "pid": 1046735, "preset": "car_single", "search_preset": "lost_step_wait", "ts": 1783085359.099}
{"event": "armed_running", "pid": 1046735, "preset": "car_single", "search_preset": "lost_step_wait", "ts": 1783085374.14}
{"event": "armed_running", "pid": 1046735, "preset": "car_single", "search_preset": "lost_step_wait", "ts": 1783085374.14}
{"event": "armed_running", "pid": 1046735, "preset": "car_single", "search_preset": "lost_step_wait", "ts": 1783085389.182}
{"event": "armed_running", "pid": 1046735, "preset": "car_single", "search_preset": "lost_step_wait", "ts": 1783085389.182}
{"event": "armed_running", "pid": 1046735, "preset": "car_single", "search_preset": "lost_step_wait", "ts": 1783085404.221}
{"event": "armed_running", "pid": 1046735, "preset": "car_single", "search_preset": "lost_step_wait", "ts": 1783085404.221}
{"event": "armed_running", "pid": 1046735, "preset": "car_single", "search_preset": "lost_step_wait", "ts": 1783085419.26}
{"event": "armed_running", "pid": 1046735, "preset": "car_single", "search_preset": "lost_step_wait", "ts": 1783085419.26}
{"event": "armed_running", "pid": 1046735, "preset": "car_single", "search_preset": "lost_step_wait", "ts": 1783085434.299}
{"event": "armed_running", "pid": 1046735, "preset": "car_single", "search_preset": "lost_step_wait", "ts": 1783085434.299}
{"event": "armed_running", "pid": 1046735, "preset": "car_single", "search_preset": "lost_step_wait", "ts": 1783085449.341}
{"event": "armed_running", "pid": 1046735, "preset": "car_single", "search_preset": "lost_step_wait", "ts": 1783085449.341}
{"event": "armed_running", "pid": 1046735, "preset": "car_single", "search_preset": "lost_step_wait", "ts": 1783085464.381}
{"event": "armed_running", "pid": 1046735, "preset": "car_single", "search_preset": "lost_step_wait", "ts": 1783085464.381}
{"event": "armed_running", "pid": 1046735, "preset": "car_single", "search_preset": "lost_step_wait", "ts": 1783085479.422}
{"event": "armed_running", "pid": 1046735, "preset": "car_single", "search_preset": "lost_step_wait", "ts": 1783085479.422}
{"event": "armed_running", "pid": 1046735, "preset": "car_single", "search_preset": "lost_step_wait", "ts": 1783085494.462}
{"event": "armed_running", "pid": 1046735, "preset": "car_single", "search_preset": "lost_step_wait", "ts": 1783085494.462}
{"event": "armed_running", "pid": 1046735, "preset": "car_single", "search_preset": "lost_step_wait", "ts": 1783085509.501}
{"event": "armed_running", "pid": 1046735, "preset": "car_single", "search_preset": "lost_step_wait", "ts": 1783085509.501}
{"event": "armed_running", "pid": 1046735, "preset": "car_single", "search_preset": "lost_step_wait", "ts": 1783085524.54}
{"event": "armed_running", "pid": 1046735, "preset": "car_single", "search_preset": "lost_step_wait", "ts": 1783085524.54}
{"event": "armed_running", "pid": 1046735, "preset": "car_single", "search_preset": "lost_step_wait", "ts": 1783085539.578}
{"event": "armed_running", "pid": 1046735, "preset": "car_single", "search_preset": "lost_step_wait", "ts": 1783085539.578}
{"event": "armed_running", "pid": 1046735, "preset": "car_single", "search_preset": "lost_step_wait", "ts": 1783085554.616}
{"event": "armed_running", "pid": 1046735, "preset": "car_single", "search_preset": "lost_step_wait", "ts": 1783085554.616}
{"event": "armed_running", "pid": 1046735, "preset": "car_single", "search_preset": "lost_step_wait", "ts": 1783085569.655}
{"event": "armed_running", "pid": 1046735, "preset": "car_single", "search_preset": "lost_step_wait", "ts": 1783085569.655}
{"event": "armed_running", "pid": 1046735, "preset": "car_single", "search_preset": "lost_step_wait", "ts": 1783085584.693}
{"event": "armed_running", "pid": 1046735, "preset": "car_single", "search_preset": "lost_step_wait", "ts": 1783085584.693}
{"event": "armed_running", "pid": 1046735, "preset": "car_single", "search_preset": "lost_step_wait", "ts": 1783085599.731}
{"event": "armed_running", "pid": 1046735, "preset": "car_single", "search_preset": "lost_step_wait", "ts": 1783085599.731}
{"event": "child_stop", "pid": 1046735, "preset": "car_single::lost_step_wait", "reason": "ptzArmed_false", "ts": 1783085611.762}
{"event": "child_stop", "pid": 1046735, "preset": "car_single::lost_step_wait", "reason": "ptzArmed_false", "ts": 1783085611.762}
